ISO-10303-21;
HEADER;
FILE_DESCRIPTION(('Open CASCADE Model'),'2;1');
FILE_NAME('Open CASCADE Shape Model','2026-03-26T15:49:29',('Author'),(
    'Open CASCADE'),'Open CASCADE STEP processor 7.8','build123d',
  'Unknown');
FILE_SCHEMA(('AUTOMOTIVE_DESIGN { 1 0 10303 214 1 1 1 1 }'));
ENDSEC;
DATA;
#1 = APPLICATION_PROTOCOL_DEFINITION('international standard',
  'automotive_design',2000,#2);
#2 = APPLICATION_CONTEXT(
  'core data for automotive mechanical design processes');
#3 = SHAPE_DEFINITION_REPRESENTATION(#4,#10);
#4 = PRODUCT_DEFINITION_SHAPE('','',#5);
#5 = PRODUCT_DEFINITION('design','',#6,#9);
#6 = PRODUCT_DEFINITION_FORMATION('','',#7);
#7 = PRODUCT('COMPOUND','COMPOUND','',(#8));
#8 = PRODUCT_CONTEXT('',#2,'mechanical');
#9 = PRODUCT_DEFINITION_CONTEXT('part definition',#2,'design');
#10 = ADVANCED_BREP_SHAPE_REPRESENTATION('',(#11,#15),#13531);
#11 = AXIS2_PLACEMENT_3D('',#12,#13,#14);
#12 = CARTESIAN_POINT('',(0.,0.,0.));
#13 = DIRECTION('',(0.,0.,1.));
#14 = DIRECTION('',(1.,0.,-0.));
#15 = MANIFOLD_SOLID_BREP('',#16);
#16 = CLOSED_SHELL('',(#17,#137,#225,#304,#383,#461,#519,#577,#653,#1601
    ,#1627,#2033,#2059,#2135,#2161,#2187,#2265,#2291,#2317,#2366,#2393,
    #2467,#2521,#2575,#2628,#2681,#2735,#2789,#2821,#2875,#2949,#3003,
    #3057,#3110,#3163,#3217,#3271,#3303,#3357,#3431,#3485,#3539,#3592,
    #3645,#3699,#3753,#3785,#3811,#3837,#3886,#3913,#3988,#4041,#4094,
    #4148,#4202,#4255,#4308,#4341,#4368,#4375,#4451,#4506,#4561,#4615,
    #4669,#4724,#4779,#4811,#4866,#4942,#4997,#5052,#5106,#5160,#5215,
    #5270,#5302,#5357,#5433,#5488,#5543,#5597,#5651,#5706,#5761,#5793,
    #5870,#6094,#6318,#6373,#6428,#6652,#6876,#6909,#6983,#7036,#7089,
    #7137,#7185,#7234,#7283,#7310,#7363,#7432,#7485,#7538,#7586,#7634,
    #7683,#7732,#7759,#7812,#7881,#7934,#7987,#8035,#8083,#8132,#8181,
    #8208,#8278,#8352,#8428,#8481,#8535,#8611,#8664,#8697,#8771,#8847,
    #8900,#8954,#9030,#9083,#9116,#9169,#9218,#9292,#9368,#9421,#9475,
    #9551,#9604,#9637,#9711,#9787,#9840,#9894,#9970,#10023,#10056,#10084
    ,#10667,#10693,#10769,#10795,#10850,#10926,#10980,#11011,#11037,
    #11113,#11139,#11192,#11268,#11322,#11355,#11381,#11457,#11483,
    #11536,#11612,#11666,#11699,#11725,#11801,#11827,#11882,#11958,
    #12012,#12043,#12076,#12157,#12183,#12216,#12297,#12323,#12356,
    #12437,#12463,#12496,#12577,#12603,#12670,#12695,#12762,#12810,
    #12816,#12885,#12910,#12977,#13023,#13029,#13098,#13123,#13190,
    #13236,#13242,#13309,#13334,#13401,#13449,#13455,#13461,#13468,
    #13474,#13480,#13487,#13493,#13499,#13506,#13512,#13518,#13525));
#17 = ADVANCED_FACE('',(#18),#32,.T.);
#18 = FACE_BOUND('',#19,.T.);
#19 = EDGE_LOOP('',(#20,#55,#83,#111));
#20 = ORIENTED_EDGE('',*,*,#21,.T.);
#21 = EDGE_CURVE('',#22,#24,#26,.T.);
#22 = VERTEX_POINT('',#23);
#23 = CARTESIAN_POINT('',(-33.795,-11.70784314205,0.5));
#24 = VERTEX_POINT('',#25);
#25 = CARTESIAN_POINT('',(-33.795,-11.70784314205,2.5));
#26 = SURFACE_CURVE('',#27,(#31,#43),.PCURVE_S1.);
#27 = LINE('',#28,#29);
#28 = CARTESIAN_POINT('',(-33.795,-11.70784314205,0.));
#29 = VECTOR('',#30,1.);
#30 = DIRECTION('',(0.,0.,1.));
#31 = PCURVE('',#32,#37);
#32 = PLANE('',#33);
#33 = AXIS2_PLACEMENT_3D('',#34,#35,#36);
#34 = CARTESIAN_POINT('',(-33.795,-11.70784314205,0.));
#35 = DIRECTION('',(-1.,0.,0.));
#36 = DIRECTION('',(0.,1.,0.));
#37 = DEFINITIONAL_REPRESENTATION('',(#38),#42);
#38 = LINE('',#39,#40);
#39 = CARTESIAN_POINT('',(0.,0.));
#40 = VECTOR('',#41,1.);
#41 = DIRECTION('',(0.,-1.));
#42 = ( GEOMETRIC_REPRESENTATION_CONTEXT(2) 
PARAMETRIC_REPRESENTATION_CONTEXT() REPRESENTATION_CONTEXT('2D SPACE',''
  ) );
#43 = PCURVE('',#44,#49);
#44 = CYLINDRICAL_SURFACE('',#45,22.087156857947);
#45 = AXIS2_PLACEMENT_3D('',#46,#47,#48);
#46 = CARTESIAN_POINT('',(-11.70784314205,-11.70784314205,0.));
#47 = DIRECTION('',(-0.,-0.,-1.));
#48 = DIRECTION('',(1.,0.,0.));
#49 = DEFINITIONAL_REPRESENTATION('',(#50),#54);
#50 = LINE('',#51,#52);
#51 = CARTESIAN_POINT('',(-3.14159265359,0.));
#52 = VECTOR('',#53,1.);
#53 = DIRECTION('',(-0.,-1.));
#54 = ( GEOMETRIC_REPRESENTATION_CONTEXT(2) 
PARAMETRIC_REPRESENTATION_CONTEXT() REPRESENTATION_CONTEXT('2D SPACE',''
  ) );
#55 = ORIENTED_EDGE('',*,*,#56,.T.);
#56 = EDGE_CURVE('',#24,#57,#59,.T.);
#57 = VERTEX_POINT('',#58);
#58 = CARTESIAN_POINT('',(-33.795,11.707843142053,2.5));
#59 = SURFACE_CURVE('',#60,(#64,#71),.PCURVE_S1.);
#60 = LINE('',#61,#62);
#61 = CARTESIAN_POINT('',(-33.795,-11.70784314205,2.5));
#62 = VECTOR('',#63,1.);
#63 = DIRECTION('',(0.,1.,0.));
#64 = PCURVE('',#32,#65);
#65 = DEFINITIONAL_REPRESENTATION('',(#66),#70);
#66 = LINE('',#67,#68);
#67 = CARTESIAN_POINT('',(0.,-2.5));
#68 = VECTOR('',#69,1.);
#69 = DIRECTION('',(1.,0.));
#70 = ( GEOMETRIC_REPRESENTATION_CONTEXT(2) 
PARAMETRIC_REPRESENTATION_CONTEXT() REPRESENTATION_CONTEXT('2D SPACE',''
  ) );
#71 = PCURVE('',#72,#77);
#72 = CYLINDRICAL_SURFACE('',#73,0.5);
#73 = AXIS2_PLACEMENT_3D('',#74,#75,#76);
#74 = CARTESIAN_POINT('',(-33.295,-11.70784314205,2.5));
#75 = DIRECTION('',(0.,1.,0.));
#76 = DIRECTION('',(-1.,0.,0.));
#77 = DEFINITIONAL_REPRESENTATION('',(#78),#82);
#78 = LINE('',#79,#80);
#79 = CARTESIAN_POINT('',(0.,0.));
#80 = VECTOR('',#81,1.);
#81 = DIRECTION('',(0.,1.));
#82 = ( GEOMETRIC_REPRESENTATION_CONTEXT(2) 
PARAMETRIC_REPRESENTATION_CONTEXT() REPRESENTATION_CONTEXT('2D SPACE',''
  ) );
#83 = ORIENTED_EDGE('',*,*,#84,.F.);
#84 = EDGE_CURVE('',#85,#57,#87,.T.);
#85 = VERTEX_POINT('',#86);
#86 = CARTESIAN_POINT('',(-33.795,11.707843142053,0.5));
#87 = SURFACE_CURVE('',#88,(#92,#99),.PCURVE_S1.);
#88 = LINE('',#89,#90);
#89 = CARTESIAN_POINT('',(-33.795,11.707843142053,0.));
#90 = VECTOR('',#91,1.);
#91 = DIRECTION('',(0.,0.,1.));
#92 = PCURVE('',#32,#93);
#93 = DEFINITIONAL_REPRESENTATION('',(#94),#98);
#94 = LINE('',#95,#96);
#95 = CARTESIAN_POINT('',(23.415686284107,0.));
#96 = VECTOR('',#97,1.);
#97 = DIRECTION('',(0.,-1.));
#98 = ( GEOMETRIC_REPRESENTATION_CONTEXT(2) 
PARAMETRIC_REPRESENTATION_CONTEXT() REPRESENTATION_CONTEXT('2D SPACE',''
  ) );
#99 = PCURVE('',#100,#105);
#100 = CYLINDRICAL_SURFACE('',#101,22.087156857947);
#101 = AXIS2_PLACEMENT_3D('',#102,#103,#104);
#102 = CARTESIAN_POINT('',(-11.70784314205,11.707843142053,0.));
#103 = DIRECTION('',(-0.,-0.,-1.));
#104 = DIRECTION('',(1.,0.,0.));
#105 = DEFINITIONAL_REPRESENTATION('',(#106),#110);
#106 = LINE('',#107,#108);
#107 = CARTESIAN_POINT('',(-3.14159265359,0.));
#108 = VECTOR('',#109,1.);
#109 = DIRECTION('',(-0.,-1.));
#110 = ( GEOMETRIC_REPRESENTATION_CONTEXT(2) 
PARAMETRIC_REPRESENTATION_CONTEXT() REPRESENTATION_CONTEXT('2D SPACE',''
  ) );
#111 = ORIENTED_EDGE('',*,*,#112,.F.);
#112 = EDGE_CURVE('',#22,#85,#113,.T.);
#113 = SURFACE_CURVE('',#114,(#118,#125),.PCURVE_S1.);
#114 = LINE('',#115,#116);
#115 = CARTESIAN_POINT('',(-33.795,-11.70784314205,0.5));
#116 = VECTOR('',#117,1.);
#117 = DIRECTION('',(0.,1.,0.));
#118 = PCURVE('',#32,#119);
#119 = DEFINITIONAL_REPRESENTATION('',(#120),#124);
#120 = LINE('',#121,#122);
#121 = CARTESIAN_POINT('',(0.,-0.5));
#122 = VECTOR('',#123,1.);
#123 = DIRECTION('',(1.,0.));
#124 = ( GEOMETRIC_REPRESENTATION_CONTEXT(2) 
PARAMETRIC_REPRESENTATION_CONTEXT() REPRESENTATION_CONTEXT('2D SPACE',''
  ) );
#125 = PCURVE('',#126,#131);
#126 = CYLINDRICAL_SURFACE('',#127,0.5);
#127 = AXIS2_PLACEMENT_3D('',#128,#129,#130);
#128 = CARTESIAN_POINT('',(-33.295,-11.70784314205,0.5));
#129 = DIRECTION('',(0.,1.,0.));
#130 = DIRECTION('',(-1.,0.,0.));
#131 = DEFINITIONAL_REPRESENTATION('',(#132),#136);
#132 = LINE('',#133,#134);
#133 = CARTESIAN_POINT('',(-0.,0.));
#134 = VECTOR('',#135,1.);
#135 = DIRECTION('',(-0.,1.));
#136 = ( GEOMETRIC_REPRESENTATION_CONTEXT(2) 
PARAMETRIC_REPRESENTATION_CONTEXT() REPRESENTATION_CONTEXT('2D SPACE',''
  ) );
#137 = ADVANCED_FACE('',(#138),#44,.T.);
#138 = FACE_BOUND('',#139,.F.);
#139 = EDGE_LOOP('',(#140,#141,#170,#198));
#140 = ORIENTED_EDGE('',*,*,#21,.T.);
#141 = ORIENTED_EDGE('',*,*,#142,.F.);
#142 = EDGE_CURVE('',#143,#24,#145,.T.);
#143 = VERTEX_POINT('',#144);
#144 = CARTESIAN_POINT('',(-11.70784314205,-33.795,2.5));
#145 = SURFACE_CURVE('',#146,(#151,#158),.PCURVE_S1.);
#146 = CIRCLE('',#147,22.087156857947);
#147 = AXIS2_PLACEMENT_3D('',#148,#149,#150);
#148 = CARTESIAN_POINT('',(-11.70784314205,-11.70784314205,2.5));
#149 = DIRECTION('',(-0.,0.,-1.));
#150 = DIRECTION('',(-1.60849750905E-16,-1.,0.));
#151 = PCURVE('',#44,#152);
#152 = DEFINITIONAL_REPRESENTATION('',(#153),#157);
#153 = LINE('',#154,#155);
#154 = CARTESIAN_POINT('',(-4.712388980385,-2.5));
#155 = VECTOR('',#156,1.);
#156 = DIRECTION('',(1.,-0.));
#157 = ( GEOMETRIC_REPRESENTATION_CONTEXT(2) 
PARAMETRIC_REPRESENTATION_CONTEXT() REPRESENTATION_CONTEXT('2D SPACE',''
  ) );
#158 = PCURVE('',#159,#164);
#159 = TOROIDAL_SURFACE('',#160,21.587156857947,0.5);
#160 = AXIS2_PLACEMENT_3D('',#161,#162,#163);
#161 = CARTESIAN_POINT('',(-11.70784314205,-11.70784314205,2.5));
#162 = DIRECTION('',(0.,0.,1.));
#163 = DIRECTION('',(-1.60849750905E-16,-1.,0.));
#164 = DEFINITIONAL_REPRESENTATION('',(#165),#169);
#165 = LINE('',#166,#167);
#166 = CARTESIAN_POINT('',(-0.,0.));
#167 = VECTOR('',#168,1.);
#168 = DIRECTION('',(-1.,0.));
#169 = ( GEOMETRIC_REPRESENTATION_CONTEXT(2) 
PARAMETRIC_REPRESENTATION_CONTEXT() REPRESENTATION_CONTEXT('2D SPACE',''
  ) );
#170 = ORIENTED_EDGE('',*,*,#171,.F.);
#171 = EDGE_CURVE('',#172,#143,#174,.T.);
#172 = VERTEX_POINT('',#173);
#173 = CARTESIAN_POINT('',(-11.70784314205,-33.795,0.5));
#174 = SURFACE_CURVE('',#175,(#179,#186),.PCURVE_S1.);
#175 = LINE('',#176,#177);
#176 = CARTESIAN_POINT('',(-11.70784314205,-33.795,0.));
#177 = VECTOR('',#178,1.);
#178 = DIRECTION('',(0.,0.,1.));
#179 = PCURVE('',#44,#180);
#180 = DEFINITIONAL_REPRESENTATION('',(#181),#185);
#181 = LINE('',#182,#183);
#182 = CARTESIAN_POINT('',(-4.712388980385,0.));
#183 = VECTOR('',#184,1.);
#184 = DIRECTION('',(-0.,-1.));
#185 = ( GEOMETRIC_REPRESENTATION_CONTEXT(2) 
PARAMETRIC_REPRESENTATION_CONTEXT() REPRESENTATION_CONTEXT('2D SPACE',''
  ) );
#186 = PCURVE('',#187,#192);
#187 = PLANE('',#188);
#188 = AXIS2_PLACEMENT_3D('',#189,#190,#191);
#189 = CARTESIAN_POINT('',(-11.70784314205,-33.795,0.));
#190 = DIRECTION('',(0.,1.,0.));
#191 = DIRECTION('',(1.,0.,0.));
#192 = DEFINITIONAL_REPRESENTATION('',(#193),#197);
#193 = LINE('',#194,#195);
#194 = CARTESIAN_POINT('',(0.,0.));
#195 = VECTOR('',#196,1.);
#196 = DIRECTION('',(0.,-1.));
#197 = ( GEOMETRIC_REPRESENTATION_CONTEXT(2) 
PARAMETRIC_REPRESENTATION_CONTEXT() REPRESENTATION_CONTEXT('2D SPACE',''
  ) );
#198 = ORIENTED_EDGE('',*,*,#199,.T.);
#199 = EDGE_CURVE('',#172,#22,#200,.T.);
#200 = SURFACE_CURVE('',#201,(#206,#213),.PCURVE_S1.);
#201 = CIRCLE('',#202,22.087156857947);
#202 = AXIS2_PLACEMENT_3D('',#203,#204,#205);
#203 = CARTESIAN_POINT('',(-11.70784314205,-11.70784314205,0.5));
#204 = DIRECTION('',(-0.,0.,-1.));
#205 = DIRECTION('',(-1.60849750905E-16,-1.,0.));
#206 = PCURVE('',#44,#207);
#207 = DEFINITIONAL_REPRESENTATION('',(#208),#212);
#208 = LINE('',#209,#210);
#209 = CARTESIAN_POINT('',(-4.712388980385,-0.5));
#210 = VECTOR('',#211,1.);
#211 = DIRECTION('',(1.,-0.));
#212 = ( GEOMETRIC_REPRESENTATION_CONTEXT(2) 
PARAMETRIC_REPRESENTATION_CONTEXT() REPRESENTATION_CONTEXT('2D SPACE',''
  ) );
#213 = PCURVE('',#214,#219);
#214 = TOROIDAL_SURFACE('',#215,21.587156857947,0.5);
#215 = AXIS2_PLACEMENT_3D('',#216,#217,#218);
#216 = CARTESIAN_POINT('',(-11.70784314205,-11.70784314205,0.5));
#217 = DIRECTION('',(-0.,-0.,-1.));
#218 = DIRECTION('',(-1.60849750905E-16,-1.,0.));
#219 = DEFINITIONAL_REPRESENTATION('',(#220),#224);
#220 = LINE('',#221,#222);
#221 = CARTESIAN_POINT('',(0.,0.));
#222 = VECTOR('',#223,1.);
#223 = DIRECTION('',(1.,0.));
#224 = ( GEOMETRIC_REPRESENTATION_CONTEXT(2) 
PARAMETRIC_REPRESENTATION_CONTEXT() REPRESENTATION_CONTEXT('2D SPACE',''
  ) );
#225 = ADVANCED_FACE('',(#226),#126,.T.);
#226 = FACE_BOUND('',#227,.F.);
#227 = EDGE_LOOP('',(#228,#250,#278,#303));
#228 = ORIENTED_EDGE('',*,*,#229,.T.);
#229 = EDGE_CURVE('',#22,#230,#232,.T.);
#230 = VERTEX_POINT('',#231);
#231 = CARTESIAN_POINT('',(-33.295,-11.70784314205,-1.110223024625E-16)
  );
#232 = SURFACE_CURVE('',#233,(#238,#244),.PCURVE_S1.);
#233 = CIRCLE('',#234,0.5);
#234 = AXIS2_PLACEMENT_3D('',#235,#236,#237);
#235 = CARTESIAN_POINT('',(-33.295,-11.70784314205,0.5));
#236 = DIRECTION('',(-0.,-1.,-0.));
#237 = DIRECTION('',(-1.,0.,0.));
#238 = PCURVE('',#126,#239);
#239 = DEFINITIONAL_REPRESENTATION('',(#240),#243);
#240 = B_SPLINE_CURVE_WITH_KNOTS('',1,(#241,#242),.UNSPECIFIED.,.F.,.F.,
  (2,2),(0.,1.570796326795),.PIECEWISE_BEZIER_KNOTS.);
#241 = CARTESIAN_POINT('',(0.,0.));
#242 = CARTESIAN_POINT('',(-1.570796326795,0.));
#243 = ( GEOMETRIC_REPRESENTATION_CONTEXT(2) 
PARAMETRIC_REPRESENTATION_CONTEXT() REPRESENTATION_CONTEXT('2D SPACE',''
  ) );
#244 = PCURVE('',#214,#245);
#245 = DEFINITIONAL_REPRESENTATION('',(#246),#249);
#246 = B_SPLINE_CURVE_WITH_KNOTS('',1,(#247,#248),.UNSPECIFIED.,.F.,.F.,
  (2,2),(0.,1.570796326795),.PIECEWISE_BEZIER_KNOTS.);
#247 = CARTESIAN_POINT('',(1.570796326795,0.));
#248 = CARTESIAN_POINT('',(1.570796326795,1.570796326795));
#249 = ( GEOMETRIC_REPRESENTATION_CONTEXT(2) 
PARAMETRIC_REPRESENTATION_CONTEXT() REPRESENTATION_CONTEXT('2D SPACE',''
  ) );
#250 = ORIENTED_EDGE('',*,*,#251,.T.);
#251 = EDGE_CURVE('',#230,#252,#254,.T.);
#252 = VERTEX_POINT('',#253);
#253 = CARTESIAN_POINT('',(-33.295,11.707843142053,-1.110223024625E-16)
  );
#254 = SURFACE_CURVE('',#255,(#259,#266),.PCURVE_S1.);
#255 = LINE('',#256,#257);
#256 = CARTESIAN_POINT('',(-33.295,-11.70784314205,-1.110223024625E-16)
  );
#257 = VECTOR('',#258,1.);
#258 = DIRECTION('',(0.,1.,0.));
#259 = PCURVE('',#126,#260);
#260 = DEFINITIONAL_REPRESENTATION('',(#261),#265);
#261 = LINE('',#262,#263);
#262 = CARTESIAN_POINT('',(-1.570796326795,0.));
#263 = VECTOR('',#264,1.);
#264 = DIRECTION('',(-0.,1.));
#265 = ( GEOMETRIC_REPRESENTATION_CONTEXT(2) 
PARAMETRIC_REPRESENTATION_CONTEXT() REPRESENTATION_CONTEXT('2D SPACE',''
  ) );
#266 = PCURVE('',#267,#272);
#267 = PLANE('',#268);
#268 = AXIS2_PLACEMENT_3D('',#269,#270,#271);
#269 = CARTESIAN_POINT('',(0.,0.,0.));
#270 = DIRECTION('',(0.,0.,1.));
#271 = DIRECTION('',(1.,0.,0.));
#272 = DEFINITIONAL_REPRESENTATION('',(#273),#277);
#273 = LINE('',#274,#275);
#274 = CARTESIAN_POINT('',(-33.295,-11.70784314205));
#275 = VECTOR('',#276,1.);
#276 = DIRECTION('',(0.,1.));
#277 = ( GEOMETRIC_REPRESENTATION_CONTEXT(2) 
PARAMETRIC_REPRESENTATION_CONTEXT() REPRESENTATION_CONTEXT('2D SPACE',''
  ) );
#278 = ORIENTED_EDGE('',*,*,#279,.F.);
#279 = EDGE_CURVE('',#85,#252,#280,.T.);
#280 = SURFACE_CURVE('',#281,(#286,#292),.PCURVE_S1.);
#281 = CIRCLE('',#282,0.5);
#282 = AXIS2_PLACEMENT_3D('',#283,#284,#285);
#283 = CARTESIAN_POINT('',(-33.295,11.707843142053,0.5));
#284 = DIRECTION('',(-0.,-1.,-0.));
#285 = DIRECTION('',(-1.,0.,0.));
#286 = PCURVE('',#126,#287);
#287 = DEFINITIONAL_REPRESENTATION('',(#288),#291);
#288 = B_SPLINE_CURVE_WITH_KNOTS('',1,(#289,#290),.UNSPECIFIED.,.F.,.F.,
  (2,2),(0.,1.570796326795),.PIECEWISE_BEZIER_KNOTS.);
#289 = CARTESIAN_POINT('',(0.,23.415686284107));
#290 = CARTESIAN_POINT('',(-1.570796326795,23.415686284107));
#291 = ( GEOMETRIC_REPRESENTATION_CONTEXT(2) 
PARAMETRIC_REPRESENTATION_CONTEXT() REPRESENTATION_CONTEXT('2D SPACE',''
  ) );
#292 = PCURVE('',#293,#298);
#293 = TOROIDAL_SURFACE('',#294,21.587156857947,0.5);
#294 = AXIS2_PLACEMENT_3D('',#295,#296,#297);
#295 = CARTESIAN_POINT('',(-11.70784314205,11.707843142053,0.5));
#296 = DIRECTION('',(-0.,-0.,-1.));
#297 = DIRECTION('',(-1.,1.60849750905E-16,0.));
#298 = DEFINITIONAL_REPRESENTATION('',(#299),#302);
#299 = B_SPLINE_CURVE_WITH_KNOTS('',1,(#300,#301),.UNSPECIFIED.,.F.,.F.,
  (2,2),(0.,1.570796326795),.PIECEWISE_BEZIER_KNOTS.);
#300 = CARTESIAN_POINT('',(0.,0.));
#301 = CARTESIAN_POINT('',(0.,1.570796326795));
#302 = ( GEOMETRIC_REPRESENTATION_CONTEXT(2) 
PARAMETRIC_REPRESENTATION_CONTEXT() REPRESENTATION_CONTEXT('2D SPACE',''
  ) );
#303 = ORIENTED_EDGE('',*,*,#112,.F.);
#304 = ADVANCED_FACE('',(#305),#72,.T.);
#305 = FACE_BOUND('',#306,.T.);
#306 = EDGE_LOOP('',(#307,#329,#357,#382));
#307 = ORIENTED_EDGE('',*,*,#308,.T.);
#308 = EDGE_CURVE('',#24,#309,#311,.T.);
#309 = VERTEX_POINT('',#310);
#310 = CARTESIAN_POINT('',(-33.295,-11.70784314205,3.));
#311 = SURFACE_CURVE('',#312,(#317,#323),.PCURVE_S1.);
#312 = CIRCLE('',#313,0.5);
#313 = AXIS2_PLACEMENT_3D('',#314,#315,#316);
#314 = CARTESIAN_POINT('',(-33.295,-11.70784314205,2.5));
#315 = DIRECTION('',(0.,1.,0.));
#316 = DIRECTION('',(-1.,0.,0.));
#317 = PCURVE('',#72,#318);
#318 = DEFINITIONAL_REPRESENTATION('',(#319),#322);
#319 = B_SPLINE_CURVE_WITH_KNOTS('',1,(#320,#321),.UNSPECIFIED.,.F.,.F.,
  (2,2),(0.,1.570796326795),.PIECEWISE_BEZIER_KNOTS.);
#320 = CARTESIAN_POINT('',(0.,0.));
#321 = CARTESIAN_POINT('',(1.570796326795,0.));
#322 = ( GEOMETRIC_REPRESENTATION_CONTEXT(2) 
PARAMETRIC_REPRESENTATION_CONTEXT() REPRESENTATION_CONTEXT('2D SPACE',''
  ) );
#323 = PCURVE('',#159,#324);
#324 = DEFINITIONAL_REPRESENTATION('',(#325),#328);
#325 = B_SPLINE_CURVE_WITH_KNOTS('',1,(#326,#327),.UNSPECIFIED.,.F.,.F.,
  (2,2),(0.,1.570796326795),.PIECEWISE_BEZIER_KNOTS.);
#326 = CARTESIAN_POINT('',(-1.570796326795,0.));
#327 = CARTESIAN_POINT('',(-1.570796326795,1.570796326795));
#328 = ( GEOMETRIC_REPRESENTATION_CONTEXT(2) 
PARAMETRIC_REPRESENTATION_CONTEXT() REPRESENTATION_CONTEXT('2D SPACE',''
  ) );
#329 = ORIENTED_EDGE('',*,*,#330,.T.);
#330 = EDGE_CURVE('',#309,#331,#333,.T.);
#331 = VERTEX_POINT('',#332);
#332 = CARTESIAN_POINT('',(-33.295,11.707843142053,3.));
#333 = SURFACE_CURVE('',#334,(#338,#345),.PCURVE_S1.);
#334 = LINE('',#335,#336);
#335 = CARTESIAN_POINT('',(-33.295,-11.70784314205,3.));
#336 = VECTOR('',#337,1.);
#337 = DIRECTION('',(0.,1.,0.));
#338 = PCURVE('',#72,#339);
#339 = DEFINITIONAL_REPRESENTATION('',(#340),#344);
#340 = LINE('',#341,#342);
#341 = CARTESIAN_POINT('',(1.570796326795,0.));
#342 = VECTOR('',#343,1.);
#343 = DIRECTION('',(0.,1.));
#344 = ( GEOMETRIC_REPRESENTATION_CONTEXT(2) 
PARAMETRIC_REPRESENTATION_CONTEXT() REPRESENTATION_CONTEXT('2D SPACE',''
  ) );
#345 = PCURVE('',#346,#351);
#346 = PLANE('',#347);
#347 = AXIS2_PLACEMENT_3D('',#348,#349,#350);
#348 = CARTESIAN_POINT('',(0.,0.,3.));
#349 = DIRECTION('',(0.,0.,1.));
#350 = DIRECTION('',(1.,0.,0.));
#351 = DEFINITIONAL_REPRESENTATION('',(#352),#356);
#352 = LINE('',#353,#354);
#353 = CARTESIAN_POINT('',(-33.295,-11.70784314205));
#354 = VECTOR('',#355,1.);
#355 = DIRECTION('',(0.,1.));
#356 = ( GEOMETRIC_REPRESENTATION_CONTEXT(2) 
PARAMETRIC_REPRESENTATION_CONTEXT() REPRESENTATION_CONTEXT('2D SPACE',''
  ) );
#357 = ORIENTED_EDGE('',*,*,#358,.F.);
#358 = EDGE_CURVE('',#57,#331,#359,.T.);
#359 = SURFACE_CURVE('',#360,(#365,#371),.PCURVE_S1.);
#360 = CIRCLE('',#361,0.5);
#361 = AXIS2_PLACEMENT_3D('',#362,#363,#364);
#362 = CARTESIAN_POINT('',(-33.295,11.707843142053,2.5));
#363 = DIRECTION('',(0.,1.,0.));
#364 = DIRECTION('',(-1.,0.,0.));
#365 = PCURVE('',#72,#366);
#366 = DEFINITIONAL_REPRESENTATION('',(#367),#370);
#367 = B_SPLINE_CURVE_WITH_KNOTS('',1,(#368,#369),.UNSPECIFIED.,.F.,.F.,
  (2,2),(0.,1.570796326795),.PIECEWISE_BEZIER_KNOTS.);
#368 = CARTESIAN_POINT('',(0.,23.415686284107));
#369 = CARTESIAN_POINT('',(1.570796326795,23.415686284107));
#370 = ( GEOMETRIC_REPRESENTATION_CONTEXT(2) 
PARAMETRIC_REPRESENTATION_CONTEXT() REPRESENTATION_CONTEXT('2D SPACE',''
  ) );
#371 = PCURVE('',#372,#377);
#372 = TOROIDAL_SURFACE('',#373,21.587156857947,0.5);
#373 = AXIS2_PLACEMENT_3D('',#374,#375,#376);
#374 = CARTESIAN_POINT('',(-11.70784314205,11.707843142053,2.5));
#375 = DIRECTION('',(0.,0.,1.));
#376 = DIRECTION('',(-1.,1.60849750905E-16,0.));
#377 = DEFINITIONAL_REPRESENTATION('',(#378),#381);
#378 = B_SPLINE_CURVE_WITH_KNOTS('',1,(#379,#380),.UNSPECIFIED.,.F.,.F.,
  (2,2),(0.,1.570796326795),.PIECEWISE_BEZIER_KNOTS.);
#379 = CARTESIAN_POINT('',(0.,0.));
#380 = CARTESIAN_POINT('',(0.,1.570796326795));
#381 = ( GEOMETRIC_REPRESENTATION_CONTEXT(2) 
PARAMETRIC_REPRESENTATION_CONTEXT() REPRESENTATION_CONTEXT('2D SPACE',''
  ) );
#382 = ORIENTED_EDGE('',*,*,#56,.F.);
#383 = ADVANCED_FACE('',(#384),#100,.T.);
#384 = FACE_BOUND('',#385,.F.);
#385 = EDGE_LOOP('',(#386,#416,#438,#439));
#386 = ORIENTED_EDGE('',*,*,#387,.T.);
#387 = EDGE_CURVE('',#388,#390,#392,.T.);
#388 = VERTEX_POINT('',#389);
#389 = CARTESIAN_POINT('',(-11.70784314205,33.795,0.5));
#390 = VERTEX_POINT('',#391);
#391 = CARTESIAN_POINT('',(-11.70784314205,33.795,2.5));
#392 = SURFACE_CURVE('',#393,(#397,#404),.PCURVE_S1.);
#393 = LINE('',#394,#395);
#394 = CARTESIAN_POINT('',(-11.70784314205,33.795,0.));
#395 = VECTOR('',#396,1.);
#396 = DIRECTION('',(0.,0.,1.));
#397 = PCURVE('',#100,#398);
#398 = DEFINITIONAL_REPRESENTATION('',(#399),#403);
#399 = LINE('',#400,#401);
#400 = CARTESIAN_POINT('',(-1.570796326795,0.));
#401 = VECTOR('',#402,1.);
#402 = DIRECTION('',(-0.,-1.));
#403 = ( GEOMETRIC_REPRESENTATION_CONTEXT(2) 
PARAMETRIC_REPRESENTATION_CONTEXT() REPRESENTATION_CONTEXT('2D SPACE',''
  ) );
#404 = PCURVE('',#405,#410);
#405 = PLANE('',#406);
#406 = AXIS2_PLACEMENT_3D('',#407,#408,#409);
#407 = CARTESIAN_POINT('',(-11.70784314205,33.795,0.));
#408 = DIRECTION('',(0.,1.,0.));
#409 = DIRECTION('',(1.,0.,0.));
#410 = DEFINITIONAL_REPRESENTATION('',(#411),#415);
#411 = LINE('',#412,#413);
#412 = CARTESIAN_POINT('',(0.,0.));
#413 = VECTOR('',#414,1.);
#414 = DIRECTION('',(0.,-1.));
#415 = ( GEOMETRIC_REPRESENTATION_CONTEXT(2) 
PARAMETRIC_REPRESENTATION_CONTEXT() REPRESENTATION_CONTEXT('2D SPACE',''
  ) );
#416 = ORIENTED_EDGE('',*,*,#417,.F.);
#417 = EDGE_CURVE('',#57,#390,#418,.T.);
#418 = SURFACE_CURVE('',#419,(#424,#431),.PCURVE_S1.);
#419 = CIRCLE('',#420,22.087156857947);
#420 = AXIS2_PLACEMENT_3D('',#421,#422,#423);
#421 = CARTESIAN_POINT('',(-11.70784314205,11.707843142053,2.5));
#422 = DIRECTION('',(-0.,0.,-1.));
#423 = DIRECTION('',(-1.,1.60849750905E-16,0.));
#424 = PCURVE('',#100,#425);
#425 = DEFINITIONAL_REPRESENTATION('',(#426),#430);
#426 = LINE('',#427,#428);
#427 = CARTESIAN_POINT('',(-3.14159265359,-2.5));
#428 = VECTOR('',#429,1.);
#429 = DIRECTION('',(1.,-0.));
#430 = ( GEOMETRIC_REPRESENTATION_CONTEXT(2) 
PARAMETRIC_REPRESENTATION_CONTEXT() REPRESENTATION_CONTEXT('2D SPACE',''
  ) );
#431 = PCURVE('',#372,#432);
#432 = DEFINITIONAL_REPRESENTATION('',(#433),#437);
#433 = LINE('',#434,#435);
#434 = CARTESIAN_POINT('',(-0.,0.));
#435 = VECTOR('',#436,1.);
#436 = DIRECTION('',(-1.,0.));
#437 = ( GEOMETRIC_REPRESENTATION_CONTEXT(2) 
PARAMETRIC_REPRESENTATION_CONTEXT() REPRESENTATION_CONTEXT('2D SPACE',''
  ) );
#438 = ORIENTED_EDGE('',*,*,#84,.F.);
#439 = ORIENTED_EDGE('',*,*,#440,.T.);
#440 = EDGE_CURVE('',#85,#388,#441,.T.);
#441 = SURFACE_CURVE('',#442,(#447,#454),.PCURVE_S1.);
#442 = CIRCLE('',#443,22.087156857947);
#443 = AXIS2_PLACEMENT_3D('',#444,#445,#446);
#444 = CARTESIAN_POINT('',(-11.70784314205,11.707843142053,0.5));
#445 = DIRECTION('',(-0.,0.,-1.));
#446 = DIRECTION('',(-1.,1.60849750905E-16,0.));
#447 = PCURVE('',#100,#448);
#448 = DEFINITIONAL_REPRESENTATION('',(#449),#453);
#449 = LINE('',#450,#451);
#450 = CARTESIAN_POINT('',(-3.14159265359,-0.5));
#451 = VECTOR('',#452,1.);
#452 = DIRECTION('',(1.,-0.));
#453 = ( GEOMETRIC_REPRESENTATION_CONTEXT(2) 
PARAMETRIC_REPRESENTATION_CONTEXT() REPRESENTATION_CONTEXT('2D SPACE',''
  ) );
#454 = PCURVE('',#293,#455);
#455 = DEFINITIONAL_REPRESENTATION('',(#456),#460);
#456 = LINE('',#457,#458);
#457 = CARTESIAN_POINT('',(0.,0.));
#458 = VECTOR('',#459,1.);
#459 = DIRECTION('',(1.,0.));
#460 = ( GEOMETRIC_REPRESENTATION_CONTEXT(2) 
PARAMETRIC_REPRESENTATION_CONTEXT() REPRESENTATION_CONTEXT('2D SPACE',''
  ) );
#461 = ADVANCED_FACE('',(#462),#214,.T.);
#462 = FACE_BOUND('',#463,.T.);
#463 = EDGE_LOOP('',(#464,#491,#492,#493));
#464 = ORIENTED_EDGE('',*,*,#465,.F.);
#465 = EDGE_CURVE('',#172,#466,#468,.T.);
#466 = VERTEX_POINT('',#467);
#467 = CARTESIAN_POINT('',(-11.70784314205,-33.295,-1.110223024625E-16)
  );
#468 = SURFACE_CURVE('',#469,(#474,#480),.PCURVE_S1.);
#469 = CIRCLE('',#470,0.5);
#470 = AXIS2_PLACEMENT_3D('',#471,#472,#473);
#471 = CARTESIAN_POINT('',(-11.70784314205,-33.295,0.5));
#472 = DIRECTION('',(1.,0.,0.));
#473 = DIRECTION('',(0.,-1.,0.));
#474 = PCURVE('',#214,#475);
#475 = DEFINITIONAL_REPRESENTATION('',(#476),#479);
#476 = B_SPLINE_CURVE_WITH_KNOTS('',1,(#477,#478),.UNSPECIFIED.,.F.,.F.,
  (2,2),(0.,1.570796326795),.PIECEWISE_BEZIER_KNOTS.);
#477 = CARTESIAN_POINT('',(0.,0.));
#478 = CARTESIAN_POINT('',(0.,1.570796326795));
#479 = ( GEOMETRIC_REPRESENTATION_CONTEXT(2) 
PARAMETRIC_REPRESENTATION_CONTEXT() REPRESENTATION_CONTEXT('2D SPACE',''
  ) );
#480 = PCURVE('',#481,#486);
#481 = CYLINDRICAL_SURFACE('',#482,0.5);
#482 = AXIS2_PLACEMENT_3D('',#483,#484,#485);
#483 = CARTESIAN_POINT('',(11.707843142053,-33.295,0.5));
#484 = DIRECTION('',(-1.,-0.,-0.));
#485 = DIRECTION('',(0.,-1.,0.));
#486 = DEFINITIONAL_REPRESENTATION('',(#487),#490);
#487 = B_SPLINE_CURVE_WITH_KNOTS('',1,(#488,#489),.UNSPECIFIED.,.F.,.F.,
  (2,2),(0.,1.570796326795),.PIECEWISE_BEZIER_KNOTS.);
#488 = CARTESIAN_POINT('',(0.,23.415686284107));
#489 = CARTESIAN_POINT('',(-1.570796326795,23.415686284107));
#490 = ( GEOMETRIC_REPRESENTATION_CONTEXT(2) 
PARAMETRIC_REPRESENTATION_CONTEXT() REPRESENTATION_CONTEXT('2D SPACE',''
  ) );
#491 = ORIENTED_EDGE('',*,*,#199,.T.);
#492 = ORIENTED_EDGE('',*,*,#229,.T.);
#493 = ORIENTED_EDGE('',*,*,#494,.F.);
#494 = EDGE_CURVE('',#466,#230,#495,.T.);
#495 = SURFACE_CURVE('',#496,(#501,#508),.PCURVE_S1.);
#496 = CIRCLE('',#497,21.587156857947);
#497 = AXIS2_PLACEMENT_3D('',#498,#499,#500);
#498 = CARTESIAN_POINT('',(-11.70784314205,-11.70784314205,0.));
#499 = DIRECTION('',(-0.,0.,-1.));
#500 = DIRECTION('',(-1.60849750905E-16,-1.,0.));
#501 = PCURVE('',#214,#502);
#502 = DEFINITIONAL_REPRESENTATION('',(#503),#507);
#503 = LINE('',#504,#505);
#504 = CARTESIAN_POINT('',(0.,1.570796326795));
#505 = VECTOR('',#506,1.);
#506 = DIRECTION('',(1.,0.));
#507 = ( GEOMETRIC_REPRESENTATION_CONTEXT(2) 
PARAMETRIC_REPRESENTATION_CONTEXT() REPRESENTATION_CONTEXT('2D SPACE',''
  ) );
#508 = PCURVE('',#267,#509);
#509 = DEFINITIONAL_REPRESENTATION('',(#510),#518);
#510 = ( BOUNDED_CURVE() B_SPLINE_CURVE(2,(#511,#512,#513,#514,#515,#516
,#517),.UNSPECIFIED.,.T.,.F.) B_SPLINE_CURVE_WITH_KNOTS((1,2,2,2,2,1),(
    -2.094395102393,0.,2.094395102393,4.188790204786,6.28318530718,
8.377580409573),.UNSPECIFIED.) CURVE() GEOMETRIC_REPRESENTATION_ITEM() 
RATIONAL_B_SPLINE_CURVE((1.,0.5,1.,0.5,1.,0.5,1.)) REPRESENTATION_ITEM(
  '') );
#511 = CARTESIAN_POINT('',(-11.70784314205,-33.295));
#512 = CARTESIAN_POINT('',(-49.09789561097,-33.295));
#513 = CARTESIAN_POINT('',(-30.40286937651,-0.91426471308));
#514 = CARTESIAN_POINT('',(-11.70784314205,31.46647057384));
#515 = CARTESIAN_POINT('',(6.987183092408,-0.91426471308));
#516 = CARTESIAN_POINT('',(25.682209326869,-33.295));
#517 = CARTESIAN_POINT('',(-11.70784314205,-33.295));
#518 = ( GEOMETRIC_REPRESENTATION_CONTEXT(2) 
PARAMETRIC_REPRESENTATION_CONTEXT() REPRESENTATION_CONTEXT('2D SPACE',''
  ) );
#519 = ADVANCED_FACE('',(#520),#159,.T.);
#520 = FACE_BOUND('',#521,.F.);
#521 = EDGE_LOOP('',(#522,#549,#550,#551));
#522 = ORIENTED_EDGE('',*,*,#523,.F.);
#523 = EDGE_CURVE('',#143,#524,#526,.T.);
#524 = VERTEX_POINT('',#525);
#525 = CARTESIAN_POINT('',(-11.70784314205,-33.295,3.));
#526 = SURFACE_CURVE('',#527,(#532,#538),.PCURVE_S1.);
#527 = CIRCLE('',#528,0.5);
#528 = AXIS2_PLACEMENT_3D('',#529,#530,#531);
#529 = CARTESIAN_POINT('',(-11.70784314205,-33.295,2.5));
#530 = DIRECTION('',(-1.,-0.,0.));
#531 = DIRECTION('',(0.,-1.,0.));
#532 = PCURVE('',#159,#533);
#533 = DEFINITIONAL_REPRESENTATION('',(#534),#537);
#534 = B_SPLINE_CURVE_WITH_KNOTS('',1,(#535,#536),.UNSPECIFIED.,.F.,.F.,
  (2,2),(0.,1.570796326795),.PIECEWISE_BEZIER_KNOTS.);
#535 = CARTESIAN_POINT('',(0.,0.));
#536 = CARTESIAN_POINT('',(0.,1.570796326795));
#537 = ( GEOMETRIC_REPRESENTATION_CONTEXT(2) 
PARAMETRIC_REPRESENTATION_CONTEXT() REPRESENTATION_CONTEXT('2D SPACE',''
  ) );
#538 = PCURVE('',#539,#544);
#539 = CYLINDRICAL_SURFACE('',#540,0.5);
#540 = AXIS2_PLACEMENT_3D('',#541,#542,#543);
#541 = CARTESIAN_POINT('',(11.707843142053,-33.295,2.5));
#542 = DIRECTION('',(-1.,-0.,-0.));
#543 = DIRECTION('',(0.,-1.,0.));
#544 = DEFINITIONAL_REPRESENTATION('',(#545),#548);
#545 = B_SPLINE_CURVE_WITH_KNOTS('',1,(#546,#547),.UNSPECIFIED.,.F.,.F.,
  (2,2),(0.,1.570796326795),.PIECEWISE_BEZIER_KNOTS.);
#546 = CARTESIAN_POINT('',(0.,23.415686284107));
#547 = CARTESIAN_POINT('',(1.570796326795,23.415686284107));
#548 = ( GEOMETRIC_REPRESENTATION_CONTEXT(2) 
PARAMETRIC_REPRESENTATION_CONTEXT() REPRESENTATION_CONTEXT('2D SPACE',''
  ) );
#549 = ORIENTED_EDGE('',*,*,#142,.T.);
#550 = ORIENTED_EDGE('',*,*,#308,.T.);
#551 = ORIENTED_EDGE('',*,*,#552,.F.);
#552 = EDGE_CURVE('',#524,#309,#553,.T.);
#553 = SURFACE_CURVE('',#554,(#559,#566),.PCURVE_S1.);
#554 = CIRCLE('',#555,21.587156857947);
#555 = AXIS2_PLACEMENT_3D('',#556,#557,#558);
#556 = CARTESIAN_POINT('',(-11.70784314205,-11.70784314205,3.));
#557 = DIRECTION('',(-0.,0.,-1.));
#558 = DIRECTION('',(-1.60849750905E-16,-1.,0.));
#559 = PCURVE('',#159,#560);
#560 = DEFINITIONAL_REPRESENTATION('',(#561),#565);
#561 = LINE('',#562,#563);
#562 = CARTESIAN_POINT('',(-0.,1.570796326795));
#563 = VECTOR('',#564,1.);
#564 = DIRECTION('',(-1.,0.));
#565 = ( GEOMETRIC_REPRESENTATION_CONTEXT(2) 
PARAMETRIC_REPRESENTATION_CONTEXT() REPRESENTATION_CONTEXT('2D SPACE',''
  ) );
#566 = PCURVE('',#346,#567);
#567 = DEFINITIONAL_REPRESENTATION('',(#568),#576);
#568 = ( BOUNDED_CURVE() B_SPLINE_CURVE(2,(#569,#570,#571,#572,#573,#574
,#575),.UNSPECIFIED.,.T.,.F.) B_SPLINE_CURVE_WITH_KNOTS((1,2,2,2,2,1),(
    -2.094395102393,0.,2.094395102393,4.188790204786,6.28318530718,
8.377580409573),.UNSPECIFIED.) CURVE() GEOMETRIC_REPRESENTATION_ITEM() 
RATIONAL_B_SPLINE_CURVE((1.,0.5,1.,0.5,1.,0.5,1.)) REPRESENTATION_ITEM(
  '') );
#569 = CARTESIAN_POINT('',(-11.70784314205,-33.295));
#570 = CARTESIAN_POINT('',(-49.09789561097,-33.295));
#571 = CARTESIAN_POINT('',(-30.40286937651,-0.91426471308));
#572 = CARTESIAN_POINT('',(-11.70784314205,31.46647057384));
#573 = CARTESIAN_POINT('',(6.987183092408,-0.91426471308));
#574 = CARTESIAN_POINT('',(25.682209326869,-33.295));
#575 = CARTESIAN_POINT('',(-11.70784314205,-33.295));
#576 = ( GEOMETRIC_REPRESENTATION_CONTEXT(2) 
PARAMETRIC_REPRESENTATION_CONTEXT() REPRESENTATION_CONTEXT('2D SPACE',''
  ) );
#577 = ADVANCED_FACE('',(#578),#187,.F.);
#578 = FACE_BOUND('',#579,.F.);
#579 = EDGE_LOOP('',(#580,#581,#604,#632));
#580 = ORIENTED_EDGE('',*,*,#171,.T.);
#581 = ORIENTED_EDGE('',*,*,#582,.F.);
#582 = EDGE_CURVE('',#583,#143,#585,.T.);
#583 = VERTEX_POINT('',#584);
#584 = CARTESIAN_POINT('',(11.707843142053,-33.795,2.5));
#585 = SURFACE_CURVE('',#586,(#590,#597),.PCURVE_S1.);
#586 = LINE('',#587,#588);
#587 = CARTESIAN_POINT('',(11.707843142053,-33.795,2.5));
#588 = VECTOR('',#589,1.);
#589 = DIRECTION('',(-1.,-0.,-0.));
#590 = PCURVE('',#187,#591);
#591 = DEFINITIONAL_REPRESENTATION('',(#592),#596);
#592 = LINE('',#593,#594);
#593 = CARTESIAN_POINT('',(23.415686284107,-2.5));
#594 = VECTOR('',#595,1.);
#595 = DIRECTION('',(-1.,0.));
#596 = ( GEOMETRIC_REPRESENTATION_CONTEXT(2) 
PARAMETRIC_REPRESENTATION_CONTEXT() REPRESENTATION_CONTEXT('2D SPACE',''
  ) );
#597 = PCURVE('',#539,#598);
#598 = DEFINITIONAL_REPRESENTATION('',(#599),#603);
#599 = LINE('',#600,#601);
#600 = CARTESIAN_POINT('',(0.,0.));
#601 = VECTOR('',#602,1.);
#602 = DIRECTION('',(0.,1.));
#603 = ( GEOMETRIC_REPRESENTATION_CONTEXT(2) 
PARAMETRIC_REPRESENTATION_CONTEXT() REPRESENTATION_CONTEXT('2D SPACE',''
  ) );
#604 = ORIENTED_EDGE('',*,*,#605,.F.);
#605 = EDGE_CURVE('',#606,#583,#608,.T.);
#606 = VERTEX_POINT('',#607);
#607 = CARTESIAN_POINT('',(11.707843142053,-33.795,0.5));
#608 = SURFACE_CURVE('',#609,(#613,#620),.PCURVE_S1.);
#609 = LINE('',#610,#611);
#610 = CARTESIAN_POINT('',(11.707843142053,-33.795,0.));
#611 = VECTOR('',#612,1.);
#612 = DIRECTION('',(0.,0.,1.));
#613 = PCURVE('',#187,#614);
#614 = DEFINITIONAL_REPRESENTATION('',(#615),#619);
#615 = LINE('',#616,#617);
#616 = CARTESIAN_POINT('',(23.415686284107,0.));
#617 = VECTOR('',#618,1.);
#618 = DIRECTION('',(0.,-1.));
#619 = ( GEOMETRIC_REPRESENTATION_CONTEXT(2) 
PARAMETRIC_REPRESENTATION_CONTEXT() REPRESENTATION_CONTEXT('2D SPACE',''
  ) );
#620 = PCURVE('',#621,#626);
#621 = CYLINDRICAL_SURFACE('',#622,22.087156857947);
#622 = AXIS2_PLACEMENT_3D('',#623,#624,#625);
#623 = CARTESIAN_POINT('',(11.707843142053,-11.70784314205,0.));
#624 = DIRECTION('',(-0.,-0.,-1.));
#625 = DIRECTION('',(1.,0.,0.));
#626 = DEFINITIONAL_REPRESENTATION('',(#627),#631);
#627 = LINE('',#628,#629);
#628 = CARTESIAN_POINT('',(-4.712388980385,0.));
#629 = VECTOR('',#630,1.);
#630 = DIRECTION('',(-0.,-1.));
#631 = ( GEOMETRIC_REPRESENTATION_CONTEXT(2) 
PARAMETRIC_REPRESENTATION_CONTEXT() REPRESENTATION_CONTEXT('2D SPACE',''
  ) );
#632 = ORIENTED_EDGE('',*,*,#633,.T.);
#633 = EDGE_CURVE('',#606,#172,#634,.T.);
#634 = SURFACE_CURVE('',#635,(#639,#646),.PCURVE_S1.);
#635 = LINE('',#636,#637);
#636 = CARTESIAN_POINT('',(11.707843142053,-33.795,0.5));
#637 = VECTOR('',#638,1.);
#638 = DIRECTION('',(-1.,-0.,-0.));
#639 = PCURVE('',#187,#640);
#640 = DEFINITIONAL_REPRESENTATION('',(#641),#645);
#641 = LINE('',#642,#643);
#642 = CARTESIAN_POINT('',(23.415686284107,-0.5));
#643 = VECTOR('',#644,1.);
#644 = DIRECTION('',(-1.,0.));
#645 = ( GEOMETRIC_REPRESENTATION_CONTEXT(2) 
PARAMETRIC_REPRESENTATION_CONTEXT() REPRESENTATION_CONTEXT('2D SPACE',''
  ) );
#646 = PCURVE('',#481,#647);
#647 = DEFINITIONAL_REPRESENTATION('',(#648),#652);
#648 = LINE('',#649,#650);
#649 = CARTESIAN_POINT('',(-0.,0.));
#650 = VECTOR('',#651,1.);
#651 = DIRECTION('',(-0.,1.));
#652 = ( GEOMETRIC_REPRESENTATION_CONTEXT(2) 
PARAMETRIC_REPRESENTATION_CONTEXT() REPRESENTATION_CONTEXT('2D SPACE',''
  ) );
#653 = ADVANCED_FACE('',(#654,#829,#1063,#1098,#1332,#1367),#267,.F.);
#654 = FACE_BOUND('',#655,.F.);
#655 = EDGE_LOOP('',(#656,#657,#658,#681,#714,#742,#775,#803));
#656 = ORIENTED_EDGE('',*,*,#251,.F.);
#657 = ORIENTED_EDGE('',*,*,#494,.F.);
#658 = ORIENTED_EDGE('',*,*,#659,.F.);
#659 = EDGE_CURVE('',#660,#466,#662,.T.);
#660 = VERTEX_POINT('',#661);
#661 = CARTESIAN_POINT('',(11.707843142053,-33.295,0.));
#662 = SURFACE_CURVE('',#663,(#667,#674),.PCURVE_S1.);
#663 = LINE('',#664,#665);
#664 = CARTESIAN_POINT('',(11.707843142053,-33.295,-1.110223024625E-16)
  );
#665 = VECTOR('',#666,1.);
#666 = DIRECTION('',(-1.,-0.,-0.));
#667 = PCURVE('',#267,#668);
#668 = DEFINITIONAL_REPRESENTATION('',(#669),#673);
#669 = LINE('',#670,#671);
#670 = CARTESIAN_POINT('',(11.707843142053,-33.295));
#671 = VECTOR('',#672,1.);
#672 = DIRECTION('',(-1.,-0.));
#673 = ( GEOMETRIC_REPRESENTATION_CONTEXT(2) 
PARAMETRIC_REPRESENTATION_CONTEXT() REPRESENTATION_CONTEXT('2D SPACE',''
  ) );
#674 = PCURVE('',#481,#675);
#675 = DEFINITIONAL_REPRESENTATION('',(#676),#680);
#676 = LINE('',#677,#678);
#677 = CARTESIAN_POINT('',(-1.570796326795,0.));
#678 = VECTOR('',#679,1.);
#679 = DIRECTION('',(-0.,1.));
#680 = ( GEOMETRIC_REPRESENTATION_CONTEXT(2) 
PARAMETRIC_REPRESENTATION_CONTEXT() REPRESENTATION_CONTEXT('2D SPACE',''
  ) );
#681 = ORIENTED_EDGE('',*,*,#682,.F.);
#682 = EDGE_CURVE('',#683,#660,#685,.T.);
#683 = VERTEX_POINT('',#684);
#684 = CARTESIAN_POINT('',(33.295,-11.70784314205,-1.110223024625E-16));
#685 = SURFACE_CURVE('',#686,(#691,#702),.PCURVE_S1.);
#686 = CIRCLE('',#687,21.587156857947);
#687 = AXIS2_PLACEMENT_3D('',#688,#689,#690);
#688 = CARTESIAN_POINT('',(11.707843142053,-11.70784314205,0.));
#689 = DIRECTION('',(0.,-0.,-1.));
#690 = DIRECTION('',(1.,-2.412746263575E-16,0.));
#691 = PCURVE('',#267,#692);
#692 = DEFINITIONAL_REPRESENTATION('',(#693),#701);
#693 = ( BOUNDED_CURVE() B_SPLINE_CURVE(2,(#694,#695,#696,#697,#698,#699
,#700),.UNSPECIFIED.,.T.,.F.) B_SPLINE_CURVE_WITH_KNOTS((1,2,2,2,2,1),(
    -2.094395102393,0.,2.094395102393,4.188790204786,6.28318530718,
8.377580409573),.UNSPECIFIED.) CURVE() GEOMETRIC_REPRESENTATION_ITEM() 
RATIONAL_B_SPLINE_CURVE((1.,0.5,1.,0.5,1.,0.5,1.)) REPRESENTATION_ITEM(
  '') );
#694 = CARTESIAN_POINT('',(33.295,-11.70784314205));
#695 = CARTESIAN_POINT('',(33.295,-49.09789561097));
#696 = CARTESIAN_POINT('',(0.91426471308,-30.40286937651));
#697 = CARTESIAN_POINT('',(-31.46647057384,-11.70784314205));
#698 = CARTESIAN_POINT('',(0.91426471308,6.987183092408));
#699 = CARTESIAN_POINT('',(33.295,25.682209326869));
#700 = CARTESIAN_POINT('',(33.295,-11.70784314205));
#701 = ( GEOMETRIC_REPRESENTATION_CONTEXT(2) 
PARAMETRIC_REPRESENTATION_CONTEXT() REPRESENTATION_CONTEXT('2D SPACE',''
  ) );
#702 = PCURVE('',#703,#708);
#703 = TOROIDAL_SURFACE('',#704,21.587156857947,0.5);
#704 = AXIS2_PLACEMENT_3D('',#705,#706,#707);
#705 = CARTESIAN_POINT('',(11.707843142053,-11.70784314205,0.5));
#706 = DIRECTION('',(-0.,-0.,-1.));
#707 = DIRECTION('',(1.,-2.412746263575E-16,0.));
#708 = DEFINITIONAL_REPRESENTATION('',(#709),#713);
#709 = LINE('',#710,#711);
#710 = CARTESIAN_POINT('',(0.,1.570796326795));
#711 = VECTOR('',#712,1.);
#712 = DIRECTION('',(1.,0.));
#713 = ( GEOMETRIC_REPRESENTATION_CONTEXT(2) 
PARAMETRIC_REPRESENTATION_CONTEXT() REPRESENTATION_CONTEXT('2D SPACE',''
  ) );
#714 = ORIENTED_EDGE('',*,*,#715,.F.);
#715 = EDGE_CURVE('',#716,#683,#718,.T.);
#716 = VERTEX_POINT('',#717);
#717 = CARTESIAN_POINT('',(33.295,11.707843142053,0.));
#718 = SURFACE_CURVE('',#719,(#723,#730),.PCURVE_S1.);
#719 = LINE('',#720,#721);
#720 = CARTESIAN_POINT('',(33.295,11.707843142053,-1.110223024625E-16));
#721 = VECTOR('',#722,1.);
#722 = DIRECTION('',(-0.,-1.,-0.));
#723 = PCURVE('',#267,#724);
#724 = DEFINITIONAL_REPRESENTATION('',(#725),#729);
#725 = LINE('',#726,#727);
#726 = CARTESIAN_POINT('',(33.295,11.707843142053));
#727 = VECTOR('',#728,1.);
#728 = DIRECTION('',(-0.,-1.));
#729 = ( GEOMETRIC_REPRESENTATION_CONTEXT(2) 
PARAMETRIC_REPRESENTATION_CONTEXT() REPRESENTATION_CONTEXT('2D SPACE',''
  ) );
#730 = PCURVE('',#731,#736);
#731 = CYLINDRICAL_SURFACE('',#732,0.5);
#732 = AXIS2_PLACEMENT_3D('',#733,#734,#735);
#733 = CARTESIAN_POINT('',(33.295,11.707843142053,0.5));
#734 = DIRECTION('',(-0.,-1.,-0.));
#735 = DIRECTION('',(1.,-0.,0.));
#736 = DEFINITIONAL_REPRESENTATION('',(#737),#741);
#737 = LINE('',#738,#739);
#738 = CARTESIAN_POINT('',(-1.570796326795,0.));
#739 = VECTOR('',#740,1.);
#740 = DIRECTION('',(-0.,1.));
#741 = ( GEOMETRIC_REPRESENTATION_CONTEXT(2) 
PARAMETRIC_REPRESENTATION_CONTEXT() REPRESENTATION_CONTEXT('2D SPACE',''
  ) );
#742 = ORIENTED_EDGE('',*,*,#743,.F.);
#743 = EDGE_CURVE('',#744,#716,#746,.T.);
#744 = VERTEX_POINT('',#745);
#745 = CARTESIAN_POINT('',(11.707843142053,33.295,-1.110223024625E-16));
#746 = SURFACE_CURVE('',#747,(#752,#763),.PCURVE_S1.);
#747 = CIRCLE('',#748,21.587156857947);
#748 = AXIS2_PLACEMENT_3D('',#749,#750,#751);
#749 = CARTESIAN_POINT('',(11.707843142053,11.707843142053,0.));
#750 = DIRECTION('',(0.,-0.,-1.));
#751 = DIRECTION('',(8.04248754525E-17,1.,-0.));
#752 = PCURVE('',#267,#753);
#753 = DEFINITIONAL_REPRESENTATION('',(#754),#762);
#754 = ( BOUNDED_CURVE() B_SPLINE_CURVE(2,(#755,#756,#757,#758,#759,#760
,#761),.UNSPECIFIED.,.T.,.F.) B_SPLINE_CURVE_WITH_KNOTS((1,2,2,2,2,1),(
    -2.094395102393,0.,2.094395102393,4.188790204786,6.28318530718,
8.377580409573),.UNSPECIFIED.) CURVE() GEOMETRIC_REPRESENTATION_ITEM() 
RATIONAL_B_SPLINE_CURVE((1.,0.5,1.,0.5,1.,0.5,1.)) REPRESENTATION_ITEM(
  '') );
#755 = CARTESIAN_POINT('',(11.707843142053,33.295));
#756 = CARTESIAN_POINT('',(49.097895610976,33.295));
#757 = CARTESIAN_POINT('',(30.402869376515,0.91426471308));
#758 = CARTESIAN_POINT('',(11.707843142053,-31.46647057384));
#759 = CARTESIAN_POINT('',(-6.987183092408,0.91426471308));
#760 = CARTESIAN_POINT('',(-25.68220932686,33.295));
#761 = CARTESIAN_POINT('',(11.707843142053,33.295));
#762 = ( GEOMETRIC_REPRESENTATION_CONTEXT(2) 
PARAMETRIC_REPRESENTATION_CONTEXT() REPRESENTATION_CONTEXT('2D SPACE',''
  ) );
#763 = PCURVE('',#764,#769);
#764 = TOROIDAL_SURFACE('',#765,21.587156857947,0.5);
#765 = AXIS2_PLACEMENT_3D('',#766,#767,#768);
#766 = CARTESIAN_POINT('',(11.707843142053,11.707843142053,0.5));
#767 = DIRECTION('',(-0.,-0.,-1.));
#768 = DIRECTION('',(8.04248754525E-17,1.,-0.));
#769 = DEFINITIONAL_REPRESENTATION('',(#770),#774);
#770 = LINE('',#771,#772);
#771 = CARTESIAN_POINT('',(0.,1.570796326795));
#772 = VECTOR('',#773,1.);
#773 = DIRECTION('',(1.,0.));
#774 = ( GEOMETRIC_REPRESENTATION_CONTEXT(2) 
PARAMETRIC_REPRESENTATION_CONTEXT() REPRESENTATION_CONTEXT('2D SPACE',''
  ) );
#775 = ORIENTED_EDGE('',*,*,#776,.F.);
#776 = EDGE_CURVE('',#777,#744,#779,.T.);
#777 = VERTEX_POINT('',#778);
#778 = CARTESIAN_POINT('',(-11.70784314205,33.295,0.));
#779 = SURFACE_CURVE('',#780,(#784,#791),.PCURVE_S1.);
#780 = LINE('',#781,#782);
#781 = CARTESIAN_POINT('',(-11.70784314205,33.295,-1.110223024625E-16));
#782 = VECTOR('',#783,1.);
#783 = DIRECTION('',(1.,0.,0.));
#784 = PCURVE('',#267,#785);
#785 = DEFINITIONAL_REPRESENTATION('',(#786),#790);
#786 = LINE('',#787,#788);
#787 = CARTESIAN_POINT('',(-11.70784314205,33.295));
#788 = VECTOR('',#789,1.);
#789 = DIRECTION('',(1.,0.));
#790 = ( GEOMETRIC_REPRESENTATION_CONTEXT(2) 
PARAMETRIC_REPRESENTATION_CONTEXT() REPRESENTATION_CONTEXT('2D SPACE',''
  ) );
#791 = PCURVE('',#792,#797);
#792 = CYLINDRICAL_SURFACE('',#793,0.5);
#793 = AXIS2_PLACEMENT_3D('',#794,#795,#796);
#794 = CARTESIAN_POINT('',(-11.70784314205,33.295,0.5));
#795 = DIRECTION('',(1.,0.,0.));
#796 = DIRECTION('',(-0.,1.,0.));
#797 = DEFINITIONAL_REPRESENTATION('',(#798),#802);
#798 = LINE('',#799,#800);
#799 = CARTESIAN_POINT('',(-1.570796326795,0.));
#800 = VECTOR('',#801,1.);
#801 = DIRECTION('',(-0.,1.));
#802 = ( GEOMETRIC_REPRESENTATION_CONTEXT(2) 
PARAMETRIC_REPRESENTATION_CONTEXT() REPRESENTATION_CONTEXT('2D SPACE',''
  ) );
#803 = ORIENTED_EDGE('',*,*,#804,.F.);
#804 = EDGE_CURVE('',#252,#777,#805,.T.);
#805 = SURFACE_CURVE('',#806,(#811,#822),.PCURVE_S1.);
#806 = CIRCLE('',#807,21.587156857947);
#807 = AXIS2_PLACEMENT_3D('',#808,#809,#810);
#808 = CARTESIAN_POINT('',(-11.70784314205,11.707843142053,0.));
#809 = DIRECTION('',(-0.,0.,-1.));
#810 = DIRECTION('',(-1.,1.60849750905E-16,0.));
#811 = PCURVE('',#267,#812);
#812 = DEFINITIONAL_REPRESENTATION('',(#813),#821);
#813 = ( BOUNDED_CURVE() B_SPLINE_CURVE(2,(#814,#815,#816,#817,#818,#819
,#820),.UNSPECIFIED.,.T.,.F.) B_SPLINE_CURVE_WITH_KNOTS((1,2,2,2,2,1),(
    -2.094395102393,0.,2.094395102393,4.188790204786,6.28318530718,
8.377580409573),.UNSPECIFIED.) CURVE() GEOMETRIC_REPRESENTATION_ITEM() 
RATIONAL_B_SPLINE_CURVE((1.,0.5,1.,0.5,1.,0.5,1.)) REPRESENTATION_ITEM(
  '') );
#814 = CARTESIAN_POINT('',(-33.295,11.707843142053));
#815 = CARTESIAN_POINT('',(-33.295,49.097895610976));
#816 = CARTESIAN_POINT('',(-0.91426471308,30.402869376515));
#817 = CARTESIAN_POINT('',(31.46647057384,11.707843142053));
#818 = CARTESIAN_POINT('',(-0.91426471308,-6.987183092408));
#819 = CARTESIAN_POINT('',(-33.295,-25.68220932686));
#820 = CARTESIAN_POINT('',(-33.295,11.707843142053));
#821 = ( GEOMETRIC_REPRESENTATION_CONTEXT(2) 
PARAMETRIC_REPRESENTATION_CONTEXT() REPRESENTATION_CONTEXT('2D SPACE',''
  ) );
#822 = PCURVE('',#293,#823);
#823 = DEFINITIONAL_REPRESENTATION('',(#824),#828);
#824 = LINE('',#825,#826);
#825 = CARTESIAN_POINT('',(0.,1.570796326795));
#826 = VECTOR('',#827,1.);
#827 = DIRECTION('',(1.,0.));
#828 = ( GEOMETRIC_REPRESENTATION_CONTEXT(2) 
PARAMETRIC_REPRESENTATION_CONTEXT() REPRESENTATION_CONTEXT('2D SPACE',''
  ) );
#829 = FACE_BOUND('',#830,.F.);
#830 = EDGE_LOOP('',(#831,#861,#894,#922,#951,#979,#1008,#1036));
#831 = ORIENTED_EDGE('',*,*,#832,.F.);
#832 = EDGE_CURVE('',#833,#835,#837,.T.);
#833 = VERTEX_POINT('',#834);
#834 = CARTESIAN_POINT('',(-19.00743127105,-12.29471656763,0.));
#835 = VERTEX_POINT('',#836);
#836 = CARTESIAN_POINT('',(-19.00743127105,-16.44528337585,0.));
#837 = SURFACE_CURVE('',#838,(#842,#849),.PCURVE_S1.);
#838 = LINE('',#839,#840);
#839 = CARTESIAN_POINT('',(-19.00743127105,-11.79471656763,
    -1.110223024625E-16));
#840 = VECTOR('',#841,1.);
#841 = DIRECTION('',(0.,-1.,0.));
#842 = PCURVE('',#267,#843);
#843 = DEFINITIONAL_REPRESENTATION('',(#844),#848);
#844 = LINE('',#845,#846);
#845 = CARTESIAN_POINT('',(-19.00743127105,-11.79471656763));
#846 = VECTOR('',#847,1.);
#847 = DIRECTION('',(0.,-1.));
#848 = ( GEOMETRIC_REPRESENTATION_CONTEXT(2) 
PARAMETRIC_REPRESENTATION_CONTEXT() REPRESENTATION_CONTEXT('2D SPACE',''
  ) );
#849 = PCURVE('',#850,#855);
#850 = CYLINDRICAL_SURFACE('',#851,0.5);
#851 = AXIS2_PLACEMENT_3D('',#852,#853,#854);
#852 = CARTESIAN_POINT('',(-19.00743127105,-11.79471656763,0.5));
#853 = DIRECTION('',(0.,-1.,0.));
#854 = DIRECTION('',(-0.,-0.,-1.));
#855 = DEFINITIONAL_REPRESENTATION('',(#856),#860);
#856 = LINE('',#857,#858);
#857 = CARTESIAN_POINT('',(0.,0.));
#858 = VECTOR('',#859,1.);
#859 = DIRECTION('',(0.,1.));
#860 = ( GEOMETRIC_REPRESENTATION_CONTEXT(2) 
PARAMETRIC_REPRESENTATION_CONTEXT() REPRESENTATION_CONTEXT('2D SPACE',''
  ) );
#861 = ORIENTED_EDGE('',*,*,#862,.T.);
#862 = EDGE_CURVE('',#833,#863,#865,.T.);
#863 = VERTEX_POINT('',#864);
#864 = CARTESIAN_POINT('',(-18.00743127105,-11.29471656763,0.));
#865 = SURFACE_CURVE('',#866,(#871,#882),.PCURVE_S1.);
#866 = CIRCLE('',#867,1.);
#867 = AXIS2_PLACEMENT_3D('',#868,#869,#870);
#868 = CARTESIAN_POINT('',(-18.00743127105,-12.29471656763,0.));
#869 = DIRECTION('',(-0.,0.,-1.));
#870 = DIRECTION('',(-1.,0.,0.));
#871 = PCURVE('',#267,#872);
#872 = DEFINITIONAL_REPRESENTATION('',(#873),#881);
#873 = ( BOUNDED_CURVE() B_SPLINE_CURVE(2,(#874,#875,#876,#877,#878,#879
,#880),.UNSPECIFIED.,.T.,.F.) B_SPLINE_CURVE_WITH_KNOTS((1,2,2,2,2,1),(
    -2.094395102393,0.,2.094395102393,4.188790204786,6.28318530718,
8.377580409573),.UNSPECIFIED.) CURVE() GEOMETRIC_REPRESENTATION_ITEM() 
RATIONAL_B_SPLINE_CURVE((1.,0.5,1.,0.5,1.,0.5,1.)) REPRESENTATION_ITEM(
  '') );
#874 = CARTESIAN_POINT('',(-19.00743127105,-12.29471656763));
#875 = CARTESIAN_POINT('',(-19.00743127105,-10.56266576006));
#876 = CARTESIAN_POINT('',(-17.50743127105,-11.42869116385));
#877 = CARTESIAN_POINT('',(-16.00743127105,-12.29471656763));
#878 = CARTESIAN_POINT('',(-17.50743127105,-13.16074197141));
#879 = CARTESIAN_POINT('',(-19.00743127105,-14.0267673752));
#880 = CARTESIAN_POINT('',(-19.00743127105,-12.29471656763));
#881 = ( GEOMETRIC_REPRESENTATION_CONTEXT(2) 
PARAMETRIC_REPRESENTATION_CONTEXT() REPRESENTATION_CONTEXT('2D SPACE',''
  ) );
#882 = PCURVE('',#883,#888);
#883 = TOROIDAL_SURFACE('',#884,1.,0.5);
#884 = AXIS2_PLACEMENT_3D('',#885,#886,#887);
#885 = CARTESIAN_POINT('',(-18.00743127105,-12.29471656763,0.5));
#886 = DIRECTION('',(-0.,-0.,-1.));
#887 = DIRECTION('',(-1.,0.,0.));
#888 = DEFINITIONAL_REPRESENTATION('',(#889),#893);
#889 = LINE('',#890,#891);
#890 = CARTESIAN_POINT('',(0.,1.570796326795));
#891 = VECTOR('',#892,1.);
#892 = DIRECTION('',(1.,0.));
#893 = ( GEOMETRIC_REPRESENTATION_CONTEXT(2) 
PARAMETRIC_REPRESENTATION_CONTEXT() REPRESENTATION_CONTEXT('2D SPACE',''
  ) );
#894 = ORIENTED_EDGE('',*,*,#895,.F.);
#895 = EDGE_CURVE('',#896,#863,#898,.T.);
#896 = VERTEX_POINT('',#897);
#897 = CARTESIAN_POINT('',(-7.992721129255,-11.29471656763,0.));
#898 = SURFACE_CURVE('',#899,(#903,#910),.PCURVE_S1.);
#899 = LINE('',#900,#901);
#900 = CARTESIAN_POINT('',(-7.492721129255,-11.29471656763,
    -1.110223024625E-16));
#901 = VECTOR('',#902,1.);
#902 = DIRECTION('',(-1.,0.,0.));
#903 = PCURVE('',#267,#904);
#904 = DEFINITIONAL_REPRESENTATION('',(#905),#909);
#905 = LINE('',#906,#907);
#906 = CARTESIAN_POINT('',(-7.492721129255,-11.29471656763));
#907 = VECTOR('',#908,1.);
#908 = DIRECTION('',(-1.,0.));
#909 = ( GEOMETRIC_REPRESENTATION_CONTEXT(2) 
PARAMETRIC_REPRESENTATION_CONTEXT() REPRESENTATION_CONTEXT('2D SPACE',''
  ) );
#910 = PCURVE('',#911,#916);
#911 = CYLINDRICAL_SURFACE('',#912,0.5);
#912 = AXIS2_PLACEMENT_3D('',#913,#914,#915);
#913 = CARTESIAN_POINT('',(-7.492721129255,-11.29471656763,0.5));
#914 = DIRECTION('',(-1.,0.,0.));
#915 = DIRECTION('',(-0.,0.,-1.));
#916 = DEFINITIONAL_REPRESENTATION('',(#917),#921);
#917 = LINE('',#918,#919);
#918 = CARTESIAN_POINT('',(0.,0.));
#919 = VECTOR('',#920,1.);
#920 = DIRECTION('',(0.,1.));
#921 = ( GEOMETRIC_REPRESENTATION_CONTEXT(2) 
PARAMETRIC_REPRESENTATION_CONTEXT() REPRESENTATION_CONTEXT('2D SPACE',''
  ) );
#922 = ORIENTED_EDGE('',*,*,#923,.F.);
#923 = EDGE_CURVE('',#924,#896,#926,.T.);
#924 = VERTEX_POINT('',#925);
#925 = CARTESIAN_POINT('',(-6.992721129255,-12.29471656763,0.));
#926 = SURFACE_CURVE('',#927,(#932,#939),.PCURVE_S1.);
#927 = CIRCLE('',#928,1.);
#928 = AXIS2_PLACEMENT_3D('',#929,#930,#931);
#929 = CARTESIAN_POINT('',(-7.992721129255,-12.29471656763,0.));
#930 = DIRECTION('',(0.,0.,1.));
#931 = DIRECTION('',(1.,0.,-0.));
#932 = PCURVE('',#267,#933);
#933 = DEFINITIONAL_REPRESENTATION('',(#934),#938);
#934 = CIRCLE('',#935,1.);
#935 = AXIS2_PLACEMENT_2D('',#936,#937);
#936 = CARTESIAN_POINT('',(-7.992721129255,-12.29471656763));
#937 = DIRECTION('',(1.,0.));
#938 = ( GEOMETRIC_REPRESENTATION_CONTEXT(2) 
PARAMETRIC_REPRESENTATION_CONTEXT() REPRESENTATION_CONTEXT('2D SPACE',''
  ) );
#939 = PCURVE('',#940,#945);
#940 = TOROIDAL_SURFACE('',#941,1.,0.5);
#941 = AXIS2_PLACEMENT_3D('',#942,#943,#944);
#942 = CARTESIAN_POINT('',(-7.992721129255,-12.29471656763,0.5));
#943 = DIRECTION('',(-0.,-0.,-1.));
#944 = DIRECTION('',(1.,0.,-0.));
#945 = DEFINITIONAL_REPRESENTATION('',(#946),#950);
#946 = LINE('',#947,#948);
#947 = CARTESIAN_POINT('',(-0.,1.570796326795));
#948 = VECTOR('',#949,1.);
#949 = DIRECTION('',(-1.,0.));
#950 = ( GEOMETRIC_REPRESENTATION_CONTEXT(2) 
PARAMETRIC_REPRESENTATION_CONTEXT() REPRESENTATION_CONTEXT('2D SPACE',''
  ) );
#951 = ORIENTED_EDGE('',*,*,#952,.T.);
#952 = EDGE_CURVE('',#924,#953,#955,.T.);
#953 = VERTEX_POINT('',#954);
#954 = CARTESIAN_POINT('',(-6.992721129255,-16.44528337585,0.));
#955 = SURFACE_CURVE('',#956,(#960,#967),.PCURVE_S1.);
#956 = LINE('',#957,#958);
#957 = CARTESIAN_POINT('',(-6.992721129255,-11.79471656763,
    -1.110223024625E-16));
#958 = VECTOR('',#959,1.);
#959 = DIRECTION('',(0.,-1.,0.));
#960 = PCURVE('',#267,#961);
#961 = DEFINITIONAL_REPRESENTATION('',(#962),#966);
#962 = LINE('',#963,#964);
#963 = CARTESIAN_POINT('',(-6.992721129255,-11.79471656763));
#964 = VECTOR('',#965,1.);
#965 = DIRECTION('',(0.,-1.));
#966 = ( GEOMETRIC_REPRESENTATION_CONTEXT(2) 
PARAMETRIC_REPRESENTATION_CONTEXT() REPRESENTATION_CONTEXT('2D SPACE',''
  ) );
#967 = PCURVE('',#968,#973);
#968 = CYLINDRICAL_SURFACE('',#969,0.5);
#969 = AXIS2_PLACEMENT_3D('',#970,#971,#972);
#970 = CARTESIAN_POINT('',(-6.992721129255,-11.79471656763,0.5));
#971 = DIRECTION('',(0.,-1.,0.));
#972 = DIRECTION('',(-0.,-0.,-1.));
#973 = DEFINITIONAL_REPRESENTATION('',(#974),#978);
#974 = LINE('',#975,#976);
#975 = CARTESIAN_POINT('',(-0.,0.));
#976 = VECTOR('',#977,1.);
#977 = DIRECTION('',(-0.,1.));
#978 = ( GEOMETRIC_REPRESENTATION_CONTEXT(2) 
PARAMETRIC_REPRESENTATION_CONTEXT() REPRESENTATION_CONTEXT('2D SPACE',''
  ) );
#979 = ORIENTED_EDGE('',*,*,#980,.F.);
#980 = EDGE_CURVE('',#981,#953,#983,.T.);
#981 = VERTEX_POINT('',#982);
#982 = CARTESIAN_POINT('',(-7.992721129255,-17.44528337585,0.));
#983 = SURFACE_CURVE('',#984,(#989,#996),.PCURVE_S1.);
#984 = CIRCLE('',#985,1.);
#985 = AXIS2_PLACEMENT_3D('',#986,#987,#988);
#986 = CARTESIAN_POINT('',(-7.992721129255,-16.44528337585,0.));
#987 = DIRECTION('',(0.,0.,1.));
#988 = DIRECTION('',(0.,-1.,0.));
#989 = PCURVE('',#267,#990);
#990 = DEFINITIONAL_REPRESENTATION('',(#991),#995);
#991 = CIRCLE('',#992,1.);
#992 = AXIS2_PLACEMENT_2D('',#993,#994);
#993 = CARTESIAN_POINT('',(-7.992721129255,-16.44528337585));
#994 = DIRECTION('',(0.,-1.));
#995 = ( GEOMETRIC_REPRESENTATION_CONTEXT(2) 
PARAMETRIC_REPRESENTATION_CONTEXT() REPRESENTATION_CONTEXT('2D SPACE',''
  ) );
#996 = PCURVE('',#997,#1002);
#997 = TOROIDAL_SURFACE('',#998,1.,0.5);
#998 = AXIS2_PLACEMENT_3D('',#999,#1000,#1001);
#999 = CARTESIAN_POINT('',(-7.992721129255,-16.44528337585,0.5));
#1000 = DIRECTION('',(-0.,-0.,-1.));
#1001 = DIRECTION('',(0.,-1.,0.));
#1002 = DEFINITIONAL_REPRESENTATION('',(#1003),#1007);
#1003 = LINE('',#1004,#1005);
#1004 = CARTESIAN_POINT('',(-0.,1.570796326795));
#1005 = VECTOR('',#1006,1.);
#1006 = DIRECTION('',(-1.,0.));
#1007 = ( GEOMETRIC_REPRESENTATION_CONTEXT(2) 
PARAMETRIC_REPRESENTATION_CONTEXT() REPRESENTATION_CONTEXT('2D SPACE',''
  ) );
#1008 = ORIENTED_EDGE('',*,*,#1009,.T.);
#1009 = EDGE_CURVE('',#981,#1010,#1012,.T.);
#1010 = VERTEX_POINT('',#1011);
#1011 = CARTESIAN_POINT('',(-18.00743127105,-17.44528337585,0.));
#1012 = SURFACE_CURVE('',#1013,(#1017,#1024),.PCURVE_S1.);
#1013 = LINE('',#1014,#1015);
#1014 = CARTESIAN_POINT('',(-7.492721129255,-17.44528337585,
    -1.110223024625E-16));
#1015 = VECTOR('',#1016,1.);
#1016 = DIRECTION('',(-1.,0.,0.));
#1017 = PCURVE('',#267,#1018);
#1018 = DEFINITIONAL_REPRESENTATION('',(#1019),#1023);
#1019 = LINE('',#1020,#1021);
#1020 = CARTESIAN_POINT('',(-7.492721129255,-17.44528337585));
#1021 = VECTOR('',#1022,1.);
#1022 = DIRECTION('',(-1.,0.));
#1023 = ( GEOMETRIC_REPRESENTATION_CONTEXT(2) 
PARAMETRIC_REPRESENTATION_CONTEXT() REPRESENTATION_CONTEXT('2D SPACE',''
  ) );
#1024 = PCURVE('',#1025,#1030);
#1025 = CYLINDRICAL_SURFACE('',#1026,0.5);
#1026 = AXIS2_PLACEMENT_3D('',#1027,#1028,#1029);
#1027 = CARTESIAN_POINT('',(-7.492721129255,-17.44528337585,0.5));
#1028 = DIRECTION('',(-1.,0.,0.));
#1029 = DIRECTION('',(-0.,0.,-1.));
#1030 = DEFINITIONAL_REPRESENTATION('',(#1031),#1035);
#1031 = LINE('',#1032,#1033);
#1032 = CARTESIAN_POINT('',(-0.,0.));
#1033 = VECTOR('',#1034,1.);
#1034 = DIRECTION('',(-0.,1.));
#1035 = ( GEOMETRIC_REPRESENTATION_CONTEXT(2) 
PARAMETRIC_REPRESENTATION_CONTEXT() REPRESENTATION_CONTEXT('2D SPACE',''
  ) );
#1036 = ORIENTED_EDGE('',*,*,#1037,.F.);
#1037 = EDGE_CURVE('',#835,#1010,#1038,.T.);
#1038 = SURFACE_CURVE('',#1039,(#1044,#1051),.PCURVE_S1.);
#1039 = CIRCLE('',#1040,1.);
#1040 = AXIS2_PLACEMENT_3D('',#1041,#1042,#1043);
#1041 = CARTESIAN_POINT('',(-18.00743127105,-16.44528337585,0.));
#1042 = DIRECTION('',(0.,0.,1.));
#1043 = DIRECTION('',(-1.,0.,0.));
#1044 = PCURVE('',#267,#1045);
#1045 = DEFINITIONAL_REPRESENTATION('',(#1046),#1050);
#1046 = CIRCLE('',#1047,1.);
#1047 = AXIS2_PLACEMENT_2D('',#1048,#1049);
#1048 = CARTESIAN_POINT('',(-18.00743127105,-16.44528337585));
#1049 = DIRECTION('',(-1.,0.));
#1050 = ( GEOMETRIC_REPRESENTATION_CONTEXT(2) 
PARAMETRIC_REPRESENTATION_CONTEXT() REPRESENTATION_CONTEXT('2D SPACE',''
  ) );
#1051 = PCURVE('',#1052,#1057);
#1052 = TOROIDAL_SURFACE('',#1053,1.,0.5);
#1053 = AXIS2_PLACEMENT_3D('',#1054,#1055,#1056);
#1054 = CARTESIAN_POINT('',(-18.00743127105,-16.44528337585,0.5));
#1055 = DIRECTION('',(-0.,-0.,-1.));
#1056 = DIRECTION('',(-1.,0.,0.));
#1057 = DEFINITIONAL_REPRESENTATION('',(#1058),#1062);
#1058 = LINE('',#1059,#1060);
#1059 = CARTESIAN_POINT('',(-0.,1.570796326795));
#1060 = VECTOR('',#1061,1.);
#1061 = DIRECTION('',(-1.,0.));
#1062 = ( GEOMETRIC_REPRESENTATION_CONTEXT(2) 
PARAMETRIC_REPRESENTATION_CONTEXT() REPRESENTATION_CONTEXT('2D SPACE',''
  ) );
#1063 = FACE_BOUND('',#1064,.F.);
#1064 = EDGE_LOOP('',(#1065));
#1065 = ORIENTED_EDGE('',*,*,#1066,.T.);
#1066 = EDGE_CURVE('',#1067,#1067,#1069,.T.);
#1067 = VERTEX_POINT('',#1068);
#1068 = CARTESIAN_POINT('',(-9.935972240118,-7.67,0.));
#1069 = SURFACE_CURVE('',#1070,(#1075,#1086),.PCURVE_S1.);
#1070 = CIRCLE('',#1071,3.064027759882);
#1071 = AXIS2_PLACEMENT_3D('',#1072,#1073,#1074);
#1072 = CARTESIAN_POINT('',(-13.,-7.67,0.));
#1073 = DIRECTION('',(0.,-0.,-1.));
#1074 = DIRECTION('',(1.,-3.46399689425E-16,0.));
#1075 = PCURVE('',#267,#1076);
#1076 = DEFINITIONAL_REPRESENTATION('',(#1077),#1085);
#1077 = ( BOUNDED_CURVE() B_SPLINE_CURVE(2,(#1078,#1079,#1080,#1081,
#1082,#1083,#1084),.UNSPECIFIED.,.T.,.F.) B_SPLINE_CURVE_WITH_KNOTS((1,2
    ,2,2,2,1),(-2.094395102393,0.,2.094395102393,4.188790204786,
6.28318530718,8.377580409573),.UNSPECIFIED.) CURVE() 
GEOMETRIC_REPRESENTATION_ITEM() RATIONAL_B_SPLINE_CURVE((1.,0.5,1.,0.5,
1.,0.5,1.)) REPRESENTATION_ITEM('') );
#1078 = CARTESIAN_POINT('',(-9.935972240118,-7.67));
#1079 = CARTESIAN_POINT('',(-9.935972240118,-12.97705175591));
#1080 = CARTESIAN_POINT('',(-14.53201387994,-10.32352587795));
#1081 = CARTESIAN_POINT('',(-19.12805551976,-7.67));
#1082 = CARTESIAN_POINT('',(-14.53201387994,-5.016474122042));
#1083 = CARTESIAN_POINT('',(-9.935972240118,-2.362948244084));
#1084 = CARTESIAN_POINT('',(-9.935972240118,-7.67));
#1085 = ( GEOMETRIC_REPRESENTATION_CONTEXT(2) 
PARAMETRIC_REPRESENTATION_CONTEXT() REPRESENTATION_CONTEXT('2D SPACE',''
  ) );
#1086 = PCURVE('',#1087,#1092);
#1087 = TOROIDAL_SURFACE('',#1088,3.064027759882,0.5);
#1088 = AXIS2_PLACEMENT_3D('',#1089,#1090,#1091);
#1089 = CARTESIAN_POINT('',(-13.,-7.67,0.5));
#1090 = DIRECTION('',(-0.,-0.,-1.));
#1091 = DIRECTION('',(1.,-3.46399689425E-16,0.));
#1092 = DEFINITIONAL_REPRESENTATION('',(#1093),#1097);
#1093 = LINE('',#1094,#1095);
#1094 = CARTESIAN_POINT('',(0.,1.570796326795));
#1095 = VECTOR('',#1096,1.);
#1096 = DIRECTION('',(1.,0.));
#1097 = ( GEOMETRIC_REPRESENTATION_CONTEXT(2) 
PARAMETRIC_REPRESENTATION_CONTEXT() REPRESENTATION_CONTEXT('2D SPACE',''
  ) );
#1098 = FACE_BOUND('',#1099,.F.);
#1099 = EDGE_LOOP('',(#1100,#1130,#1163,#1191,#1220,#1248,#1277,#1305));
#1100 = ORIENTED_EDGE('',*,*,#1101,.F.);
#1101 = EDGE_CURVE('',#1102,#1104,#1106,.T.);
#1102 = VERTEX_POINT('',#1103);
#1103 = CARTESIAN_POINT('',(2.905784139593,-8.288296365224,0.));
#1104 = VERTEX_POINT('',#1105);
#1105 = CARTESIAN_POINT('',(2.905784139593,-16.97373333622,0.));
#1106 = SURFACE_CURVE('',#1107,(#1111,#1118),.PCURVE_S1.);
#1107 = LINE('',#1108,#1109);
#1108 = CARTESIAN_POINT('',(2.905784139593,-7.788296365224,
    -1.110223024625E-16));
#1109 = VECTOR('',#1110,1.);
#1110 = DIRECTION('',(0.,-1.,0.));
#1111 = PCURVE('',#267,#1112);
#1112 = DEFINITIONAL_REPRESENTATION('',(#1113),#1117);
#1113 = LINE('',#1114,#1115);
#1114 = CARTESIAN_POINT('',(2.905784139593,-7.788296365224));
#1115 = VECTOR('',#1116,1.);
#1116 = DIRECTION('',(0.,-1.));
#1117 = ( GEOMETRIC_REPRESENTATION_CONTEXT(2) 
PARAMETRIC_REPRESENTATION_CONTEXT() REPRESENTATION_CONTEXT('2D SPACE',''
  ) );
#1118 = PCURVE('',#1119,#1124);
#1119 = CYLINDRICAL_SURFACE('',#1120,0.5);
#1120 = AXIS2_PLACEMENT_3D('',#1121,#1122,#1123);
#1121 = CARTESIAN_POINT('',(2.905784139593,-7.788296365224,0.5));
#1122 = DIRECTION('',(0.,-1.,0.));
#1123 = DIRECTION('',(-0.,-0.,-1.));
#1124 = DEFINITIONAL_REPRESENTATION('',(#1125),#1129);
#1125 = LINE('',#1126,#1127);
#1126 = CARTESIAN_POINT('',(0.,0.));
#1127 = VECTOR('',#1128,1.);
#1128 = DIRECTION('',(0.,1.));
#1129 = ( GEOMETRIC_REPRESENTATION_CONTEXT(2) 
PARAMETRIC_REPRESENTATION_CONTEXT() REPRESENTATION_CONTEXT('2D SPACE',''
  ) );
#1130 = ORIENTED_EDGE('',*,*,#1131,.T.);
#1131 = EDGE_CURVE('',#1102,#1132,#1134,.T.);
#1132 = VERTEX_POINT('',#1133);
#1133 = CARTESIAN_POINT('',(3.905784139593,-7.288296365224,0.));
#1134 = SURFACE_CURVE('',#1135,(#1140,#1151),.PCURVE_S1.);
#1135 = CIRCLE('',#1136,1.);
#1136 = AXIS2_PLACEMENT_3D('',#1137,#1138,#1139);
#1137 = CARTESIAN_POINT('',(3.905784139593,-8.288296365224,0.));
#1138 = DIRECTION('',(-0.,0.,-1.));
#1139 = DIRECTION('',(-1.,0.,0.));
#1140 = PCURVE('',#267,#1141);
#1141 = DEFINITIONAL_REPRESENTATION('',(#1142),#1150);
#1142 = ( BOUNDED_CURVE() B_SPLINE_CURVE(2,(#1143,#1144,#1145,#1146,
#1147,#1148,#1149),.UNSPECIFIED.,.T.,.F.) B_SPLINE_CURVE_WITH_KNOTS((1,2
    ,2,2,2,1),(-2.094395102393,0.,2.094395102393,4.188790204786,
6.28318530718,8.377580409573),.UNSPECIFIED.) CURVE() 
GEOMETRIC_REPRESENTATION_ITEM() RATIONAL_B_SPLINE_CURVE((1.,0.5,1.,0.5,
1.,0.5,1.)) REPRESENTATION_ITEM('') );
#1143 = CARTESIAN_POINT('',(2.905784139593,-8.288296365224));
#1144 = CARTESIAN_POINT('',(2.905784139593,-6.556245557655));
#1145 = CARTESIAN_POINT('',(4.405784139593,-7.422270961439));
#1146 = CARTESIAN_POINT('',(5.905784139593,-8.288296365224));
#1147 = CARTESIAN_POINT('',(4.405784139593,-9.154321769008));
#1148 = CARTESIAN_POINT('',(2.905784139593,-10.02034717279));
#1149 = CARTESIAN_POINT('',(2.905784139593,-8.288296365224));
#1150 = ( GEOMETRIC_REPRESENTATION_CONTEXT(2) 
PARAMETRIC_REPRESENTATION_CONTEXT() REPRESENTATION_CONTEXT('2D SPACE',''
  ) );
#1151 = PCURVE('',#1152,#1157);
#1152 = TOROIDAL_SURFACE('',#1153,1.,0.5);
#1153 = AXIS2_PLACEMENT_3D('',#1154,#1155,#1156);
#1154 = CARTESIAN_POINT('',(3.905784139593,-8.288296365224,0.5));
#1155 = DIRECTION('',(-0.,-0.,-1.));
#1156 = DIRECTION('',(-1.,0.,0.));
#1157 = DEFINITIONAL_REPRESENTATION('',(#1158),#1162);
#1158 = LINE('',#1159,#1160);
#1159 = CARTESIAN_POINT('',(0.,1.570796326795));
#1160 = VECTOR('',#1161,1.);
#1161 = DIRECTION('',(1.,0.));
#1162 = ( GEOMETRIC_REPRESENTATION_CONTEXT(2) 
PARAMETRIC_REPRESENTATION_CONTEXT() REPRESENTATION_CONTEXT('2D SPACE',''
  ) );
#1163 = ORIENTED_EDGE('',*,*,#1164,.F.);
#1164 = EDGE_CURVE('',#1165,#1132,#1167,.T.);
#1165 = VERTEX_POINT('',#1166);
#1166 = CARTESIAN_POINT('',(22.094692079452,-7.288296365224,0.));
#1167 = SURFACE_CURVE('',#1168,(#1172,#1179),.PCURVE_S1.);
#1168 = LINE('',#1169,#1170);
#1169 = CARTESIAN_POINT('',(22.594692079452,-7.288296365224,
    -1.110223024625E-16));
#1170 = VECTOR('',#1171,1.);
#1171 = DIRECTION('',(-1.,0.,0.));
#1172 = PCURVE('',#267,#1173);
#1173 = DEFINITIONAL_REPRESENTATION('',(#1174),#1178);
#1174 = LINE('',#1175,#1176);
#1175 = CARTESIAN_POINT('',(22.594692079452,-7.288296365224));
#1176 = VECTOR('',#1177,1.);
#1177 = DIRECTION('',(-1.,0.));
#1178 = ( GEOMETRIC_REPRESENTATION_CONTEXT(2) 
PARAMETRIC_REPRESENTATION_CONTEXT() REPRESENTATION_CONTEXT('2D SPACE',''
  ) );
#1179 = PCURVE('',#1180,#1185);
#1180 = CYLINDRICAL_SURFACE('',#1181,0.5);
#1181 = AXIS2_PLACEMENT_3D('',#1182,#1183,#1184);
#1182 = CARTESIAN_POINT('',(22.594692079452,-7.288296365224,0.5));
#1183 = DIRECTION('',(-1.,0.,0.));
#1184 = DIRECTION('',(-0.,0.,-1.));
#1185 = DEFINITIONAL_REPRESENTATION('',(#1186),#1190);
#1186 = LINE('',#1187,#1188);
#1187 = CARTESIAN_POINT('',(0.,0.));
#1188 = VECTOR('',#1189,1.);
#1189 = DIRECTION('',(0.,1.));
#1190 = ( GEOMETRIC_REPRESENTATION_CONTEXT(2) 
PARAMETRIC_REPRESENTATION_CONTEXT() REPRESENTATION_CONTEXT('2D SPACE',''
  ) );
#1191 = ORIENTED_EDGE('',*,*,#1192,.F.);
#1192 = EDGE_CURVE('',#1193,#1165,#1195,.T.);
#1193 = VERTEX_POINT('',#1194);
#1194 = CARTESIAN_POINT('',(23.094692079452,-8.288296365224,0.));
#1195 = SURFACE_CURVE('',#1196,(#1201,#1208),.PCURVE_S1.);
#1196 = CIRCLE('',#1197,1.);
#1197 = AXIS2_PLACEMENT_3D('',#1198,#1199,#1200);
#1198 = CARTESIAN_POINT('',(22.094692079452,-8.288296365224,0.));
#1199 = DIRECTION('',(0.,0.,1.));
#1200 = DIRECTION('',(1.,0.,-0.));
#1201 = PCURVE('',#267,#1202);
#1202 = DEFINITIONAL_REPRESENTATION('',(#1203),#1207);
#1203 = CIRCLE('',#1204,1.);
#1204 = AXIS2_PLACEMENT_2D('',#1205,#1206);
#1205 = CARTESIAN_POINT('',(22.094692079452,-8.288296365224));
#1206 = DIRECTION('',(1.,0.));
#1207 = ( GEOMETRIC_REPRESENTATION_CONTEXT(2) 
PARAMETRIC_REPRESENTATION_CONTEXT() REPRESENTATION_CONTEXT('2D SPACE',''
  ) );
#1208 = PCURVE('',#1209,#1214);
#1209 = TOROIDAL_SURFACE('',#1210,1.,0.5);
#1210 = AXIS2_PLACEMENT_3D('',#1211,#1212,#1213);
#1211 = CARTESIAN_POINT('',(22.094692079452,-8.288296365224,0.5));
#1212 = DIRECTION('',(-0.,-0.,-1.));
#1213 = DIRECTION('',(1.,0.,-0.));
#1214 = DEFINITIONAL_REPRESENTATION('',(#1215),#1219);
#1215 = LINE('',#1216,#1217);
#1216 = CARTESIAN_POINT('',(-0.,1.570796326795));
#1217 = VECTOR('',#1218,1.);
#1218 = DIRECTION('',(-1.,0.));
#1219 = ( GEOMETRIC_REPRESENTATION_CONTEXT(2) 
PARAMETRIC_REPRESENTATION_CONTEXT() REPRESENTATION_CONTEXT('2D SPACE',''
  ) );
#1220 = ORIENTED_EDGE('',*,*,#1221,.T.);
#1221 = EDGE_CURVE('',#1193,#1222,#1224,.T.);
#1222 = VERTEX_POINT('',#1223);
#1223 = CARTESIAN_POINT('',(23.094692079452,-16.97373333622,0.));
#1224 = SURFACE_CURVE('',#1225,(#1229,#1236),.PCURVE_S1.);
#1225 = LINE('',#1226,#1227);
#1226 = CARTESIAN_POINT('',(23.094692079452,-7.788296365224,
    -1.110223024625E-16));
#1227 = VECTOR('',#1228,1.);
#1228 = DIRECTION('',(0.,-1.,0.));
#1229 = PCURVE('',#267,#1230);
#1230 = DEFINITIONAL_REPRESENTATION('',(#1231),#1235);
#1231 = LINE('',#1232,#1233);
#1232 = CARTESIAN_POINT('',(23.094692079452,-7.788296365224));
#1233 = VECTOR('',#1234,1.);
#1234 = DIRECTION('',(0.,-1.));
#1235 = ( GEOMETRIC_REPRESENTATION_CONTEXT(2) 
PARAMETRIC_REPRESENTATION_CONTEXT() REPRESENTATION_CONTEXT('2D SPACE',''
  ) );
#1236 = PCURVE('',#1237,#1242);
#1237 = CYLINDRICAL_SURFACE('',#1238,0.5);
#1238 = AXIS2_PLACEMENT_3D('',#1239,#1240,#1241);
#1239 = CARTESIAN_POINT('',(23.094692079452,-7.788296365224,0.5));
#1240 = DIRECTION('',(0.,-1.,0.));
#1241 = DIRECTION('',(-0.,-0.,-1.));
#1242 = DEFINITIONAL_REPRESENTATION('',(#1243),#1247);
#1243 = LINE('',#1244,#1245);
#1244 = CARTESIAN_POINT('',(-0.,0.));
#1245 = VECTOR('',#1246,1.);
#1246 = DIRECTION('',(-0.,1.));
#1247 = ( GEOMETRIC_REPRESENTATION_CONTEXT(2) 
PARAMETRIC_REPRESENTATION_CONTEXT() REPRESENTATION_CONTEXT('2D SPACE',''
  ) );
#1248 = ORIENTED_EDGE('',*,*,#1249,.F.);
#1249 = EDGE_CURVE('',#1250,#1222,#1252,.T.);
#1250 = VERTEX_POINT('',#1251);
#1251 = CARTESIAN_POINT('',(22.094692079452,-17.97373333622,0.));
#1252 = SURFACE_CURVE('',#1253,(#1258,#1265),.PCURVE_S1.);
#1253 = CIRCLE('',#1254,1.);
#1254 = AXIS2_PLACEMENT_3D('',#1255,#1256,#1257);
#1255 = CARTESIAN_POINT('',(22.094692079452,-16.97373333622,0.));
#1256 = DIRECTION('',(0.,0.,1.));
#1257 = DIRECTION('',(0.,-1.,0.));
#1258 = PCURVE('',#267,#1259);
#1259 = DEFINITIONAL_REPRESENTATION('',(#1260),#1264);
#1260 = CIRCLE('',#1261,1.);
#1261 = AXIS2_PLACEMENT_2D('',#1262,#1263);
#1262 = CARTESIAN_POINT('',(22.094692079452,-16.97373333622));
#1263 = DIRECTION('',(0.,-1.));
#1264 = ( GEOMETRIC_REPRESENTATION_CONTEXT(2) 
PARAMETRIC_REPRESENTATION_CONTEXT() REPRESENTATION_CONTEXT('2D SPACE',''
  ) );
#1265 = PCURVE('',#1266,#1271);
#1266 = TOROIDAL_SURFACE('',#1267,1.,0.5);
#1267 = AXIS2_PLACEMENT_3D('',#1268,#1269,#1270);
#1268 = CARTESIAN_POINT('',(22.094692079452,-16.97373333622,0.5));
#1269 = DIRECTION('',(-0.,-0.,-1.));
#1270 = DIRECTION('',(0.,-1.,0.));
#1271 = DEFINITIONAL_REPRESENTATION('',(#1272),#1276);
#1272 = LINE('',#1273,#1274);
#1273 = CARTESIAN_POINT('',(-0.,1.570796326795));
#1274 = VECTOR('',#1275,1.);
#1275 = DIRECTION('',(-1.,0.));
#1276 = ( GEOMETRIC_REPRESENTATION_CONTEXT(2) 
PARAMETRIC_REPRESENTATION_CONTEXT() REPRESENTATION_CONTEXT('2D SPACE',''
  ) );
#1277 = ORIENTED_EDGE('',*,*,#1278,.T.);
#1278 = EDGE_CURVE('',#1250,#1279,#1281,.T.);
#1279 = VERTEX_POINT('',#1280);
#1280 = CARTESIAN_POINT('',(3.905784139593,-17.97373333622,0.));
#1281 = SURFACE_CURVE('',#1282,(#1286,#1293),.PCURVE_S1.);
#1282 = LINE('',#1283,#1284);
#1283 = CARTESIAN_POINT('',(22.594692079452,-17.97373333622,
    -1.110223024625E-16));
#1284 = VECTOR('',#1285,1.);
#1285 = DIRECTION('',(-1.,0.,0.));
#1286 = PCURVE('',#267,#1287);
#1287 = DEFINITIONAL_REPRESENTATION('',(#1288),#1292);
#1288 = LINE('',#1289,#1290);
#1289 = CARTESIAN_POINT('',(22.594692079452,-17.97373333622));
#1290 = VECTOR('',#1291,1.);
#1291 = DIRECTION('',(-1.,0.));
#1292 = ( GEOMETRIC_REPRESENTATION_CONTEXT(2) 
PARAMETRIC_REPRESENTATION_CONTEXT() REPRESENTATION_CONTEXT('2D SPACE',''
  ) );
#1293 = PCURVE('',#1294,#1299);
#1294 = CYLINDRICAL_SURFACE('',#1295,0.5);
#1295 = AXIS2_PLACEMENT_3D('',#1296,#1297,#1298);
#1296 = CARTESIAN_POINT('',(22.594692079452,-17.97373333622,0.5));
#1297 = DIRECTION('',(-1.,0.,0.));
#1298 = DIRECTION('',(-0.,0.,-1.));
#1299 = DEFINITIONAL_REPRESENTATION('',(#1300),#1304);
#1300 = LINE('',#1301,#1302);
#1301 = CARTESIAN_POINT('',(-0.,0.));
#1302 = VECTOR('',#1303,1.);
#1303 = DIRECTION('',(-0.,1.));
#1304 = ( GEOMETRIC_REPRESENTATION_CONTEXT(2) 
PARAMETRIC_REPRESENTATION_CONTEXT() REPRESENTATION_CONTEXT('2D SPACE',''
  ) );
#1305 = ORIENTED_EDGE('',*,*,#1306,.F.);
#1306 = EDGE_CURVE('',#1104,#1279,#1307,.T.);
#1307 = SURFACE_CURVE('',#1308,(#1313,#1320),.PCURVE_S1.);
#1308 = CIRCLE('',#1309,1.);
#1309 = AXIS2_PLACEMENT_3D('',#1310,#1311,#1312);
#1310 = CARTESIAN_POINT('',(3.905784139593,-16.97373333622,0.));
#1311 = DIRECTION('',(0.,0.,1.));
#1312 = DIRECTION('',(-1.,0.,0.));
#1313 = PCURVE('',#267,#1314);
#1314 = DEFINITIONAL_REPRESENTATION('',(#1315),#1319);
#1315 = CIRCLE('',#1316,1.);
#1316 = AXIS2_PLACEMENT_2D('',#1317,#1318);
#1317 = CARTESIAN_POINT('',(3.905784139593,-16.97373333622));
#1318 = DIRECTION('',(-1.,0.));
#1319 = ( GEOMETRIC_REPRESENTATION_CONTEXT(2) 
PARAMETRIC_REPRESENTATION_CONTEXT() REPRESENTATION_CONTEXT('2D SPACE',''
  ) );
#1320 = PCURVE('',#1321,#1326);
#1321 = TOROIDAL_SURFACE('',#1322,1.,0.5);
#1322 = AXIS2_PLACEMENT_3D('',#1323,#1324,#1325);
#1323 = CARTESIAN_POINT('',(3.905784139593,-16.97373333622,0.5));
#1324 = DIRECTION('',(-0.,-0.,-1.));
#1325 = DIRECTION('',(-1.,0.,0.));
#1326 = DEFINITIONAL_REPRESENTATION('',(#1327),#1331);
#1327 = LINE('',#1328,#1329);
#1328 = CARTESIAN_POINT('',(-0.,1.570796326795));
#1329 = VECTOR('',#1330,1.);
#1330 = DIRECTION('',(-1.,0.));
#1331 = ( GEOMETRIC_REPRESENTATION_CONTEXT(2) 
PARAMETRIC_REPRESENTATION_CONTEXT() REPRESENTATION_CONTEXT('2D SPACE',''
  ) );
#1332 = FACE_BOUND('',#1333,.F.);
#1333 = EDGE_LOOP('',(#1334));
#1334 = ORIENTED_EDGE('',*,*,#1335,.T.);
#1335 = EDGE_CURVE('',#1336,#1336,#1338,.T.);
#1336 = VERTEX_POINT('',#1337);
#1337 = CARTESIAN_POINT('',(7.586322315191,5.,0.));
#1338 = SURFACE_CURVE('',#1339,(#1344,#1355),.PCURVE_S1.);
#1339 = CIRCLE('',#1340,7.586322315191);
#1340 = AXIS2_PLACEMENT_3D('',#1341,#1342,#1343);
#1341 = CARTESIAN_POINT('',(0.,5.,0.));
#1342 = DIRECTION('',(0.,-0.,-1.));
#1343 = DIRECTION('',(1.,-2.506740111993E-16,0.));
#1344 = PCURVE('',#267,#1345);
#1345 = DEFINITIONAL_REPRESENTATION('',(#1346),#1354);
#1346 = ( BOUNDED_CURVE() B_SPLINE_CURVE(2,(#1347,#1348,#1349,#1350,
#1351,#1352,#1353),.UNSPECIFIED.,.T.,.F.) B_SPLINE_CURVE_WITH_KNOTS((1,2
    ,2,2,2,1),(-2.094395102393,0.,2.094395102393,4.188790204786,
6.28318530718,8.377580409573),.UNSPECIFIED.) CURVE() 
GEOMETRIC_REPRESENTATION_ITEM() RATIONAL_B_SPLINE_CURVE((1.,0.5,1.,0.5,
1.,0.5,1.)) REPRESENTATION_ITEM('') );
#1347 = CARTESIAN_POINT('',(7.586322315191,5.));
#1348 = CARTESIAN_POINT('',(7.586322315191,-8.139895692504));
#1349 = CARTESIAN_POINT('',(-3.793161157595,-1.569947846252));
#1350 = CARTESIAN_POINT('',(-15.17264463038,5.));
#1351 = CARTESIAN_POINT('',(-3.793161157595,11.569947846252));
#1352 = CARTESIAN_POINT('',(7.586322315191,18.139895692504));
#1353 = CARTESIAN_POINT('',(7.586322315191,5.));
#1354 = ( GEOMETRIC_REPRESENTATION_CONTEXT(2) 
PARAMETRIC_REPRESENTATION_CONTEXT() REPRESENTATION_CONTEXT('2D SPACE',''
  ) );
#1355 = PCURVE('',#1356,#1361);
#1356 = TOROIDAL_SURFACE('',#1357,7.586322315191,0.5);
#1357 = AXIS2_PLACEMENT_3D('',#1358,#1359,#1360);
#1358 = CARTESIAN_POINT('',(0.,5.,0.5));
#1359 = DIRECTION('',(-0.,-0.,-1.));
#1360 = DIRECTION('',(1.,-2.506740111993E-16,0.));
#1361 = DEFINITIONAL_REPRESENTATION('',(#1362),#1366);
#1362 = LINE('',#1363,#1364);
#1363 = CARTESIAN_POINT('',(0.,1.570796326795));
#1364 = VECTOR('',#1365,1.);
#1365 = DIRECTION('',(1.,0.));
#1366 = ( GEOMETRIC_REPRESENTATION_CONTEXT(2) 
PARAMETRIC_REPRESENTATION_CONTEXT() REPRESENTATION_CONTEXT('2D SPACE',''
  ) );
#1367 = FACE_BOUND('',#1368,.F.);
#1368 = EDGE_LOOP('',(#1369,#1399,#1432,#1460,#1489,#1517,#1546,#1574));
#1369 = ORIENTED_EDGE('',*,*,#1370,.F.);
#1370 = EDGE_CURVE('',#1371,#1373,#1375,.T.);
#1371 = VERTEX_POINT('',#1372);
#1372 = CARTESIAN_POINT('',(-6.313646161115,21.515789341208,0.));
#1373 = VERTEX_POINT('',#1374);
#1374 = CARTESIAN_POINT('',(-6.313646161115,19.007816005472,0.));
#1375 = SURFACE_CURVE('',#1376,(#1380,#1387),.PCURVE_S1.);
#1376 = LINE('',#1377,#1378);
#1377 = CARTESIAN_POINT('',(-6.313646161115,22.015789341208,
    -1.110223024625E-16));
#1378 = VECTOR('',#1379,1.);
#1379 = DIRECTION('',(0.,-1.,0.));
#1380 = PCURVE('',#267,#1381);
#1381 = DEFINITIONAL_REPRESENTATION('',(#1382),#1386);
#1382 = LINE('',#1383,#1384);
#1383 = CARTESIAN_POINT('',(-6.313646161115,22.015789341208));
#1384 = VECTOR('',#1385,1.);
#1385 = DIRECTION('',(0.,-1.));
#1386 = ( GEOMETRIC_REPRESENTATION_CONTEXT(2) 
PARAMETRIC_REPRESENTATION_CONTEXT() REPRESENTATION_CONTEXT('2D SPACE',''
  ) );
#1387 = PCURVE('',#1388,#1393);
#1388 = CYLINDRICAL_SURFACE('',#1389,0.5);
#1389 = AXIS2_PLACEMENT_3D('',#1390,#1391,#1392);
#1390 = CARTESIAN_POINT('',(-6.313646161115,22.015789341208,0.5));
#1391 = DIRECTION('',(0.,-1.,0.));
#1392 = DIRECTION('',(-0.,-0.,-1.));
#1393 = DEFINITIONAL_REPRESENTATION('',(#1394),#1398);
#1394 = LINE('',#1395,#1396);
#1395 = CARTESIAN_POINT('',(0.,0.));
#1396 = VECTOR('',#1397,1.);
#1397 = DIRECTION('',(0.,1.));
#1398 = ( GEOMETRIC_REPRESENTATION_CONTEXT(2) 
PARAMETRIC_REPRESENTATION_CONTEXT() REPRESENTATION_CONTEXT('2D SPACE',''
  ) );
#1399 = ORIENTED_EDGE('',*,*,#1400,.T.);
#1400 = EDGE_CURVE('',#1371,#1401,#1403,.T.);
#1401 = VERTEX_POINT('',#1402);
#1402 = CARTESIAN_POINT('',(-5.313646161115,22.515789341208,0.));
#1403 = SURFACE_CURVE('',#1404,(#1409,#1420),.PCURVE_S1.);
#1404 = CIRCLE('',#1405,1.);
#1405 = AXIS2_PLACEMENT_3D('',#1406,#1407,#1408);
#1406 = CARTESIAN_POINT('',(-5.313646161115,21.515789341208,0.));
#1407 = DIRECTION('',(-0.,0.,-1.));
#1408 = DIRECTION('',(-1.,0.,0.));
#1409 = PCURVE('',#267,#1410);
#1410 = DEFINITIONAL_REPRESENTATION('',(#1411),#1419);
#1411 = ( BOUNDED_CURVE() B_SPLINE_CURVE(2,(#1412,#1413,#1414,#1415,
#1416,#1417,#1418),.UNSPECIFIED.,.T.,.F.) B_SPLINE_CURVE_WITH_KNOTS((1,2
    ,2,2,2,1),(-2.094395102393,0.,2.094395102393,4.188790204786,
6.28318530718,8.377580409573),.UNSPECIFIED.) CURVE() 
GEOMETRIC_REPRESENTATION_ITEM() RATIONAL_B_SPLINE_CURVE((1.,0.5,1.,0.5,
1.,0.5,1.)) REPRESENTATION_ITEM('') );
#1412 = CARTESIAN_POINT('',(-6.313646161115,21.515789341208));
#1413 = CARTESIAN_POINT('',(-6.313646161115,23.247840148776));
#1414 = CARTESIAN_POINT('',(-4.813646161115,22.381814744992));
#1415 = CARTESIAN_POINT('',(-3.313646161115,21.515789341208));
#1416 = CARTESIAN_POINT('',(-4.813646161115,20.649763937423));
#1417 = CARTESIAN_POINT('',(-6.313646161115,19.783738533639));
#1418 = CARTESIAN_POINT('',(-6.313646161115,21.515789341208));
#1419 = ( GEOMETRIC_REPRESENTATION_CONTEXT(2) 
PARAMETRIC_REPRESENTATION_CONTEXT() REPRESENTATION_CONTEXT('2D SPACE',''
  ) );
#1420 = PCURVE('',#1421,#1426);
#1421 = TOROIDAL_SURFACE('',#1422,1.,0.5);
#1422 = AXIS2_PLACEMENT_3D('',#1423,#1424,#1425);
#1423 = CARTESIAN_POINT('',(-5.313646161115,21.515789341208,0.5));
#1424 = DIRECTION('',(-0.,-0.,-1.));
#1425 = DIRECTION('',(-1.,0.,0.));
#1426 = DEFINITIONAL_REPRESENTATION('',(#1427),#1431);
#1427 = LINE('',#1428,#1429);
#1428 = CARTESIAN_POINT('',(0.,1.570796326795));
#1429 = VECTOR('',#1430,1.);
#1430 = DIRECTION('',(1.,0.));
#1431 = ( GEOMETRIC_REPRESENTATION_CONTEXT(2) 
PARAMETRIC_REPRESENTATION_CONTEXT() REPRESENTATION_CONTEXT('2D SPACE',''
  ) );
#1432 = ORIENTED_EDGE('',*,*,#1433,.F.);
#1433 = EDGE_CURVE('',#1434,#1401,#1436,.T.);
#1434 = VERTEX_POINT('',#1435);
#1435 = CARTESIAN_POINT('',(5.313623683656,22.515789341208,0.));
#1436 = SURFACE_CURVE('',#1437,(#1441,#1448),.PCURVE_S1.);
#1437 = LINE('',#1438,#1439);
#1438 = CARTESIAN_POINT('',(5.813623683656,22.515789341208,
    -1.110223024625E-16));
#1439 = VECTOR('',#1440,1.);
#1440 = DIRECTION('',(-1.,0.,0.));
#1441 = PCURVE('',#267,#1442);
#1442 = DEFINITIONAL_REPRESENTATION('',(#1443),#1447);
#1443 = LINE('',#1444,#1445);
#1444 = CARTESIAN_POINT('',(5.813623683656,22.515789341208));
#1445 = VECTOR('',#1446,1.);
#1446 = DIRECTION('',(-1.,0.));
#1447 = ( GEOMETRIC_REPRESENTATION_CONTEXT(2) 
PARAMETRIC_REPRESENTATION_CONTEXT() REPRESENTATION_CONTEXT('2D SPACE',''
  ) );
#1448 = PCURVE('',#1449,#1454);
#1449 = CYLINDRICAL_SURFACE('',#1450,0.5);
#1450 = AXIS2_PLACEMENT_3D('',#1451,#1452,#1453);
#1451 = CARTESIAN_POINT('',(5.813623683656,22.515789341208,0.5));
#1452 = DIRECTION('',(-1.,0.,0.));
#1453 = DIRECTION('',(-0.,0.,-1.));
#1454 = DEFINITIONAL_REPRESENTATION('',(#1455),#1459);
#1455 = LINE('',#1456,#1457);
#1456 = CARTESIAN_POINT('',(0.,0.));
#1457 = VECTOR('',#1458,1.);
#1458 = DIRECTION('',(0.,1.));
#1459 = ( GEOMETRIC_REPRESENTATION_CONTEXT(2) 
PARAMETRIC_REPRESENTATION_CONTEXT() REPRESENTATION_CONTEXT('2D SPACE',''
  ) );
#1460 = ORIENTED_EDGE('',*,*,#1461,.F.);
#1461 = EDGE_CURVE('',#1462,#1434,#1464,.T.);
#1462 = VERTEX_POINT('',#1463);
#1463 = CARTESIAN_POINT('',(6.313623683656,21.515789341208,0.));
#1464 = SURFACE_CURVE('',#1465,(#1470,#1477),.PCURVE_S1.);
#1465 = CIRCLE('',#1466,1.);
#1466 = AXIS2_PLACEMENT_3D('',#1467,#1468,#1469);
#1467 = CARTESIAN_POINT('',(5.313623683656,21.515789341208,0.));
#1468 = DIRECTION('',(0.,0.,1.));
#1469 = DIRECTION('',(1.,0.,-0.));
#1470 = PCURVE('',#267,#1471);
#1471 = DEFINITIONAL_REPRESENTATION('',(#1472),#1476);
#1472 = CIRCLE('',#1473,1.);
#1473 = AXIS2_PLACEMENT_2D('',#1474,#1475);
#1474 = CARTESIAN_POINT('',(5.313623683656,21.515789341208));
#1475 = DIRECTION('',(1.,0.));
#1476 = ( GEOMETRIC_REPRESENTATION_CONTEXT(2) 
PARAMETRIC_REPRESENTATION_CONTEXT() REPRESENTATION_CONTEXT('2D SPACE',''
  ) );
#1477 = PCURVE('',#1478,#1483);
#1478 = TOROIDAL_SURFACE('',#1479,1.,0.5);
#1479 = AXIS2_PLACEMENT_3D('',#1480,#1481,#1482);
#1480 = CARTESIAN_POINT('',(5.313623683656,21.515789341208,0.5));
#1481 = DIRECTION('',(-0.,-0.,-1.));
#1482 = DIRECTION('',(1.,0.,-0.));
#1483 = DEFINITIONAL_REPRESENTATION('',(#1484),#1488);
#1484 = LINE('',#1485,#1486);
#1485 = CARTESIAN_POINT('',(-0.,1.570796326795));
#1486 = VECTOR('',#1487,1.);
#1487 = DIRECTION('',(-1.,0.));
#1488 = ( GEOMETRIC_REPRESENTATION_CONTEXT(2) 
PARAMETRIC_REPRESENTATION_CONTEXT() REPRESENTATION_CONTEXT('2D SPACE',''
  ) );
#1489 = ORIENTED_EDGE('',*,*,#1490,.T.);
#1490 = EDGE_CURVE('',#1462,#1491,#1493,.T.);
#1491 = VERTEX_POINT('',#1492);
#1492 = CARTESIAN_POINT('',(6.313623683656,19.007816005472,0.));
#1493 = SURFACE_CURVE('',#1494,(#1498,#1505),.PCURVE_S1.);
#1494 = LINE('',#1495,#1496);
#1495 = CARTESIAN_POINT('',(6.313623683656,22.015789341208,
    -1.110223024625E-16));
#1496 = VECTOR('',#1497,1.);
#1497 = DIRECTION('',(0.,-1.,0.));
#1498 = PCURVE('',#267,#1499);
#1499 = DEFINITIONAL_REPRESENTATION('',(#1500),#1504);
#1500 = LINE('',#1501,#1502);
#1501 = CARTESIAN_POINT('',(6.313623683656,22.015789341208));
#1502 = VECTOR('',#1503,1.);
#1503 = DIRECTION('',(0.,-1.));
#1504 = ( GEOMETRIC_REPRESENTATION_CONTEXT(2) 
PARAMETRIC_REPRESENTATION_CONTEXT() REPRESENTATION_CONTEXT('2D SPACE',''
  ) );
#1505 = PCURVE('',#1506,#1511);
#1506 = CYLINDRICAL_SURFACE('',#1507,0.5);
#1507 = AXIS2_PLACEMENT_3D('',#1508,#1509,#1510);
#1508 = CARTESIAN_POINT('',(6.313623683656,22.015789341208,0.5));
#1509 = DIRECTION('',(0.,-1.,0.));
#1510 = DIRECTION('',(-0.,-0.,-1.));
#1511 = DEFINITIONAL_REPRESENTATION('',(#1512),#1516);
#1512 = LINE('',#1513,#1514);
#1513 = CARTESIAN_POINT('',(-0.,0.));
#1514 = VECTOR('',#1515,1.);
#1515 = DIRECTION('',(-0.,1.));
#1516 = ( GEOMETRIC_REPRESENTATION_CONTEXT(2) 
PARAMETRIC_REPRESENTATION_CONTEXT() REPRESENTATION_CONTEXT('2D SPACE',''
  ) );
#1517 = ORIENTED_EDGE('',*,*,#1518,.F.);
#1518 = EDGE_CURVE('',#1519,#1491,#1521,.T.);
#1519 = VERTEX_POINT('',#1520);
#1520 = CARTESIAN_POINT('',(5.313623683656,18.007816005472,0.));
#1521 = SURFACE_CURVE('',#1522,(#1527,#1534),.PCURVE_S1.);
#1522 = CIRCLE('',#1523,1.);
#1523 = AXIS2_PLACEMENT_3D('',#1524,#1525,#1526);
#1524 = CARTESIAN_POINT('',(5.313623683656,19.007816005472,0.));
#1525 = DIRECTION('',(0.,0.,1.));
#1526 = DIRECTION('',(0.,-1.,0.));
#1527 = PCURVE('',#267,#1528);
#1528 = DEFINITIONAL_REPRESENTATION('',(#1529),#1533);
#1529 = CIRCLE('',#1530,1.);
#1530 = AXIS2_PLACEMENT_2D('',#1531,#1532);
#1531 = CARTESIAN_POINT('',(5.313623683656,19.007816005472));
#1532 = DIRECTION('',(0.,-1.));
#1533 = ( GEOMETRIC_REPRESENTATION_CONTEXT(2) 
PARAMETRIC_REPRESENTATION_CONTEXT() REPRESENTATION_CONTEXT('2D SPACE',''
  ) );
#1534 = PCURVE('',#1535,#1540);
#1535 = TOROIDAL_SURFACE('',#1536,1.,0.5);
#1536 = AXIS2_PLACEMENT_3D('',#1537,#1538,#1539);
#1537 = CARTESIAN_POINT('',(5.313623683656,19.007816005472,0.5));
#1538 = DIRECTION('',(-0.,-0.,-1.));
#1539 = DIRECTION('',(0.,-1.,0.));
#1540 = DEFINITIONAL_REPRESENTATION('',(#1541),#1545);
#1541 = LINE('',#1542,#1543);
#1542 = CARTESIAN_POINT('',(-0.,1.570796326795));
#1543 = VECTOR('',#1544,1.);
#1544 = DIRECTION('',(-1.,0.));
#1545 = ( GEOMETRIC_REPRESENTATION_CONTEXT(2) 
PARAMETRIC_REPRESENTATION_CONTEXT() REPRESENTATION_CONTEXT('2D SPACE',''
  ) );
#1546 = ORIENTED_EDGE('',*,*,#1547,.T.);
#1547 = EDGE_CURVE('',#1519,#1548,#1550,.T.);
#1548 = VERTEX_POINT('',#1549);
#1549 = CARTESIAN_POINT('',(-5.313646161115,18.007816005472,0.));
#1550 = SURFACE_CURVE('',#1551,(#1555,#1562),.PCURVE_S1.);
#1551 = LINE('',#1552,#1553);
#1552 = CARTESIAN_POINT('',(5.813623683656,18.007816005472,
    -1.110223024625E-16));
#1553 = VECTOR('',#1554,1.);
#1554 = DIRECTION('',(-1.,0.,0.));
#1555 = PCURVE('',#267,#1556);
#1556 = DEFINITIONAL_REPRESENTATION('',(#1557),#1561);
#1557 = LINE('',#1558,#1559);
#1558 = CARTESIAN_POINT('',(5.813623683656,18.007816005472));
#1559 = VECTOR('',#1560,1.);
#1560 = DIRECTION('',(-1.,0.));
#1561 = ( GEOMETRIC_REPRESENTATION_CONTEXT(2) 
PARAMETRIC_REPRESENTATION_CONTEXT() REPRESENTATION_CONTEXT('2D SPACE',''
  ) );
#1562 = PCURVE('',#1563,#1568);
#1563 = CYLINDRICAL_SURFACE('',#1564,0.5);
#1564 = AXIS2_PLACEMENT_3D('',#1565,#1566,#1567);
#1565 = CARTESIAN_POINT('',(5.813623683656,18.007816005472,0.5));
#1566 = DIRECTION('',(-1.,0.,0.));
#1567 = DIRECTION('',(-0.,0.,-1.));
#1568 = DEFINITIONAL_REPRESENTATION('',(#1569),#1573);
#1569 = LINE('',#1570,#1571);
#1570 = CARTESIAN_POINT('',(-0.,0.));
#1571 = VECTOR('',#1572,1.);
#1572 = DIRECTION('',(-0.,1.));
#1573 = ( GEOMETRIC_REPRESENTATION_CONTEXT(2) 
PARAMETRIC_REPRESENTATION_CONTEXT() REPRESENTATION_CONTEXT('2D SPACE',''
  ) );
#1574 = ORIENTED_EDGE('',*,*,#1575,.F.);
#1575 = EDGE_CURVE('',#1373,#1548,#1576,.T.);
#1576 = SURFACE_CURVE('',#1577,(#1582,#1589),.PCURVE_S1.);
#1577 = CIRCLE('',#1578,1.);
#1578 = AXIS2_PLACEMENT_3D('',#1579,#1580,#1581);
#1579 = CARTESIAN_POINT('',(-5.313646161115,19.007816005472,0.));
#1580 = DIRECTION('',(0.,0.,1.));
#1581 = DIRECTION('',(-1.,0.,0.));
#1582 = PCURVE('',#267,#1583);
#1583 = DEFINITIONAL_REPRESENTATION('',(#1584),#1588);
#1584 = CIRCLE('',#1585,1.);
#1585 = AXIS2_PLACEMENT_2D('',#1586,#1587);
#1586 = CARTESIAN_POINT('',(-5.313646161115,19.007816005472));
#1587 = DIRECTION('',(-1.,0.));
#1588 = ( GEOMETRIC_REPRESENTATION_CONTEXT(2) 
PARAMETRIC_REPRESENTATION_CONTEXT() REPRESENTATION_CONTEXT('2D SPACE',''
  ) );
#1589 = PCURVE('',#1590,#1595);
#1590 = TOROIDAL_SURFACE('',#1591,1.,0.5);
#1591 = AXIS2_PLACEMENT_3D('',#1592,#1593,#1594);
#1592 = CARTESIAN_POINT('',(-5.313646161115,19.007816005472,0.5));
#1593 = DIRECTION('',(-0.,-0.,-1.));
#1594 = DIRECTION('',(-1.,0.,0.));
#1595 = DEFINITIONAL_REPRESENTATION('',(#1596),#1600);
#1596 = LINE('',#1597,#1598);
#1597 = CARTESIAN_POINT('',(-0.,1.570796326795));
#1598 = VECTOR('',#1599,1.);
#1599 = DIRECTION('',(-1.,0.));
#1600 = ( GEOMETRIC_REPRESENTATION_CONTEXT(2) 
PARAMETRIC_REPRESENTATION_CONTEXT() REPRESENTATION_CONTEXT('2D SPACE',''
  ) );
#1601 = ADVANCED_FACE('',(#1602),#293,.T.);
#1602 = FACE_BOUND('',#1603,.T.);
#1603 = EDGE_LOOP('',(#1604,#1605,#1606,#1626));
#1604 = ORIENTED_EDGE('',*,*,#279,.F.);
#1605 = ORIENTED_EDGE('',*,*,#440,.T.);
#1606 = ORIENTED_EDGE('',*,*,#1607,.T.);
#1607 = EDGE_CURVE('',#388,#777,#1608,.T.);
#1608 = SURFACE_CURVE('',#1609,(#1614,#1620),.PCURVE_S1.);
#1609 = CIRCLE('',#1610,0.5);
#1610 = AXIS2_PLACEMENT_3D('',#1611,#1612,#1613);
#1611 = CARTESIAN_POINT('',(-11.70784314205,33.295,0.5));
#1612 = DIRECTION('',(-1.,9.961741094764E-17,0.));
#1613 = DIRECTION('',(9.961741094764E-17,1.,0.));
#1614 = PCURVE('',#293,#1615);
#1615 = DEFINITIONAL_REPRESENTATION('',(#1616),#1619);
#1616 = B_SPLINE_CURVE_WITH_KNOTS('',1,(#1617,#1618),.UNSPECIFIED.,.F.,
  .F.,(2,2),(0.,1.570796326795),.PIECEWISE_BEZIER_KNOTS.);
#1617 = CARTESIAN_POINT('',(1.570796326795,0.));
#1618 = CARTESIAN_POINT('',(1.570796326795,1.570796326795));
#1619 = ( GEOMETRIC_REPRESENTATION_CONTEXT(2) 
PARAMETRIC_REPRESENTATION_CONTEXT() REPRESENTATION_CONTEXT('2D SPACE',''
  ) );
#1620 = PCURVE('',#792,#1621);
#1621 = DEFINITIONAL_REPRESENTATION('',(#1622),#1625);
#1622 = B_SPLINE_CURVE_WITH_KNOTS('',1,(#1623,#1624),.UNSPECIFIED.,.F.,
  .F.,(2,2),(0.,1.570796326795),.PIECEWISE_BEZIER_KNOTS.);
#1623 = CARTESIAN_POINT('',(0.,0.));
#1624 = CARTESIAN_POINT('',(-1.570796326795,0.));
#1625 = ( GEOMETRIC_REPRESENTATION_CONTEXT(2) 
PARAMETRIC_REPRESENTATION_CONTEXT() REPRESENTATION_CONTEXT('2D SPACE',''
  ) );
#1626 = ORIENTED_EDGE('',*,*,#804,.F.);
#1627 = ADVANCED_FACE('',(#1628,#1803),#346,.T.);
#1628 = FACE_BOUND('',#1629,.T.);
#1629 = EDGE_LOOP('',(#1630,#1631,#1632,#1655,#1688,#1716,#1749,#1777));
#1630 = ORIENTED_EDGE('',*,*,#330,.F.);
#1631 = ORIENTED_EDGE('',*,*,#552,.F.);
#1632 = ORIENTED_EDGE('',*,*,#1633,.F.);
#1633 = EDGE_CURVE('',#1634,#524,#1636,.T.);
#1634 = VERTEX_POINT('',#1635);
#1635 = CARTESIAN_POINT('',(11.707843142053,-33.295,3.));
#1636 = SURFACE_CURVE('',#1637,(#1641,#1648),.PCURVE_S1.);
#1637 = LINE('',#1638,#1639);
#1638 = CARTESIAN_POINT('',(11.707843142053,-33.295,3.));
#1639 = VECTOR('',#1640,1.);
#1640 = DIRECTION('',(-1.,-0.,-0.));
#1641 = PCURVE('',#346,#1642);
#1642 = DEFINITIONAL_REPRESENTATION('',(#1643),#1647);
#1643 = LINE('',#1644,#1645);
#1644 = CARTESIAN_POINT('',(11.707843142053,-33.295));
#1645 = VECTOR('',#1646,1.);
#1646 = DIRECTION('',(-1.,-0.));
#1647 = ( GEOMETRIC_REPRESENTATION_CONTEXT(2) 
PARAMETRIC_REPRESENTATION_CONTEXT() REPRESENTATION_CONTEXT('2D SPACE',''
  ) );
#1648 = PCURVE('',#539,#1649);
#1649 = DEFINITIONAL_REPRESENTATION('',(#1650),#1654);
#1650 = LINE('',#1651,#1652);
#1651 = CARTESIAN_POINT('',(1.570796326795,0.));
#1652 = VECTOR('',#1653,1.);
#1653 = DIRECTION('',(0.,1.));
#1654 = ( GEOMETRIC_REPRESENTATION_CONTEXT(2) 
PARAMETRIC_REPRESENTATION_CONTEXT() REPRESENTATION_CONTEXT('2D SPACE',''
  ) );
#1655 = ORIENTED_EDGE('',*,*,#1656,.F.);
#1656 = EDGE_CURVE('',#1657,#1634,#1659,.T.);
#1657 = VERTEX_POINT('',#1658);
#1658 = CARTESIAN_POINT('',(33.295,-11.70784314205,3.));
#1659 = SURFACE_CURVE('',#1660,(#1665,#1676),.PCURVE_S1.);
#1660 = CIRCLE('',#1661,21.587156857947);
#1661 = AXIS2_PLACEMENT_3D('',#1662,#1663,#1664);
#1662 = CARTESIAN_POINT('',(11.707843142053,-11.70784314205,3.));
#1663 = DIRECTION('',(0.,-0.,-1.));
#1664 = DIRECTION('',(1.,-2.412746263575E-16,0.));
#1665 = PCURVE('',#346,#1666);
#1666 = DEFINITIONAL_REPRESENTATION('',(#1667),#1675);
#1667 = ( BOUNDED_CURVE() B_SPLINE_CURVE(2,(#1668,#1669,#1670,#1671,
#1672,#1673,#1674),.UNSPECIFIED.,.T.,.F.) B_SPLINE_CURVE_WITH_KNOTS((1,2
    ,2,2,2,1),(-2.094395102393,0.,2.094395102393,4.188790204786,
6.28318530718,8.377580409573),.UNSPECIFIED.) CURVE() 
GEOMETRIC_REPRESENTATION_ITEM() RATIONAL_B_SPLINE_CURVE((1.,0.5,1.,0.5,
1.,0.5,1.)) REPRESENTATION_ITEM('') );
#1668 = CARTESIAN_POINT('',(33.295,-11.70784314205));
#1669 = CARTESIAN_POINT('',(33.295,-49.09789561097));
#1670 = CARTESIAN_POINT('',(0.91426471308,-30.40286937651));
#1671 = CARTESIAN_POINT('',(-31.46647057384,-11.70784314205));
#1672 = CARTESIAN_POINT('',(0.91426471308,6.987183092408));
#1673 = CARTESIAN_POINT('',(33.295,25.682209326869));
#1674 = CARTESIAN_POINT('',(33.295,-11.70784314205));
#1675 = ( GEOMETRIC_REPRESENTATION_CONTEXT(2) 
PARAMETRIC_REPRESENTATION_CONTEXT() REPRESENTATION_CONTEXT('2D SPACE',''
  ) );
#1676 = PCURVE('',#1677,#1682);
#1677 = TOROIDAL_SURFACE('',#1678,21.587156857947,0.5);
#1678 = AXIS2_PLACEMENT_3D('',#1679,#1680,#1681);
#1679 = CARTESIAN_POINT('',(11.707843142053,-11.70784314205,2.5));
#1680 = DIRECTION('',(0.,0.,1.));
#1681 = DIRECTION('',(1.,-2.412746263575E-16,0.));
#1682 = DEFINITIONAL_REPRESENTATION('',(#1683),#1687);
#1683 = LINE('',#1684,#1685);
#1684 = CARTESIAN_POINT('',(-0.,1.570796326795));
#1685 = VECTOR('',#1686,1.);
#1686 = DIRECTION('',(-1.,0.));
#1687 = ( GEOMETRIC_REPRESENTATION_CONTEXT(2) 
PARAMETRIC_REPRESENTATION_CONTEXT() REPRESENTATION_CONTEXT('2D SPACE',''
  ) );
#1688 = ORIENTED_EDGE('',*,*,#1689,.F.);
#1689 = EDGE_CURVE('',#1690,#1657,#1692,.T.);
#1690 = VERTEX_POINT('',#1691);
#1691 = CARTESIAN_POINT('',(33.295,11.707843142053,3.));
#1692 = SURFACE_CURVE('',#1693,(#1697,#1704),.PCURVE_S1.);
#1693 = LINE('',#1694,#1695);
#1694 = CARTESIAN_POINT('',(33.295,11.707843142053,3.));
#1695 = VECTOR('',#1696,1.);
#1696 = DIRECTION('',(-0.,-1.,-0.));
#1697 = PCURVE('',#346,#1698);
#1698 = DEFINITIONAL_REPRESENTATION('',(#1699),#1703);
#1699 = LINE('',#1700,#1701);
#1700 = CARTESIAN_POINT('',(33.295,11.707843142053));
#1701 = VECTOR('',#1702,1.);
#1702 = DIRECTION('',(-0.,-1.));
#1703 = ( GEOMETRIC_REPRESENTATION_CONTEXT(2) 
PARAMETRIC_REPRESENTATION_CONTEXT() REPRESENTATION_CONTEXT('2D SPACE',''
  ) );
#1704 = PCURVE('',#1705,#1710);
#1705 = CYLINDRICAL_SURFACE('',#1706,0.5);
#1706 = AXIS2_PLACEMENT_3D('',#1707,#1708,#1709);
#1707 = CARTESIAN_POINT('',(33.295,11.707843142053,2.5));
#1708 = DIRECTION('',(-0.,-1.,-0.));
#1709 = DIRECTION('',(1.,-0.,0.));
#1710 = DEFINITIONAL_REPRESENTATION('',(#1711),#1715);
#1711 = LINE('',#1712,#1713);
#1712 = CARTESIAN_POINT('',(1.570796326795,0.));
#1713 = VECTOR('',#1714,1.);
#1714 = DIRECTION('',(0.,1.));
#1715 = ( GEOMETRIC_REPRESENTATION_CONTEXT(2) 
PARAMETRIC_REPRESENTATION_CONTEXT() REPRESENTATION_CONTEXT('2D SPACE',''
  ) );
#1716 = ORIENTED_EDGE('',*,*,#1717,.F.);
#1717 = EDGE_CURVE('',#1718,#1690,#1720,.T.);
#1718 = VERTEX_POINT('',#1719);
#1719 = CARTESIAN_POINT('',(11.707843142053,33.295,3.));
#1720 = SURFACE_CURVE('',#1721,(#1726,#1737),.PCURVE_S1.);
#1721 = CIRCLE('',#1722,21.587156857947);
#1722 = AXIS2_PLACEMENT_3D('',#1723,#1724,#1725);
#1723 = CARTESIAN_POINT('',(11.707843142053,11.707843142053,3.));
#1724 = DIRECTION('',(0.,-0.,-1.));
#1725 = DIRECTION('',(8.04248754525E-17,1.,-0.));
#1726 = PCURVE('',#346,#1727);
#1727 = DEFINITIONAL_REPRESENTATION('',(#1728),#1736);
#1728 = ( BOUNDED_CURVE() B_SPLINE_CURVE(2,(#1729,#1730,#1731,#1732,
#1733,#1734,#1735),.UNSPECIFIED.,.T.,.F.) B_SPLINE_CURVE_WITH_KNOTS((1,2
    ,2,2,2,1),(-2.094395102393,0.,2.094395102393,4.188790204786,
6.28318530718,8.377580409573),.UNSPECIFIED.) CURVE() 
GEOMETRIC_REPRESENTATION_ITEM() RATIONAL_B_SPLINE_CURVE((1.,0.5,1.,0.5,
1.,0.5,1.)) REPRESENTATION_ITEM('') );
#1729 = CARTESIAN_POINT('',(11.707843142053,33.295));
#1730 = CARTESIAN_POINT('',(49.097895610976,33.295));
#1731 = CARTESIAN_POINT('',(30.402869376515,0.91426471308));
#1732 = CARTESIAN_POINT('',(11.707843142053,-31.46647057384));
#1733 = CARTESIAN_POINT('',(-6.987183092408,0.91426471308));
#1734 = CARTESIAN_POINT('',(-25.68220932686,33.295));
#1735 = CARTESIAN_POINT('',(11.707843142053,33.295));
#1736 = ( GEOMETRIC_REPRESENTATION_CONTEXT(2) 
PARAMETRIC_REPRESENTATION_CONTEXT() REPRESENTATION_CONTEXT('2D SPACE',''
  ) );
#1737 = PCURVE('',#1738,#1743);
#1738 = TOROIDAL_SURFACE('',#1739,21.587156857947,0.5);
#1739 = AXIS2_PLACEMENT_3D('',#1740,#1741,#1742);
#1740 = CARTESIAN_POINT('',(11.707843142053,11.707843142053,2.5));
#1741 = DIRECTION('',(0.,0.,1.));
#1742 = DIRECTION('',(8.04248754525E-17,1.,-0.));
#1743 = DEFINITIONAL_REPRESENTATION('',(#1744),#1748);
#1744 = LINE('',#1745,#1746);
#1745 = CARTESIAN_POINT('',(-0.,1.570796326795));
#1746 = VECTOR('',#1747,1.);
#1747 = DIRECTION('',(-1.,0.));
#1748 = ( GEOMETRIC_REPRESENTATION_CONTEXT(2) 
PARAMETRIC_REPRESENTATION_CONTEXT() REPRESENTATION_CONTEXT('2D SPACE',''
  ) );
#1749 = ORIENTED_EDGE('',*,*,#1750,.F.);
#1750 = EDGE_CURVE('',#1751,#1718,#1753,.T.);
#1751 = VERTEX_POINT('',#1752);
#1752 = CARTESIAN_POINT('',(-11.70784314205,33.295,3.));
#1753 = SURFACE_CURVE('',#1754,(#1758,#1765),.PCURVE_S1.);
#1754 = LINE('',#1755,#1756);
#1755 = CARTESIAN_POINT('',(-11.70784314205,33.295,3.));
#1756 = VECTOR('',#1757,1.);
#1757 = DIRECTION('',(1.,0.,0.));
#1758 = PCURVE('',#346,#1759);
#1759 = DEFINITIONAL_REPRESENTATION('',(#1760),#1764);
#1760 = LINE('',#1761,#1762);
#1761 = CARTESIAN_POINT('',(-11.70784314205,33.295));
#1762 = VECTOR('',#1763,1.);
#1763 = DIRECTION('',(1.,0.));
#1764 = ( GEOMETRIC_REPRESENTATION_CONTEXT(2) 
PARAMETRIC_REPRESENTATION_CONTEXT() REPRESENTATION_CONTEXT('2D SPACE',''
  ) );
#1765 = PCURVE('',#1766,#1771);
#1766 = CYLINDRICAL_SURFACE('',#1767,0.5);
#1767 = AXIS2_PLACEMENT_3D('',#1768,#1769,#1770);
#1768 = CARTESIAN_POINT('',(-11.70784314205,33.295,2.5));
#1769 = DIRECTION('',(1.,0.,0.));
#1770 = DIRECTION('',(-0.,1.,0.));
#1771 = DEFINITIONAL_REPRESENTATION('',(#1772),#1776);
#1772 = LINE('',#1773,#1774);
#1773 = CARTESIAN_POINT('',(1.570796326795,0.));
#1774 = VECTOR('',#1775,1.);
#1775 = DIRECTION('',(0.,1.));
#1776 = ( GEOMETRIC_REPRESENTATION_CONTEXT(2) 
PARAMETRIC_REPRESENTATION_CONTEXT() REPRESENTATION_CONTEXT('2D SPACE',''
  ) );
#1777 = ORIENTED_EDGE('',*,*,#1778,.F.);
#1778 = EDGE_CURVE('',#331,#1751,#1779,.T.);
#1779 = SURFACE_CURVE('',#1780,(#1785,#1796),.PCURVE_S1.);
#1780 = CIRCLE('',#1781,21.587156857947);
#1781 = AXIS2_PLACEMENT_3D('',#1782,#1783,#1784);
#1782 = CARTESIAN_POINT('',(-11.70784314205,11.707843142053,3.));
#1783 = DIRECTION('',(-0.,0.,-1.));
#1784 = DIRECTION('',(-1.,1.60849750905E-16,0.));
#1785 = PCURVE('',#346,#1786);
#1786 = DEFINITIONAL_REPRESENTATION('',(#1787),#1795);
#1787 = ( BOUNDED_CURVE() B_SPLINE_CURVE(2,(#1788,#1789,#1790,#1791,
#1792,#1793,#1794),.UNSPECIFIED.,.T.,.F.) B_SPLINE_CURVE_WITH_KNOTS((1,2
    ,2,2,2,1),(-2.094395102393,0.,2.094395102393,4.188790204786,
6.28318530718,8.377580409573),.UNSPECIFIED.) CURVE() 
GEOMETRIC_REPRESENTATION_ITEM() RATIONAL_B_SPLINE_CURVE((1.,0.5,1.,0.5,
1.,0.5,1.)) REPRESENTATION_ITEM('') );
#1788 = CARTESIAN_POINT('',(-33.295,11.707843142053));
#1789 = CARTESIAN_POINT('',(-33.295,49.097895610976));
#1790 = CARTESIAN_POINT('',(-0.91426471308,30.402869376515));
#1791 = CARTESIAN_POINT('',(31.46647057384,11.707843142053));
#1792 = CARTESIAN_POINT('',(-0.91426471308,-6.987183092408));
#1793 = CARTESIAN_POINT('',(-33.295,-25.68220932686));
#1794 = CARTESIAN_POINT('',(-33.295,11.707843142053));
#1795 = ( GEOMETRIC_REPRESENTATION_CONTEXT(2) 
PARAMETRIC_REPRESENTATION_CONTEXT() REPRESENTATION_CONTEXT('2D SPACE',''
  ) );
#1796 = PCURVE('',#372,#1797);
#1797 = DEFINITIONAL_REPRESENTATION('',(#1798),#1802);
#1798 = LINE('',#1799,#1800);
#1799 = CARTESIAN_POINT('',(-0.,1.570796326795));
#1800 = VECTOR('',#1801,1.);
#1801 = DIRECTION('',(-1.,0.));
#1802 = ( GEOMETRIC_REPRESENTATION_CONTEXT(2) 
PARAMETRIC_REPRESENTATION_CONTEXT() REPRESENTATION_CONTEXT('2D SPACE',''
  ) );
#1803 = FACE_BOUND('',#1804,.T.);
#1804 = EDGE_LOOP('',(#1805,#1836,#1864,#1893,#1921,#1950,#1978,#2007));
#1805 = ORIENTED_EDGE('',*,*,#1806,.F.);
#1806 = EDGE_CURVE('',#1807,#1809,#1811,.T.);
#1807 = VERTEX_POINT('',#1808);
#1808 = CARTESIAN_POINT('',(-31.015,-11.70784314205,3.));
#1809 = VERTEX_POINT('',#1810);
#1810 = CARTESIAN_POINT('',(-11.70784314205,-31.015,3.));
#1811 = SURFACE_CURVE('',#1812,(#1817,#1824),.PCURVE_S1.);
#1812 = CIRCLE('',#1813,19.307156857947);
#1813 = AXIS2_PLACEMENT_3D('',#1814,#1815,#1816);
#1814 = CARTESIAN_POINT('',(-11.70784314205,-11.70784314205,3.));
#1815 = DIRECTION('',(0.,0.,1.));
#1816 = DIRECTION('',(-1.,9.445110990552E-17,0.));
#1817 = PCURVE('',#346,#1818);
#1818 = DEFINITIONAL_REPRESENTATION('',(#1819),#1823);
#1819 = CIRCLE('',#1820,19.307156857947);
#1820 = AXIS2_PLACEMENT_2D('',#1821,#1822);
#1821 = CARTESIAN_POINT('',(-11.70784314205,-11.70784314205));
#1822 = DIRECTION('',(-1.,9.200509699434E-17));
#1823 = ( GEOMETRIC_REPRESENTATION_CONTEXT(2) 
PARAMETRIC_REPRESENTATION_CONTEXT() REPRESENTATION_CONTEXT('2D SPACE',''
  ) );
#1824 = PCURVE('',#1825,#1830);
#1825 = TOROIDAL_SURFACE('',#1826,19.307156857947,0.5);
#1826 = AXIS2_PLACEMENT_3D('',#1827,#1828,#1829);
#1827 = CARTESIAN_POINT('',(-11.70784314205,-11.70784314205,3.5));
#1828 = DIRECTION('',(-0.,-0.,-1.));
#1829 = DIRECTION('',(-1.,9.445110990552E-17,0.));
#1830 = DEFINITIONAL_REPRESENTATION('',(#1831),#1835);
#1831 = LINE('',#1832,#1833);
#1832 = CARTESIAN_POINT('',(-0.,1.570796326795));
#1833 = VECTOR('',#1834,1.);
#1834 = DIRECTION('',(-1.,0.));
#1835 = ( GEOMETRIC_REPRESENTATION_CONTEXT(2) 
PARAMETRIC_REPRESENTATION_CONTEXT() REPRESENTATION_CONTEXT('2D SPACE',''
  ) );
#1836 = ORIENTED_EDGE('',*,*,#1837,.F.);
#1837 = EDGE_CURVE('',#1838,#1807,#1840,.T.);
#1838 = VERTEX_POINT('',#1839);
#1839 = CARTESIAN_POINT('',(-31.015,11.707843142053,3.));
#1840 = SURFACE_CURVE('',#1841,(#1845,#1852),.PCURVE_S1.);
#1841 = LINE('',#1842,#1843);
#1842 = CARTESIAN_POINT('',(-31.015,11.707843142053,3.));
#1843 = VECTOR('',#1844,1.);
#1844 = DIRECTION('',(-0.,-1.,-0.));
#1845 = PCURVE('',#346,#1846);
#1846 = DEFINITIONAL_REPRESENTATION('',(#1847),#1851);
#1847 = LINE('',#1848,#1849);
#1848 = CARTESIAN_POINT('',(-31.015,11.707843142053));
#1849 = VECTOR('',#1850,1.);
#1850 = DIRECTION('',(-0.,-1.));
#1851 = ( GEOMETRIC_REPRESENTATION_CONTEXT(2) 
PARAMETRIC_REPRESENTATION_CONTEXT() REPRESENTATION_CONTEXT('2D SPACE',''
  ) );
#1852 = PCURVE('',#1853,#1858);
#1853 = CYLINDRICAL_SURFACE('',#1854,0.5);
#1854 = AXIS2_PLACEMENT_3D('',#1855,#1856,#1857);
#1855 = CARTESIAN_POINT('',(-31.015,11.707843142053,3.5));
#1856 = DIRECTION('',(-0.,-1.,-0.));
#1857 = DIRECTION('',(0.,0.,-1.));
#1858 = DEFINITIONAL_REPRESENTATION('',(#1859),#1863);
#1859 = LINE('',#1860,#1861);
#1860 = CARTESIAN_POINT('',(0.,0.));
#1861 = VECTOR('',#1862,1.);
#1862 = DIRECTION('',(0.,1.));
#1863 = ( GEOMETRIC_REPRESENTATION_CONTEXT(2) 
PARAMETRIC_REPRESENTATION_CONTEXT() REPRESENTATION_CONTEXT('2D SPACE',''
  ) );
#1864 = ORIENTED_EDGE('',*,*,#1865,.F.);
#1865 = EDGE_CURVE('',#1866,#1838,#1868,.T.);
#1866 = VERTEX_POINT('',#1867);
#1867 = CARTESIAN_POINT('',(-11.70784314205,31.015,3.));
#1868 = SURFACE_CURVE('',#1869,(#1874,#1881),.PCURVE_S1.);
#1869 = CIRCLE('',#1870,19.307156857947);
#1870 = AXIS2_PLACEMENT_3D('',#1871,#1872,#1873);
#1871 = CARTESIAN_POINT('',(-11.70784314205,11.707843142053,3.));
#1872 = DIRECTION('',(0.,0.,1.));
#1873 = DIRECTION('',(9.445110990552E-17,1.,-0.));
#1874 = PCURVE('',#346,#1875);
#1875 = DEFINITIONAL_REPRESENTATION('',(#1876),#1880);
#1876 = CIRCLE('',#1877,19.307156857947);
#1877 = AXIS2_PLACEMENT_2D('',#1878,#1879);
#1878 = CARTESIAN_POINT('',(-11.70784314205,11.707843142053));
#1879 = DIRECTION('',(9.200509699434E-17,1.));
#1880 = ( GEOMETRIC_REPRESENTATION_CONTEXT(2) 
PARAMETRIC_REPRESENTATION_CONTEXT() REPRESENTATION_CONTEXT('2D SPACE',''
  ) );
#1881 = PCURVE('',#1882,#1887);
#1882 = TOROIDAL_SURFACE('',#1883,19.307156857947,0.5);
#1883 = AXIS2_PLACEMENT_3D('',#1884,#1885,#1886);
#1884 = CARTESIAN_POINT('',(-11.70784314205,11.707843142053,3.5));
#1885 = DIRECTION('',(-0.,-0.,-1.));
#1886 = DIRECTION('',(9.445110990552E-17,1.,-0.));
#1887 = DEFINITIONAL_REPRESENTATION('',(#1888),#1892);
#1888 = LINE('',#1889,#1890);
#1889 = CARTESIAN_POINT('',(-0.,1.570796326795));
#1890 = VECTOR('',#1891,1.);
#1891 = DIRECTION('',(-1.,0.));
#1892 = ( GEOMETRIC_REPRESENTATION_CONTEXT(2) 
PARAMETRIC_REPRESENTATION_CONTEXT() REPRESENTATION_CONTEXT('2D SPACE',''
  ) );
#1893 = ORIENTED_EDGE('',*,*,#1894,.F.);
#1894 = EDGE_CURVE('',#1895,#1866,#1897,.T.);
#1895 = VERTEX_POINT('',#1896);
#1896 = CARTESIAN_POINT('',(11.707843142053,31.015,3.));
#1897 = SURFACE_CURVE('',#1898,(#1902,#1909),.PCURVE_S1.);
#1898 = LINE('',#1899,#1900);
#1899 = CARTESIAN_POINT('',(11.707843142053,31.015,3.));
#1900 = VECTOR('',#1901,1.);
#1901 = DIRECTION('',(-1.,-0.,-0.));
#1902 = PCURVE('',#346,#1903);
#1903 = DEFINITIONAL_REPRESENTATION('',(#1904),#1908);
#1904 = LINE('',#1905,#1906);
#1905 = CARTESIAN_POINT('',(11.707843142053,31.015));
#1906 = VECTOR('',#1907,1.);
#1907 = DIRECTION('',(-1.,-0.));
#1908 = ( GEOMETRIC_REPRESENTATION_CONTEXT(2) 
PARAMETRIC_REPRESENTATION_CONTEXT() REPRESENTATION_CONTEXT('2D SPACE',''
  ) );
#1909 = PCURVE('',#1910,#1915);
#1910 = CYLINDRICAL_SURFACE('',#1911,0.5);
#1911 = AXIS2_PLACEMENT_3D('',#1912,#1913,#1914);
#1912 = CARTESIAN_POINT('',(11.707843142053,31.015,3.5));
#1913 = DIRECTION('',(-1.,-0.,-0.));
#1914 = DIRECTION('',(0.,0.,-1.));
#1915 = DEFINITIONAL_REPRESENTATION('',(#1916),#1920);
#1916 = LINE('',#1917,#1918);
#1917 = CARTESIAN_POINT('',(0.,0.));
#1918 = VECTOR('',#1919,1.);
#1919 = DIRECTION('',(0.,1.));
#1920 = ( GEOMETRIC_REPRESENTATION_CONTEXT(2) 
PARAMETRIC_REPRESENTATION_CONTEXT() REPRESENTATION_CONTEXT('2D SPACE',''
  ) );
#1921 = ORIENTED_EDGE('',*,*,#1922,.F.);
#1922 = EDGE_CURVE('',#1923,#1895,#1925,.T.);
#1923 = VERTEX_POINT('',#1924);
#1924 = CARTESIAN_POINT('',(31.015,11.707843142053,3.));
#1925 = SURFACE_CURVE('',#1926,(#1931,#1938),.PCURVE_S1.);
#1926 = CIRCLE('',#1927,19.307156857947);
#1927 = AXIS2_PLACEMENT_3D('',#1928,#1929,#1930);
#1928 = CARTESIAN_POINT('',(11.707843142053,11.707843142053,3.));
#1929 = DIRECTION('',(0.,0.,1.));
#1930 = DIRECTION('',(1.,0.,-0.));
#1931 = PCURVE('',#346,#1932);
#1932 = DEFINITIONAL_REPRESENTATION('',(#1933),#1937);
#1933 = CIRCLE('',#1934,19.307156857947);
#1934 = AXIS2_PLACEMENT_2D('',#1935,#1936);
#1935 = CARTESIAN_POINT('',(11.707843142053,11.707843142053));
#1936 = DIRECTION('',(1.,0.));
#1937 = ( GEOMETRIC_REPRESENTATION_CONTEXT(2) 
PARAMETRIC_REPRESENTATION_CONTEXT() REPRESENTATION_CONTEXT('2D SPACE',''
  ) );
#1938 = PCURVE('',#1939,#1944);
#1939 = TOROIDAL_SURFACE('',#1940,19.307156857947,0.5);
#1940 = AXIS2_PLACEMENT_3D('',#1941,#1942,#1943);
#1941 = CARTESIAN_POINT('',(11.707843142053,11.707843142053,3.5));
#1942 = DIRECTION('',(-0.,-0.,-1.));
#1943 = DIRECTION('',(1.,0.,-0.));
#1944 = DEFINITIONAL_REPRESENTATION('',(#1945),#1949);
#1945 = LINE('',#1946,#1947);
#1946 = CARTESIAN_POINT('',(-0.,1.570796326795));
#1947 = VECTOR('',#1948,1.);
#1948 = DIRECTION('',(-1.,0.));
#1949 = ( GEOMETRIC_REPRESENTATION_CONTEXT(2) 
PARAMETRIC_REPRESENTATION_CONTEXT() REPRESENTATION_CONTEXT('2D SPACE',''
  ) );
#1950 = ORIENTED_EDGE('',*,*,#1951,.F.);
#1951 = EDGE_CURVE('',#1952,#1923,#1954,.T.);
#1952 = VERTEX_POINT('',#1953);
#1953 = CARTESIAN_POINT('',(31.015,-11.70784314205,3.));
#1954 = SURFACE_CURVE('',#1955,(#1959,#1966),.PCURVE_S1.);
#1955 = LINE('',#1956,#1957);
#1956 = CARTESIAN_POINT('',(31.015,-11.70784314205,3.));
#1957 = VECTOR('',#1958,1.);
#1958 = DIRECTION('',(0.,1.,0.));
#1959 = PCURVE('',#346,#1960);
#1960 = DEFINITIONAL_REPRESENTATION('',(#1961),#1965);
#1961 = LINE('',#1962,#1963);
#1962 = CARTESIAN_POINT('',(31.015,-11.70784314205));
#1963 = VECTOR('',#1964,1.);
#1964 = DIRECTION('',(0.,1.));
#1965 = ( GEOMETRIC_REPRESENTATION_CONTEXT(2) 
PARAMETRIC_REPRESENTATION_CONTEXT() REPRESENTATION_CONTEXT('2D SPACE',''
  ) );
#1966 = PCURVE('',#1967,#1972);
#1967 = CYLINDRICAL_SURFACE('',#1968,0.5);
#1968 = AXIS2_PLACEMENT_3D('',#1969,#1970,#1971);
#1969 = CARTESIAN_POINT('',(31.015,-11.70784314205,3.5));
#1970 = DIRECTION('',(0.,1.,0.));
#1971 = DIRECTION('',(0.,0.,-1.));
#1972 = DEFINITIONAL_REPRESENTATION('',(#1973),#1977);
#1973 = LINE('',#1974,#1975);
#1974 = CARTESIAN_POINT('',(0.,0.));
#1975 = VECTOR('',#1976,1.);
#1976 = DIRECTION('',(0.,1.));
#1977 = ( GEOMETRIC_REPRESENTATION_CONTEXT(2) 
PARAMETRIC_REPRESENTATION_CONTEXT() REPRESENTATION_CONTEXT('2D SPACE',''
  ) );
#1978 = ORIENTED_EDGE('',*,*,#1979,.F.);
#1979 = EDGE_CURVE('',#1980,#1952,#1982,.T.);
#1980 = VERTEX_POINT('',#1981);
#1981 = CARTESIAN_POINT('',(11.707843142053,-31.015,3.));
#1982 = SURFACE_CURVE('',#1983,(#1988,#1995),.PCURVE_S1.);
#1983 = CIRCLE('',#1984,19.307156857947);
#1984 = AXIS2_PLACEMENT_3D('',#1985,#1986,#1987);
#1985 = CARTESIAN_POINT('',(11.707843142053,-11.70784314205,3.));
#1986 = DIRECTION('',(0.,0.,1.));
#1987 = DIRECTION('',(-1.88902219811E-16,-1.,0.));
#1988 = PCURVE('',#346,#1989);
#1989 = DEFINITIONAL_REPRESENTATION('',(#1990),#1994);
#1990 = CIRCLE('',#1991,19.307156857947);
#1991 = AXIS2_PLACEMENT_2D('',#1992,#1993);
#1992 = CARTESIAN_POINT('',(11.707843142053,-11.70784314205));
#1993 = DIRECTION('',(-1.840101939887E-16,-1.));
#1994 = ( GEOMETRIC_REPRESENTATION_CONTEXT(2) 
PARAMETRIC_REPRESENTATION_CONTEXT() REPRESENTATION_CONTEXT('2D SPACE',''
  ) );
#1995 = PCURVE('',#1996,#2001);
#1996 = TOROIDAL_SURFACE('',#1997,19.307156857947,0.5);
#1997 = AXIS2_PLACEMENT_3D('',#1998,#1999,#2000);
#1998 = CARTESIAN_POINT('',(11.707843142053,-11.70784314205,3.5));
#1999 = DIRECTION('',(-0.,-0.,-1.));
#2000 = DIRECTION('',(-1.88902219811E-16,-1.,0.));
#2001 = DEFINITIONAL_REPRESENTATION('',(#2002),#2006);
#2002 = LINE('',#2003,#2004);
#2003 = CARTESIAN_POINT('',(-0.,1.570796326795));
#2004 = VECTOR('',#2005,1.);
#2005 = DIRECTION('',(-1.,0.));
#2006 = ( GEOMETRIC_REPRESENTATION_CONTEXT(2) 
PARAMETRIC_REPRESENTATION_CONTEXT() REPRESENTATION_CONTEXT('2D SPACE',''
  ) );
#2007 = ORIENTED_EDGE('',*,*,#2008,.F.);
#2008 = EDGE_CURVE('',#1809,#1980,#2009,.T.);
#2009 = SURFACE_CURVE('',#2010,(#2014,#2021),.PCURVE_S1.);
#2010 = LINE('',#2011,#2012);
#2011 = CARTESIAN_POINT('',(-11.70784314205,-31.015,3.));
#2012 = VECTOR('',#2013,1.);
#2013 = DIRECTION('',(1.,0.,0.));
#2014 = PCURVE('',#346,#2015);
#2015 = DEFINITIONAL_REPRESENTATION('',(#2016),#2020);
#2016 = LINE('',#2017,#2018);
#2017 = CARTESIAN_POINT('',(-11.70784314205,-31.015));
#2018 = VECTOR('',#2019,1.);
#2019 = DIRECTION('',(1.,0.));
#2020 = ( GEOMETRIC_REPRESENTATION_CONTEXT(2) 
PARAMETRIC_REPRESENTATION_CONTEXT() REPRESENTATION_CONTEXT('2D SPACE',''
  ) );
#2021 = PCURVE('',#2022,#2027);
#2022 = CYLINDRICAL_SURFACE('',#2023,0.5);
#2023 = AXIS2_PLACEMENT_3D('',#2024,#2025,#2026);
#2024 = CARTESIAN_POINT('',(-11.70784314205,-31.015,3.5));
#2025 = DIRECTION('',(1.,0.,0.));
#2026 = DIRECTION('',(0.,0.,-1.));
#2027 = DEFINITIONAL_REPRESENTATION('',(#2028),#2032);
#2028 = LINE('',#2029,#2030);
#2029 = CARTESIAN_POINT('',(0.,0.));
#2030 = VECTOR('',#2031,1.);
#2031 = DIRECTION('',(0.,1.));
#2032 = ( GEOMETRIC_REPRESENTATION_CONTEXT(2) 
PARAMETRIC_REPRESENTATION_CONTEXT() REPRESENTATION_CONTEXT('2D SPACE',''
  ) );
#2033 = ADVANCED_FACE('',(#2034),#372,.T.);
#2034 = FACE_BOUND('',#2035,.F.);
#2035 = EDGE_LOOP('',(#2036,#2037,#2038,#2058));
#2036 = ORIENTED_EDGE('',*,*,#358,.F.);
#2037 = ORIENTED_EDGE('',*,*,#417,.T.);
#2038 = ORIENTED_EDGE('',*,*,#2039,.T.);
#2039 = EDGE_CURVE('',#390,#1751,#2040,.T.);
#2040 = SURFACE_CURVE('',#2041,(#2046,#2052),.PCURVE_S1.);
#2041 = CIRCLE('',#2042,0.5);
#2042 = AXIS2_PLACEMENT_3D('',#2043,#2044,#2045);
#2043 = CARTESIAN_POINT('',(-11.70784314205,33.295,2.5));
#2044 = DIRECTION('',(1.,-9.961741094764E-17,0.));
#2045 = DIRECTION('',(9.961741094764E-17,1.,0.));
#2046 = PCURVE('',#372,#2047);
#2047 = DEFINITIONAL_REPRESENTATION('',(#2048),#2051);
#2048 = B_SPLINE_CURVE_WITH_KNOTS('',1,(#2049,#2050),.UNSPECIFIED.,.F.,
  .F.,(2,2),(0.,1.570796326795),.PIECEWISE_BEZIER_KNOTS.);
#2049 = CARTESIAN_POINT('',(-1.570796326795,0.));
#2050 = CARTESIAN_POINT('',(-1.570796326795,1.570796326795));
#2051 = ( GEOMETRIC_REPRESENTATION_CONTEXT(2) 
PARAMETRIC_REPRESENTATION_CONTEXT() REPRESENTATION_CONTEXT('2D SPACE',''
  ) );
#2052 = PCURVE('',#1766,#2053);
#2053 = DEFINITIONAL_REPRESENTATION('',(#2054),#2057);
#2054 = B_SPLINE_CURVE_WITH_KNOTS('',1,(#2055,#2056),.UNSPECIFIED.,.F.,
  .F.,(2,2),(0.,1.570796326795),.PIECEWISE_BEZIER_KNOTS.);
#2055 = CARTESIAN_POINT('',(0.,0.));
#2056 = CARTESIAN_POINT('',(1.570796326795,0.));
#2057 = ( GEOMETRIC_REPRESENTATION_CONTEXT(2) 
PARAMETRIC_REPRESENTATION_CONTEXT() REPRESENTATION_CONTEXT('2D SPACE',''
  ) );
#2058 = ORIENTED_EDGE('',*,*,#1778,.F.);
#2059 = ADVANCED_FACE('',(#2060),#405,.T.);
#2060 = FACE_BOUND('',#2061,.T.);
#2061 = EDGE_LOOP('',(#2062,#2063,#2086,#2114));
#2062 = ORIENTED_EDGE('',*,*,#387,.T.);
#2063 = ORIENTED_EDGE('',*,*,#2064,.T.);
#2064 = EDGE_CURVE('',#390,#2065,#2067,.T.);
#2065 = VERTEX_POINT('',#2066);
#2066 = CARTESIAN_POINT('',(11.707843142053,33.795,2.5));
#2067 = SURFACE_CURVE('',#2068,(#2072,#2079),.PCURVE_S1.);
#2068 = LINE('',#2069,#2070);
#2069 = CARTESIAN_POINT('',(-11.70784314205,33.795,2.5));
#2070 = VECTOR('',#2071,1.);
#2071 = DIRECTION('',(1.,0.,0.));
#2072 = PCURVE('',#405,#2073);
#2073 = DEFINITIONAL_REPRESENTATION('',(#2074),#2078);
#2074 = LINE('',#2075,#2076);
#2075 = CARTESIAN_POINT('',(0.,-2.5));
#2076 = VECTOR('',#2077,1.);
#2077 = DIRECTION('',(1.,0.));
#2078 = ( GEOMETRIC_REPRESENTATION_CONTEXT(2) 
PARAMETRIC_REPRESENTATION_CONTEXT() REPRESENTATION_CONTEXT('2D SPACE',''
  ) );
#2079 = PCURVE('',#1766,#2080);
#2080 = DEFINITIONAL_REPRESENTATION('',(#2081),#2085);
#2081 = LINE('',#2082,#2083);
#2082 = CARTESIAN_POINT('',(0.,0.));
#2083 = VECTOR('',#2084,1.);
#2084 = DIRECTION('',(0.,1.));
#2085 = ( GEOMETRIC_REPRESENTATION_CONTEXT(2) 
PARAMETRIC_REPRESENTATION_CONTEXT() REPRESENTATION_CONTEXT('2D SPACE',''
  ) );
#2086 = ORIENTED_EDGE('',*,*,#2087,.F.);
#2087 = EDGE_CURVE('',#2088,#2065,#2090,.T.);
#2088 = VERTEX_POINT('',#2089);
#2089 = CARTESIAN_POINT('',(11.707843142053,33.795,0.5));
#2090 = SURFACE_CURVE('',#2091,(#2095,#2102),.PCURVE_S1.);
#2091 = LINE('',#2092,#2093);
#2092 = CARTESIAN_POINT('',(11.707843142053,33.795,0.));
#2093 = VECTOR('',#2094,1.);
#2094 = DIRECTION('',(0.,0.,1.));
#2095 = PCURVE('',#405,#2096);
#2096 = DEFINITIONAL_REPRESENTATION('',(#2097),#2101);
#2097 = LINE('',#2098,#2099);
#2098 = CARTESIAN_POINT('',(23.415686284107,0.));
#2099 = VECTOR('',#2100,1.);
#2100 = DIRECTION('',(0.,-1.));
#2101 = ( GEOMETRIC_REPRESENTATION_CONTEXT(2) 
PARAMETRIC_REPRESENTATION_CONTEXT() REPRESENTATION_CONTEXT('2D SPACE',''
  ) );
#2102 = PCURVE('',#2103,#2108);
#2103 = CYLINDRICAL_SURFACE('',#2104,22.087156857947);
#2104 = AXIS2_PLACEMENT_3D('',#2105,#2106,#2107);
#2105 = CARTESIAN_POINT('',(11.707843142053,11.707843142053,0.));
#2106 = DIRECTION('',(-0.,-0.,-1.));
#2107 = DIRECTION('',(1.,0.,0.));
#2108 = DEFINITIONAL_REPRESENTATION('',(#2109),#2113);
#2109 = LINE('',#2110,#2111);
#2110 = CARTESIAN_POINT('',(-1.570796326795,0.));
#2111 = VECTOR('',#2112,1.);
#2112 = DIRECTION('',(-0.,-1.));
#2113 = ( GEOMETRIC_REPRESENTATION_CONTEXT(2) 
PARAMETRIC_REPRESENTATION_CONTEXT() REPRESENTATION_CONTEXT('2D SPACE',''
  ) );
#2114 = ORIENTED_EDGE('',*,*,#2115,.F.);
#2115 = EDGE_CURVE('',#388,#2088,#2116,.T.);
#2116 = SURFACE_CURVE('',#2117,(#2121,#2128),.PCURVE_S1.);
#2117 = LINE('',#2118,#2119);
#2118 = CARTESIAN_POINT('',(-11.70784314205,33.795,0.5));
#2119 = VECTOR('',#2120,1.);
#2120 = DIRECTION('',(1.,0.,0.));
#2121 = PCURVE('',#405,#2122);
#2122 = DEFINITIONAL_REPRESENTATION('',(#2123),#2127);
#2123 = LINE('',#2124,#2125);
#2124 = CARTESIAN_POINT('',(0.,-0.5));
#2125 = VECTOR('',#2126,1.);
#2126 = DIRECTION('',(1.,0.));
#2127 = ( GEOMETRIC_REPRESENTATION_CONTEXT(2) 
PARAMETRIC_REPRESENTATION_CONTEXT() REPRESENTATION_CONTEXT('2D SPACE',''
  ) );
#2128 = PCURVE('',#792,#2129);
#2129 = DEFINITIONAL_REPRESENTATION('',(#2130),#2134);
#2130 = LINE('',#2131,#2132);
#2131 = CARTESIAN_POINT('',(-0.,0.));
#2132 = VECTOR('',#2133,1.);
#2133 = DIRECTION('',(-0.,1.));
#2134 = ( GEOMETRIC_REPRESENTATION_CONTEXT(2) 
PARAMETRIC_REPRESENTATION_CONTEXT() REPRESENTATION_CONTEXT('2D SPACE',''
  ) );
#2135 = ADVANCED_FACE('',(#2136),#481,.T.);
#2136 = FACE_BOUND('',#2137,.F.);
#2137 = EDGE_LOOP('',(#2138,#2158,#2159,#2160));
#2138 = ORIENTED_EDGE('',*,*,#2139,.T.);
#2139 = EDGE_CURVE('',#606,#660,#2140,.T.);
#2140 = SURFACE_CURVE('',#2141,(#2146,#2152),.PCURVE_S1.);
#2141 = CIRCLE('',#2142,0.5);
#2142 = AXIS2_PLACEMENT_3D('',#2143,#2144,#2145);
#2143 = CARTESIAN_POINT('',(11.707843142053,-33.295,0.5));
#2144 = DIRECTION('',(1.,-1.800422864001E-16,0.));
#2145 = DIRECTION('',(-1.800422864001E-16,-1.,0.));
#2146 = PCURVE('',#481,#2147);
#2147 = DEFINITIONAL_REPRESENTATION('',(#2148),#2151);
#2148 = B_SPLINE_CURVE_WITH_KNOTS('',1,(#2149,#2150),.UNSPECIFIED.,.F.,
  .F.,(2,2),(0.,1.570796326795),.PIECEWISE_BEZIER_KNOTS.);
#2149 = CARTESIAN_POINT('',(0.,0.));
#2150 = CARTESIAN_POINT('',(-1.570796326795,0.));
#2151 = ( GEOMETRIC_REPRESENTATION_CONTEXT(2) 
PARAMETRIC_REPRESENTATION_CONTEXT() REPRESENTATION_CONTEXT('2D SPACE',''
  ) );
#2152 = PCURVE('',#703,#2153);
#2153 = DEFINITIONAL_REPRESENTATION('',(#2154),#2157);
#2154 = B_SPLINE_CURVE_WITH_KNOTS('',1,(#2155,#2156),.UNSPECIFIED.,.F.,
  .F.,(2,2),(0.,1.570796326795),.PIECEWISE_BEZIER_KNOTS.);
#2155 = CARTESIAN_POINT('',(1.570796326795,0.));
#2156 = CARTESIAN_POINT('',(1.570796326795,1.570796326795));
#2157 = ( GEOMETRIC_REPRESENTATION_CONTEXT(2) 
PARAMETRIC_REPRESENTATION_CONTEXT() REPRESENTATION_CONTEXT('2D SPACE',''
  ) );
#2158 = ORIENTED_EDGE('',*,*,#659,.T.);
#2159 = ORIENTED_EDGE('',*,*,#465,.F.);
#2160 = ORIENTED_EDGE('',*,*,#633,.F.);
#2161 = ADVANCED_FACE('',(#2162),#539,.T.);
#2162 = FACE_BOUND('',#2163,.T.);
#2163 = EDGE_LOOP('',(#2164,#2184,#2185,#2186));
#2164 = ORIENTED_EDGE('',*,*,#2165,.T.);
#2165 = EDGE_CURVE('',#583,#1634,#2166,.T.);
#2166 = SURFACE_CURVE('',#2167,(#2172,#2178),.PCURVE_S1.);
#2167 = CIRCLE('',#2168,0.5);
#2168 = AXIS2_PLACEMENT_3D('',#2169,#2170,#2171);
#2169 = CARTESIAN_POINT('',(11.707843142053,-33.295,2.5));
#2170 = DIRECTION('',(-1.,1.800422864001E-16,0.));
#2171 = DIRECTION('',(-1.800422864001E-16,-1.,0.));
#2172 = PCURVE('',#539,#2173);
#2173 = DEFINITIONAL_REPRESENTATION('',(#2174),#2177);
#2174 = B_SPLINE_CURVE_WITH_KNOTS('',1,(#2175,#2176),.UNSPECIFIED.,.F.,
  .F.,(2,2),(0.,1.570796326795),.PIECEWISE_BEZIER_KNOTS.);
#2175 = CARTESIAN_POINT('',(0.,0.));
#2176 = CARTESIAN_POINT('',(1.570796326795,0.));
#2177 = ( GEOMETRIC_REPRESENTATION_CONTEXT(2) 
PARAMETRIC_REPRESENTATION_CONTEXT() REPRESENTATION_CONTEXT('2D SPACE',''
  ) );
#2178 = PCURVE('',#1677,#2179);
#2179 = DEFINITIONAL_REPRESENTATION('',(#2180),#2183);
#2180 = B_SPLINE_CURVE_WITH_KNOTS('',1,(#2181,#2182),.UNSPECIFIED.,.F.,
  .F.,(2,2),(0.,1.570796326795),.PIECEWISE_BEZIER_KNOTS.);
#2181 = CARTESIAN_POINT('',(-1.570796326795,0.));
#2182 = CARTESIAN_POINT('',(-1.570796326795,1.570796326795));
#2183 = ( GEOMETRIC_REPRESENTATION_CONTEXT(2) 
PARAMETRIC_REPRESENTATION_CONTEXT() REPRESENTATION_CONTEXT('2D SPACE',''
  ) );
#2184 = ORIENTED_EDGE('',*,*,#1633,.T.);
#2185 = ORIENTED_EDGE('',*,*,#523,.F.);
#2186 = ORIENTED_EDGE('',*,*,#582,.F.);
#2187 = ADVANCED_FACE('',(#2188),#621,.T.);
#2188 = FACE_BOUND('',#2189,.F.);
#2189 = EDGE_LOOP('',(#2190,#2191,#2215,#2243));
#2190 = ORIENTED_EDGE('',*,*,#605,.T.);
#2191 = ORIENTED_EDGE('',*,*,#2192,.F.);
#2192 = EDGE_CURVE('',#2193,#583,#2195,.T.);
#2193 = VERTEX_POINT('',#2194);
#2194 = CARTESIAN_POINT('',(33.795,-11.70784314205,2.5));
#2195 = SURFACE_CURVE('',#2196,(#2201,#2208),.PCURVE_S1.);
#2196 = CIRCLE('',#2197,22.087156857947);
#2197 = AXIS2_PLACEMENT_3D('',#2198,#2199,#2200);
#2198 = CARTESIAN_POINT('',(11.707843142053,-11.70784314205,2.5));
#2199 = DIRECTION('',(0.,-0.,-1.));
#2200 = DIRECTION('',(1.,-2.412746263575E-16,0.));
#2201 = PCURVE('',#621,#2202);
#2202 = DEFINITIONAL_REPRESENTATION('',(#2203),#2207);
#2203 = LINE('',#2204,#2205);
#2204 = CARTESIAN_POINT('',(-6.28318530718,-2.5));
#2205 = VECTOR('',#2206,1.);
#2206 = DIRECTION('',(1.,-0.));
#2207 = ( GEOMETRIC_REPRESENTATION_CONTEXT(2) 
PARAMETRIC_REPRESENTATION_CONTEXT() REPRESENTATION_CONTEXT('2D SPACE',''
  ) );
#2208 = PCURVE('',#1677,#2209);
#2209 = DEFINITIONAL_REPRESENTATION('',(#2210),#2214);
#2210 = LINE('',#2211,#2212);
#2211 = CARTESIAN_POINT('',(-0.,0.));
#2212 = VECTOR('',#2213,1.);
#2213 = DIRECTION('',(-1.,0.));
#2214 = ( GEOMETRIC_REPRESENTATION_CONTEXT(2) 
PARAMETRIC_REPRESENTATION_CONTEXT() REPRESENTATION_CONTEXT('2D SPACE',''
  ) );
#2215 = ORIENTED_EDGE('',*,*,#2216,.F.);
#2216 = EDGE_CURVE('',#2217,#2193,#2219,.T.);
#2217 = VERTEX_POINT('',#2218);
#2218 = CARTESIAN_POINT('',(33.795,-11.70784314205,0.5));
#2219 = SURFACE_CURVE('',#2220,(#2224,#2231),.PCURVE_S1.);
#2220 = LINE('',#2221,#2222);
#2221 = CARTESIAN_POINT('',(33.795,-11.70784314205,0.));
#2222 = VECTOR('',#2223,1.);
#2223 = DIRECTION('',(0.,0.,1.));
#2224 = PCURVE('',#621,#2225);
#2225 = DEFINITIONAL_REPRESENTATION('',(#2226),#2230);
#2226 = LINE('',#2227,#2228);
#2227 = CARTESIAN_POINT('',(-6.28318530718,0.));
#2228 = VECTOR('',#2229,1.);
#2229 = DIRECTION('',(-0.,-1.));
#2230 = ( GEOMETRIC_REPRESENTATION_CONTEXT(2) 
PARAMETRIC_REPRESENTATION_CONTEXT() REPRESENTATION_CONTEXT('2D SPACE',''
  ) );
#2231 = PCURVE('',#2232,#2237);
#2232 = PLANE('',#2233);
#2233 = AXIS2_PLACEMENT_3D('',#2234,#2235,#2236);
#2234 = CARTESIAN_POINT('',(33.795,-11.70784314205,0.));
#2235 = DIRECTION('',(-1.,0.,0.));
#2236 = DIRECTION('',(0.,1.,0.));
#2237 = DEFINITIONAL_REPRESENTATION('',(#2238),#2242);
#2238 = LINE('',#2239,#2240);
#2239 = CARTESIAN_POINT('',(0.,0.));
#2240 = VECTOR('',#2241,1.);
#2241 = DIRECTION('',(0.,-1.));
#2242 = ( GEOMETRIC_REPRESENTATION_CONTEXT(2) 
PARAMETRIC_REPRESENTATION_CONTEXT() REPRESENTATION_CONTEXT('2D SPACE',''
  ) );
#2243 = ORIENTED_EDGE('',*,*,#2244,.T.);
#2244 = EDGE_CURVE('',#2217,#606,#2245,.T.);
#2245 = SURFACE_CURVE('',#2246,(#2251,#2258),.PCURVE_S1.);
#2246 = CIRCLE('',#2247,22.087156857947);
#2247 = AXIS2_PLACEMENT_3D('',#2248,#2249,#2250);
#2248 = CARTESIAN_POINT('',(11.707843142053,-11.70784314205,0.5));
#2249 = DIRECTION('',(0.,-0.,-1.));
#2250 = DIRECTION('',(1.,-2.412746263575E-16,0.));
#2251 = PCURVE('',#621,#2252);
#2252 = DEFINITIONAL_REPRESENTATION('',(#2253),#2257);
#2253 = LINE('',#2254,#2255);
#2254 = CARTESIAN_POINT('',(-6.28318530718,-0.5));
#2255 = VECTOR('',#2256,1.);
#2256 = DIRECTION('',(1.,-0.));
#2257 = ( GEOMETRIC_REPRESENTATION_CONTEXT(2) 
PARAMETRIC_REPRESENTATION_CONTEXT() REPRESENTATION_CONTEXT('2D SPACE',''
  ) );
#2258 = PCURVE('',#703,#2259);
#2259 = DEFINITIONAL_REPRESENTATION('',(#2260),#2264);
#2260 = LINE('',#2261,#2262);
#2261 = CARTESIAN_POINT('',(0.,0.));
#2262 = VECTOR('',#2263,1.);
#2263 = DIRECTION('',(1.,0.));
#2264 = ( GEOMETRIC_REPRESENTATION_CONTEXT(2) 
PARAMETRIC_REPRESENTATION_CONTEXT() REPRESENTATION_CONTEXT('2D SPACE',''
  ) );
#2265 = ADVANCED_FACE('',(#2266),#792,.T.);
#2266 = FACE_BOUND('',#2267,.F.);
#2267 = EDGE_LOOP('',(#2268,#2269,#2270,#2290));
#2268 = ORIENTED_EDGE('',*,*,#1607,.T.);
#2269 = ORIENTED_EDGE('',*,*,#776,.T.);
#2270 = ORIENTED_EDGE('',*,*,#2271,.F.);
#2271 = EDGE_CURVE('',#2088,#744,#2272,.T.);
#2272 = SURFACE_CURVE('',#2273,(#2278,#2284),.PCURVE_S1.);
#2273 = CIRCLE('',#2274,0.5);
#2274 = AXIS2_PLACEMENT_3D('',#2275,#2276,#2277);
#2275 = CARTESIAN_POINT('',(11.707843142053,33.295,0.5));
#2276 = DIRECTION('',(-1.,0.,-0.));
#2277 = DIRECTION('',(-0.,1.,0.));
#2278 = PCURVE('',#792,#2279);
#2279 = DEFINITIONAL_REPRESENTATION('',(#2280),#2283);
#2280 = B_SPLINE_CURVE_WITH_KNOTS('',1,(#2281,#2282),.UNSPECIFIED.,.F.,
  .F.,(2,2),(0.,1.570796326795),.PIECEWISE_BEZIER_KNOTS.);
#2281 = CARTESIAN_POINT('',(0.,23.415686284107));
#2282 = CARTESIAN_POINT('',(-1.570796326795,23.415686284107));
#2283 = ( GEOMETRIC_REPRESENTATION_CONTEXT(2) 
PARAMETRIC_REPRESENTATION_CONTEXT() REPRESENTATION_CONTEXT('2D SPACE',''
  ) );
#2284 = PCURVE('',#764,#2285);
#2285 = DEFINITIONAL_REPRESENTATION('',(#2286),#2289);
#2286 = B_SPLINE_CURVE_WITH_KNOTS('',1,(#2287,#2288),.UNSPECIFIED.,.F.,
  .F.,(2,2),(0.,1.570796326795),.PIECEWISE_BEZIER_KNOTS.);
#2287 = CARTESIAN_POINT('',(0.,0.));
#2288 = CARTESIAN_POINT('',(0.,1.570796326795));
#2289 = ( GEOMETRIC_REPRESENTATION_CONTEXT(2) 
PARAMETRIC_REPRESENTATION_CONTEXT() REPRESENTATION_CONTEXT('2D SPACE',''
  ) );
#2290 = ORIENTED_EDGE('',*,*,#2115,.F.);
#2291 = ADVANCED_FACE('',(#2292),#703,.T.);
#2292 = FACE_BOUND('',#2293,.T.);
#2293 = EDGE_LOOP('',(#2294,#2314,#2315,#2316));
#2294 = ORIENTED_EDGE('',*,*,#2295,.F.);
#2295 = EDGE_CURVE('',#2217,#683,#2296,.T.);
#2296 = SURFACE_CURVE('',#2297,(#2302,#2308),.PCURVE_S1.);
#2297 = CIRCLE('',#2298,0.5);
#2298 = AXIS2_PLACEMENT_3D('',#2299,#2300,#2301);
#2299 = CARTESIAN_POINT('',(33.295,-11.70784314205,0.5));
#2300 = DIRECTION('',(0.,1.,0.));
#2301 = DIRECTION('',(1.,-0.,0.));
#2302 = PCURVE('',#703,#2303);
#2303 = DEFINITIONAL_REPRESENTATION('',(#2304),#2307);
#2304 = B_SPLINE_CURVE_WITH_KNOTS('',1,(#2305,#2306),.UNSPECIFIED.,.F.,
  .F.,(2,2),(0.,1.570796326795),.PIECEWISE_BEZIER_KNOTS.);
#2305 = CARTESIAN_POINT('',(0.,0.));
#2306 = CARTESIAN_POINT('',(0.,1.570796326795));
#2307 = ( GEOMETRIC_REPRESENTATION_CONTEXT(2) 
PARAMETRIC_REPRESENTATION_CONTEXT() REPRESENTATION_CONTEXT('2D SPACE',''
  ) );
#2308 = PCURVE('',#731,#2309);
#2309 = DEFINITIONAL_REPRESENTATION('',(#2310),#2313);
#2310 = B_SPLINE_CURVE_WITH_KNOTS('',1,(#2311,#2312),.UNSPECIFIED.,.F.,
  .F.,(2,2),(0.,1.570796326795),.PIECEWISE_BEZIER_KNOTS.);
#2311 = CARTESIAN_POINT('',(0.,23.415686284107));
#2312 = CARTESIAN_POINT('',(-1.570796326795,23.415686284107));
#2313 = ( GEOMETRIC_REPRESENTATION_CONTEXT(2) 
PARAMETRIC_REPRESENTATION_CONTEXT() REPRESENTATION_CONTEXT('2D SPACE',''
  ) );
#2314 = ORIENTED_EDGE('',*,*,#2244,.T.);
#2315 = ORIENTED_EDGE('',*,*,#2139,.T.);
#2316 = ORIENTED_EDGE('',*,*,#682,.F.);
#2317 = ADVANCED_FACE('',(#2318),#764,.T.);
#2318 = FACE_BOUND('',#2319,.T.);
#2319 = EDGE_LOOP('',(#2320,#2321,#2345,#2365));
#2320 = ORIENTED_EDGE('',*,*,#2271,.F.);
#2321 = ORIENTED_EDGE('',*,*,#2322,.T.);
#2322 = EDGE_CURVE('',#2088,#2323,#2325,.T.);
#2323 = VERTEX_POINT('',#2324);
#2324 = CARTESIAN_POINT('',(33.795,11.707843142053,0.5));
#2325 = SURFACE_CURVE('',#2326,(#2331,#2338),.PCURVE_S1.);
#2326 = CIRCLE('',#2327,22.087156857947);
#2327 = AXIS2_PLACEMENT_3D('',#2328,#2329,#2330);
#2328 = CARTESIAN_POINT('',(11.707843142053,11.707843142053,0.5));
#2329 = DIRECTION('',(0.,-0.,-1.));
#2330 = DIRECTION('',(8.04248754525E-17,1.,-0.));
#2331 = PCURVE('',#764,#2332);
#2332 = DEFINITIONAL_REPRESENTATION('',(#2333),#2337);
#2333 = LINE('',#2334,#2335);
#2334 = CARTESIAN_POINT('',(0.,0.));
#2335 = VECTOR('',#2336,1.);
#2336 = DIRECTION('',(1.,0.));
#2337 = ( GEOMETRIC_REPRESENTATION_CONTEXT(2) 
PARAMETRIC_REPRESENTATION_CONTEXT() REPRESENTATION_CONTEXT('2D SPACE',''
  ) );
#2338 = PCURVE('',#2103,#2339);
#2339 = DEFINITIONAL_REPRESENTATION('',(#2340),#2344);
#2340 = LINE('',#2341,#2342);
#2341 = CARTESIAN_POINT('',(-1.570796326795,-0.5));
#2342 = VECTOR('',#2343,1.);
#2343 = DIRECTION('',(1.,-0.));
#2344 = ( GEOMETRIC_REPRESENTATION_CONTEXT(2) 
PARAMETRIC_REPRESENTATION_CONTEXT() REPRESENTATION_CONTEXT('2D SPACE',''
  ) );
#2345 = ORIENTED_EDGE('',*,*,#2346,.T.);
#2346 = EDGE_CURVE('',#2323,#716,#2347,.T.);
#2347 = SURFACE_CURVE('',#2348,(#2353,#2359),.PCURVE_S1.);
#2348 = CIRCLE('',#2349,0.5);
#2349 = AXIS2_PLACEMENT_3D('',#2350,#2351,#2352);
#2350 = CARTESIAN_POINT('',(33.295,11.707843142053,0.5));
#2351 = DIRECTION('',(1.919253549513E-17,1.,0.));
#2352 = DIRECTION('',(1.,-1.919253549513E-17,0.));
#2353 = PCURVE('',#764,#2354);
#2354 = DEFINITIONAL_REPRESENTATION('',(#2355),#2358);
#2355 = B_SPLINE_CURVE_WITH_KNOTS('',1,(#2356,#2357),.UNSPECIFIED.,.F.,
  .F.,(2,2),(0.,1.570796326795),.PIECEWISE_BEZIER_KNOTS.);
#2356 = CARTESIAN_POINT('',(1.570796326795,0.));
#2357 = CARTESIAN_POINT('',(1.570796326795,1.570796326795));
#2358 = ( GEOMETRIC_REPRESENTATION_CONTEXT(2) 
PARAMETRIC_REPRESENTATION_CONTEXT() REPRESENTATION_CONTEXT('2D SPACE',''
  ) );
#2359 = PCURVE('',#731,#2360);
#2360 = DEFINITIONAL_REPRESENTATION('',(#2361),#2364);
#2361 = B_SPLINE_CURVE_WITH_KNOTS('',1,(#2362,#2363),.UNSPECIFIED.,.F.,
  .F.,(2,2),(0.,1.570796326795),.PIECEWISE_BEZIER_KNOTS.);
#2362 = CARTESIAN_POINT('',(0.,0.));
#2363 = CARTESIAN_POINT('',(-1.570796326795,0.));
#2364 = ( GEOMETRIC_REPRESENTATION_CONTEXT(2) 
PARAMETRIC_REPRESENTATION_CONTEXT() REPRESENTATION_CONTEXT('2D SPACE',''
  ) );
#2365 = ORIENTED_EDGE('',*,*,#743,.F.);
#2366 = ADVANCED_FACE('',(#2367),#731,.T.);
#2367 = FACE_BOUND('',#2368,.F.);
#2368 = EDGE_LOOP('',(#2369,#2370,#2371,#2372));
#2369 = ORIENTED_EDGE('',*,*,#2346,.T.);
#2370 = ORIENTED_EDGE('',*,*,#715,.T.);
#2371 = ORIENTED_EDGE('',*,*,#2295,.F.);
#2372 = ORIENTED_EDGE('',*,*,#2373,.F.);
#2373 = EDGE_CURVE('',#2323,#2217,#2374,.T.);
#2374 = SURFACE_CURVE('',#2375,(#2379,#2386),.PCURVE_S1.);
#2375 = LINE('',#2376,#2377);
#2376 = CARTESIAN_POINT('',(33.795,11.707843142053,0.5));
#2377 = VECTOR('',#2378,1.);
#2378 = DIRECTION('',(-0.,-1.,-0.));
#2379 = PCURVE('',#731,#2380);
#2380 = DEFINITIONAL_REPRESENTATION('',(#2381),#2385);
#2381 = LINE('',#2382,#2383);
#2382 = CARTESIAN_POINT('',(-0.,0.));
#2383 = VECTOR('',#2384,1.);
#2384 = DIRECTION('',(-0.,1.));
#2385 = ( GEOMETRIC_REPRESENTATION_CONTEXT(2) 
PARAMETRIC_REPRESENTATION_CONTEXT() REPRESENTATION_CONTEXT('2D SPACE',''
  ) );
#2386 = PCURVE('',#2232,#2387);
#2387 = DEFINITIONAL_REPRESENTATION('',(#2388),#2392);
#2388 = LINE('',#2389,#2390);
#2389 = CARTESIAN_POINT('',(23.415686284107,-0.5));
#2390 = VECTOR('',#2391,1.);
#2391 = DIRECTION('',(-1.,0.));
#2392 = ( GEOMETRIC_REPRESENTATION_CONTEXT(2) 
PARAMETRIC_REPRESENTATION_CONTEXT() REPRESENTATION_CONTEXT('2D SPACE',''
  ) );
#2393 = ADVANCED_FACE('',(#2394),#850,.T.);
#2394 = FACE_BOUND('',#2395,.T.);
#2395 = EDGE_LOOP('',(#2396,#2418,#2446,#2466));
#2396 = ORIENTED_EDGE('',*,*,#2397,.T.);
#2397 = EDGE_CURVE('',#833,#2398,#2400,.T.);
#2398 = VERTEX_POINT('',#2399);
#2399 = CARTESIAN_POINT('',(-18.50743127105,-12.29471656763,0.5));
#2400 = SURFACE_CURVE('',#2401,(#2406,#2412),.PCURVE_S1.);
#2401 = CIRCLE('',#2402,0.5);
#2402 = AXIS2_PLACEMENT_3D('',#2403,#2404,#2405);
#2403 = CARTESIAN_POINT('',(-19.00743127105,-12.29471656763,0.5));
#2404 = DIRECTION('',(0.,-1.,0.));
#2405 = DIRECTION('',(-1.,0.,0.));
#2406 = PCURVE('',#850,#2407);
#2407 = DEFINITIONAL_REPRESENTATION('',(#2408),#2411);
#2408 = B_SPLINE_CURVE_WITH_KNOTS('',1,(#2409,#2410),.UNSPECIFIED.,.F.,
  .F.,(2,2),(1.570796326795,3.14159265359),.PIECEWISE_BEZIER_KNOTS.);
#2409 = CARTESIAN_POINT('',(0.,0.5));
#2410 = CARTESIAN_POINT('',(1.570796326795,0.5));
#2411 = ( GEOMETRIC_REPRESENTATION_CONTEXT(2) 
PARAMETRIC_REPRESENTATION_CONTEXT() REPRESENTATION_CONTEXT('2D SPACE',''
  ) );
#2412 = PCURVE('',#883,#2413);
#2413 = DEFINITIONAL_REPRESENTATION('',(#2414),#2417);
#2414 = B_SPLINE_CURVE_WITH_KNOTS('',1,(#2415,#2416),.UNSPECIFIED.,.F.,
  .F.,(2,2),(1.570796326795,3.14159265359),.PIECEWISE_BEZIER_KNOTS.);
#2415 = CARTESIAN_POINT('',(0.,1.570796326795));
#2416 = CARTESIAN_POINT('',(0.,3.14159265359));
#2417 = ( GEOMETRIC_REPRESENTATION_CONTEXT(2) 
PARAMETRIC_REPRESENTATION_CONTEXT() REPRESENTATION_CONTEXT('2D SPACE',''
  ) );
#2418 = ORIENTED_EDGE('',*,*,#2419,.T.);
#2419 = EDGE_CURVE('',#2398,#2420,#2422,.T.);
#2420 = VERTEX_POINT('',#2421);
#2421 = CARTESIAN_POINT('',(-18.50743127105,-16.44528337585,0.5));
#2422 = SURFACE_CURVE('',#2423,(#2427,#2434),.PCURVE_S1.);
#2423 = LINE('',#2424,#2425);
#2424 = CARTESIAN_POINT('',(-18.50743127105,-11.79471656763,0.5));
#2425 = VECTOR('',#2426,1.);
#2426 = DIRECTION('',(0.,-1.,0.));
#2427 = PCURVE('',#850,#2428);
#2428 = DEFINITIONAL_REPRESENTATION('',(#2429),#2433);
#2429 = LINE('',#2430,#2431);
#2430 = CARTESIAN_POINT('',(1.570796326795,0.));
#2431 = VECTOR('',#2432,1.);
#2432 = DIRECTION('',(0.,1.));
#2433 = ( GEOMETRIC_REPRESENTATION_CONTEXT(2) 
PARAMETRIC_REPRESENTATION_CONTEXT() REPRESENTATION_CONTEXT('2D SPACE',''
  ) );
#2434 = PCURVE('',#2435,#2440);
#2435 = PLANE('',#2436);
#2436 = AXIS2_PLACEMENT_3D('',#2437,#2438,#2439);
#2437 = CARTESIAN_POINT('',(-18.50743127105,-16.94528337585,-1.));
#2438 = DIRECTION('',(-1.,0.,0.));
#2439 = DIRECTION('',(0.,1.,0.));
#2440 = DEFINITIONAL_REPRESENTATION('',(#2441),#2445);
#2441 = LINE('',#2442,#2443);
#2442 = CARTESIAN_POINT('',(5.15056680822,-1.5));
#2443 = VECTOR('',#2444,1.);
#2444 = DIRECTION('',(-1.,0.));
#2445 = ( GEOMETRIC_REPRESENTATION_CONTEXT(2) 
PARAMETRIC_REPRESENTATION_CONTEXT() REPRESENTATION_CONTEXT('2D SPACE',''
  ) );
#2446 = ORIENTED_EDGE('',*,*,#2447,.F.);
#2447 = EDGE_CURVE('',#835,#2420,#2448,.T.);
#2448 = SURFACE_CURVE('',#2449,(#2454,#2460),.PCURVE_S1.);
#2449 = CIRCLE('',#2450,0.5);
#2450 = AXIS2_PLACEMENT_3D('',#2451,#2452,#2453);
#2451 = CARTESIAN_POINT('',(-19.00743127105,-16.44528337585,0.5));
#2452 = DIRECTION('',(0.,-1.,0.));
#2453 = DIRECTION('',(-1.,0.,0.));
#2454 = PCURVE('',#850,#2455);
#2455 = DEFINITIONAL_REPRESENTATION('',(#2456),#2459);
#2456 = B_SPLINE_CURVE_WITH_KNOTS('',1,(#2457,#2458),.UNSPECIFIED.,.F.,
  .F.,(2,2),(1.570796326795,3.14159265359),.PIECEWISE_BEZIER_KNOTS.);
#2457 = CARTESIAN_POINT('',(0.,4.65056680822));
#2458 = CARTESIAN_POINT('',(1.570796326795,4.65056680822));
#2459 = ( GEOMETRIC_REPRESENTATION_CONTEXT(2) 
PARAMETRIC_REPRESENTATION_CONTEXT() REPRESENTATION_CONTEXT('2D SPACE',''
  ) );
#2460 = PCURVE('',#1052,#2461);
#2461 = DEFINITIONAL_REPRESENTATION('',(#2462),#2465);
#2462 = B_SPLINE_CURVE_WITH_KNOTS('',1,(#2463,#2464),.UNSPECIFIED.,.F.,
  .F.,(2,2),(1.570796326795,3.14159265359),.PIECEWISE_BEZIER_KNOTS.);
#2463 = CARTESIAN_POINT('',(0.,1.570796326795));
#2464 = CARTESIAN_POINT('',(0.,3.14159265359));
#2465 = ( GEOMETRIC_REPRESENTATION_CONTEXT(2) 
PARAMETRIC_REPRESENTATION_CONTEXT() REPRESENTATION_CONTEXT('2D SPACE',''
  ) );
#2466 = ORIENTED_EDGE('',*,*,#832,.F.);
#2467 = ADVANCED_FACE('',(#2468),#883,.T.);
#2468 = FACE_BOUND('',#2469,.T.);
#2469 = EDGE_LOOP('',(#2470,#2471,#2472,#2494));
#2470 = ORIENTED_EDGE('',*,*,#2397,.F.);
#2471 = ORIENTED_EDGE('',*,*,#862,.T.);
#2472 = ORIENTED_EDGE('',*,*,#2473,.T.);
#2473 = EDGE_CURVE('',#863,#2474,#2476,.T.);
#2474 = VERTEX_POINT('',#2475);
#2475 = CARTESIAN_POINT('',(-18.00743127105,-11.79471656763,0.5));
#2476 = SURFACE_CURVE('',#2477,(#2482,#2488),.PCURVE_S1.);
#2477 = CIRCLE('',#2478,0.5);
#2478 = AXIS2_PLACEMENT_3D('',#2479,#2480,#2481);
#2479 = CARTESIAN_POINT('',(-18.00743127105,-11.29471656763,0.5));
#2480 = DIRECTION('',(-1.,-6.123233995737E-17,0.));
#2481 = DIRECTION('',(-6.123233995737E-17,1.,0.));
#2482 = PCURVE('',#883,#2483);
#2483 = DEFINITIONAL_REPRESENTATION('',(#2484),#2487);
#2484 = B_SPLINE_CURVE_WITH_KNOTS('',1,(#2485,#2486),.UNSPECIFIED.,.F.,
  .F.,(2,2),(1.570796326795,3.14159265359),.PIECEWISE_BEZIER_KNOTS.);
#2485 = CARTESIAN_POINT('',(1.570796326795,1.570796326795));
#2486 = CARTESIAN_POINT('',(1.570796326795,3.14159265359));
#2487 = ( GEOMETRIC_REPRESENTATION_CONTEXT(2) 
PARAMETRIC_REPRESENTATION_CONTEXT() REPRESENTATION_CONTEXT('2D SPACE',''
  ) );
#2488 = PCURVE('',#911,#2489);
#2489 = DEFINITIONAL_REPRESENTATION('',(#2490),#2493);
#2490 = B_SPLINE_CURVE_WITH_KNOTS('',1,(#2491,#2492),.UNSPECIFIED.,.F.,
  .F.,(2,2),(1.570796326795,3.14159265359),.PIECEWISE_BEZIER_KNOTS.);
#2491 = CARTESIAN_POINT('',(0.,10.514710141795));
#2492 = CARTESIAN_POINT('',(1.570796326795,10.514710141795));
#2493 = ( GEOMETRIC_REPRESENTATION_CONTEXT(2) 
PARAMETRIC_REPRESENTATION_CONTEXT() REPRESENTATION_CONTEXT('2D SPACE',''
  ) );
#2494 = ORIENTED_EDGE('',*,*,#2495,.F.);
#2495 = EDGE_CURVE('',#2398,#2474,#2496,.T.);
#2496 = SURFACE_CURVE('',#2497,(#2502,#2509),.PCURVE_S1.);
#2497 = CIRCLE('',#2498,0.5);
#2498 = AXIS2_PLACEMENT_3D('',#2499,#2500,#2501);
#2499 = CARTESIAN_POINT('',(-18.00743127105,-12.29471656763,0.5));
#2500 = DIRECTION('',(-0.,0.,-1.));
#2501 = DIRECTION('',(-1.,0.,0.));
#2502 = PCURVE('',#883,#2503);
#2503 = DEFINITIONAL_REPRESENTATION('',(#2504),#2508);
#2504 = LINE('',#2505,#2506);
#2505 = CARTESIAN_POINT('',(0.,3.14159265359));
#2506 = VECTOR('',#2507,1.);
#2507 = DIRECTION('',(1.,0.));
#2508 = ( GEOMETRIC_REPRESENTATION_CONTEXT(2) 
PARAMETRIC_REPRESENTATION_CONTEXT() REPRESENTATION_CONTEXT('2D SPACE',''
  ) );
#2509 = PCURVE('',#2510,#2515);
#2510 = CYLINDRICAL_SURFACE('',#2511,0.5);
#2511 = AXIS2_PLACEMENT_3D('',#2512,#2513,#2514);
#2512 = CARTESIAN_POINT('',(-18.00743127105,-12.29471656763,0.));
#2513 = DIRECTION('',(0.,0.,1.));
#2514 = DIRECTION('',(-1.,0.,0.));
#2515 = DEFINITIONAL_REPRESENTATION('',(#2516),#2520);
#2516 = LINE('',#2517,#2518);
#2517 = CARTESIAN_POINT('',(-0.,0.5));
#2518 = VECTOR('',#2519,1.);
#2519 = DIRECTION('',(-1.,0.));
#2520 = ( GEOMETRIC_REPRESENTATION_CONTEXT(2) 
PARAMETRIC_REPRESENTATION_CONTEXT() REPRESENTATION_CONTEXT('2D SPACE',''
  ) );
#2521 = ADVANCED_FACE('',(#2522),#1052,.T.);
#2522 = FACE_BOUND('',#2523,.F.);
#2523 = EDGE_LOOP('',(#2524,#2525,#2526,#2548));
#2524 = ORIENTED_EDGE('',*,*,#2447,.F.);
#2525 = ORIENTED_EDGE('',*,*,#1037,.T.);
#2526 = ORIENTED_EDGE('',*,*,#2527,.T.);
#2527 = EDGE_CURVE('',#1010,#2528,#2530,.T.);
#2528 = VERTEX_POINT('',#2529);
#2529 = CARTESIAN_POINT('',(-18.00743127105,-16.94528337585,0.5));
#2530 = SURFACE_CURVE('',#2531,(#2536,#2542),.PCURVE_S1.);
#2531 = CIRCLE('',#2532,0.5);
#2532 = AXIS2_PLACEMENT_3D('',#2533,#2534,#2535);
#2533 = CARTESIAN_POINT('',(-18.00743127105,-17.44528337585,0.5));
#2534 = DIRECTION('',(1.,-6.123233995737E-17,0.));
#2535 = DIRECTION('',(-6.123233995737E-17,-1.,0.));
#2536 = PCURVE('',#1052,#2537);
#2537 = DEFINITIONAL_REPRESENTATION('',(#2538),#2541);
#2538 = B_SPLINE_CURVE_WITH_KNOTS('',1,(#2539,#2540),.UNSPECIFIED.,.F.,
  .F.,(2,2),(1.570796326795,3.14159265359),.PIECEWISE_BEZIER_KNOTS.);
#2539 = CARTESIAN_POINT('',(-1.570796326795,1.570796326795));
#2540 = CARTESIAN_POINT('',(-1.570796326795,3.14159265359));
#2541 = ( GEOMETRIC_REPRESENTATION_CONTEXT(2) 
PARAMETRIC_REPRESENTATION_CONTEXT() REPRESENTATION_CONTEXT('2D SPACE',''
  ) );
#2542 = PCURVE('',#1025,#2543);
#2543 = DEFINITIONAL_REPRESENTATION('',(#2544),#2547);
#2544 = B_SPLINE_CURVE_WITH_KNOTS('',1,(#2545,#2546),.UNSPECIFIED.,.F.,
  .F.,(2,2),(1.570796326795,3.14159265359),.PIECEWISE_BEZIER_KNOTS.);
#2545 = CARTESIAN_POINT('',(0.,10.514710141795));
#2546 = CARTESIAN_POINT('',(-1.570796326795,10.514710141795));
#2547 = ( GEOMETRIC_REPRESENTATION_CONTEXT(2) 
PARAMETRIC_REPRESENTATION_CONTEXT() REPRESENTATION_CONTEXT('2D SPACE',''
  ) );
#2548 = ORIENTED_EDGE('',*,*,#2549,.F.);
#2549 = EDGE_CURVE('',#2420,#2528,#2550,.T.);
#2550 = SURFACE_CURVE('',#2551,(#2556,#2563),.PCURVE_S1.);
#2551 = CIRCLE('',#2552,0.5);
#2552 = AXIS2_PLACEMENT_3D('',#2553,#2554,#2555);
#2553 = CARTESIAN_POINT('',(-18.00743127105,-16.44528337585,0.5));
#2554 = DIRECTION('',(0.,0.,1.));
#2555 = DIRECTION('',(-1.,0.,0.));
#2556 = PCURVE('',#1052,#2557);
#2557 = DEFINITIONAL_REPRESENTATION('',(#2558),#2562);
#2558 = LINE('',#2559,#2560);
#2559 = CARTESIAN_POINT('',(-0.,3.14159265359));
#2560 = VECTOR('',#2561,1.);
#2561 = DIRECTION('',(-1.,0.));
#2562 = ( GEOMETRIC_REPRESENTATION_CONTEXT(2) 
PARAMETRIC_REPRESENTATION_CONTEXT() REPRESENTATION_CONTEXT('2D SPACE',''
  ) );
#2563 = PCURVE('',#2564,#2569);
#2564 = CYLINDRICAL_SURFACE('',#2565,0.5);
#2565 = AXIS2_PLACEMENT_3D('',#2566,#2567,#2568);
#2566 = CARTESIAN_POINT('',(-18.00743127105,-16.44528337585,0.));
#2567 = DIRECTION('',(0.,0.,1.));
#2568 = DIRECTION('',(-1.,0.,0.));
#2569 = DEFINITIONAL_REPRESENTATION('',(#2570),#2574);
#2570 = LINE('',#2571,#2572);
#2571 = CARTESIAN_POINT('',(0.,0.5));
#2572 = VECTOR('',#2573,1.);
#2573 = DIRECTION('',(1.,0.));
#2574 = ( GEOMETRIC_REPRESENTATION_CONTEXT(2) 
PARAMETRIC_REPRESENTATION_CONTEXT() REPRESENTATION_CONTEXT('2D SPACE',''
  ) );
#2575 = ADVANCED_FACE('',(#2576),#911,.T.);
#2576 = FACE_BOUND('',#2577,.T.);
#2577 = EDGE_LOOP('',(#2578,#2600,#2626,#2627));
#2578 = ORIENTED_EDGE('',*,*,#2579,.T.);
#2579 = EDGE_CURVE('',#896,#2580,#2582,.T.);
#2580 = VERTEX_POINT('',#2581);
#2581 = CARTESIAN_POINT('',(-7.992721129255,-11.79471656763,0.5));
#2582 = SURFACE_CURVE('',#2583,(#2588,#2594),.PCURVE_S1.);
#2583 = CIRCLE('',#2584,0.5);
#2584 = AXIS2_PLACEMENT_3D('',#2585,#2586,#2587);
#2585 = CARTESIAN_POINT('',(-7.992721129255,-11.29471656763,0.5));
#2586 = DIRECTION('',(-1.,6.123233995737E-17,0.));
#2587 = DIRECTION('',(6.123233995737E-17,1.,-0.));
#2588 = PCURVE('',#911,#2589);
#2589 = DEFINITIONAL_REPRESENTATION('',(#2590),#2593);
#2590 = B_SPLINE_CURVE_WITH_KNOTS('',1,(#2591,#2592),.UNSPECIFIED.,.F.,
  .F.,(2,2),(1.570796326795,3.14159265359),.PIECEWISE_BEZIER_KNOTS.);
#2591 = CARTESIAN_POINT('',(0.,0.5));
#2592 = CARTESIAN_POINT('',(1.570796326795,0.5));
#2593 = ( GEOMETRIC_REPRESENTATION_CONTEXT(2) 
PARAMETRIC_REPRESENTATION_CONTEXT() REPRESENTATION_CONTEXT('2D SPACE',''
  ) );
#2594 = PCURVE('',#940,#2595);
#2595 = DEFINITIONAL_REPRESENTATION('',(#2596),#2599);
#2596 = B_SPLINE_CURVE_WITH_KNOTS('',1,(#2597,#2598),.UNSPECIFIED.,.F.,
  .F.,(2,2),(1.570796326795,3.14159265359),.PIECEWISE_BEZIER_KNOTS.);
#2597 = CARTESIAN_POINT('',(-1.570796326795,1.570796326795));
#2598 = CARTESIAN_POINT('',(-1.570796326795,3.14159265359));
#2599 = ( GEOMETRIC_REPRESENTATION_CONTEXT(2) 
PARAMETRIC_REPRESENTATION_CONTEXT() REPRESENTATION_CONTEXT('2D SPACE',''
  ) );
#2600 = ORIENTED_EDGE('',*,*,#2601,.T.);
#2601 = EDGE_CURVE('',#2580,#2474,#2602,.T.);
#2602 = SURFACE_CURVE('',#2603,(#2607,#2614),.PCURVE_S1.);
#2603 = LINE('',#2604,#2605);
#2604 = CARTESIAN_POINT('',(-7.492721129255,-11.79471656763,0.5));
#2605 = VECTOR('',#2606,1.);
#2606 = DIRECTION('',(-1.,0.,0.));
#2607 = PCURVE('',#911,#2608);
#2608 = DEFINITIONAL_REPRESENTATION('',(#2609),#2613);
#2609 = LINE('',#2610,#2611);
#2610 = CARTESIAN_POINT('',(1.570796326795,0.));
#2611 = VECTOR('',#2612,1.);
#2612 = DIRECTION('',(0.,1.));
#2613 = ( GEOMETRIC_REPRESENTATION_CONTEXT(2) 
PARAMETRIC_REPRESENTATION_CONTEXT() REPRESENTATION_CONTEXT('2D SPACE',''
  ) );
#2614 = PCURVE('',#2615,#2620);
#2615 = PLANE('',#2616);
#2616 = AXIS2_PLACEMENT_3D('',#2617,#2618,#2619);
#2617 = CARTESIAN_POINT('',(-18.50743127105,-11.79471656763,-1.));
#2618 = DIRECTION('',(0.,1.,0.));
#2619 = DIRECTION('',(1.,0.,0.));
#2620 = DEFINITIONAL_REPRESENTATION('',(#2621),#2625);
#2621 = LINE('',#2622,#2623);
#2622 = CARTESIAN_POINT('',(11.014710141795,-1.5));
#2623 = VECTOR('',#2624,1.);
#2624 = DIRECTION('',(-1.,0.));
#2625 = ( GEOMETRIC_REPRESENTATION_CONTEXT(2) 
PARAMETRIC_REPRESENTATION_CONTEXT() REPRESENTATION_CONTEXT('2D SPACE',''
  ) );
#2626 = ORIENTED_EDGE('',*,*,#2473,.F.);
#2627 = ORIENTED_EDGE('',*,*,#895,.F.);
#2628 = ADVANCED_FACE('',(#2629),#1025,.T.);
#2629 = FACE_BOUND('',#2630,.F.);
#2630 = EDGE_LOOP('',(#2631,#2653,#2679,#2680));
#2631 = ORIENTED_EDGE('',*,*,#2632,.T.);
#2632 = EDGE_CURVE('',#981,#2633,#2635,.T.);
#2633 = VERTEX_POINT('',#2634);
#2634 = CARTESIAN_POINT('',(-7.992721129255,-16.94528337585,0.5));
#2635 = SURFACE_CURVE('',#2636,(#2641,#2647),.PCURVE_S1.);
#2636 = CIRCLE('',#2637,0.5);
#2637 = AXIS2_PLACEMENT_3D('',#2638,#2639,#2640);
#2638 = CARTESIAN_POINT('',(-7.992721129255,-17.44528337585,0.5));
#2639 = DIRECTION('',(1.,0.,0.));
#2640 = DIRECTION('',(0.,-1.,0.));
#2641 = PCURVE('',#1025,#2642);
#2642 = DEFINITIONAL_REPRESENTATION('',(#2643),#2646);
#2643 = B_SPLINE_CURVE_WITH_KNOTS('',1,(#2644,#2645),.UNSPECIFIED.,.F.,
  .F.,(2,2),(1.570796326795,3.14159265359),.PIECEWISE_BEZIER_KNOTS.);
#2644 = CARTESIAN_POINT('',(0.,0.5));
#2645 = CARTESIAN_POINT('',(-1.570796326795,0.5));
#2646 = ( GEOMETRIC_REPRESENTATION_CONTEXT(2) 
PARAMETRIC_REPRESENTATION_CONTEXT() REPRESENTATION_CONTEXT('2D SPACE',''
  ) );
#2647 = PCURVE('',#997,#2648);
#2648 = DEFINITIONAL_REPRESENTATION('',(#2649),#2652);
#2649 = B_SPLINE_CURVE_WITH_KNOTS('',1,(#2650,#2651),.UNSPECIFIED.,.F.,
  .F.,(2,2),(1.570796326795,3.14159265359),.PIECEWISE_BEZIER_KNOTS.);
#2650 = CARTESIAN_POINT('',(0.,1.570796326795));
#2651 = CARTESIAN_POINT('',(0.,3.14159265359));
#2652 = ( GEOMETRIC_REPRESENTATION_CONTEXT(2) 
PARAMETRIC_REPRESENTATION_CONTEXT() REPRESENTATION_CONTEXT('2D SPACE',''
  ) );
#2653 = ORIENTED_EDGE('',*,*,#2654,.T.);
#2654 = EDGE_CURVE('',#2633,#2528,#2655,.T.);
#2655 = SURFACE_CURVE('',#2656,(#2660,#2667),.PCURVE_S1.);
#2656 = LINE('',#2657,#2658);
#2657 = CARTESIAN_POINT('',(-7.492721129255,-16.94528337585,0.5));
#2658 = VECTOR('',#2659,1.);
#2659 = DIRECTION('',(-1.,0.,0.));
#2660 = PCURVE('',#1025,#2661);
#2661 = DEFINITIONAL_REPRESENTATION('',(#2662),#2666);
#2662 = LINE('',#2663,#2664);
#2663 = CARTESIAN_POINT('',(-1.570796326795,0.));
#2664 = VECTOR('',#2665,1.);
#2665 = DIRECTION('',(-0.,1.));
#2666 = ( GEOMETRIC_REPRESENTATION_CONTEXT(2) 
PARAMETRIC_REPRESENTATION_CONTEXT() REPRESENTATION_CONTEXT('2D SPACE',''
  ) );
#2667 = PCURVE('',#2668,#2673);
#2668 = PLANE('',#2669);
#2669 = AXIS2_PLACEMENT_3D('',#2670,#2671,#2672);
#2670 = CARTESIAN_POINT('',(-18.50743127105,-16.94528337585,-1.));
#2671 = DIRECTION('',(0.,1.,0.));
#2672 = DIRECTION('',(1.,0.,0.));
#2673 = DEFINITIONAL_REPRESENTATION('',(#2674),#2678);
#2674 = LINE('',#2675,#2676);
#2675 = CARTESIAN_POINT('',(11.014710141795,-1.5));
#2676 = VECTOR('',#2677,1.);
#2677 = DIRECTION('',(-1.,0.));
#2678 = ( GEOMETRIC_REPRESENTATION_CONTEXT(2) 
PARAMETRIC_REPRESENTATION_CONTEXT() REPRESENTATION_CONTEXT('2D SPACE',''
  ) );
#2679 = ORIENTED_EDGE('',*,*,#2527,.F.);
#2680 = ORIENTED_EDGE('',*,*,#1009,.F.);
#2681 = ADVANCED_FACE('',(#2682),#940,.T.);
#2682 = FACE_BOUND('',#2683,.F.);
#2683 = EDGE_LOOP('',(#2684,#2706,#2707,#2708));
#2684 = ORIENTED_EDGE('',*,*,#2685,.F.);
#2685 = EDGE_CURVE('',#924,#2686,#2688,.T.);
#2686 = VERTEX_POINT('',#2687);
#2687 = CARTESIAN_POINT('',(-7.492721129255,-12.29471656763,0.5));
#2688 = SURFACE_CURVE('',#2689,(#2694,#2700),.PCURVE_S1.);
#2689 = CIRCLE('',#2690,0.5);
#2690 = AXIS2_PLACEMENT_3D('',#2691,#2692,#2693);
#2691 = CARTESIAN_POINT('',(-6.992721129255,-12.29471656763,0.5));
#2692 = DIRECTION('',(0.,1.,0.));
#2693 = DIRECTION('',(1.,0.,-0.));
#2694 = PCURVE('',#940,#2695);
#2695 = DEFINITIONAL_REPRESENTATION('',(#2696),#2699);
#2696 = B_SPLINE_CURVE_WITH_KNOTS('',1,(#2697,#2698),.UNSPECIFIED.,.F.,
  .F.,(2,2),(1.570796326795,3.14159265359),.PIECEWISE_BEZIER_KNOTS.);
#2697 = CARTESIAN_POINT('',(0.,1.570796326795));
#2698 = CARTESIAN_POINT('',(0.,3.14159265359));
#2699 = ( GEOMETRIC_REPRESENTATION_CONTEXT(2) 
PARAMETRIC_REPRESENTATION_CONTEXT() REPRESENTATION_CONTEXT('2D SPACE',''
  ) );
#2700 = PCURVE('',#968,#2701);
#2701 = DEFINITIONAL_REPRESENTATION('',(#2702),#2705);
#2702 = B_SPLINE_CURVE_WITH_KNOTS('',1,(#2703,#2704),.UNSPECIFIED.,.F.,
  .F.,(2,2),(1.570796326795,3.14159265359),.PIECEWISE_BEZIER_KNOTS.);
#2703 = CARTESIAN_POINT('',(0.,0.5));
#2704 = CARTESIAN_POINT('',(-1.570796326795,0.5));
#2705 = ( GEOMETRIC_REPRESENTATION_CONTEXT(2) 
PARAMETRIC_REPRESENTATION_CONTEXT() REPRESENTATION_CONTEXT('2D SPACE',''
  ) );
#2706 = ORIENTED_EDGE('',*,*,#923,.T.);
#2707 = ORIENTED_EDGE('',*,*,#2579,.T.);
#2708 = ORIENTED_EDGE('',*,*,#2709,.F.);
#2709 = EDGE_CURVE('',#2686,#2580,#2710,.T.);
#2710 = SURFACE_CURVE('',#2711,(#2716,#2723),.PCURVE_S1.);
#2711 = CIRCLE('',#2712,0.5);
#2712 = AXIS2_PLACEMENT_3D('',#2713,#2714,#2715);
#2713 = CARTESIAN_POINT('',(-7.992721129255,-12.29471656763,0.5));
#2714 = DIRECTION('',(0.,0.,1.));
#2715 = DIRECTION('',(1.,0.,-0.));
#2716 = PCURVE('',#940,#2717);
#2717 = DEFINITIONAL_REPRESENTATION('',(#2718),#2722);
#2718 = LINE('',#2719,#2720);
#2719 = CARTESIAN_POINT('',(-0.,3.14159265359));
#2720 = VECTOR('',#2721,1.);
#2721 = DIRECTION('',(-1.,0.));
#2722 = ( GEOMETRIC_REPRESENTATION_CONTEXT(2) 
PARAMETRIC_REPRESENTATION_CONTEXT() REPRESENTATION_CONTEXT('2D SPACE',''
  ) );
#2723 = PCURVE('',#2724,#2729);
#2724 = CYLINDRICAL_SURFACE('',#2725,0.5);
#2725 = AXIS2_PLACEMENT_3D('',#2726,#2727,#2728);
#2726 = CARTESIAN_POINT('',(-7.992721129255,-12.29471656763,0.));
#2727 = DIRECTION('',(0.,0.,1.));
#2728 = DIRECTION('',(1.,0.,-0.));
#2729 = DEFINITIONAL_REPRESENTATION('',(#2730),#2734);
#2730 = LINE('',#2731,#2732);
#2731 = CARTESIAN_POINT('',(0.,0.5));
#2732 = VECTOR('',#2733,1.);
#2733 = DIRECTION('',(1.,0.));
#2734 = ( GEOMETRIC_REPRESENTATION_CONTEXT(2) 
PARAMETRIC_REPRESENTATION_CONTEXT() REPRESENTATION_CONTEXT('2D SPACE',''
  ) );
#2735 = ADVANCED_FACE('',(#2736),#997,.T.);
#2736 = FACE_BOUND('',#2737,.F.);
#2737 = EDGE_LOOP('',(#2738,#2739,#2740,#2762));
#2738 = ORIENTED_EDGE('',*,*,#2632,.F.);
#2739 = ORIENTED_EDGE('',*,*,#980,.T.);
#2740 = ORIENTED_EDGE('',*,*,#2741,.T.);
#2741 = EDGE_CURVE('',#953,#2742,#2744,.T.);
#2742 = VERTEX_POINT('',#2743);
#2743 = CARTESIAN_POINT('',(-7.492721129255,-16.44528337585,0.5));
#2744 = SURFACE_CURVE('',#2745,(#2750,#2756),.PCURVE_S1.);
#2745 = CIRCLE('',#2746,0.5);
#2746 = AXIS2_PLACEMENT_3D('',#2747,#2748,#2749);
#2747 = CARTESIAN_POINT('',(-6.992721129255,-16.44528337585,0.5));
#2748 = DIRECTION('',(6.123233995737E-17,1.,0.));
#2749 = DIRECTION('',(1.,-6.123233995737E-17,0.));
#2750 = PCURVE('',#997,#2751);
#2751 = DEFINITIONAL_REPRESENTATION('',(#2752),#2755);
#2752 = B_SPLINE_CURVE_WITH_KNOTS('',1,(#2753,#2754),.UNSPECIFIED.,.F.,
  .F.,(2,2),(1.570796326795,3.14159265359),.PIECEWISE_BEZIER_KNOTS.);
#2753 = CARTESIAN_POINT('',(-1.570796326795,1.570796326795));
#2754 = CARTESIAN_POINT('',(-1.570796326795,3.14159265359));
#2755 = ( GEOMETRIC_REPRESENTATION_CONTEXT(2) 
PARAMETRIC_REPRESENTATION_CONTEXT() REPRESENTATION_CONTEXT('2D SPACE',''
  ) );
#2756 = PCURVE('',#968,#2757);
#2757 = DEFINITIONAL_REPRESENTATION('',(#2758),#2761);
#2758 = B_SPLINE_CURVE_WITH_KNOTS('',1,(#2759,#2760),.UNSPECIFIED.,.F.,
  .F.,(2,2),(1.570796326795,3.14159265359),.PIECEWISE_BEZIER_KNOTS.);
#2759 = CARTESIAN_POINT('',(0.,4.65056680822));
#2760 = CARTESIAN_POINT('',(-1.570796326795,4.65056680822));
#2761 = ( GEOMETRIC_REPRESENTATION_CONTEXT(2) 
PARAMETRIC_REPRESENTATION_CONTEXT() REPRESENTATION_CONTEXT('2D SPACE',''
  ) );
#2762 = ORIENTED_EDGE('',*,*,#2763,.F.);
#2763 = EDGE_CURVE('',#2633,#2742,#2764,.T.);
#2764 = SURFACE_CURVE('',#2765,(#2770,#2777),.PCURVE_S1.);
#2765 = CIRCLE('',#2766,0.5);
#2766 = AXIS2_PLACEMENT_3D('',#2767,#2768,#2769);
#2767 = CARTESIAN_POINT('',(-7.992721129255,-16.44528337585,0.5));
#2768 = DIRECTION('',(0.,0.,1.));
#2769 = DIRECTION('',(0.,-1.,0.));
#2770 = PCURVE('',#997,#2771);
#2771 = DEFINITIONAL_REPRESENTATION('',(#2772),#2776);
#2772 = LINE('',#2773,#2774);
#2773 = CARTESIAN_POINT('',(-0.,3.14159265359));
#2774 = VECTOR('',#2775,1.);
#2775 = DIRECTION('',(-1.,0.));
#2776 = ( GEOMETRIC_REPRESENTATION_CONTEXT(2) 
PARAMETRIC_REPRESENTATION_CONTEXT() REPRESENTATION_CONTEXT('2D SPACE',''
  ) );
#2777 = PCURVE('',#2778,#2783);
#2778 = CYLINDRICAL_SURFACE('',#2779,0.5);
#2779 = AXIS2_PLACEMENT_3D('',#2780,#2781,#2782);
#2780 = CARTESIAN_POINT('',(-7.992721129255,-16.44528337585,0.));
#2781 = DIRECTION('',(0.,0.,1.));
#2782 = DIRECTION('',(0.,-1.,0.));
#2783 = DEFINITIONAL_REPRESENTATION('',(#2784),#2788);
#2784 = LINE('',#2785,#2786);
#2785 = CARTESIAN_POINT('',(0.,0.5));
#2786 = VECTOR('',#2787,1.);
#2787 = DIRECTION('',(1.,0.));
#2788 = ( GEOMETRIC_REPRESENTATION_CONTEXT(2) 
PARAMETRIC_REPRESENTATION_CONTEXT() REPRESENTATION_CONTEXT('2D SPACE',''
  ) );
#2789 = ADVANCED_FACE('',(#2790),#968,.T.);
#2790 = FACE_BOUND('',#2791,.F.);
#2791 = EDGE_LOOP('',(#2792,#2793,#2819,#2820));
#2792 = ORIENTED_EDGE('',*,*,#2685,.T.);
#2793 = ORIENTED_EDGE('',*,*,#2794,.T.);
#2794 = EDGE_CURVE('',#2686,#2742,#2795,.T.);
#2795 = SURFACE_CURVE('',#2796,(#2800,#2807),.PCURVE_S1.);
#2796 = LINE('',#2797,#2798);
#2797 = CARTESIAN_POINT('',(-7.492721129255,-11.79471656763,0.5));
#2798 = VECTOR('',#2799,1.);
#2799 = DIRECTION('',(0.,-1.,0.));
#2800 = PCURVE('',#968,#2801);
#2801 = DEFINITIONAL_REPRESENTATION('',(#2802),#2806);
#2802 = LINE('',#2803,#2804);
#2803 = CARTESIAN_POINT('',(-1.570796326795,0.));
#2804 = VECTOR('',#2805,1.);
#2805 = DIRECTION('',(-0.,1.));
#2806 = ( GEOMETRIC_REPRESENTATION_CONTEXT(2) 
PARAMETRIC_REPRESENTATION_CONTEXT() REPRESENTATION_CONTEXT('2D SPACE',''
  ) );
#2807 = PCURVE('',#2808,#2813);
#2808 = PLANE('',#2809);
#2809 = AXIS2_PLACEMENT_3D('',#2810,#2811,#2812);
#2810 = CARTESIAN_POINT('',(-7.492721129255,-16.94528337585,-1.));
#2811 = DIRECTION('',(-1.,0.,0.));
#2812 = DIRECTION('',(0.,1.,0.));
#2813 = DEFINITIONAL_REPRESENTATION('',(#2814),#2818);
#2814 = LINE('',#2815,#2816);
#2815 = CARTESIAN_POINT('',(5.15056680822,-1.5));
#2816 = VECTOR('',#2817,1.);
#2817 = DIRECTION('',(-1.,0.));
#2818 = ( GEOMETRIC_REPRESENTATION_CONTEXT(2) 
PARAMETRIC_REPRESENTATION_CONTEXT() REPRESENTATION_CONTEXT('2D SPACE',''
  ) );
#2819 = ORIENTED_EDGE('',*,*,#2741,.F.);
#2820 = ORIENTED_EDGE('',*,*,#952,.F.);
#2821 = ADVANCED_FACE('',(#2822),#1087,.T.);
#2822 = FACE_BOUND('',#2823,.T.);
#2823 = EDGE_LOOP('',(#2824,#2846,#2847,#2848));
#2824 = ORIENTED_EDGE('',*,*,#2825,.F.);
#2825 = EDGE_CURVE('',#1067,#2826,#2828,.T.);
#2826 = VERTEX_POINT('',#2827);
#2827 = CARTESIAN_POINT('',(-10.43597224011,-7.67,0.5));
#2828 = SEAM_CURVE('',#2829,(#2834,#2840),.PCURVE_S1.);
#2829 = CIRCLE('',#2830,0.5);
#2830 = AXIS2_PLACEMENT_3D('',#2831,#2832,#2833);
#2831 = CARTESIAN_POINT('',(-9.935972240118,-7.67,0.5));
#2832 = DIRECTION('',(3.46399689425E-16,1.,0.));
#2833 = DIRECTION('',(1.,-3.46399689425E-16,0.));
#2834 = PCURVE('',#1087,#2835);
#2835 = DEFINITIONAL_REPRESENTATION('',(#2836),#2839);
#2836 = B_SPLINE_CURVE_WITH_KNOTS('',1,(#2837,#2838),.UNSPECIFIED.,.F.,
  .F.,(2,2),(1.570796326795,3.14159265359),.PIECEWISE_BEZIER_KNOTS.);
#2837 = CARTESIAN_POINT('',(0.,1.570796326795));
#2838 = CARTESIAN_POINT('',(0.,3.14159265359));
#2839 = ( GEOMETRIC_REPRESENTATION_CONTEXT(2) 
PARAMETRIC_REPRESENTATION_CONTEXT() REPRESENTATION_CONTEXT('2D SPACE',''
  ) );
#2840 = PCURVE('',#1087,#2841);
#2841 = DEFINITIONAL_REPRESENTATION('',(#2842),#2845);
#2842 = B_SPLINE_CURVE_WITH_KNOTS('',1,(#2843,#2844),.UNSPECIFIED.,.F.,
  .F.,(2,2),(1.570796326795,3.14159265359),.PIECEWISE_BEZIER_KNOTS.);
#2843 = CARTESIAN_POINT('',(6.28318530718,1.570796326795));
#2844 = CARTESIAN_POINT('',(6.28318530718,3.14159265359));
#2845 = ( GEOMETRIC_REPRESENTATION_CONTEXT(2) 
PARAMETRIC_REPRESENTATION_CONTEXT() REPRESENTATION_CONTEXT('2D SPACE',''
  ) );
#2846 = ORIENTED_EDGE('',*,*,#1066,.T.);
#2847 = ORIENTED_EDGE('',*,*,#2825,.T.);
#2848 = ORIENTED_EDGE('',*,*,#2849,.F.);
#2849 = EDGE_CURVE('',#2826,#2826,#2850,.T.);
#2850 = SURFACE_CURVE('',#2851,(#2856,#2863),.PCURVE_S1.);
#2851 = CIRCLE('',#2852,2.564027759882);
#2852 = AXIS2_PLACEMENT_3D('',#2853,#2854,#2855);
#2853 = CARTESIAN_POINT('',(-13.,-7.67,0.5));
#2854 = DIRECTION('',(0.,-0.,-1.));
#2855 = DIRECTION('',(1.,-3.46399689425E-16,0.));
#2856 = PCURVE('',#1087,#2857);
#2857 = DEFINITIONAL_REPRESENTATION('',(#2858),#2862);
#2858 = LINE('',#2859,#2860);
#2859 = CARTESIAN_POINT('',(0.,3.14159265359));
#2860 = VECTOR('',#2861,1.);
#2861 = DIRECTION('',(1.,0.));
#2862 = ( GEOMETRIC_REPRESENTATION_CONTEXT(2) 
PARAMETRIC_REPRESENTATION_CONTEXT() REPRESENTATION_CONTEXT('2D SPACE',''
  ) );
#2863 = PCURVE('',#2864,#2869);
#2864 = CYLINDRICAL_SURFACE('',#2865,2.564027759882);
#2865 = AXIS2_PLACEMENT_3D('',#2866,#2867,#2868);
#2866 = CARTESIAN_POINT('',(-13.,-7.67,-1.));
#2867 = DIRECTION('',(-0.,-0.,-1.));
#2868 = DIRECTION('',(1.,0.,0.));
#2869 = DEFINITIONAL_REPRESENTATION('',(#2870),#2874);
#2870 = LINE('',#2871,#2872);
#2871 = CARTESIAN_POINT('',(-6.28318530718,-1.5));
#2872 = VECTOR('',#2873,1.);
#2873 = DIRECTION('',(1.,-0.));
#2874 = ( GEOMETRIC_REPRESENTATION_CONTEXT(2) 
PARAMETRIC_REPRESENTATION_CONTEXT() REPRESENTATION_CONTEXT('2D SPACE',''
  ) );
#2875 = ADVANCED_FACE('',(#2876),#1119,.T.);
#2876 = FACE_BOUND('',#2877,.T.);
#2877 = EDGE_LOOP('',(#2878,#2900,#2928,#2948));
#2878 = ORIENTED_EDGE('',*,*,#2879,.T.);
#2879 = EDGE_CURVE('',#1102,#2880,#2882,.T.);
#2880 = VERTEX_POINT('',#2881);
#2881 = CARTESIAN_POINT('',(3.405784139593,-8.288296365224,0.5));
#2882 = SURFACE_CURVE('',#2883,(#2888,#2894),.PCURVE_S1.);
#2883 = CIRCLE('',#2884,0.5);
#2884 = AXIS2_PLACEMENT_3D('',#2885,#2886,#2887);
#2885 = CARTESIAN_POINT('',(2.905784139593,-8.288296365224,0.5));
#2886 = DIRECTION('',(0.,-1.,0.));
#2887 = DIRECTION('',(-1.,0.,0.));
#2888 = PCURVE('',#1119,#2889);
#2889 = DEFINITIONAL_REPRESENTATION('',(#2890),#2893);
#2890 = B_SPLINE_CURVE_WITH_KNOTS('',1,(#2891,#2892),.UNSPECIFIED.,.F.,
  .F.,(2,2),(1.570796326795,3.14159265359),.PIECEWISE_BEZIER_KNOTS.);
#2891 = CARTESIAN_POINT('',(0.,0.5));
#2892 = CARTESIAN_POINT('',(1.570796326795,0.5));
#2893 = ( GEOMETRIC_REPRESENTATION_CONTEXT(2) 
PARAMETRIC_REPRESENTATION_CONTEXT() REPRESENTATION_CONTEXT('2D SPACE',''
  ) );
#2894 = PCURVE('',#1152,#2895);
#2895 = DEFINITIONAL_REPRESENTATION('',(#2896),#2899);
#2896 = B_SPLINE_CURVE_WITH_KNOTS('',1,(#2897,#2898),.UNSPECIFIED.,.F.,
  .F.,(2,2),(1.570796326795,3.14159265359),.PIECEWISE_BEZIER_KNOTS.);
#2897 = CARTESIAN_POINT('',(0.,1.570796326795));
#2898 = CARTESIAN_POINT('',(0.,3.14159265359));
#2899 = ( GEOMETRIC_REPRESENTATION_CONTEXT(2) 
PARAMETRIC_REPRESENTATION_CONTEXT() REPRESENTATION_CONTEXT('2D SPACE',''
  ) );
#2900 = ORIENTED_EDGE('',*,*,#2901,.T.);
#2901 = EDGE_CURVE('',#2880,#2902,#2904,.T.);
#2902 = VERTEX_POINT('',#2903);
#2903 = CARTESIAN_POINT('',(3.405784139593,-16.97373333622,0.5));
#2904 = SURFACE_CURVE('',#2905,(#2909,#2916),.PCURVE_S1.);
#2905 = LINE('',#2906,#2907);
#2906 = CARTESIAN_POINT('',(3.405784139593,-7.788296365224,0.5));
#2907 = VECTOR('',#2908,1.);
#2908 = DIRECTION('',(0.,-1.,0.));
#2909 = PCURVE('',#1119,#2910);
#2910 = DEFINITIONAL_REPRESENTATION('',(#2911),#2915);
#2911 = LINE('',#2912,#2913);
#2912 = CARTESIAN_POINT('',(1.570796326795,0.));
#2913 = VECTOR('',#2914,1.);
#2914 = DIRECTION('',(0.,1.));
#2915 = ( GEOMETRIC_REPRESENTATION_CONTEXT(2) 
PARAMETRIC_REPRESENTATION_CONTEXT() REPRESENTATION_CONTEXT('2D SPACE',''
  ) );
#2916 = PCURVE('',#2917,#2922);
#2917 = PLANE('',#2918);
#2918 = AXIS2_PLACEMENT_3D('',#2919,#2920,#2921);
#2919 = CARTESIAN_POINT('',(3.405784139593,-17.47373333622,-1.));
#2920 = DIRECTION('',(-1.,0.,0.));
#2921 = DIRECTION('',(0.,1.,0.));
#2922 = DEFINITIONAL_REPRESENTATION('',(#2923),#2927);
#2923 = LINE('',#2924,#2925);
#2924 = CARTESIAN_POINT('',(9.685436971003,-1.5));
#2925 = VECTOR('',#2926,1.);
#2926 = DIRECTION('',(-1.,0.));
#2927 = ( GEOMETRIC_REPRESENTATION_CONTEXT(2) 
PARAMETRIC_REPRESENTATION_CONTEXT() REPRESENTATION_CONTEXT('2D SPACE',''
  ) );
#2928 = ORIENTED_EDGE('',*,*,#2929,.F.);
#2929 = EDGE_CURVE('',#1104,#2902,#2930,.T.);
#2930 = SURFACE_CURVE('',#2931,(#2936,#2942),.PCURVE_S1.);
#2931 = CIRCLE('',#2932,0.5);
#2932 = AXIS2_PLACEMENT_3D('',#2933,#2934,#2935);
#2933 = CARTESIAN_POINT('',(2.905784139593,-16.97373333622,0.5));
#2934 = DIRECTION('',(0.,-1.,0.));
#2935 = DIRECTION('',(-1.,0.,0.));
#2936 = PCURVE('',#1119,#2937);
#2937 = DEFINITIONAL_REPRESENTATION('',(#2938),#2941);
#2938 = B_SPLINE_CURVE_WITH_KNOTS('',1,(#2939,#2940),.UNSPECIFIED.,.F.,
  .F.,(2,2),(1.570796326795,3.14159265359),.PIECEWISE_BEZIER_KNOTS.);
#2939 = CARTESIAN_POINT('',(0.,9.185436971003));
#2940 = CARTESIAN_POINT('',(1.570796326795,9.185436971003));
#2941 = ( GEOMETRIC_REPRESENTATION_CONTEXT(2) 
PARAMETRIC_REPRESENTATION_CONTEXT() REPRESENTATION_CONTEXT('2D SPACE',''
  ) );
#2942 = PCURVE('',#1321,#2943);
#2943 = DEFINITIONAL_REPRESENTATION('',(#2944),#2947);
#2944 = B_SPLINE_CURVE_WITH_KNOTS('',1,(#2945,#2946),.UNSPECIFIED.,.F.,
  .F.,(2,2),(1.570796326795,3.14159265359),.PIECEWISE_BEZIER_KNOTS.);
#2945 = CARTESIAN_POINT('',(0.,1.570796326795));
#2946 = CARTESIAN_POINT('',(0.,3.14159265359));
#2947 = ( GEOMETRIC_REPRESENTATION_CONTEXT(2) 
PARAMETRIC_REPRESENTATION_CONTEXT() REPRESENTATION_CONTEXT('2D SPACE',''
  ) );
#2948 = ORIENTED_EDGE('',*,*,#1101,.F.);
#2949 = ADVANCED_FACE('',(#2950),#1152,.T.);
#2950 = FACE_BOUND('',#2951,.T.);
#2951 = EDGE_LOOP('',(#2952,#2953,#2954,#2976));
#2952 = ORIENTED_EDGE('',*,*,#2879,.F.);
#2953 = ORIENTED_EDGE('',*,*,#1131,.T.);
#2954 = ORIENTED_EDGE('',*,*,#2955,.T.);
#2955 = EDGE_CURVE('',#1132,#2956,#2958,.T.);
#2956 = VERTEX_POINT('',#2957);
#2957 = CARTESIAN_POINT('',(3.905784139593,-7.788296365224,0.5));
#2958 = SURFACE_CURVE('',#2959,(#2964,#2970),.PCURVE_S1.);
#2959 = CIRCLE('',#2960,0.5);
#2960 = AXIS2_PLACEMENT_3D('',#2961,#2962,#2963);
#2961 = CARTESIAN_POINT('',(3.905784139593,-7.288296365224,0.5));
#2962 = DIRECTION('',(-1.,-6.123233995737E-17,0.));
#2963 = DIRECTION('',(-6.123233995737E-17,1.,0.));
#2964 = PCURVE('',#1152,#2965);
#2965 = DEFINITIONAL_REPRESENTATION('',(#2966),#2969);
#2966 = B_SPLINE_CURVE_WITH_KNOTS('',1,(#2967,#2968),.UNSPECIFIED.,.F.,
  .F.,(2,2),(1.570796326795,3.14159265359),.PIECEWISE_BEZIER_KNOTS.);
#2967 = CARTESIAN_POINT('',(1.570796326795,1.570796326795));
#2968 = CARTESIAN_POINT('',(1.570796326795,3.14159265359));
#2969 = ( GEOMETRIC_REPRESENTATION_CONTEXT(2) 
PARAMETRIC_REPRESENTATION_CONTEXT() REPRESENTATION_CONTEXT('2D SPACE',''
  ) );
#2970 = PCURVE('',#1180,#2971);
#2971 = DEFINITIONAL_REPRESENTATION('',(#2972),#2975);
#2972 = B_SPLINE_CURVE_WITH_KNOTS('',1,(#2973,#2974),.UNSPECIFIED.,.F.,
  .F.,(2,2),(1.570796326795,3.14159265359),.PIECEWISE_BEZIER_KNOTS.);
#2973 = CARTESIAN_POINT('',(0.,18.688907939858));
#2974 = CARTESIAN_POINT('',(1.570796326795,18.688907939858));
#2975 = ( GEOMETRIC_REPRESENTATION_CONTEXT(2) 
PARAMETRIC_REPRESENTATION_CONTEXT() REPRESENTATION_CONTEXT('2D SPACE',''
  ) );
#2976 = ORIENTED_EDGE('',*,*,#2977,.F.);
#2977 = EDGE_CURVE('',#2880,#2956,#2978,.T.);
#2978 = SURFACE_CURVE('',#2979,(#2984,#2991),.PCURVE_S1.);
#2979 = CIRCLE('',#2980,0.5);
#2980 = AXIS2_PLACEMENT_3D('',#2981,#2982,#2983);
#2981 = CARTESIAN_POINT('',(3.905784139593,-8.288296365224,0.5));
#2982 = DIRECTION('',(-0.,0.,-1.));
#2983 = DIRECTION('',(-1.,0.,0.));
#2984 = PCURVE('',#1152,#2985);
#2985 = DEFINITIONAL_REPRESENTATION('',(#2986),#2990);
#2986 = LINE('',#2987,#2988);
#2987 = CARTESIAN_POINT('',(0.,3.14159265359));
#2988 = VECTOR('',#2989,1.);
#2989 = DIRECTION('',(1.,0.));
#2990 = ( GEOMETRIC_REPRESENTATION_CONTEXT(2) 
PARAMETRIC_REPRESENTATION_CONTEXT() REPRESENTATION_CONTEXT('2D SPACE',''
  ) );
#2991 = PCURVE('',#2992,#2997);
#2992 = CYLINDRICAL_SURFACE('',#2993,0.5);
#2993 = AXIS2_PLACEMENT_3D('',#2994,#2995,#2996);
#2994 = CARTESIAN_POINT('',(3.905784139593,-8.288296365224,0.));
#2995 = DIRECTION('',(0.,0.,1.));
#2996 = DIRECTION('',(-1.,0.,0.));
#2997 = DEFINITIONAL_REPRESENTATION('',(#2998),#3002);
#2998 = LINE('',#2999,#3000);
#2999 = CARTESIAN_POINT('',(-0.,0.5));
#3000 = VECTOR('',#3001,1.);
#3001 = DIRECTION('',(-1.,0.));
#3002 = ( GEOMETRIC_REPRESENTATION_CONTEXT(2) 
PARAMETRIC_REPRESENTATION_CONTEXT() REPRESENTATION_CONTEXT('2D SPACE',''
  ) );
#3003 = ADVANCED_FACE('',(#3004),#1321,.T.);
#3004 = FACE_BOUND('',#3005,.F.);
#3005 = EDGE_LOOP('',(#3006,#3007,#3008,#3030));
#3006 = ORIENTED_EDGE('',*,*,#2929,.F.);
#3007 = ORIENTED_EDGE('',*,*,#1306,.T.);
#3008 = ORIENTED_EDGE('',*,*,#3009,.T.);
#3009 = EDGE_CURVE('',#1279,#3010,#3012,.T.);
#3010 = VERTEX_POINT('',#3011);
#3011 = CARTESIAN_POINT('',(3.905784139593,-17.47373333622,0.5));
#3012 = SURFACE_CURVE('',#3013,(#3018,#3024),.PCURVE_S1.);
#3013 = CIRCLE('',#3014,0.5);
#3014 = AXIS2_PLACEMENT_3D('',#3015,#3016,#3017);
#3015 = CARTESIAN_POINT('',(3.905784139593,-17.97373333622,0.5));
#3016 = DIRECTION('',(1.,-6.123233995737E-17,0.));
#3017 = DIRECTION('',(-6.123233995737E-17,-1.,0.));
#3018 = PCURVE('',#1321,#3019);
#3019 = DEFINITIONAL_REPRESENTATION('',(#3020),#3023);
#3020 = B_SPLINE_CURVE_WITH_KNOTS('',1,(#3021,#3022),.UNSPECIFIED.,.F.,
  .F.,(2,2),(1.570796326795,3.14159265359),.PIECEWISE_BEZIER_KNOTS.);
#3021 = CARTESIAN_POINT('',(-1.570796326795,1.570796326795));
#3022 = CARTESIAN_POINT('',(-1.570796326795,3.14159265359));
#3023 = ( GEOMETRIC_REPRESENTATION_CONTEXT(2) 
PARAMETRIC_REPRESENTATION_CONTEXT() REPRESENTATION_CONTEXT('2D SPACE',''
  ) );
#3024 = PCURVE('',#1294,#3025);
#3025 = DEFINITIONAL_REPRESENTATION('',(#3026),#3029);
#3026 = B_SPLINE_CURVE_WITH_KNOTS('',1,(#3027,#3028),.UNSPECIFIED.,.F.,
  .F.,(2,2),(1.570796326795,3.14159265359),.PIECEWISE_BEZIER_KNOTS.);
#3027 = CARTESIAN_POINT('',(0.,18.688907939858));
#3028 = CARTESIAN_POINT('',(-1.570796326795,18.688907939858));
#3029 = ( GEOMETRIC_REPRESENTATION_CONTEXT(2) 
PARAMETRIC_REPRESENTATION_CONTEXT() REPRESENTATION_CONTEXT('2D SPACE',''
  ) );
#3030 = ORIENTED_EDGE('',*,*,#3031,.F.);
#3031 = EDGE_CURVE('',#2902,#3010,#3032,.T.);
#3032 = SURFACE_CURVE('',#3033,(#3038,#3045),.PCURVE_S1.);
#3033 = CIRCLE('',#3034,0.5);
#3034 = AXIS2_PLACEMENT_3D('',#3035,#3036,#3037);
#3035 = CARTESIAN_POINT('',(3.905784139593,-16.97373333622,0.5));
#3036 = DIRECTION('',(0.,0.,1.));
#3037 = DIRECTION('',(-1.,0.,0.));
#3038 = PCURVE('',#1321,#3039);
#3039 = DEFINITIONAL_REPRESENTATION('',(#3040),#3044);
#3040 = LINE('',#3041,#3042);
#3041 = CARTESIAN_POINT('',(-0.,3.14159265359));
#3042 = VECTOR('',#3043,1.);
#3043 = DIRECTION('',(-1.,0.));
#3044 = ( GEOMETRIC_REPRESENTATION_CONTEXT(2) 
PARAMETRIC_REPRESENTATION_CONTEXT() REPRESENTATION_CONTEXT('2D SPACE',''
  ) );
#3045 = PCURVE('',#3046,#3051);
#3046 = CYLINDRICAL_SURFACE('',#3047,0.5);
#3047 = AXIS2_PLACEMENT_3D('',#3048,#3049,#3050);
#3048 = CARTESIAN_POINT('',(3.905784139593,-16.97373333622,0.));
#3049 = DIRECTION('',(0.,0.,1.));
#3050 = DIRECTION('',(-1.,0.,0.));
#3051 = DEFINITIONAL_REPRESENTATION('',(#3052),#3056);
#3052 = LINE('',#3053,#3054);
#3053 = CARTESIAN_POINT('',(0.,0.5));
#3054 = VECTOR('',#3055,1.);
#3055 = DIRECTION('',(1.,0.));
#3056 = ( GEOMETRIC_REPRESENTATION_CONTEXT(2) 
PARAMETRIC_REPRESENTATION_CONTEXT() REPRESENTATION_CONTEXT('2D SPACE',''
  ) );
#3057 = ADVANCED_FACE('',(#3058),#1180,.T.);
#3058 = FACE_BOUND('',#3059,.T.);
#3059 = EDGE_LOOP('',(#3060,#3082,#3108,#3109));
#3060 = ORIENTED_EDGE('',*,*,#3061,.T.);
#3061 = EDGE_CURVE('',#1165,#3062,#3064,.T.);
#3062 = VERTEX_POINT('',#3063);
#3063 = CARTESIAN_POINT('',(22.094692079452,-7.788296365224,0.5));
#3064 = SURFACE_CURVE('',#3065,(#3070,#3076),.PCURVE_S1.);
#3065 = CIRCLE('',#3066,0.5);
#3066 = AXIS2_PLACEMENT_3D('',#3067,#3068,#3069);
#3067 = CARTESIAN_POINT('',(22.094692079452,-7.288296365224,0.5));
#3068 = DIRECTION('',(-1.,6.123233995737E-17,0.));
#3069 = DIRECTION('',(6.123233995737E-17,1.,-0.));
#3070 = PCURVE('',#1180,#3071);
#3071 = DEFINITIONAL_REPRESENTATION('',(#3072),#3075);
#3072 = B_SPLINE_CURVE_WITH_KNOTS('',1,(#3073,#3074),.UNSPECIFIED.,.F.,
  .F.,(2,2),(1.570796326795,3.14159265359),.PIECEWISE_BEZIER_KNOTS.);
#3073 = CARTESIAN_POINT('',(0.,0.5));
#3074 = CARTESIAN_POINT('',(1.570796326795,0.5));
#3075 = ( GEOMETRIC_REPRESENTATION_CONTEXT(2) 
PARAMETRIC_REPRESENTATION_CONTEXT() REPRESENTATION_CONTEXT('2D SPACE',''
  ) );
#3076 = PCURVE('',#1209,#3077);
#3077 = DEFINITIONAL_REPRESENTATION('',(#3078),#3081);
#3078 = B_SPLINE_CURVE_WITH_KNOTS('',1,(#3079,#3080),.UNSPECIFIED.,.F.,
  .F.,(2,2),(1.570796326795,3.14159265359),.PIECEWISE_BEZIER_KNOTS.);
#3079 = CARTESIAN_POINT('',(-1.570796326795,1.570796326795));
#3080 = CARTESIAN_POINT('',(-1.570796326795,3.14159265359));
#3081 = ( GEOMETRIC_REPRESENTATION_CONTEXT(2) 
PARAMETRIC_REPRESENTATION_CONTEXT() REPRESENTATION_CONTEXT('2D SPACE',''
  ) );
#3082 = ORIENTED_EDGE('',*,*,#3083,.T.);
#3083 = EDGE_CURVE('',#3062,#2956,#3084,.T.);
#3084 = SURFACE_CURVE('',#3085,(#3089,#3096),.PCURVE_S1.);
#3085 = LINE('',#3086,#3087);
#3086 = CARTESIAN_POINT('',(22.594692079452,-7.788296365224,0.5));
#3087 = VECTOR('',#3088,1.);
#3088 = DIRECTION('',(-1.,0.,0.));
#3089 = PCURVE('',#1180,#3090);
#3090 = DEFINITIONAL_REPRESENTATION('',(#3091),#3095);
#3091 = LINE('',#3092,#3093);
#3092 = CARTESIAN_POINT('',(1.570796326795,0.));
#3093 = VECTOR('',#3094,1.);
#3094 = DIRECTION('',(0.,1.));
#3095 = ( GEOMETRIC_REPRESENTATION_CONTEXT(2) 
PARAMETRIC_REPRESENTATION_CONTEXT() REPRESENTATION_CONTEXT('2D SPACE',''
  ) );
#3096 = PCURVE('',#3097,#3102);
#3097 = PLANE('',#3098);
#3098 = AXIS2_PLACEMENT_3D('',#3099,#3100,#3101);
#3099 = CARTESIAN_POINT('',(3.405784139593,-7.788296365224,-1.));
#3100 = DIRECTION('',(0.,1.,0.));
#3101 = DIRECTION('',(1.,0.,0.));
#3102 = DEFINITIONAL_REPRESENTATION('',(#3103),#3107);
#3103 = LINE('',#3104,#3105);
#3104 = CARTESIAN_POINT('',(19.188907939858,-1.5));
#3105 = VECTOR('',#3106,1.);
#3106 = DIRECTION('',(-1.,0.));
#3107 = ( GEOMETRIC_REPRESENTATION_CONTEXT(2) 
PARAMETRIC_REPRESENTATION_CONTEXT() REPRESENTATION_CONTEXT('2D SPACE',''
  ) );
#3108 = ORIENTED_EDGE('',*,*,#2955,.F.);
#3109 = ORIENTED_EDGE('',*,*,#1164,.F.);
#3110 = ADVANCED_FACE('',(#3111),#1294,.T.);
#3111 = FACE_BOUND('',#3112,.F.);
#3112 = EDGE_LOOP('',(#3113,#3135,#3161,#3162));
#3113 = ORIENTED_EDGE('',*,*,#3114,.T.);
#3114 = EDGE_CURVE('',#1250,#3115,#3117,.T.);
#3115 = VERTEX_POINT('',#3116);
#3116 = CARTESIAN_POINT('',(22.094692079452,-17.47373333622,0.5));
#3117 = SURFACE_CURVE('',#3118,(#3123,#3129),.PCURVE_S1.);
#3118 = CIRCLE('',#3119,0.5);
#3119 = AXIS2_PLACEMENT_3D('',#3120,#3121,#3122);
#3120 = CARTESIAN_POINT('',(22.094692079452,-17.97373333622,0.5));
#3121 = DIRECTION('',(1.,0.,0.));
#3122 = DIRECTION('',(0.,-1.,0.));
#3123 = PCURVE('',#1294,#3124);
#3124 = DEFINITIONAL_REPRESENTATION('',(#3125),#3128);
#3125 = B_SPLINE_CURVE_WITH_KNOTS('',1,(#3126,#3127),.UNSPECIFIED.,.F.,
  .F.,(2,2),(1.570796326795,3.14159265359),.PIECEWISE_BEZIER_KNOTS.);
#3126 = CARTESIAN_POINT('',(0.,0.5));
#3127 = CARTESIAN_POINT('',(-1.570796326795,0.5));
#3128 = ( GEOMETRIC_REPRESENTATION_CONTEXT(2) 
PARAMETRIC_REPRESENTATION_CONTEXT() REPRESENTATION_CONTEXT('2D SPACE',''
  ) );
#3129 = PCURVE('',#1266,#3130);
#3130 = DEFINITIONAL_REPRESENTATION('',(#3131),#3134);
#3131 = B_SPLINE_CURVE_WITH_KNOTS('',1,(#3132,#3133),.UNSPECIFIED.,.F.,
  .F.,(2,2),(1.570796326795,3.14159265359),.PIECEWISE_BEZIER_KNOTS.);
#3132 = CARTESIAN_POINT('',(0.,1.570796326795));
#3133 = CARTESIAN_POINT('',(0.,3.14159265359));
#3134 = ( GEOMETRIC_REPRESENTATION_CONTEXT(2) 
PARAMETRIC_REPRESENTATION_CONTEXT() REPRESENTATION_CONTEXT('2D SPACE',''
  ) );
#3135 = ORIENTED_EDGE('',*,*,#3136,.T.);
#3136 = EDGE_CURVE('',#3115,#3010,#3137,.T.);
#3137 = SURFACE_CURVE('',#3138,(#3142,#3149),.PCURVE_S1.);
#3138 = LINE('',#3139,#3140);
#3139 = CARTESIAN_POINT('',(22.594692079452,-17.47373333622,0.5));
#3140 = VECTOR('',#3141,1.);
#3141 = DIRECTION('',(-1.,0.,0.));
#3142 = PCURVE('',#1294,#3143);
#3143 = DEFINITIONAL_REPRESENTATION('',(#3144),#3148);
#3144 = LINE('',#3145,#3146);
#3145 = CARTESIAN_POINT('',(-1.570796326795,0.));
#3146 = VECTOR('',#3147,1.);
#3147 = DIRECTION('',(-0.,1.));
#3148 = ( GEOMETRIC_REPRESENTATION_CONTEXT(2) 
PARAMETRIC_REPRESENTATION_CONTEXT() REPRESENTATION_CONTEXT('2D SPACE',''
  ) );
#3149 = PCURVE('',#3150,#3155);
#3150 = PLANE('',#3151);
#3151 = AXIS2_PLACEMENT_3D('',#3152,#3153,#3154);
#3152 = CARTESIAN_POINT('',(3.405784139593,-17.47373333622,-1.));
#3153 = DIRECTION('',(0.,1.,0.));
#3154 = DIRECTION('',(1.,0.,0.));
#3155 = DEFINITIONAL_REPRESENTATION('',(#3156),#3160);
#3156 = LINE('',#3157,#3158);
#3157 = CARTESIAN_POINT('',(19.188907939858,-1.5));
#3158 = VECTOR('',#3159,1.);
#3159 = DIRECTION('',(-1.,0.));
#3160 = ( GEOMETRIC_REPRESENTATION_CONTEXT(2) 
PARAMETRIC_REPRESENTATION_CONTEXT() REPRESENTATION_CONTEXT('2D SPACE',''
  ) );
#3161 = ORIENTED_EDGE('',*,*,#3009,.F.);
#3162 = ORIENTED_EDGE('',*,*,#1278,.F.);
#3163 = ADVANCED_FACE('',(#3164),#1209,.T.);
#3164 = FACE_BOUND('',#3165,.F.);
#3165 = EDGE_LOOP('',(#3166,#3188,#3189,#3190));
#3166 = ORIENTED_EDGE('',*,*,#3167,.F.);
#3167 = EDGE_CURVE('',#1193,#3168,#3170,.T.);
#3168 = VERTEX_POINT('',#3169);
#3169 = CARTESIAN_POINT('',(22.594692079452,-8.288296365224,0.5));
#3170 = SURFACE_CURVE('',#3171,(#3176,#3182),.PCURVE_S1.);
#3171 = CIRCLE('',#3172,0.5);
#3172 = AXIS2_PLACEMENT_3D('',#3173,#3174,#3175);
#3173 = CARTESIAN_POINT('',(23.094692079452,-8.288296365224,0.5));
#3174 = DIRECTION('',(0.,1.,0.));
#3175 = DIRECTION('',(1.,0.,-0.));
#3176 = PCURVE('',#1209,#3177);
#3177 = DEFINITIONAL_REPRESENTATION('',(#3178),#3181);
#3178 = B_SPLINE_CURVE_WITH_KNOTS('',1,(#3179,#3180),.UNSPECIFIED.,.F.,
  .F.,(2,2),(1.570796326795,3.14159265359),.PIECEWISE_BEZIER_KNOTS.);
#3179 = CARTESIAN_POINT('',(0.,1.570796326795));
#3180 = CARTESIAN_POINT('',(0.,3.14159265359));
#3181 = ( GEOMETRIC_REPRESENTATION_CONTEXT(2) 
PARAMETRIC_REPRESENTATION_CONTEXT() REPRESENTATION_CONTEXT('2D SPACE',''
  ) );
#3182 = PCURVE('',#1237,#3183);
#3183 = DEFINITIONAL_REPRESENTATION('',(#3184),#3187);
#3184 = B_SPLINE_CURVE_WITH_KNOTS('',1,(#3185,#3186),.UNSPECIFIED.,.F.,
  .F.,(2,2),(1.570796326795,3.14159265359),.PIECEWISE_BEZIER_KNOTS.);
#3185 = CARTESIAN_POINT('',(0.,0.5));
#3186 = CARTESIAN_POINT('',(-1.570796326795,0.5));
#3187 = ( GEOMETRIC_REPRESENTATION_CONTEXT(2) 
PARAMETRIC_REPRESENTATION_CONTEXT() REPRESENTATION_CONTEXT('2D SPACE',''
  ) );
#3188 = ORIENTED_EDGE('',*,*,#1192,.T.);
#3189 = ORIENTED_EDGE('',*,*,#3061,.T.);
#3190 = ORIENTED_EDGE('',*,*,#3191,.F.);
#3191 = EDGE_CURVE('',#3168,#3062,#3192,.T.);
#3192 = SURFACE_CURVE('',#3193,(#3198,#3205),.PCURVE_S1.);
#3193 = CIRCLE('',#3194,0.5);
#3194 = AXIS2_PLACEMENT_3D('',#3195,#3196,#3197);
#3195 = CARTESIAN_POINT('',(22.094692079452,-8.288296365224,0.5));
#3196 = DIRECTION('',(0.,0.,1.));
#3197 = DIRECTION('',(1.,0.,-0.));
#3198 = PCURVE('',#1209,#3199);
#3199 = DEFINITIONAL_REPRESENTATION('',(#3200),#3204);
#3200 = LINE('',#3201,#3202);
#3201 = CARTESIAN_POINT('',(-0.,3.14159265359));
#3202 = VECTOR('',#3203,1.);
#3203 = DIRECTION('',(-1.,0.));
#3204 = ( GEOMETRIC_REPRESENTATION_CONTEXT(2) 
PARAMETRIC_REPRESENTATION_CONTEXT() REPRESENTATION_CONTEXT('2D SPACE',''
  ) );
#3205 = PCURVE('',#3206,#3211);
#3206 = CYLINDRICAL_SURFACE('',#3207,0.5);
#3207 = AXIS2_PLACEMENT_3D('',#3208,#3209,#3210);
#3208 = CARTESIAN_POINT('',(22.094692079452,-8.288296365224,0.));
#3209 = DIRECTION('',(0.,0.,1.));
#3210 = DIRECTION('',(1.,0.,-0.));
#3211 = DEFINITIONAL_REPRESENTATION('',(#3212),#3216);
#3212 = LINE('',#3213,#3214);
#3213 = CARTESIAN_POINT('',(0.,0.5));
#3214 = VECTOR('',#3215,1.);
#3215 = DIRECTION('',(1.,0.));
#3216 = ( GEOMETRIC_REPRESENTATION_CONTEXT(2) 
PARAMETRIC_REPRESENTATION_CONTEXT() REPRESENTATION_CONTEXT('2D SPACE',''
  ) );
#3217 = ADVANCED_FACE('',(#3218),#1266,.T.);
#3218 = FACE_BOUND('',#3219,.F.);
#3219 = EDGE_LOOP('',(#3220,#3221,#3222,#3244));
#3220 = ORIENTED_EDGE('',*,*,#3114,.F.);
#3221 = ORIENTED_EDGE('',*,*,#1249,.T.);
#3222 = ORIENTED_EDGE('',*,*,#3223,.T.);
#3223 = EDGE_CURVE('',#1222,#3224,#3226,.T.);
#3224 = VERTEX_POINT('',#3225);
#3225 = CARTESIAN_POINT('',(22.594692079452,-16.97373333622,0.5));
#3226 = SURFACE_CURVE('',#3227,(#3232,#3238),.PCURVE_S1.);
#3227 = CIRCLE('',#3228,0.5);
#3228 = AXIS2_PLACEMENT_3D('',#3229,#3230,#3231);
#3229 = CARTESIAN_POINT('',(23.094692079452,-16.97373333622,0.5));
#3230 = DIRECTION('',(6.123233995737E-17,1.,0.));
#3231 = DIRECTION('',(1.,-6.123233995737E-17,0.));
#3232 = PCURVE('',#1266,#3233);
#3233 = DEFINITIONAL_REPRESENTATION('',(#3234),#3237);
#3234 = B_SPLINE_CURVE_WITH_KNOTS('',1,(#3235,#3236),.UNSPECIFIED.,.F.,
  .F.,(2,2),(1.570796326795,3.14159265359),.PIECEWISE_BEZIER_KNOTS.);
#3235 = CARTESIAN_POINT('',(-1.570796326795,1.570796326795));
#3236 = CARTESIAN_POINT('',(-1.570796326795,3.14159265359));
#3237 = ( GEOMETRIC_REPRESENTATION_CONTEXT(2) 
PARAMETRIC_REPRESENTATION_CONTEXT() REPRESENTATION_CONTEXT('2D SPACE',''
  ) );
#3238 = PCURVE('',#1237,#3239);
#3239 = DEFINITIONAL_REPRESENTATION('',(#3240),#3243);
#3240 = B_SPLINE_CURVE_WITH_KNOTS('',1,(#3241,#3242),.UNSPECIFIED.,.F.,
  .F.,(2,2),(1.570796326795,3.14159265359),.PIECEWISE_BEZIER_KNOTS.);
#3241 = CARTESIAN_POINT('',(0.,9.185436971003));
#3242 = CARTESIAN_POINT('',(-1.570796326795,9.185436971003));
#3243 = ( GEOMETRIC_REPRESENTATION_CONTEXT(2) 
PARAMETRIC_REPRESENTATION_CONTEXT() REPRESENTATION_CONTEXT('2D SPACE',''
  ) );
#3244 = ORIENTED_EDGE('',*,*,#3245,.F.);
#3245 = EDGE_CURVE('',#3115,#3224,#3246,.T.);
#3246 = SURFACE_CURVE('',#3247,(#3252,#3259),.PCURVE_S1.);
#3247 = CIRCLE('',#3248,0.5);
#3248 = AXIS2_PLACEMENT_3D('',#3249,#3250,#3251);
#3249 = CARTESIAN_POINT('',(22.094692079452,-16.97373333622,0.5));
#3250 = DIRECTION('',(0.,0.,1.));
#3251 = DIRECTION('',(0.,-1.,0.));
#3252 = PCURVE('',#1266,#3253);
#3253 = DEFINITIONAL_REPRESENTATION('',(#3254),#3258);
#3254 = LINE('',#3255,#3256);
#3255 = CARTESIAN_POINT('',(-0.,3.14159265359));
#3256 = VECTOR('',#3257,1.);
#3257 = DIRECTION('',(-1.,0.));
#3258 = ( GEOMETRIC_REPRESENTATION_CONTEXT(2) 
PARAMETRIC_REPRESENTATION_CONTEXT() REPRESENTATION_CONTEXT('2D SPACE',''
  ) );
#3259 = PCURVE('',#3260,#3265);
#3260 = CYLINDRICAL_SURFACE('',#3261,0.5);
#3261 = AXIS2_PLACEMENT_3D('',#3262,#3263,#3264);
#3262 = CARTESIAN_POINT('',(22.094692079452,-16.97373333622,0.));
#3263 = DIRECTION('',(0.,0.,1.));
#3264 = DIRECTION('',(0.,-1.,0.));
#3265 = DEFINITIONAL_REPRESENTATION('',(#3266),#3270);
#3266 = LINE('',#3267,#3268);
#3267 = CARTESIAN_POINT('',(0.,0.5));
#3268 = VECTOR('',#3269,1.);
#3269 = DIRECTION('',(1.,0.));
#3270 = ( GEOMETRIC_REPRESENTATION_CONTEXT(2) 
PARAMETRIC_REPRESENTATION_CONTEXT() REPRESENTATION_CONTEXT('2D SPACE',''
  ) );
#3271 = ADVANCED_FACE('',(#3272),#1237,.T.);
#3272 = FACE_BOUND('',#3273,.F.);
#3273 = EDGE_LOOP('',(#3274,#3275,#3301,#3302));
#3274 = ORIENTED_EDGE('',*,*,#3167,.T.);
#3275 = ORIENTED_EDGE('',*,*,#3276,.T.);
#3276 = EDGE_CURVE('',#3168,#3224,#3277,.T.);
#3277 = SURFACE_CURVE('',#3278,(#3282,#3289),.PCURVE_S1.);
#3278 = LINE('',#3279,#3280);
#3279 = CARTESIAN_POINT('',(22.594692079452,-7.788296365224,0.5));
#3280 = VECTOR('',#3281,1.);
#3281 = DIRECTION('',(0.,-1.,0.));
#3282 = PCURVE('',#1237,#3283);
#3283 = DEFINITIONAL_REPRESENTATION('',(#3284),#3288);
#3284 = LINE('',#3285,#3286);
#3285 = CARTESIAN_POINT('',(-1.570796326795,0.));
#3286 = VECTOR('',#3287,1.);
#3287 = DIRECTION('',(-0.,1.));
#3288 = ( GEOMETRIC_REPRESENTATION_CONTEXT(2) 
PARAMETRIC_REPRESENTATION_CONTEXT() REPRESENTATION_CONTEXT('2D SPACE',''
  ) );
#3289 = PCURVE('',#3290,#3295);
#3290 = PLANE('',#3291);
#3291 = AXIS2_PLACEMENT_3D('',#3292,#3293,#3294);
#3292 = CARTESIAN_POINT('',(22.594692079452,-17.47373333622,-1.));
#3293 = DIRECTION('',(-1.,0.,0.));
#3294 = DIRECTION('',(0.,1.,0.));
#3295 = DEFINITIONAL_REPRESENTATION('',(#3296),#3300);
#3296 = LINE('',#3297,#3298);
#3297 = CARTESIAN_POINT('',(9.685436971003,-1.5));
#3298 = VECTOR('',#3299,1.);
#3299 = DIRECTION('',(-1.,0.));
#3300 = ( GEOMETRIC_REPRESENTATION_CONTEXT(2) 
PARAMETRIC_REPRESENTATION_CONTEXT() REPRESENTATION_CONTEXT('2D SPACE',''
  ) );
#3301 = ORIENTED_EDGE('',*,*,#3223,.F.);
#3302 = ORIENTED_EDGE('',*,*,#1221,.F.);
#3303 = ADVANCED_FACE('',(#3304),#1356,.T.);
#3304 = FACE_BOUND('',#3305,.T.);
#3305 = EDGE_LOOP('',(#3306,#3328,#3329,#3330));
#3306 = ORIENTED_EDGE('',*,*,#3307,.F.);
#3307 = EDGE_CURVE('',#1336,#3308,#3310,.T.);
#3308 = VERTEX_POINT('',#3309);
#3309 = CARTESIAN_POINT('',(7.086322315191,5.,0.5));
#3310 = SEAM_CURVE('',#3311,(#3316,#3322),.PCURVE_S1.);
#3311 = CIRCLE('',#3312,0.5);
#3312 = AXIS2_PLACEMENT_3D('',#3313,#3314,#3315);
#3313 = CARTESIAN_POINT('',(7.586322315191,5.,0.5));
#3314 = DIRECTION('',(2.506740111993E-16,1.,0.));
#3315 = DIRECTION('',(1.,-2.506740111993E-16,0.));
#3316 = PCURVE('',#1356,#3317);
#3317 = DEFINITIONAL_REPRESENTATION('',(#3318),#3321);
#3318 = B_SPLINE_CURVE_WITH_KNOTS('',1,(#3319,#3320),.UNSPECIFIED.,.F.,
  .F.,(2,2),(1.570796326795,3.14159265359),.PIECEWISE_BEZIER_KNOTS.);
#3319 = CARTESIAN_POINT('',(0.,1.570796326795));
#3320 = CARTESIAN_POINT('',(0.,3.14159265359));
#3321 = ( GEOMETRIC_REPRESENTATION_CONTEXT(2) 
PARAMETRIC_REPRESENTATION_CONTEXT() REPRESENTATION_CONTEXT('2D SPACE',''
  ) );
#3322 = PCURVE('',#1356,#3323);
#3323 = DEFINITIONAL_REPRESENTATION('',(#3324),#3327);
#3324 = B_SPLINE_CURVE_WITH_KNOTS('',1,(#3325,#3326),.UNSPECIFIED.,.F.,
  .F.,(2,2),(1.570796326795,3.14159265359),.PIECEWISE_BEZIER_KNOTS.);
#3325 = CARTESIAN_POINT('',(6.28318530718,1.570796326795));
#3326 = CARTESIAN_POINT('',(6.28318530718,3.14159265359));
#3327 = ( GEOMETRIC_REPRESENTATION_CONTEXT(2) 
PARAMETRIC_REPRESENTATION_CONTEXT() REPRESENTATION_CONTEXT('2D SPACE',''
  ) );
#3328 = ORIENTED_EDGE('',*,*,#1335,.T.);
#3329 = ORIENTED_EDGE('',*,*,#3307,.T.);
#3330 = ORIENTED_EDGE('',*,*,#3331,.F.);
#3331 = EDGE_CURVE('',#3308,#3308,#3332,.T.);
#3332 = SURFACE_CURVE('',#3333,(#3338,#3345),.PCURVE_S1.);
#3333 = CIRCLE('',#3334,7.086322315191);
#3334 = AXIS2_PLACEMENT_3D('',#3335,#3336,#3337);
#3335 = CARTESIAN_POINT('',(0.,5.,0.5));
#3336 = DIRECTION('',(0.,-0.,-1.));
#3337 = DIRECTION('',(1.,-2.506740111993E-16,0.));
#3338 = PCURVE('',#1356,#3339);
#3339 = DEFINITIONAL_REPRESENTATION('',(#3340),#3344);
#3340 = LINE('',#3341,#3342);
#3341 = CARTESIAN_POINT('',(0.,3.14159265359));
#3342 = VECTOR('',#3343,1.);
#3343 = DIRECTION('',(1.,0.));
#3344 = ( GEOMETRIC_REPRESENTATION_CONTEXT(2) 
PARAMETRIC_REPRESENTATION_CONTEXT() REPRESENTATION_CONTEXT('2D SPACE',''
  ) );
#3345 = PCURVE('',#3346,#3351);
#3346 = CYLINDRICAL_SURFACE('',#3347,7.086322315191);
#3347 = AXIS2_PLACEMENT_3D('',#3348,#3349,#3350);
#3348 = CARTESIAN_POINT('',(0.,5.,-1.));
#3349 = DIRECTION('',(-0.,-0.,-1.));
#3350 = DIRECTION('',(1.,0.,0.));
#3351 = DEFINITIONAL_REPRESENTATION('',(#3352),#3356);
#3352 = LINE('',#3353,#3354);
#3353 = CARTESIAN_POINT('',(-6.28318530718,-1.5));
#3354 = VECTOR('',#3355,1.);
#3355 = DIRECTION('',(1.,-0.));
#3356 = ( GEOMETRIC_REPRESENTATION_CONTEXT(2) 
PARAMETRIC_REPRESENTATION_CONTEXT() REPRESENTATION_CONTEXT('2D SPACE',''
  ) );
#3357 = ADVANCED_FACE('',(#3358),#1388,.T.);
#3358 = FACE_BOUND('',#3359,.T.);
#3359 = EDGE_LOOP('',(#3360,#3382,#3410,#3430));
#3360 = ORIENTED_EDGE('',*,*,#3361,.T.);
#3361 = EDGE_CURVE('',#1371,#3362,#3364,.T.);
#3362 = VERTEX_POINT('',#3363);
#3363 = CARTESIAN_POINT('',(-5.813646161115,21.515789341208,0.5));
#3364 = SURFACE_CURVE('',#3365,(#3370,#3376),.PCURVE_S1.);
#3365 = CIRCLE('',#3366,0.5);
#3366 = AXIS2_PLACEMENT_3D('',#3367,#3368,#3369);
#3367 = CARTESIAN_POINT('',(-6.313646161115,21.515789341208,0.5));
#3368 = DIRECTION('',(0.,-1.,0.));
#3369 = DIRECTION('',(-1.,0.,0.));
#3370 = PCURVE('',#1388,#3371);
#3371 = DEFINITIONAL_REPRESENTATION('',(#3372),#3375);
#3372 = B_SPLINE_CURVE_WITH_KNOTS('',1,(#3373,#3374),.UNSPECIFIED.,.F.,
  .F.,(2,2),(1.570796326795,3.14159265359),.PIECEWISE_BEZIER_KNOTS.);
#3373 = CARTESIAN_POINT('',(0.,0.5));
#3374 = CARTESIAN_POINT('',(1.570796326795,0.5));
#3375 = ( GEOMETRIC_REPRESENTATION_CONTEXT(2) 
PARAMETRIC_REPRESENTATION_CONTEXT() REPRESENTATION_CONTEXT('2D SPACE',''
  ) );
#3376 = PCURVE('',#1421,#3377);
#3377 = DEFINITIONAL_REPRESENTATION('',(#3378),#3381);
#3378 = B_SPLINE_CURVE_WITH_KNOTS('',1,(#3379,#3380),.UNSPECIFIED.,.F.,
  .F.,(2,2),(1.570796326795,3.14159265359),.PIECEWISE_BEZIER_KNOTS.);
#3379 = CARTESIAN_POINT('',(0.,1.570796326795));
#3380 = CARTESIAN_POINT('',(0.,3.14159265359));
#3381 = ( GEOMETRIC_REPRESENTATION_CONTEXT(2) 
PARAMETRIC_REPRESENTATION_CONTEXT() REPRESENTATION_CONTEXT('2D SPACE',''
  ) );
#3382 = ORIENTED_EDGE('',*,*,#3383,.T.);
#3383 = EDGE_CURVE('',#3362,#3384,#3386,.T.);
#3384 = VERTEX_POINT('',#3385);
#3385 = CARTESIAN_POINT('',(-5.813646161115,19.007816005472,0.5));
#3386 = SURFACE_CURVE('',#3387,(#3391,#3398),.PCURVE_S1.);
#3387 = LINE('',#3388,#3389);
#3388 = CARTESIAN_POINT('',(-5.813646161115,22.015789341208,0.5));
#3389 = VECTOR('',#3390,1.);
#3390 = DIRECTION('',(0.,-1.,0.));
#3391 = PCURVE('',#1388,#3392);
#3392 = DEFINITIONAL_REPRESENTATION('',(#3393),#3397);
#3393 = LINE('',#3394,#3395);
#3394 = CARTESIAN_POINT('',(1.570796326795,0.));
#3395 = VECTOR('',#3396,1.);
#3396 = DIRECTION('',(0.,1.));
#3397 = ( GEOMETRIC_REPRESENTATION_CONTEXT(2) 
PARAMETRIC_REPRESENTATION_CONTEXT() REPRESENTATION_CONTEXT('2D SPACE',''
  ) );
#3398 = PCURVE('',#3399,#3404);
#3399 = PLANE('',#3400);
#3400 = AXIS2_PLACEMENT_3D('',#3401,#3402,#3403);
#3401 = CARTESIAN_POINT('',(-5.813646161115,18.507816005472,-1.));
#3402 = DIRECTION('',(-1.,0.,0.));
#3403 = DIRECTION('',(0.,1.,0.));
#3404 = DEFINITIONAL_REPRESENTATION('',(#3405),#3409);
#3405 = LINE('',#3406,#3407);
#3406 = CARTESIAN_POINT('',(3.507973335735,-1.5));
#3407 = VECTOR('',#3408,1.);
#3408 = DIRECTION('',(-1.,0.));
#3409 = ( GEOMETRIC_REPRESENTATION_CONTEXT(2) 
PARAMETRIC_REPRESENTATION_CONTEXT() REPRESENTATION_CONTEXT('2D SPACE',''
  ) );
#3410 = ORIENTED_EDGE('',*,*,#3411,.F.);
#3411 = EDGE_CURVE('',#1373,#3384,#3412,.T.);
#3412 = SURFACE_CURVE('',#3413,(#3418,#3424),.PCURVE_S1.);
#3413 = CIRCLE('',#3414,0.5);
#3414 = AXIS2_PLACEMENT_3D('',#3415,#3416,#3417);
#3415 = CARTESIAN_POINT('',(-6.313646161115,19.007816005472,0.5));
#3416 = DIRECTION('',(0.,-1.,0.));
#3417 = DIRECTION('',(-1.,0.,0.));
#3418 = PCURVE('',#1388,#3419);
#3419 = DEFINITIONAL_REPRESENTATION('',(#3420),#3423);
#3420 = B_SPLINE_CURVE_WITH_KNOTS('',1,(#3421,#3422),.UNSPECIFIED.,.F.,
  .F.,(2,2),(1.570796326795,3.14159265359),.PIECEWISE_BEZIER_KNOTS.);
#3421 = CARTESIAN_POINT('',(0.,3.007973335735));
#3422 = CARTESIAN_POINT('',(1.570796326795,3.007973335735));
#3423 = ( GEOMETRIC_REPRESENTATION_CONTEXT(2) 
PARAMETRIC_REPRESENTATION_CONTEXT() REPRESENTATION_CONTEXT('2D SPACE',''
  ) );
#3424 = PCURVE('',#1590,#3425);
#3425 = DEFINITIONAL_REPRESENTATION('',(#3426),#3429);
#3426 = B_SPLINE_CURVE_WITH_KNOTS('',1,(#3427,#3428),.UNSPECIFIED.,.F.,
  .F.,(2,2),(1.570796326795,3.14159265359),.PIECEWISE_BEZIER_KNOTS.);
#3427 = CARTESIAN_POINT('',(0.,1.570796326795));
#3428 = CARTESIAN_POINT('',(0.,3.14159265359));
#3429 = ( GEOMETRIC_REPRESENTATION_CONTEXT(2) 
PARAMETRIC_REPRESENTATION_CONTEXT() REPRESENTATION_CONTEXT('2D SPACE',''
  ) );
#3430 = ORIENTED_EDGE('',*,*,#1370,.F.);
#3431 = ADVANCED_FACE('',(#3432),#1421,.T.);
#3432 = FACE_BOUND('',#3433,.T.);
#3433 = EDGE_LOOP('',(#3434,#3435,#3436,#3458));
#3434 = ORIENTED_EDGE('',*,*,#3361,.F.);
#3435 = ORIENTED_EDGE('',*,*,#1400,.T.);
#3436 = ORIENTED_EDGE('',*,*,#3437,.T.);
#3437 = EDGE_CURVE('',#1401,#3438,#3440,.T.);
#3438 = VERTEX_POINT('',#3439);
#3439 = CARTESIAN_POINT('',(-5.313646161115,22.015789341208,0.5));
#3440 = SURFACE_CURVE('',#3441,(#3446,#3452),.PCURVE_S1.);
#3441 = CIRCLE('',#3442,0.5);
#3442 = AXIS2_PLACEMENT_3D('',#3443,#3444,#3445);
#3443 = CARTESIAN_POINT('',(-5.313646161115,22.515789341208,0.5));
#3444 = DIRECTION('',(-1.,-6.123233995737E-17,0.));
#3445 = DIRECTION('',(-6.123233995737E-17,1.,0.));
#3446 = PCURVE('',#1421,#3447);
#3447 = DEFINITIONAL_REPRESENTATION('',(#3448),#3451);
#3448 = B_SPLINE_CURVE_WITH_KNOTS('',1,(#3449,#3450),.UNSPECIFIED.,.F.,
  .F.,(2,2),(1.570796326795,3.14159265359),.PIECEWISE_BEZIER_KNOTS.);
#3449 = CARTESIAN_POINT('',(1.570796326795,1.570796326795));
#3450 = CARTESIAN_POINT('',(1.570796326795,3.14159265359));
#3451 = ( GEOMETRIC_REPRESENTATION_CONTEXT(2) 
PARAMETRIC_REPRESENTATION_CONTEXT() REPRESENTATION_CONTEXT('2D SPACE',''
  ) );
#3452 = PCURVE('',#1449,#3453);
#3453 = DEFINITIONAL_REPRESENTATION('',(#3454),#3457);
#3454 = B_SPLINE_CURVE_WITH_KNOTS('',1,(#3455,#3456),.UNSPECIFIED.,.F.,
  .F.,(2,2),(1.570796326795,3.14159265359),.PIECEWISE_BEZIER_KNOTS.);
#3455 = CARTESIAN_POINT('',(0.,11.127269844771));
#3456 = CARTESIAN_POINT('',(1.570796326795,11.127269844771));
#3457 = ( GEOMETRIC_REPRESENTATION_CONTEXT(2) 
PARAMETRIC_REPRESENTATION_CONTEXT() REPRESENTATION_CONTEXT('2D SPACE',''
  ) );
#3458 = ORIENTED_EDGE('',*,*,#3459,.F.);
#3459 = EDGE_CURVE('',#3362,#3438,#3460,.T.);
#3460 = SURFACE_CURVE('',#3461,(#3466,#3473),.PCURVE_S1.);
#3461 = CIRCLE('',#3462,0.5);
#3462 = AXIS2_PLACEMENT_3D('',#3463,#3464,#3465);
#3463 = CARTESIAN_POINT('',(-5.313646161115,21.515789341208,0.5));
#3464 = DIRECTION('',(-0.,0.,-1.));
#3465 = DIRECTION('',(-1.,0.,0.));
#3466 = PCURVE('',#1421,#3467);
#3467 = DEFINITIONAL_REPRESENTATION('',(#3468),#3472);
#3468 = LINE('',#3469,#3470);
#3469 = CARTESIAN_POINT('',(0.,3.14159265359));
#3470 = VECTOR('',#3471,1.);
#3471 = DIRECTION('',(1.,0.));
#3472 = ( GEOMETRIC_REPRESENTATION_CONTEXT(2) 
PARAMETRIC_REPRESENTATION_CONTEXT() REPRESENTATION_CONTEXT('2D SPACE',''
  ) );
#3473 = PCURVE('',#3474,#3479);
#3474 = CYLINDRICAL_SURFACE('',#3475,0.5);
#3475 = AXIS2_PLACEMENT_3D('',#3476,#3477,#3478);
#3476 = CARTESIAN_POINT('',(-5.313646161115,21.515789341208,0.));
#3477 = DIRECTION('',(0.,0.,1.));
#3478 = DIRECTION('',(-1.,0.,0.));
#3479 = DEFINITIONAL_REPRESENTATION('',(#3480),#3484);
#3480 = LINE('',#3481,#3482);
#3481 = CARTESIAN_POINT('',(-0.,0.5));
#3482 = VECTOR('',#3483,1.);
#3483 = DIRECTION('',(-1.,0.));
#3484 = ( GEOMETRIC_REPRESENTATION_CONTEXT(2) 
PARAMETRIC_REPRESENTATION_CONTEXT() REPRESENTATION_CONTEXT('2D SPACE',''
  ) );
#3485 = ADVANCED_FACE('',(#3486),#1590,.T.);
#3486 = FACE_BOUND('',#3487,.F.);
#3487 = EDGE_LOOP('',(#3488,#3489,#3490,#3512));
#3488 = ORIENTED_EDGE('',*,*,#3411,.F.);
#3489 = ORIENTED_EDGE('',*,*,#1575,.T.);
#3490 = ORIENTED_EDGE('',*,*,#3491,.T.);
#3491 = EDGE_CURVE('',#1548,#3492,#3494,.T.);
#3492 = VERTEX_POINT('',#3493);
#3493 = CARTESIAN_POINT('',(-5.313646161115,18.507816005472,0.5));
#3494 = SURFACE_CURVE('',#3495,(#3500,#3506),.PCURVE_S1.);
#3495 = CIRCLE('',#3496,0.5);
#3496 = AXIS2_PLACEMENT_3D('',#3497,#3498,#3499);
#3497 = CARTESIAN_POINT('',(-5.313646161115,18.007816005472,0.5));
#3498 = DIRECTION('',(1.,-6.123233995737E-17,0.));
#3499 = DIRECTION('',(-6.123233995737E-17,-1.,0.));
#3500 = PCURVE('',#1590,#3501);
#3501 = DEFINITIONAL_REPRESENTATION('',(#3502),#3505);
#3502 = B_SPLINE_CURVE_WITH_KNOTS('',1,(#3503,#3504),.UNSPECIFIED.,.F.,
  .F.,(2,2),(1.570796326795,3.14159265359),.PIECEWISE_BEZIER_KNOTS.);
#3503 = CARTESIAN_POINT('',(-1.570796326795,1.570796326795));
#3504 = CARTESIAN_POINT('',(-1.570796326795,3.14159265359));
#3505 = ( GEOMETRIC_REPRESENTATION_CONTEXT(2) 
PARAMETRIC_REPRESENTATION_CONTEXT() REPRESENTATION_CONTEXT('2D SPACE',''
  ) );
#3506 = PCURVE('',#1563,#3507);
#3507 = DEFINITIONAL_REPRESENTATION('',(#3508),#3511);
#3508 = B_SPLINE_CURVE_WITH_KNOTS('',1,(#3509,#3510),.UNSPECIFIED.,.F.,
  .F.,(2,2),(1.570796326795,3.14159265359),.PIECEWISE_BEZIER_KNOTS.);
#3509 = CARTESIAN_POINT('',(0.,11.127269844771));
#3510 = CARTESIAN_POINT('',(-1.570796326795,11.127269844771));
#3511 = ( GEOMETRIC_REPRESENTATION_CONTEXT(2) 
PARAMETRIC_REPRESENTATION_CONTEXT() REPRESENTATION_CONTEXT('2D SPACE',''
  ) );
#3512 = ORIENTED_EDGE('',*,*,#3513,.F.);
#3513 = EDGE_CURVE('',#3384,#3492,#3514,.T.);
#3514 = SURFACE_CURVE('',#3515,(#3520,#3527),.PCURVE_S1.);
#3515 = CIRCLE('',#3516,0.5);
#3516 = AXIS2_PLACEMENT_3D('',#3517,#3518,#3519);
#3517 = CARTESIAN_POINT('',(-5.313646161115,19.007816005472,0.5));
#3518 = DIRECTION('',(0.,0.,1.));
#3519 = DIRECTION('',(-1.,0.,0.));
#3520 = PCURVE('',#1590,#3521);
#3521 = DEFINITIONAL_REPRESENTATION('',(#3522),#3526);
#3522 = LINE('',#3523,#3524);
#3523 = CARTESIAN_POINT('',(-0.,3.14159265359));
#3524 = VECTOR('',#3525,1.);
#3525 = DIRECTION('',(-1.,0.));
#3526 = ( GEOMETRIC_REPRESENTATION_CONTEXT(2) 
PARAMETRIC_REPRESENTATION_CONTEXT() REPRESENTATION_CONTEXT('2D SPACE',''
  ) );
#3527 = PCURVE('',#3528,#3533);
#3528 = CYLINDRICAL_SURFACE('',#3529,0.5);
#3529 = AXIS2_PLACEMENT_3D('',#3530,#3531,#3532);
#3530 = CARTESIAN_POINT('',(-5.313646161115,19.007816005472,0.));
#3531 = DIRECTION('',(0.,0.,1.));
#3532 = DIRECTION('',(-1.,0.,0.));
#3533 = DEFINITIONAL_REPRESENTATION('',(#3534),#3538);
#3534 = LINE('',#3535,#3536);
#3535 = CARTESIAN_POINT('',(0.,0.5));
#3536 = VECTOR('',#3537,1.);
#3537 = DIRECTION('',(1.,0.));
#3538 = ( GEOMETRIC_REPRESENTATION_CONTEXT(2) 
PARAMETRIC_REPRESENTATION_CONTEXT() REPRESENTATION_CONTEXT('2D SPACE',''
  ) );
#3539 = ADVANCED_FACE('',(#3540),#1449,.T.);
#3540 = FACE_BOUND('',#3541,.T.);
#3541 = EDGE_LOOP('',(#3542,#3564,#3590,#3591));
#3542 = ORIENTED_EDGE('',*,*,#3543,.T.);
#3543 = EDGE_CURVE('',#1434,#3544,#3546,.T.);
#3544 = VERTEX_POINT('',#3545);
#3545 = CARTESIAN_POINT('',(5.313623683656,22.015789341208,0.5));
#3546 = SURFACE_CURVE('',#3547,(#3552,#3558),.PCURVE_S1.);
#3547 = CIRCLE('',#3548,0.5);
#3548 = AXIS2_PLACEMENT_3D('',#3549,#3550,#3551);
#3549 = CARTESIAN_POINT('',(5.313623683656,22.515789341208,0.5));
#3550 = DIRECTION('',(-1.,6.123233995737E-17,0.));
#3551 = DIRECTION('',(6.123233995737E-17,1.,-0.));
#3552 = PCURVE('',#1449,#3553);
#3553 = DEFINITIONAL_REPRESENTATION('',(#3554),#3557);
#3554 = B_SPLINE_CURVE_WITH_KNOTS('',1,(#3555,#3556),.UNSPECIFIED.,.F.,
  .F.,(2,2),(1.570796326795,3.14159265359),.PIECEWISE_BEZIER_KNOTS.);
#3555 = CARTESIAN_POINT('',(0.,0.5));
#3556 = CARTESIAN_POINT('',(1.570796326795,0.5));
#3557 = ( GEOMETRIC_REPRESENTATION_CONTEXT(2) 
PARAMETRIC_REPRESENTATION_CONTEXT() REPRESENTATION_CONTEXT('2D SPACE',''
  ) );
#3558 = PCURVE('',#1478,#3559);
#3559 = DEFINITIONAL_REPRESENTATION('',(#3560),#3563);
#3560 = B_SPLINE_CURVE_WITH_KNOTS('',1,(#3561,#3562),.UNSPECIFIED.,.F.,
  .F.,(2,2),(1.570796326795,3.14159265359),.PIECEWISE_BEZIER_KNOTS.);
#3561 = CARTESIAN_POINT('',(-1.570796326795,1.570796326795));
#3562 = CARTESIAN_POINT('',(-1.570796326795,3.14159265359));
#3563 = ( GEOMETRIC_REPRESENTATION_CONTEXT(2) 
PARAMETRIC_REPRESENTATION_CONTEXT() REPRESENTATION_CONTEXT('2D SPACE',''
  ) );
#3564 = ORIENTED_EDGE('',*,*,#3565,.T.);
#3565 = EDGE_CURVE('',#3544,#3438,#3566,.T.);
#3566 = SURFACE_CURVE('',#3567,(#3571,#3578),.PCURVE_S1.);
#3567 = LINE('',#3568,#3569);
#3568 = CARTESIAN_POINT('',(5.813623683656,22.015789341208,0.5));
#3569 = VECTOR('',#3570,1.);
#3570 = DIRECTION('',(-1.,0.,0.));
#3571 = PCURVE('',#1449,#3572);
#3572 = DEFINITIONAL_REPRESENTATION('',(#3573),#3577);
#3573 = LINE('',#3574,#3575);
#3574 = CARTESIAN_POINT('',(1.570796326795,0.));
#3575 = VECTOR('',#3576,1.);
#3576 = DIRECTION('',(0.,1.));
#3577 = ( GEOMETRIC_REPRESENTATION_CONTEXT(2) 
PARAMETRIC_REPRESENTATION_CONTEXT() REPRESENTATION_CONTEXT('2D SPACE',''
  ) );
#3578 = PCURVE('',#3579,#3584);
#3579 = PLANE('',#3580);
#3580 = AXIS2_PLACEMENT_3D('',#3581,#3582,#3583);
#3581 = CARTESIAN_POINT('',(-5.813646161115,22.015789341208,-1.));
#3582 = DIRECTION('',(0.,1.,0.));
#3583 = DIRECTION('',(1.,0.,0.));
#3584 = DEFINITIONAL_REPRESENTATION('',(#3585),#3589);
#3585 = LINE('',#3586,#3587);
#3586 = CARTESIAN_POINT('',(11.627269844771,-1.5));
#3587 = VECTOR('',#3588,1.);
#3588 = DIRECTION('',(-1.,0.));
#3589 = ( GEOMETRIC_REPRESENTATION_CONTEXT(2) 
PARAMETRIC_REPRESENTATION_CONTEXT() REPRESENTATION_CONTEXT('2D SPACE',''
  ) );
#3590 = ORIENTED_EDGE('',*,*,#3437,.F.);
#3591 = ORIENTED_EDGE('',*,*,#1433,.F.);
#3592 = ADVANCED_FACE('',(#3593),#1563,.T.);
#3593 = FACE_BOUND('',#3594,.F.);
#3594 = EDGE_LOOP('',(#3595,#3617,#3643,#3644));
#3595 = ORIENTED_EDGE('',*,*,#3596,.T.);
#3596 = EDGE_CURVE('',#1519,#3597,#3599,.T.);
#3597 = VERTEX_POINT('',#3598);
#3598 = CARTESIAN_POINT('',(5.313623683656,18.507816005472,0.5));
#3599 = SURFACE_CURVE('',#3600,(#3605,#3611),.PCURVE_S1.);
#3600 = CIRCLE('',#3601,0.5);
#3601 = AXIS2_PLACEMENT_3D('',#3602,#3603,#3604);
#3602 = CARTESIAN_POINT('',(5.313623683656,18.007816005472,0.5));
#3603 = DIRECTION('',(1.,0.,0.));
#3604 = DIRECTION('',(0.,-1.,0.));
#3605 = PCURVE('',#1563,#3606);
#3606 = DEFINITIONAL_REPRESENTATION('',(#3607),#3610);
#3607 = B_SPLINE_CURVE_WITH_KNOTS('',1,(#3608,#3609),.UNSPECIFIED.,.F.,
  .F.,(2,2),(1.570796326795,3.14159265359),.PIECEWISE_BEZIER_KNOTS.);
#3608 = CARTESIAN_POINT('',(0.,0.5));
#3609 = CARTESIAN_POINT('',(-1.570796326795,0.5));
#3610 = ( GEOMETRIC_REPRESENTATION_CONTEXT(2) 
PARAMETRIC_REPRESENTATION_CONTEXT() REPRESENTATION_CONTEXT('2D SPACE',''
  ) );
#3611 = PCURVE('',#1535,#3612);
#3612 = DEFINITIONAL_REPRESENTATION('',(#3613),#3616);
#3613 = B_SPLINE_CURVE_WITH_KNOTS('',1,(#3614,#3615),.UNSPECIFIED.,.F.,
  .F.,(2,2),(1.570796326795,3.14159265359),.PIECEWISE_BEZIER_KNOTS.);
#3614 = CARTESIAN_POINT('',(0.,1.570796326795));
#3615 = CARTESIAN_POINT('',(0.,3.14159265359));
#3616 = ( GEOMETRIC_REPRESENTATION_CONTEXT(2) 
PARAMETRIC_REPRESENTATION_CONTEXT() REPRESENTATION_CONTEXT('2D SPACE',''
  ) );
#3617 = ORIENTED_EDGE('',*,*,#3618,.T.);
#3618 = EDGE_CURVE('',#3597,#3492,#3619,.T.);
#3619 = SURFACE_CURVE('',#3620,(#3624,#3631),.PCURVE_S1.);
#3620 = LINE('',#3621,#3622);
#3621 = CARTESIAN_POINT('',(5.813623683656,18.507816005472,0.5));
#3622 = VECTOR('',#3623,1.);
#3623 = DIRECTION('',(-1.,0.,0.));
#3624 = PCURVE('',#1563,#3625);
#3625 = DEFINITIONAL_REPRESENTATION('',(#3626),#3630);
#3626 = LINE('',#3627,#3628);
#3627 = CARTESIAN_POINT('',(-1.570796326795,0.));
#3628 = VECTOR('',#3629,1.);
#3629 = DIRECTION('',(-0.,1.));
#3630 = ( GEOMETRIC_REPRESENTATION_CONTEXT(2) 
PARAMETRIC_REPRESENTATION_CONTEXT() REPRESENTATION_CONTEXT('2D SPACE',''
  ) );
#3631 = PCURVE('',#3632,#3637);
#3632 = PLANE('',#3633);
#3633 = AXIS2_PLACEMENT_3D('',#3634,#3635,#3636);
#3634 = CARTESIAN_POINT('',(-5.813646161115,18.507816005472,-1.));
#3635 = DIRECTION('',(0.,1.,0.));
#3636 = DIRECTION('',(1.,0.,0.));
#3637 = DEFINITIONAL_REPRESENTATION('',(#3638),#3642);
#3638 = LINE('',#3639,#3640);
#3639 = CARTESIAN_POINT('',(11.627269844771,-1.5));
#3640 = VECTOR('',#3641,1.);
#3641 = DIRECTION('',(-1.,0.));
#3642 = ( GEOMETRIC_REPRESENTATION_CONTEXT(2) 
PARAMETRIC_REPRESENTATION_CONTEXT() REPRESENTATION_CONTEXT('2D SPACE',''
  ) );
#3643 = ORIENTED_EDGE('',*,*,#3491,.F.);
#3644 = ORIENTED_EDGE('',*,*,#1547,.F.);
#3645 = ADVANCED_FACE('',(#3646),#1478,.T.);
#3646 = FACE_BOUND('',#3647,.F.);
#3647 = EDGE_LOOP('',(#3648,#3670,#3671,#3672));
#3648 = ORIENTED_EDGE('',*,*,#3649,.F.);
#3649 = EDGE_CURVE('',#1462,#3650,#3652,.T.);
#3650 = VERTEX_POINT('',#3651);
#3651 = CARTESIAN_POINT('',(5.813623683656,21.515789341208,0.5));
#3652 = SURFACE_CURVE('',#3653,(#3658,#3664),.PCURVE_S1.);
#3653 = CIRCLE('',#3654,0.5);
#3654 = AXIS2_PLACEMENT_3D('',#3655,#3656,#3657);
#3655 = CARTESIAN_POINT('',(6.313623683656,21.515789341208,0.5));
#3656 = DIRECTION('',(0.,1.,0.));
#3657 = DIRECTION('',(1.,0.,-0.));
#3658 = PCURVE('',#1478,#3659);
#3659 = DEFINITIONAL_REPRESENTATION('',(#3660),#3663);
#3660 = B_SPLINE_CURVE_WITH_KNOTS('',1,(#3661,#3662),.UNSPECIFIED.,.F.,
  .F.,(2,2),(1.570796326795,3.14159265359),.PIECEWISE_BEZIER_KNOTS.);
#3661 = CARTESIAN_POINT('',(0.,1.570796326795));
#3662 = CARTESIAN_POINT('',(0.,3.14159265359));
#3663 = ( GEOMETRIC_REPRESENTATION_CONTEXT(2) 
PARAMETRIC_REPRESENTATION_CONTEXT() REPRESENTATION_CONTEXT('2D SPACE',''
  ) );
#3664 = PCURVE('',#1506,#3665);
#3665 = DEFINITIONAL_REPRESENTATION('',(#3666),#3669);
#3666 = B_SPLINE_CURVE_WITH_KNOTS('',1,(#3667,#3668),.UNSPECIFIED.,.F.,
  .F.,(2,2),(1.570796326795,3.14159265359),.PIECEWISE_BEZIER_KNOTS.);
#3667 = CARTESIAN_POINT('',(0.,0.5));
#3668 = CARTESIAN_POINT('',(-1.570796326795,0.5));
#3669 = ( GEOMETRIC_REPRESENTATION_CONTEXT(2) 
PARAMETRIC_REPRESENTATION_CONTEXT() REPRESENTATION_CONTEXT('2D SPACE',''
  ) );
#3670 = ORIENTED_EDGE('',*,*,#1461,.T.);
#3671 = ORIENTED_EDGE('',*,*,#3543,.T.);
#3672 = ORIENTED_EDGE('',*,*,#3673,.F.);
#3673 = EDGE_CURVE('',#3650,#3544,#3674,.T.);
#3674 = SURFACE_CURVE('',#3675,(#3680,#3687),.PCURVE_S1.);
#3675 = CIRCLE('',#3676,0.5);
#3676 = AXIS2_PLACEMENT_3D('',#3677,#3678,#3679);
#3677 = CARTESIAN_POINT('',(5.313623683656,21.515789341208,0.5));
#3678 = DIRECTION('',(0.,0.,1.));
#3679 = DIRECTION('',(1.,0.,-0.));
#3680 = PCURVE('',#1478,#3681);
#3681 = DEFINITIONAL_REPRESENTATION('',(#3682),#3686);
#3682 = LINE('',#3683,#3684);
#3683 = CARTESIAN_POINT('',(-0.,3.14159265359));
#3684 = VECTOR('',#3685,1.);
#3685 = DIRECTION('',(-1.,0.));
#3686 = ( GEOMETRIC_REPRESENTATION_CONTEXT(2) 
PARAMETRIC_REPRESENTATION_CONTEXT() REPRESENTATION_CONTEXT('2D SPACE',''
  ) );
#3687 = PCURVE('',#3688,#3693);
#3688 = CYLINDRICAL_SURFACE('',#3689,0.5);
#3689 = AXIS2_PLACEMENT_3D('',#3690,#3691,#3692);
#3690 = CARTESIAN_POINT('',(5.313623683656,21.515789341208,0.));
#3691 = DIRECTION('',(0.,0.,1.));
#3692 = DIRECTION('',(1.,0.,-0.));
#3693 = DEFINITIONAL_REPRESENTATION('',(#3694),#3698);
#3694 = LINE('',#3695,#3696);
#3695 = CARTESIAN_POINT('',(0.,0.5));
#3696 = VECTOR('',#3697,1.);
#3697 = DIRECTION('',(1.,0.));
#3698 = ( GEOMETRIC_REPRESENTATION_CONTEXT(2) 
PARAMETRIC_REPRESENTATION_CONTEXT() REPRESENTATION_CONTEXT('2D SPACE',''
  ) );
#3699 = ADVANCED_FACE('',(#3700),#1535,.T.);
#3700 = FACE_BOUND('',#3701,.F.);
#3701 = EDGE_LOOP('',(#3702,#3703,#3704,#3726));
#3702 = ORIENTED_EDGE('',*,*,#3596,.F.);
#3703 = ORIENTED_EDGE('',*,*,#1518,.T.);
#3704 = ORIENTED_EDGE('',*,*,#3705,.T.);
#3705 = EDGE_CURVE('',#1491,#3706,#3708,.T.);
#3706 = VERTEX_POINT('',#3707);
#3707 = CARTESIAN_POINT('',(5.813623683656,19.007816005472,0.5));
#3708 = SURFACE_CURVE('',#3709,(#3714,#3720),.PCURVE_S1.);
#3709 = CIRCLE('',#3710,0.5);
#3710 = AXIS2_PLACEMENT_3D('',#3711,#3712,#3713);
#3711 = CARTESIAN_POINT('',(6.313623683656,19.007816005472,0.5));
#3712 = DIRECTION('',(6.123233995737E-17,1.,0.));
#3713 = DIRECTION('',(1.,-6.123233995737E-17,0.));
#3714 = PCURVE('',#1535,#3715);
#3715 = DEFINITIONAL_REPRESENTATION('',(#3716),#3719);
#3716 = B_SPLINE_CURVE_WITH_KNOTS('',1,(#3717,#3718),.UNSPECIFIED.,.F.,
  .F.,(2,2),(1.570796326795,3.14159265359),.PIECEWISE_BEZIER_KNOTS.);
#3717 = CARTESIAN_POINT('',(-1.570796326795,1.570796326795));
#3718 = CARTESIAN_POINT('',(-1.570796326795,3.14159265359));
#3719 = ( GEOMETRIC_REPRESENTATION_CONTEXT(2) 
PARAMETRIC_REPRESENTATION_CONTEXT() REPRESENTATION_CONTEXT('2D SPACE',''
  ) );
#3720 = PCURVE('',#1506,#3721);
#3721 = DEFINITIONAL_REPRESENTATION('',(#3722),#3725);
#3722 = B_SPLINE_CURVE_WITH_KNOTS('',1,(#3723,#3724),.UNSPECIFIED.,.F.,
  .F.,(2,2),(1.570796326795,3.14159265359),.PIECEWISE_BEZIER_KNOTS.);
#3723 = CARTESIAN_POINT('',(0.,3.007973335735));
#3724 = CARTESIAN_POINT('',(-1.570796326795,3.007973335735));
#3725 = ( GEOMETRIC_REPRESENTATION_CONTEXT(2) 
PARAMETRIC_REPRESENTATION_CONTEXT() REPRESENTATION_CONTEXT('2D SPACE',''
  ) );
#3726 = ORIENTED_EDGE('',*,*,#3727,.F.);
#3727 = EDGE_CURVE('',#3597,#3706,#3728,.T.);
#3728 = SURFACE_CURVE('',#3729,(#3734,#3741),.PCURVE_S1.);
#3729 = CIRCLE('',#3730,0.5);
#3730 = AXIS2_PLACEMENT_3D('',#3731,#3732,#3733);
#3731 = CARTESIAN_POINT('',(5.313623683656,19.007816005472,0.5));
#3732 = DIRECTION('',(0.,0.,1.));
#3733 = DIRECTION('',(0.,-1.,0.));
#3734 = PCURVE('',#1535,#3735);
#3735 = DEFINITIONAL_REPRESENTATION('',(#3736),#3740);
#3736 = LINE('',#3737,#3738);
#3737 = CARTESIAN_POINT('',(-0.,3.14159265359));
#3738 = VECTOR('',#3739,1.);
#3739 = DIRECTION('',(-1.,0.));
#3740 = ( GEOMETRIC_REPRESENTATION_CONTEXT(2) 
PARAMETRIC_REPRESENTATION_CONTEXT() REPRESENTATION_CONTEXT('2D SPACE',''
  ) );
#3741 = PCURVE('',#3742,#3747);
#3742 = CYLINDRICAL_SURFACE('',#3743,0.5);
#3743 = AXIS2_PLACEMENT_3D('',#3744,#3745,#3746);
#3744 = CARTESIAN_POINT('',(5.313623683656,19.007816005472,0.));
#3745 = DIRECTION('',(0.,0.,1.));
#3746 = DIRECTION('',(0.,-1.,0.));
#3747 = DEFINITIONAL_REPRESENTATION('',(#3748),#3752);
#3748 = LINE('',#3749,#3750);
#3749 = CARTESIAN_POINT('',(0.,0.5));
#3750 = VECTOR('',#3751,1.);
#3751 = DIRECTION('',(1.,0.));
#3752 = ( GEOMETRIC_REPRESENTATION_CONTEXT(2) 
PARAMETRIC_REPRESENTATION_CONTEXT() REPRESENTATION_CONTEXT('2D SPACE',''
  ) );
#3753 = ADVANCED_FACE('',(#3754),#1506,.T.);
#3754 = FACE_BOUND('',#3755,.F.);
#3755 = EDGE_LOOP('',(#3756,#3757,#3783,#3784));
#3756 = ORIENTED_EDGE('',*,*,#3649,.T.);
#3757 = ORIENTED_EDGE('',*,*,#3758,.T.);
#3758 = EDGE_CURVE('',#3650,#3706,#3759,.T.);
#3759 = SURFACE_CURVE('',#3760,(#3764,#3771),.PCURVE_S1.);
#3760 = LINE('',#3761,#3762);
#3761 = CARTESIAN_POINT('',(5.813623683656,22.015789341208,0.5));
#3762 = VECTOR('',#3763,1.);
#3763 = DIRECTION('',(0.,-1.,0.));
#3764 = PCURVE('',#1506,#3765);
#3765 = DEFINITIONAL_REPRESENTATION('',(#3766),#3770);
#3766 = LINE('',#3767,#3768);
#3767 = CARTESIAN_POINT('',(-1.570796326795,0.));
#3768 = VECTOR('',#3769,1.);
#3769 = DIRECTION('',(-0.,1.));
#3770 = ( GEOMETRIC_REPRESENTATION_CONTEXT(2) 
PARAMETRIC_REPRESENTATION_CONTEXT() REPRESENTATION_CONTEXT('2D SPACE',''
  ) );
#3771 = PCURVE('',#3772,#3777);
#3772 = PLANE('',#3773);
#3773 = AXIS2_PLACEMENT_3D('',#3774,#3775,#3776);
#3774 = CARTESIAN_POINT('',(5.813623683656,18.507816005472,-1.));
#3775 = DIRECTION('',(-1.,0.,0.));
#3776 = DIRECTION('',(0.,1.,0.));
#3777 = DEFINITIONAL_REPRESENTATION('',(#3778),#3782);
#3778 = LINE('',#3779,#3780);
#3779 = CARTESIAN_POINT('',(3.507973335735,-1.5));
#3780 = VECTOR('',#3781,1.);
#3781 = DIRECTION('',(-1.,0.));
#3782 = ( GEOMETRIC_REPRESENTATION_CONTEXT(2) 
PARAMETRIC_REPRESENTATION_CONTEXT() REPRESENTATION_CONTEXT('2D SPACE',''
  ) );
#3783 = ORIENTED_EDGE('',*,*,#3705,.F.);
#3784 = ORIENTED_EDGE('',*,*,#1490,.F.);
#3785 = ADVANCED_FACE('',(#3786),#1766,.T.);
#3786 = FACE_BOUND('',#3787,.T.);
#3787 = EDGE_LOOP('',(#3788,#3789,#3790,#3810));
#3788 = ORIENTED_EDGE('',*,*,#2039,.T.);
#3789 = ORIENTED_EDGE('',*,*,#1750,.T.);
#3790 = ORIENTED_EDGE('',*,*,#3791,.F.);
#3791 = EDGE_CURVE('',#2065,#1718,#3792,.T.);
#3792 = SURFACE_CURVE('',#3793,(#3798,#3804),.PCURVE_S1.);
#3793 = CIRCLE('',#3794,0.5);
#3794 = AXIS2_PLACEMENT_3D('',#3795,#3796,#3797);
#3795 = CARTESIAN_POINT('',(11.707843142053,33.295,2.5));
#3796 = DIRECTION('',(1.,0.,0.));
#3797 = DIRECTION('',(-0.,1.,0.));
#3798 = PCURVE('',#1766,#3799);
#3799 = DEFINITIONAL_REPRESENTATION('',(#3800),#3803);
#3800 = B_SPLINE_CURVE_WITH_KNOTS('',1,(#3801,#3802),.UNSPECIFIED.,.F.,
  .F.,(2,2),(0.,1.570796326795),.PIECEWISE_BEZIER_KNOTS.);
#3801 = CARTESIAN_POINT('',(0.,23.415686284107));
#3802 = CARTESIAN_POINT('',(1.570796326795,23.415686284107));
#3803 = ( GEOMETRIC_REPRESENTATION_CONTEXT(2) 
PARAMETRIC_REPRESENTATION_CONTEXT() REPRESENTATION_CONTEXT('2D SPACE',''
  ) );
#3804 = PCURVE('',#1738,#3805);
#3805 = DEFINITIONAL_REPRESENTATION('',(#3806),#3809);
#3806 = B_SPLINE_CURVE_WITH_KNOTS('',1,(#3807,#3808),.UNSPECIFIED.,.F.,
  .F.,(2,2),(0.,1.570796326795),.PIECEWISE_BEZIER_KNOTS.);
#3807 = CARTESIAN_POINT('',(0.,0.));
#3808 = CARTESIAN_POINT('',(0.,1.570796326795));
#3809 = ( GEOMETRIC_REPRESENTATION_CONTEXT(2) 
PARAMETRIC_REPRESENTATION_CONTEXT() REPRESENTATION_CONTEXT('2D SPACE',''
  ) );
#3810 = ORIENTED_EDGE('',*,*,#2064,.F.);
#3811 = ADVANCED_FACE('',(#3812),#1677,.T.);
#3812 = FACE_BOUND('',#3813,.F.);
#3813 = EDGE_LOOP('',(#3814,#3834,#3835,#3836));
#3814 = ORIENTED_EDGE('',*,*,#3815,.F.);
#3815 = EDGE_CURVE('',#2193,#1657,#3816,.T.);
#3816 = SURFACE_CURVE('',#3817,(#3822,#3828),.PCURVE_S1.);
#3817 = CIRCLE('',#3818,0.5);
#3818 = AXIS2_PLACEMENT_3D('',#3819,#3820,#3821);
#3819 = CARTESIAN_POINT('',(33.295,-11.70784314205,2.5));
#3820 = DIRECTION('',(-0.,-1.,0.));
#3821 = DIRECTION('',(1.,-0.,0.));
#3822 = PCURVE('',#1677,#3823);
#3823 = DEFINITIONAL_REPRESENTATION('',(#3824),#3827);
#3824 = B_SPLINE_CURVE_WITH_KNOTS('',1,(#3825,#3826),.UNSPECIFIED.,.F.,
  .F.,(2,2),(0.,1.570796326795),.PIECEWISE_BEZIER_KNOTS.);
#3825 = CARTESIAN_POINT('',(0.,0.));
#3826 = CARTESIAN_POINT('',(0.,1.570796326795));
#3827 = ( GEOMETRIC_REPRESENTATION_CONTEXT(2) 
PARAMETRIC_REPRESENTATION_CONTEXT() REPRESENTATION_CONTEXT('2D SPACE',''
  ) );
#3828 = PCURVE('',#1705,#3829);
#3829 = DEFINITIONAL_REPRESENTATION('',(#3830),#3833);
#3830 = B_SPLINE_CURVE_WITH_KNOTS('',1,(#3831,#3832),.UNSPECIFIED.,.F.,
  .F.,(2,2),(0.,1.570796326795),.PIECEWISE_BEZIER_KNOTS.);
#3831 = CARTESIAN_POINT('',(0.,23.415686284107));
#3832 = CARTESIAN_POINT('',(1.570796326795,23.415686284107));
#3833 = ( GEOMETRIC_REPRESENTATION_CONTEXT(2) 
PARAMETRIC_REPRESENTATION_CONTEXT() REPRESENTATION_CONTEXT('2D SPACE',''
  ) );
#3834 = ORIENTED_EDGE('',*,*,#2192,.T.);
#3835 = ORIENTED_EDGE('',*,*,#2165,.T.);
#3836 = ORIENTED_EDGE('',*,*,#1656,.F.);
#3837 = ADVANCED_FACE('',(#3838),#1738,.T.);
#3838 = FACE_BOUND('',#3839,.F.);
#3839 = EDGE_LOOP('',(#3840,#3841,#3865,#3885));
#3840 = ORIENTED_EDGE('',*,*,#3791,.F.);
#3841 = ORIENTED_EDGE('',*,*,#3842,.T.);
#3842 = EDGE_CURVE('',#2065,#3843,#3845,.T.);
#3843 = VERTEX_POINT('',#3844);
#3844 = CARTESIAN_POINT('',(33.795,11.707843142053,2.5));
#3845 = SURFACE_CURVE('',#3846,(#3851,#3858),.PCURVE_S1.);
#3846 = CIRCLE('',#3847,22.087156857947);
#3847 = AXIS2_PLACEMENT_3D('',#3848,#3849,#3850);
#3848 = CARTESIAN_POINT('',(11.707843142053,11.707843142053,2.5));
#3849 = DIRECTION('',(0.,-0.,-1.));
#3850 = DIRECTION('',(8.04248754525E-17,1.,-0.));
#3851 = PCURVE('',#1738,#3852);
#3852 = DEFINITIONAL_REPRESENTATION('',(#3853),#3857);
#3853 = LINE('',#3854,#3855);
#3854 = CARTESIAN_POINT('',(-0.,0.));
#3855 = VECTOR('',#3856,1.);
#3856 = DIRECTION('',(-1.,0.));
#3857 = ( GEOMETRIC_REPRESENTATION_CONTEXT(2) 
PARAMETRIC_REPRESENTATION_CONTEXT() REPRESENTATION_CONTEXT('2D SPACE',''
  ) );
#3858 = PCURVE('',#2103,#3859);
#3859 = DEFINITIONAL_REPRESENTATION('',(#3860),#3864);
#3860 = LINE('',#3861,#3862);
#3861 = CARTESIAN_POINT('',(-1.570796326795,-2.5));
#3862 = VECTOR('',#3863,1.);
#3863 = DIRECTION('',(1.,-0.));
#3864 = ( GEOMETRIC_REPRESENTATION_CONTEXT(2) 
PARAMETRIC_REPRESENTATION_CONTEXT() REPRESENTATION_CONTEXT('2D SPACE',''
  ) );
#3865 = ORIENTED_EDGE('',*,*,#3866,.T.);
#3866 = EDGE_CURVE('',#3843,#1690,#3867,.T.);
#3867 = SURFACE_CURVE('',#3868,(#3873,#3879),.PCURVE_S1.);
#3868 = CIRCLE('',#3869,0.5);
#3869 = AXIS2_PLACEMENT_3D('',#3870,#3871,#3872);
#3870 = CARTESIAN_POINT('',(33.295,11.707843142053,2.5));
#3871 = DIRECTION('',(-1.919253549513E-17,-1.,0.));
#3872 = DIRECTION('',(1.,-1.919253549513E-17,-0.));
#3873 = PCURVE('',#1738,#3874);
#3874 = DEFINITIONAL_REPRESENTATION('',(#3875),#3878);
#3875 = B_SPLINE_CURVE_WITH_KNOTS('',1,(#3876,#3877),.UNSPECIFIED.,.F.,
  .F.,(2,2),(0.,1.570796326795),.PIECEWISE_BEZIER_KNOTS.);
#3876 = CARTESIAN_POINT('',(-1.570796326795,0.));
#3877 = CARTESIAN_POINT('',(-1.570796326795,1.570796326795));
#3878 = ( GEOMETRIC_REPRESENTATION_CONTEXT(2) 
PARAMETRIC_REPRESENTATION_CONTEXT() REPRESENTATION_CONTEXT('2D SPACE',''
  ) );
#3879 = PCURVE('',#1705,#3880);
#3880 = DEFINITIONAL_REPRESENTATION('',(#3881),#3884);
#3881 = B_SPLINE_CURVE_WITH_KNOTS('',1,(#3882,#3883),.UNSPECIFIED.,.F.,
  .F.,(2,2),(0.,1.570796326795),.PIECEWISE_BEZIER_KNOTS.);
#3882 = CARTESIAN_POINT('',(0.,0.));
#3883 = CARTESIAN_POINT('',(1.570796326795,0.));
#3884 = ( GEOMETRIC_REPRESENTATION_CONTEXT(2) 
PARAMETRIC_REPRESENTATION_CONTEXT() REPRESENTATION_CONTEXT('2D SPACE',''
  ) );
#3885 = ORIENTED_EDGE('',*,*,#1717,.F.);
#3886 = ADVANCED_FACE('',(#3887),#1705,.T.);
#3887 = FACE_BOUND('',#3888,.T.);
#3888 = EDGE_LOOP('',(#3889,#3890,#3891,#3892));
#3889 = ORIENTED_EDGE('',*,*,#3866,.T.);
#3890 = ORIENTED_EDGE('',*,*,#1689,.T.);
#3891 = ORIENTED_EDGE('',*,*,#3815,.F.);
#3892 = ORIENTED_EDGE('',*,*,#3893,.F.);
#3893 = EDGE_CURVE('',#3843,#2193,#3894,.T.);
#3894 = SURFACE_CURVE('',#3895,(#3899,#3906),.PCURVE_S1.);
#3895 = LINE('',#3896,#3897);
#3896 = CARTESIAN_POINT('',(33.795,11.707843142053,2.5));
#3897 = VECTOR('',#3898,1.);
#3898 = DIRECTION('',(-0.,-1.,-0.));
#3899 = PCURVE('',#1705,#3900);
#3900 = DEFINITIONAL_REPRESENTATION('',(#3901),#3905);
#3901 = LINE('',#3902,#3903);
#3902 = CARTESIAN_POINT('',(0.,0.));
#3903 = VECTOR('',#3904,1.);
#3904 = DIRECTION('',(0.,1.));
#3905 = ( GEOMETRIC_REPRESENTATION_CONTEXT(2) 
PARAMETRIC_REPRESENTATION_CONTEXT() REPRESENTATION_CONTEXT('2D SPACE',''
  ) );
#3906 = PCURVE('',#2232,#3907);
#3907 = DEFINITIONAL_REPRESENTATION('',(#3908),#3912);
#3908 = LINE('',#3909,#3910);
#3909 = CARTESIAN_POINT('',(23.415686284107,-2.5));
#3910 = VECTOR('',#3911,1.);
#3911 = DIRECTION('',(-1.,0.));
#3912 = ( GEOMETRIC_REPRESENTATION_CONTEXT(2) 
PARAMETRIC_REPRESENTATION_CONTEXT() REPRESENTATION_CONTEXT('2D SPACE',''
  ) );
#3913 = ADVANCED_FACE('',(#3914),#1825,.F.);
#3914 = FACE_BOUND('',#3915,.T.);
#3915 = EDGE_LOOP('',(#3916,#3938,#3939,#3961));
#3916 = ORIENTED_EDGE('',*,*,#3917,.F.);
#3917 = EDGE_CURVE('',#1807,#3918,#3920,.T.);
#3918 = VERTEX_POINT('',#3919);
#3919 = CARTESIAN_POINT('',(-30.515,-11.70784314205,3.5));
#3920 = SURFACE_CURVE('',#3921,(#3926,#3932),.PCURVE_S1.);
#3921 = CIRCLE('',#3922,0.5);
#3922 = AXIS2_PLACEMENT_3D('',#3923,#3924,#3925);
#3923 = CARTESIAN_POINT('',(-31.015,-11.70784314205,3.5));
#3924 = DIRECTION('',(-9.445110990552E-17,-1.,0.));
#3925 = DIRECTION('',(-1.,9.445110990552E-17,0.));
#3926 = PCURVE('',#1825,#3927);
#3927 = DEFINITIONAL_REPRESENTATION('',(#3928),#3931);
#3928 = B_SPLINE_CURVE_WITH_KNOTS('',1,(#3929,#3930),.UNSPECIFIED.,.F.,
  .F.,(2,2),(1.570796326795,3.14159265359),.PIECEWISE_BEZIER_KNOTS.);
#3929 = CARTESIAN_POINT('',(0.,1.570796326795));
#3930 = CARTESIAN_POINT('',(0.,3.14159265359));
#3931 = ( GEOMETRIC_REPRESENTATION_CONTEXT(2) 
PARAMETRIC_REPRESENTATION_CONTEXT() REPRESENTATION_CONTEXT('2D SPACE',''
  ) );
#3932 = PCURVE('',#1853,#3933);
#3933 = DEFINITIONAL_REPRESENTATION('',(#3934),#3937);
#3934 = B_SPLINE_CURVE_WITH_KNOTS('',1,(#3935,#3936),.UNSPECIFIED.,.F.,
  .F.,(2,2),(1.570796326795,3.14159265359),.PIECEWISE_BEZIER_KNOTS.);
#3935 = CARTESIAN_POINT('',(0.,23.415686284107));
#3936 = CARTESIAN_POINT('',(1.570796326795,23.415686284107));
#3937 = ( GEOMETRIC_REPRESENTATION_CONTEXT(2) 
PARAMETRIC_REPRESENTATION_CONTEXT() REPRESENTATION_CONTEXT('2D SPACE',''
  ) );
#3938 = ORIENTED_EDGE('',*,*,#1806,.T.);
#3939 = ORIENTED_EDGE('',*,*,#3940,.T.);
#3940 = EDGE_CURVE('',#1809,#3941,#3943,.T.);
#3941 = VERTEX_POINT('',#3942);
#3942 = CARTESIAN_POINT('',(-11.70784314205,-30.515,3.5));
#3943 = SURFACE_CURVE('',#3944,(#3949,#3955),.PCURVE_S1.);
#3944 = CIRCLE('',#3945,0.5);
#3945 = AXIS2_PLACEMENT_3D('',#3946,#3947,#3948);
#3946 = CARTESIAN_POINT('',(-11.70784314205,-31.015,3.5));
#3947 = DIRECTION('',(1.,-1.556834498629E-16,0.));
#3948 = DIRECTION('',(-1.556834498629E-16,-1.,0.));
#3949 = PCURVE('',#1825,#3950);
#3950 = DEFINITIONAL_REPRESENTATION('',(#3951),#3954);
#3951 = B_SPLINE_CURVE_WITH_KNOTS('',1,(#3952,#3953),.UNSPECIFIED.,.F.,
  .F.,(2,2),(1.570796326795,3.14159265359),.PIECEWISE_BEZIER_KNOTS.);
#3952 = CARTESIAN_POINT('',(-1.570796326795,1.570796326795));
#3953 = CARTESIAN_POINT('',(-1.570796326795,3.14159265359));
#3954 = ( GEOMETRIC_REPRESENTATION_CONTEXT(2) 
PARAMETRIC_REPRESENTATION_CONTEXT() REPRESENTATION_CONTEXT('2D SPACE',''
  ) );
#3955 = PCURVE('',#2022,#3956);
#3956 = DEFINITIONAL_REPRESENTATION('',(#3957),#3960);
#3957 = B_SPLINE_CURVE_WITH_KNOTS('',1,(#3958,#3959),.UNSPECIFIED.,.F.,
  .F.,(2,2),(1.570796326795,3.14159265359),.PIECEWISE_BEZIER_KNOTS.);
#3958 = CARTESIAN_POINT('',(0.,0.));
#3959 = CARTESIAN_POINT('',(1.570796326795,0.));
#3960 = ( GEOMETRIC_REPRESENTATION_CONTEXT(2) 
PARAMETRIC_REPRESENTATION_CONTEXT() REPRESENTATION_CONTEXT('2D SPACE',''
  ) );
#3961 = ORIENTED_EDGE('',*,*,#3962,.F.);
#3962 = EDGE_CURVE('',#3918,#3941,#3963,.T.);
#3963 = SURFACE_CURVE('',#3964,(#3969,#3976),.PCURVE_S1.);
#3964 = CIRCLE('',#3965,18.807156857947);
#3965 = AXIS2_PLACEMENT_3D('',#3966,#3967,#3968);
#3966 = CARTESIAN_POINT('',(-11.70784314205,-11.70784314205,3.5));
#3967 = DIRECTION('',(0.,0.,1.));
#3968 = DIRECTION('',(-1.,9.445110990552E-17,0.));
#3969 = PCURVE('',#1825,#3970);
#3970 = DEFINITIONAL_REPRESENTATION('',(#3971),#3975);
#3971 = LINE('',#3972,#3973);
#3972 = CARTESIAN_POINT('',(-0.,3.14159265359));
#3973 = VECTOR('',#3974,1.);
#3974 = DIRECTION('',(-1.,0.));
#3975 = ( GEOMETRIC_REPRESENTATION_CONTEXT(2) 
PARAMETRIC_REPRESENTATION_CONTEXT() REPRESENTATION_CONTEXT('2D SPACE',''
  ) );
#3976 = PCURVE('',#3977,#3982);
#3977 = CYLINDRICAL_SURFACE('',#3978,18.807156857947);
#3978 = AXIS2_PLACEMENT_3D('',#3979,#3980,#3981);
#3979 = CARTESIAN_POINT('',(-11.70784314205,-11.70784314205,3.));
#3980 = DIRECTION('',(-0.,-0.,-1.));
#3981 = DIRECTION('',(1.,0.,0.));
#3982 = DEFINITIONAL_REPRESENTATION('',(#3983),#3987);
#3983 = LINE('',#3984,#3985);
#3984 = CARTESIAN_POINT('',(-3.14159265359,-0.5));
#3985 = VECTOR('',#3986,1.);
#3986 = DIRECTION('',(-1.,0.));
#3987 = ( GEOMETRIC_REPRESENTATION_CONTEXT(2) 
PARAMETRIC_REPRESENTATION_CONTEXT() REPRESENTATION_CONTEXT('2D SPACE',''
  ) );
#3988 = ADVANCED_FACE('',(#3989),#1853,.F.);
#3989 = FACE_BOUND('',#3990,.F.);
#3990 = EDGE_LOOP('',(#3991,#4013,#4039,#4040));
#3991 = ORIENTED_EDGE('',*,*,#3992,.T.);
#3992 = EDGE_CURVE('',#1838,#3993,#3995,.T.);
#3993 = VERTEX_POINT('',#3994);
#3994 = CARTESIAN_POINT('',(-30.515,11.707843142053,3.5));
#3995 = SURFACE_CURVE('',#3996,(#4001,#4007),.PCURVE_S1.);
#3996 = CIRCLE('',#3997,0.5);
#3997 = AXIS2_PLACEMENT_3D('',#3998,#3999,#4000);
#3998 = CARTESIAN_POINT('',(-31.015,11.707843142053,3.5));
#3999 = DIRECTION('',(-1.556834498629E-16,-1.,0.));
#4000 = DIRECTION('',(-1.,1.556834498629E-16,0.));
#4001 = PCURVE('',#1853,#4002);
#4002 = DEFINITIONAL_REPRESENTATION('',(#4003),#4006);
#4003 = B_SPLINE_CURVE_WITH_KNOTS('',1,(#4004,#4005),.UNSPECIFIED.,.F.,
  .F.,(2,2),(1.570796326795,3.14159265359),.PIECEWISE_BEZIER_KNOTS.);
#4004 = CARTESIAN_POINT('',(0.,0.));
#4005 = CARTESIAN_POINT('',(1.570796326795,0.));
#4006 = ( GEOMETRIC_REPRESENTATION_CONTEXT(2) 
PARAMETRIC_REPRESENTATION_CONTEXT() REPRESENTATION_CONTEXT('2D SPACE',''
  ) );
#4007 = PCURVE('',#1882,#4008);
#4008 = DEFINITIONAL_REPRESENTATION('',(#4009),#4012);
#4009 = B_SPLINE_CURVE_WITH_KNOTS('',1,(#4010,#4011),.UNSPECIFIED.,.F.,
  .F.,(2,2),(1.570796326795,3.14159265359),.PIECEWISE_BEZIER_KNOTS.);
#4010 = CARTESIAN_POINT('',(-1.570796326795,1.570796326795));
#4011 = CARTESIAN_POINT('',(-1.570796326795,3.14159265359));
#4012 = ( GEOMETRIC_REPRESENTATION_CONTEXT(2) 
PARAMETRIC_REPRESENTATION_CONTEXT() REPRESENTATION_CONTEXT('2D SPACE',''
  ) );
#4013 = ORIENTED_EDGE('',*,*,#4014,.T.);
#4014 = EDGE_CURVE('',#3993,#3918,#4015,.T.);
#4015 = SURFACE_CURVE('',#4016,(#4020,#4027),.PCURVE_S1.);
#4016 = LINE('',#4017,#4018);
#4017 = CARTESIAN_POINT('',(-30.515,11.707843142053,3.5));
#4018 = VECTOR('',#4019,1.);
#4019 = DIRECTION('',(-0.,-1.,-0.));
#4020 = PCURVE('',#1853,#4021);
#4021 = DEFINITIONAL_REPRESENTATION('',(#4022),#4026);
#4022 = LINE('',#4023,#4024);
#4023 = CARTESIAN_POINT('',(1.570796326795,0.));
#4024 = VECTOR('',#4025,1.);
#4025 = DIRECTION('',(0.,1.));
#4026 = ( GEOMETRIC_REPRESENTATION_CONTEXT(2) 
PARAMETRIC_REPRESENTATION_CONTEXT() REPRESENTATION_CONTEXT('2D SPACE',''
  ) );
#4027 = PCURVE('',#4028,#4033);
#4028 = PLANE('',#4029);
#4029 = AXIS2_PLACEMENT_3D('',#4030,#4031,#4032);
#4030 = CARTESIAN_POINT('',(-30.515,-11.70784314205,3.));
#4031 = DIRECTION('',(-1.,0.,0.));
#4032 = DIRECTION('',(0.,1.,0.));
#4033 = DEFINITIONAL_REPRESENTATION('',(#4034),#4038);
#4034 = LINE('',#4035,#4036);
#4035 = CARTESIAN_POINT('',(23.415686284107,-0.5));
#4036 = VECTOR('',#4037,1.);
#4037 = DIRECTION('',(-1.,0.));
#4038 = ( GEOMETRIC_REPRESENTATION_CONTEXT(2) 
PARAMETRIC_REPRESENTATION_CONTEXT() REPRESENTATION_CONTEXT('2D SPACE',''
  ) );
#4039 = ORIENTED_EDGE('',*,*,#3917,.F.);
#4040 = ORIENTED_EDGE('',*,*,#1837,.F.);
#4041 = ADVANCED_FACE('',(#4042),#2022,.F.);
#4042 = FACE_BOUND('',#4043,.F.);
#4043 = EDGE_LOOP('',(#4044,#4045,#4073,#4093));
#4044 = ORIENTED_EDGE('',*,*,#3940,.T.);
#4045 = ORIENTED_EDGE('',*,*,#4046,.T.);
#4046 = EDGE_CURVE('',#3941,#4047,#4049,.T.);
#4047 = VERTEX_POINT('',#4048);
#4048 = CARTESIAN_POINT('',(11.707843142053,-30.515,3.5));
#4049 = SURFACE_CURVE('',#4050,(#4054,#4061),.PCURVE_S1.);
#4050 = LINE('',#4051,#4052);
#4051 = CARTESIAN_POINT('',(-11.70784314205,-30.515,3.5));
#4052 = VECTOR('',#4053,1.);
#4053 = DIRECTION('',(1.,0.,0.));
#4054 = PCURVE('',#2022,#4055);
#4055 = DEFINITIONAL_REPRESENTATION('',(#4056),#4060);
#4056 = LINE('',#4057,#4058);
#4057 = CARTESIAN_POINT('',(1.570796326795,0.));
#4058 = VECTOR('',#4059,1.);
#4059 = DIRECTION('',(0.,1.));
#4060 = ( GEOMETRIC_REPRESENTATION_CONTEXT(2) 
PARAMETRIC_REPRESENTATION_CONTEXT() REPRESENTATION_CONTEXT('2D SPACE',''
  ) );
#4061 = PCURVE('',#4062,#4067);
#4062 = PLANE('',#4063);
#4063 = AXIS2_PLACEMENT_3D('',#4064,#4065,#4066);
#4064 = CARTESIAN_POINT('',(-11.70784314205,-30.515,3.));
#4065 = DIRECTION('',(0.,1.,0.));
#4066 = DIRECTION('',(1.,0.,0.));
#4067 = DEFINITIONAL_REPRESENTATION('',(#4068),#4072);
#4068 = LINE('',#4069,#4070);
#4069 = CARTESIAN_POINT('',(0.,-0.5));
#4070 = VECTOR('',#4071,1.);
#4071 = DIRECTION('',(1.,0.));
#4072 = ( GEOMETRIC_REPRESENTATION_CONTEXT(2) 
PARAMETRIC_REPRESENTATION_CONTEXT() REPRESENTATION_CONTEXT('2D SPACE',''
  ) );
#4073 = ORIENTED_EDGE('',*,*,#4074,.F.);
#4074 = EDGE_CURVE('',#1980,#4047,#4075,.T.);
#4075 = SURFACE_CURVE('',#4076,(#4081,#4087),.PCURVE_S1.);
#4076 = CIRCLE('',#4077,0.5);
#4077 = AXIS2_PLACEMENT_3D('',#4078,#4079,#4080);
#4078 = CARTESIAN_POINT('',(11.707843142053,-31.015,3.5));
#4079 = DIRECTION('',(1.,0.,0.));
#4080 = DIRECTION('',(0.,0.,-1.));
#4081 = PCURVE('',#2022,#4082);
#4082 = DEFINITIONAL_REPRESENTATION('',(#4083),#4086);
#4083 = B_SPLINE_CURVE_WITH_KNOTS('',1,(#4084,#4085),.UNSPECIFIED.,.F.,
  .F.,(2,2),(0.,1.570796326795),.PIECEWISE_BEZIER_KNOTS.);
#4084 = CARTESIAN_POINT('',(0.,23.415686284107));
#4085 = CARTESIAN_POINT('',(1.570796326795,23.415686284107));
#4086 = ( GEOMETRIC_REPRESENTATION_CONTEXT(2) 
PARAMETRIC_REPRESENTATION_CONTEXT() REPRESENTATION_CONTEXT('2D SPACE',''
  ) );
#4087 = PCURVE('',#1996,#4088);
#4088 = DEFINITIONAL_REPRESENTATION('',(#4089),#4092);
#4089 = B_SPLINE_CURVE_WITH_KNOTS('',1,(#4090,#4091),.UNSPECIFIED.,.F.,
  .F.,(2,2),(0.,1.570796326795),.PIECEWISE_BEZIER_KNOTS.);
#4090 = CARTESIAN_POINT('',(0.,1.570796326795));
#4091 = CARTESIAN_POINT('',(0.,3.14159265359));
#4092 = ( GEOMETRIC_REPRESENTATION_CONTEXT(2) 
PARAMETRIC_REPRESENTATION_CONTEXT() REPRESENTATION_CONTEXT('2D SPACE',''
  ) );
#4093 = ORIENTED_EDGE('',*,*,#2008,.F.);
#4094 = ADVANCED_FACE('',(#4095),#1882,.F.);
#4095 = FACE_BOUND('',#4096,.T.);
#4096 = EDGE_LOOP('',(#4097,#4119,#4120,#4121));
#4097 = ORIENTED_EDGE('',*,*,#4098,.F.);
#4098 = EDGE_CURVE('',#1866,#4099,#4101,.T.);
#4099 = VERTEX_POINT('',#4100);
#4100 = CARTESIAN_POINT('',(-11.70784314205,30.515,3.5));
#4101 = SURFACE_CURVE('',#4102,(#4107,#4113),.PCURVE_S1.);
#4102 = CIRCLE('',#4103,0.5);
#4103 = AXIS2_PLACEMENT_3D('',#4104,#4105,#4106);
#4104 = CARTESIAN_POINT('',(-11.70784314205,31.015,3.5));
#4105 = DIRECTION('',(-1.,-0.,-0.));
#4106 = DIRECTION('',(0.,0.,-1.));
#4107 = PCURVE('',#1882,#4108);
#4108 = DEFINITIONAL_REPRESENTATION('',(#4109),#4112);
#4109 = B_SPLINE_CURVE_WITH_KNOTS('',1,(#4110,#4111),.UNSPECIFIED.,.F.,
  .F.,(2,2),(0.,1.570796326795),.PIECEWISE_BEZIER_KNOTS.);
#4110 = CARTESIAN_POINT('',(0.,1.570796326795));
#4111 = CARTESIAN_POINT('',(0.,3.14159265359));
#4112 = ( GEOMETRIC_REPRESENTATION_CONTEXT(2) 
PARAMETRIC_REPRESENTATION_CONTEXT() REPRESENTATION_CONTEXT('2D SPACE',''
  ) );
#4113 = PCURVE('',#1910,#4114);
#4114 = DEFINITIONAL_REPRESENTATION('',(#4115),#4118);
#4115 = B_SPLINE_CURVE_WITH_KNOTS('',1,(#4116,#4117),.UNSPECIFIED.,.F.,
  .F.,(2,2),(0.,1.570796326795),.PIECEWISE_BEZIER_KNOTS.);
#4116 = CARTESIAN_POINT('',(0.,23.415686284107));
#4117 = CARTESIAN_POINT('',(1.570796326795,23.415686284107));
#4118 = ( GEOMETRIC_REPRESENTATION_CONTEXT(2) 
PARAMETRIC_REPRESENTATION_CONTEXT() REPRESENTATION_CONTEXT('2D SPACE',''
  ) );
#4119 = ORIENTED_EDGE('',*,*,#1865,.T.);
#4120 = ORIENTED_EDGE('',*,*,#3992,.T.);
#4121 = ORIENTED_EDGE('',*,*,#4122,.F.);
#4122 = EDGE_CURVE('',#4099,#3993,#4123,.T.);
#4123 = SURFACE_CURVE('',#4124,(#4129,#4136),.PCURVE_S1.);
#4124 = CIRCLE('',#4125,18.807156857947);
#4125 = AXIS2_PLACEMENT_3D('',#4126,#4127,#4128);
#4126 = CARTESIAN_POINT('',(-11.70784314205,11.707843142053,3.5));
#4127 = DIRECTION('',(0.,0.,1.));
#4128 = DIRECTION('',(9.445110990552E-17,1.,-0.));
#4129 = PCURVE('',#1882,#4130);
#4130 = DEFINITIONAL_REPRESENTATION('',(#4131),#4135);
#4131 = LINE('',#4132,#4133);
#4132 = CARTESIAN_POINT('',(-0.,3.14159265359));
#4133 = VECTOR('',#4134,1.);
#4134 = DIRECTION('',(-1.,0.));
#4135 = ( GEOMETRIC_REPRESENTATION_CONTEXT(2) 
PARAMETRIC_REPRESENTATION_CONTEXT() REPRESENTATION_CONTEXT('2D SPACE',''
  ) );
#4136 = PCURVE('',#4137,#4142);
#4137 = CYLINDRICAL_SURFACE('',#4138,18.807156857947);
#4138 = AXIS2_PLACEMENT_3D('',#4139,#4140,#4141);
#4139 = CARTESIAN_POINT('',(-11.70784314205,11.707843142053,3.));
#4140 = DIRECTION('',(-0.,-0.,-1.));
#4141 = DIRECTION('',(1.,0.,0.));
#4142 = DEFINITIONAL_REPRESENTATION('',(#4143),#4147);
#4143 = LINE('',#4144,#4145);
#4144 = CARTESIAN_POINT('',(-1.570796326795,-0.5));
#4145 = VECTOR('',#4146,1.);
#4146 = DIRECTION('',(-1.,0.));
#4147 = ( GEOMETRIC_REPRESENTATION_CONTEXT(2) 
PARAMETRIC_REPRESENTATION_CONTEXT() REPRESENTATION_CONTEXT('2D SPACE',''
  ) );
#4148 = ADVANCED_FACE('',(#4149),#1996,.F.);
#4149 = FACE_BOUND('',#4150,.T.);
#4150 = EDGE_LOOP('',(#4151,#4152,#4153,#4175));
#4151 = ORIENTED_EDGE('',*,*,#4074,.F.);
#4152 = ORIENTED_EDGE('',*,*,#1979,.T.);
#4153 = ORIENTED_EDGE('',*,*,#4154,.T.);
#4154 = EDGE_CURVE('',#1952,#4155,#4157,.T.);
#4155 = VERTEX_POINT('',#4156);
#4156 = CARTESIAN_POINT('',(30.515,-11.70784314205,3.5));
#4157 = SURFACE_CURVE('',#4158,(#4163,#4169),.PCURVE_S1.);
#4158 = CIRCLE('',#4159,0.5);
#4159 = AXIS2_PLACEMENT_3D('',#4160,#4161,#4162);
#4160 = CARTESIAN_POINT('',(31.015,-11.70784314205,3.5));
#4161 = DIRECTION('',(2.501345597684E-16,1.,0.));
#4162 = DIRECTION('',(1.,-2.501345597684E-16,0.));
#4163 = PCURVE('',#1996,#4164);
#4164 = DEFINITIONAL_REPRESENTATION('',(#4165),#4168);
#4165 = B_SPLINE_CURVE_WITH_KNOTS('',1,(#4166,#4167),.UNSPECIFIED.,.F.,
  .F.,(2,2),(1.570796326795,3.14159265359),.PIECEWISE_BEZIER_KNOTS.);
#4166 = CARTESIAN_POINT('',(-1.570796326795,1.570796326795));
#4167 = CARTESIAN_POINT('',(-1.570796326795,3.14159265359));
#4168 = ( GEOMETRIC_REPRESENTATION_CONTEXT(2) 
PARAMETRIC_REPRESENTATION_CONTEXT() REPRESENTATION_CONTEXT('2D SPACE',''
  ) );
#4169 = PCURVE('',#1967,#4170);
#4170 = DEFINITIONAL_REPRESENTATION('',(#4171),#4174);
#4171 = B_SPLINE_CURVE_WITH_KNOTS('',1,(#4172,#4173),.UNSPECIFIED.,.F.,
  .F.,(2,2),(1.570796326795,3.14159265359),.PIECEWISE_BEZIER_KNOTS.);
#4172 = CARTESIAN_POINT('',(0.,0.));
#4173 = CARTESIAN_POINT('',(1.570796326795,0.));
#4174 = ( GEOMETRIC_REPRESENTATION_CONTEXT(2) 
PARAMETRIC_REPRESENTATION_CONTEXT() REPRESENTATION_CONTEXT('2D SPACE',''
  ) );
#4175 = ORIENTED_EDGE('',*,*,#4176,.F.);
#4176 = EDGE_CURVE('',#4047,#4155,#4177,.T.);
#4177 = SURFACE_CURVE('',#4178,(#4183,#4190),.PCURVE_S1.);
#4178 = CIRCLE('',#4179,18.807156857947);
#4179 = AXIS2_PLACEMENT_3D('',#4180,#4181,#4182);
#4180 = CARTESIAN_POINT('',(11.707843142053,-11.70784314205,3.5));
#4181 = DIRECTION('',(0.,0.,1.));
#4182 = DIRECTION('',(-1.88902219811E-16,-1.,0.));
#4183 = PCURVE('',#1996,#4184);
#4184 = DEFINITIONAL_REPRESENTATION('',(#4185),#4189);
#4185 = LINE('',#4186,#4187);
#4186 = CARTESIAN_POINT('',(-0.,3.14159265359));
#4187 = VECTOR('',#4188,1.);
#4188 = DIRECTION('',(-1.,0.));
#4189 = ( GEOMETRIC_REPRESENTATION_CONTEXT(2) 
PARAMETRIC_REPRESENTATION_CONTEXT() REPRESENTATION_CONTEXT('2D SPACE',''
  ) );
#4190 = PCURVE('',#4191,#4196);
#4191 = CYLINDRICAL_SURFACE('',#4192,18.807156857947);
#4192 = AXIS2_PLACEMENT_3D('',#4193,#4194,#4195);
#4193 = CARTESIAN_POINT('',(11.707843142053,-11.70784314205,3.));
#4194 = DIRECTION('',(-0.,-0.,-1.));
#4195 = DIRECTION('',(1.,0.,0.));
#4196 = DEFINITIONAL_REPRESENTATION('',(#4197),#4201);
#4197 = LINE('',#4198,#4199);
#4198 = CARTESIAN_POINT('',(-4.712388980385,-0.5));
#4199 = VECTOR('',#4200,1.);
#4200 = DIRECTION('',(-1.,0.));
#4201 = ( GEOMETRIC_REPRESENTATION_CONTEXT(2) 
PARAMETRIC_REPRESENTATION_CONTEXT() REPRESENTATION_CONTEXT('2D SPACE',''
  ) );
#4202 = ADVANCED_FACE('',(#4203),#1910,.F.);
#4203 = FACE_BOUND('',#4204,.F.);
#4204 = EDGE_LOOP('',(#4205,#4227,#4253,#4254));
#4205 = ORIENTED_EDGE('',*,*,#4206,.T.);
#4206 = EDGE_CURVE('',#1895,#4207,#4209,.T.);
#4207 = VERTEX_POINT('',#4208);
#4208 = CARTESIAN_POINT('',(11.707843142053,30.515,3.5));
#4209 = SURFACE_CURVE('',#4210,(#4215,#4221),.PCURVE_S1.);
#4210 = CIRCLE('',#4211,0.5);
#4211 = AXIS2_PLACEMENT_3D('',#4212,#4213,#4214);
#4212 = CARTESIAN_POINT('',(11.707843142053,31.015,3.5));
#4213 = DIRECTION('',(-1.,6.123233995737E-17,0.));
#4214 = DIRECTION('',(6.123233995737E-17,1.,-0.));
#4215 = PCURVE('',#1910,#4216);
#4216 = DEFINITIONAL_REPRESENTATION('',(#4217),#4220);
#4217 = B_SPLINE_CURVE_WITH_KNOTS('',1,(#4218,#4219),.UNSPECIFIED.,.F.,
  .F.,(2,2),(1.570796326795,3.14159265359),.PIECEWISE_BEZIER_KNOTS.);
#4218 = CARTESIAN_POINT('',(0.,0.));
#4219 = CARTESIAN_POINT('',(1.570796326795,0.));
#4220 = ( GEOMETRIC_REPRESENTATION_CONTEXT(2) 
PARAMETRIC_REPRESENTATION_CONTEXT() REPRESENTATION_CONTEXT('2D SPACE',''
  ) );
#4221 = PCURVE('',#1939,#4222);
#4222 = DEFINITIONAL_REPRESENTATION('',(#4223),#4226);
#4223 = B_SPLINE_CURVE_WITH_KNOTS('',1,(#4224,#4225),.UNSPECIFIED.,.F.,
  .F.,(2,2),(1.570796326795,3.14159265359),.PIECEWISE_BEZIER_KNOTS.);
#4224 = CARTESIAN_POINT('',(-1.570796326795,1.570796326795));
#4225 = CARTESIAN_POINT('',(-1.570796326795,3.14159265359));
#4226 = ( GEOMETRIC_REPRESENTATION_CONTEXT(2) 
PARAMETRIC_REPRESENTATION_CONTEXT() REPRESENTATION_CONTEXT('2D SPACE',''
  ) );
#4227 = ORIENTED_EDGE('',*,*,#4228,.T.);
#4228 = EDGE_CURVE('',#4207,#4099,#4229,.T.);
#4229 = SURFACE_CURVE('',#4230,(#4234,#4241),.PCURVE_S1.);
#4230 = LINE('',#4231,#4232);
#4231 = CARTESIAN_POINT('',(11.707843142053,30.515,3.5));
#4232 = VECTOR('',#4233,1.);
#4233 = DIRECTION('',(-1.,-0.,-0.));
#4234 = PCURVE('',#1910,#4235);
#4235 = DEFINITIONAL_REPRESENTATION('',(#4236),#4240);
#4236 = LINE('',#4237,#4238);
#4237 = CARTESIAN_POINT('',(1.570796326795,0.));
#4238 = VECTOR('',#4239,1.);
#4239 = DIRECTION('',(0.,1.));
#4240 = ( GEOMETRIC_REPRESENTATION_CONTEXT(2) 
PARAMETRIC_REPRESENTATION_CONTEXT() REPRESENTATION_CONTEXT('2D SPACE',''
  ) );
#4241 = PCURVE('',#4242,#4247);
#4242 = PLANE('',#4243);
#4243 = AXIS2_PLACEMENT_3D('',#4244,#4245,#4246);
#4244 = CARTESIAN_POINT('',(-11.70784314205,30.515,3.));
#4245 = DIRECTION('',(0.,1.,0.));
#4246 = DIRECTION('',(1.,0.,0.));
#4247 = DEFINITIONAL_REPRESENTATION('',(#4248),#4252);
#4248 = LINE('',#4249,#4250);
#4249 = CARTESIAN_POINT('',(23.415686284107,-0.5));
#4250 = VECTOR('',#4251,1.);
#4251 = DIRECTION('',(-1.,0.));
#4252 = ( GEOMETRIC_REPRESENTATION_CONTEXT(2) 
PARAMETRIC_REPRESENTATION_CONTEXT() REPRESENTATION_CONTEXT('2D SPACE',''
  ) );
#4253 = ORIENTED_EDGE('',*,*,#4098,.F.);
#4254 = ORIENTED_EDGE('',*,*,#1894,.F.);
#4255 = ADVANCED_FACE('',(#4256),#1967,.F.);
#4256 = FACE_BOUND('',#4257,.F.);
#4257 = EDGE_LOOP('',(#4258,#4259,#4287,#4307));
#4258 = ORIENTED_EDGE('',*,*,#4154,.T.);
#4259 = ORIENTED_EDGE('',*,*,#4260,.T.);
#4260 = EDGE_CURVE('',#4155,#4261,#4263,.T.);
#4261 = VERTEX_POINT('',#4262);
#4262 = CARTESIAN_POINT('',(30.515,11.707843142053,3.5));
#4263 = SURFACE_CURVE('',#4264,(#4268,#4275),.PCURVE_S1.);
#4264 = LINE('',#4265,#4266);
#4265 = CARTESIAN_POINT('',(30.515,-11.70784314205,3.5));
#4266 = VECTOR('',#4267,1.);
#4267 = DIRECTION('',(0.,1.,0.));
#4268 = PCURVE('',#1967,#4269);
#4269 = DEFINITIONAL_REPRESENTATION('',(#4270),#4274);
#4270 = LINE('',#4271,#4272);
#4271 = CARTESIAN_POINT('',(1.570796326795,0.));
#4272 = VECTOR('',#4273,1.);
#4273 = DIRECTION('',(0.,1.));
#4274 = ( GEOMETRIC_REPRESENTATION_CONTEXT(2) 
PARAMETRIC_REPRESENTATION_CONTEXT() REPRESENTATION_CONTEXT('2D SPACE',''
  ) );
#4275 = PCURVE('',#4276,#4281);
#4276 = PLANE('',#4277);
#4277 = AXIS2_PLACEMENT_3D('',#4278,#4279,#4280);
#4278 = CARTESIAN_POINT('',(30.515,-11.70784314205,3.));
#4279 = DIRECTION('',(-1.,0.,0.));
#4280 = DIRECTION('',(0.,1.,0.));
#4281 = DEFINITIONAL_REPRESENTATION('',(#4282),#4286);
#4282 = LINE('',#4283,#4284);
#4283 = CARTESIAN_POINT('',(0.,-0.5));
#4284 = VECTOR('',#4285,1.);
#4285 = DIRECTION('',(1.,0.));
#4286 = ( GEOMETRIC_REPRESENTATION_CONTEXT(2) 
PARAMETRIC_REPRESENTATION_CONTEXT() REPRESENTATION_CONTEXT('2D SPACE',''
  ) );
#4287 = ORIENTED_EDGE('',*,*,#4288,.F.);
#4288 = EDGE_CURVE('',#1923,#4261,#4289,.T.);
#4289 = SURFACE_CURVE('',#4290,(#4295,#4301),.PCURVE_S1.);
#4290 = CIRCLE('',#4291,0.5);
#4291 = AXIS2_PLACEMENT_3D('',#4292,#4293,#4294);
#4292 = CARTESIAN_POINT('',(31.015,11.707843142053,3.5));
#4293 = DIRECTION('',(0.,1.,0.));
#4294 = DIRECTION('',(0.,0.,-1.));
#4295 = PCURVE('',#1967,#4296);
#4296 = DEFINITIONAL_REPRESENTATION('',(#4297),#4300);
#4297 = B_SPLINE_CURVE_WITH_KNOTS('',1,(#4298,#4299),.UNSPECIFIED.,.F.,
  .F.,(2,2),(0.,1.570796326795),.PIECEWISE_BEZIER_KNOTS.);
#4298 = CARTESIAN_POINT('',(0.,23.415686284107));
#4299 = CARTESIAN_POINT('',(1.570796326795,23.415686284107));
#4300 = ( GEOMETRIC_REPRESENTATION_CONTEXT(2) 
PARAMETRIC_REPRESENTATION_CONTEXT() REPRESENTATION_CONTEXT('2D SPACE',''
  ) );
#4301 = PCURVE('',#1939,#4302);
#4302 = DEFINITIONAL_REPRESENTATION('',(#4303),#4306);
#4303 = B_SPLINE_CURVE_WITH_KNOTS('',1,(#4304,#4305),.UNSPECIFIED.,.F.,
  .F.,(2,2),(0.,1.570796326795),.PIECEWISE_BEZIER_KNOTS.);
#4304 = CARTESIAN_POINT('',(0.,1.570796326795));
#4305 = CARTESIAN_POINT('',(0.,3.14159265359));
#4306 = ( GEOMETRIC_REPRESENTATION_CONTEXT(2) 
PARAMETRIC_REPRESENTATION_CONTEXT() REPRESENTATION_CONTEXT('2D SPACE',''
  ) );
#4307 = ORIENTED_EDGE('',*,*,#1951,.F.);
#4308 = ADVANCED_FACE('',(#4309),#1939,.F.);
#4309 = FACE_BOUND('',#4310,.T.);
#4310 = EDGE_LOOP('',(#4311,#4312,#4313,#4314));
#4311 = ORIENTED_EDGE('',*,*,#4288,.F.);
#4312 = ORIENTED_EDGE('',*,*,#1922,.T.);
#4313 = ORIENTED_EDGE('',*,*,#4206,.T.);
#4314 = ORIENTED_EDGE('',*,*,#4315,.F.);
#4315 = EDGE_CURVE('',#4261,#4207,#4316,.T.);
#4316 = SURFACE_CURVE('',#4317,(#4322,#4329),.PCURVE_S1.);
#4317 = CIRCLE('',#4318,18.807156857947);
#4318 = AXIS2_PLACEMENT_3D('',#4319,#4320,#4321);
#4319 = CARTESIAN_POINT('',(11.707843142053,11.707843142053,3.5));
#4320 = DIRECTION('',(0.,0.,1.));
#4321 = DIRECTION('',(1.,0.,-0.));
#4322 = PCURVE('',#1939,#4323);
#4323 = DEFINITIONAL_REPRESENTATION('',(#4324),#4328);
#4324 = LINE('',#4325,#4326);
#4325 = CARTESIAN_POINT('',(-0.,3.14159265359));
#4326 = VECTOR('',#4327,1.);
#4327 = DIRECTION('',(-1.,0.));
#4328 = ( GEOMETRIC_REPRESENTATION_CONTEXT(2) 
PARAMETRIC_REPRESENTATION_CONTEXT() REPRESENTATION_CONTEXT('2D SPACE',''
  ) );
#4329 = PCURVE('',#4330,#4335);
#4330 = CYLINDRICAL_SURFACE('',#4331,18.807156857947);
#4331 = AXIS2_PLACEMENT_3D('',#4332,#4333,#4334);
#4332 = CARTESIAN_POINT('',(11.707843142053,11.707843142053,3.));
#4333 = DIRECTION('',(-0.,-0.,-1.));
#4334 = DIRECTION('',(1.,0.,0.));
#4335 = DEFINITIONAL_REPRESENTATION('',(#4336),#4340);
#4336 = LINE('',#4337,#4338);
#4337 = CARTESIAN_POINT('',(-0.,-0.5));
#4338 = VECTOR('',#4339,1.);
#4339 = DIRECTION('',(-1.,0.));
#4340 = ( GEOMETRIC_REPRESENTATION_CONTEXT(2) 
PARAMETRIC_REPRESENTATION_CONTEXT() REPRESENTATION_CONTEXT('2D SPACE',''
  ) );
#4341 = ADVANCED_FACE('',(#4342),#2103,.T.);
#4342 = FACE_BOUND('',#4343,.F.);
#4343 = EDGE_LOOP('',(#4344,#4365,#4366,#4367));
#4344 = ORIENTED_EDGE('',*,*,#4345,.T.);
#4345 = EDGE_CURVE('',#2323,#3843,#4346,.T.);
#4346 = SURFACE_CURVE('',#4347,(#4351,#4358),.PCURVE_S1.);
#4347 = LINE('',#4348,#4349);
#4348 = CARTESIAN_POINT('',(33.795,11.707843142053,0.));
#4349 = VECTOR('',#4350,1.);
#4350 = DIRECTION('',(0.,0.,1.));
#4351 = PCURVE('',#2103,#4352);
#4352 = DEFINITIONAL_REPRESENTATION('',(#4353),#4357);
#4353 = LINE('',#4354,#4355);
#4354 = CARTESIAN_POINT('',(-0.,0.));
#4355 = VECTOR('',#4356,1.);
#4356 = DIRECTION('',(-0.,-1.));
#4357 = ( GEOMETRIC_REPRESENTATION_CONTEXT(2) 
PARAMETRIC_REPRESENTATION_CONTEXT() REPRESENTATION_CONTEXT('2D SPACE',''
  ) );
#4358 = PCURVE('',#2232,#4359);
#4359 = DEFINITIONAL_REPRESENTATION('',(#4360),#4364);
#4360 = LINE('',#4361,#4362);
#4361 = CARTESIAN_POINT('',(23.415686284107,0.));
#4362 = VECTOR('',#4363,1.);
#4363 = DIRECTION('',(0.,-1.));
#4364 = ( GEOMETRIC_REPRESENTATION_CONTEXT(2) 
PARAMETRIC_REPRESENTATION_CONTEXT() REPRESENTATION_CONTEXT('2D SPACE',''
  ) );
#4365 = ORIENTED_EDGE('',*,*,#3842,.F.);
#4366 = ORIENTED_EDGE('',*,*,#2087,.F.);
#4367 = ORIENTED_EDGE('',*,*,#2322,.T.);
#4368 = ADVANCED_FACE('',(#4369),#2232,.F.);
#4369 = FACE_BOUND('',#4370,.F.);
#4370 = EDGE_LOOP('',(#4371,#4372,#4373,#4374));
#4371 = ORIENTED_EDGE('',*,*,#2216,.T.);
#4372 = ORIENTED_EDGE('',*,*,#3893,.F.);
#4373 = ORIENTED_EDGE('',*,*,#4345,.F.);
#4374 = ORIENTED_EDGE('',*,*,#2373,.T.);
#4375 = ADVANCED_FACE('',(#4376),#2435,.F.);
#4376 = FACE_BOUND('',#4377,.F.);
#4377 = EDGE_LOOP('',(#4378,#4379,#4402,#4430));
#4378 = ORIENTED_EDGE('',*,*,#2419,.T.);
#4379 = ORIENTED_EDGE('',*,*,#4380,.T.);
#4380 = EDGE_CURVE('',#2420,#4381,#4383,.T.);
#4381 = VERTEX_POINT('',#4382);
#4382 = CARTESIAN_POINT('',(-18.50743127105,-16.44528337585,5.9));
#4383 = SURFACE_CURVE('',#4384,(#4388,#4395),.PCURVE_S1.);
#4384 = LINE('',#4385,#4386);
#4385 = CARTESIAN_POINT('',(-18.50743127105,-16.44528337585,0.));
#4386 = VECTOR('',#4387,1.);
#4387 = DIRECTION('',(0.,0.,1.));
#4388 = PCURVE('',#2435,#4389);
#4389 = DEFINITIONAL_REPRESENTATION('',(#4390),#4394);
#4390 = LINE('',#4391,#4392);
#4391 = CARTESIAN_POINT('',(0.5,-1.));
#4392 = VECTOR('',#4393,1.);
#4393 = DIRECTION('',(0.,-1.));
#4394 = ( GEOMETRIC_REPRESENTATION_CONTEXT(2) 
PARAMETRIC_REPRESENTATION_CONTEXT() REPRESENTATION_CONTEXT('2D SPACE',''
  ) );
#4395 = PCURVE('',#2564,#4396);
#4396 = DEFINITIONAL_REPRESENTATION('',(#4397),#4401);
#4397 = LINE('',#4398,#4399);
#4398 = CARTESIAN_POINT('',(0.,0.));
#4399 = VECTOR('',#4400,1.);
#4400 = DIRECTION('',(0.,1.));
#4401 = ( GEOMETRIC_REPRESENTATION_CONTEXT(2) 
PARAMETRIC_REPRESENTATION_CONTEXT() REPRESENTATION_CONTEXT('2D SPACE',''
  ) );
#4402 = ORIENTED_EDGE('',*,*,#4403,.F.);
#4403 = EDGE_CURVE('',#4404,#4381,#4406,.T.);
#4404 = VERTEX_POINT('',#4405);
#4405 = CARTESIAN_POINT('',(-18.50743127105,-12.29471656763,5.9));
#4406 = SURFACE_CURVE('',#4407,(#4411,#4418),.PCURVE_S1.);
#4407 = LINE('',#4408,#4409);
#4408 = CARTESIAN_POINT('',(-18.50743127105,-11.79471656763,5.9));
#4409 = VECTOR('',#4410,1.);
#4410 = DIRECTION('',(0.,-1.,0.));
#4411 = PCURVE('',#2435,#4412);
#4412 = DEFINITIONAL_REPRESENTATION('',(#4413),#4417);
#4413 = LINE('',#4414,#4415);
#4414 = CARTESIAN_POINT('',(5.15056680822,-6.9));
#4415 = VECTOR('',#4416,1.);
#4416 = DIRECTION('',(-1.,0.));
#4417 = ( GEOMETRIC_REPRESENTATION_CONTEXT(2) 
PARAMETRIC_REPRESENTATION_CONTEXT() REPRESENTATION_CONTEXT('2D SPACE',''
  ) );
#4418 = PCURVE('',#4419,#4424);
#4419 = CYLINDRICAL_SURFACE('',#4420,0.5);
#4420 = AXIS2_PLACEMENT_3D('',#4421,#4422,#4423);
#4421 = CARTESIAN_POINT('',(-19.00743127105,-11.79471656763,5.9));
#4422 = DIRECTION('',(0.,-1.,0.));
#4423 = DIRECTION('',(1.,0.,-0.));
#4424 = DEFINITIONAL_REPRESENTATION('',(#4425),#4429);
#4425 = LINE('',#4426,#4427);
#4426 = CARTESIAN_POINT('',(0.,0.));
#4427 = VECTOR('',#4428,1.);
#4428 = DIRECTION('',(0.,1.));
#4429 = ( GEOMETRIC_REPRESENTATION_CONTEXT(2) 
PARAMETRIC_REPRESENTATION_CONTEXT() REPRESENTATION_CONTEXT('2D SPACE',''
  ) );
#4430 = ORIENTED_EDGE('',*,*,#4431,.F.);
#4431 = EDGE_CURVE('',#2398,#4404,#4432,.T.);
#4432 = SURFACE_CURVE('',#4433,(#4437,#4444),.PCURVE_S1.);
#4433 = LINE('',#4434,#4435);
#4434 = CARTESIAN_POINT('',(-18.50743127105,-12.29471656763,0.));
#4435 = VECTOR('',#4436,1.);
#4436 = DIRECTION('',(0.,0.,1.));
#4437 = PCURVE('',#2435,#4438);
#4438 = DEFINITIONAL_REPRESENTATION('',(#4439),#4443);
#4439 = LINE('',#4440,#4441);
#4440 = CARTESIAN_POINT('',(4.65056680822,-1.));
#4441 = VECTOR('',#4442,1.);
#4442 = DIRECTION('',(0.,-1.));
#4443 = ( GEOMETRIC_REPRESENTATION_CONTEXT(2) 
PARAMETRIC_REPRESENTATION_CONTEXT() REPRESENTATION_CONTEXT('2D SPACE',''
  ) );
#4444 = PCURVE('',#2510,#4445);
#4445 = DEFINITIONAL_REPRESENTATION('',(#4446),#4450);
#4446 = LINE('',#4447,#4448);
#4447 = CARTESIAN_POINT('',(-0.,0.));
#4448 = VECTOR('',#4449,1.);
#4449 = DIRECTION('',(-0.,1.));
#4450 = ( GEOMETRIC_REPRESENTATION_CONTEXT(2) 
PARAMETRIC_REPRESENTATION_CONTEXT() REPRESENTATION_CONTEXT('2D SPACE',''
  ) );
#4451 = ADVANCED_FACE('',(#4452),#2510,.F.);
#4452 = FACE_BOUND('',#4453,.T.);
#4453 = EDGE_LOOP('',(#4454,#4455,#4456,#4479));
#4454 = ORIENTED_EDGE('',*,*,#4431,.F.);
#4455 = ORIENTED_EDGE('',*,*,#2495,.T.);
#4456 = ORIENTED_EDGE('',*,*,#4457,.T.);
#4457 = EDGE_CURVE('',#2474,#4458,#4460,.T.);
#4458 = VERTEX_POINT('',#4459);
#4459 = CARTESIAN_POINT('',(-18.00743127105,-11.79471656763,5.9));
#4460 = SURFACE_CURVE('',#4461,(#4465,#4472),.PCURVE_S1.);
#4461 = LINE('',#4462,#4463);
#4462 = CARTESIAN_POINT('',(-18.00743127105,-11.79471656763,0.));
#4463 = VECTOR('',#4464,1.);
#4464 = DIRECTION('',(0.,0.,1.));
#4465 = PCURVE('',#2510,#4466);
#4466 = DEFINITIONAL_REPRESENTATION('',(#4467),#4471);
#4467 = LINE('',#4468,#4469);
#4468 = CARTESIAN_POINT('',(-1.570796326795,0.));
#4469 = VECTOR('',#4470,1.);
#4470 = DIRECTION('',(-0.,1.));
#4471 = ( GEOMETRIC_REPRESENTATION_CONTEXT(2) 
PARAMETRIC_REPRESENTATION_CONTEXT() REPRESENTATION_CONTEXT('2D SPACE',''
  ) );
#4472 = PCURVE('',#2615,#4473);
#4473 = DEFINITIONAL_REPRESENTATION('',(#4474),#4478);
#4474 = LINE('',#4475,#4476);
#4475 = CARTESIAN_POINT('',(0.5,-1.));
#4476 = VECTOR('',#4477,1.);
#4477 = DIRECTION('',(0.,-1.));
#4478 = ( GEOMETRIC_REPRESENTATION_CONTEXT(2) 
PARAMETRIC_REPRESENTATION_CONTEXT() REPRESENTATION_CONTEXT('2D SPACE',''
  ) );
#4479 = ORIENTED_EDGE('',*,*,#4480,.F.);
#4480 = EDGE_CURVE('',#4404,#4458,#4481,.T.);
#4481 = SURFACE_CURVE('',#4482,(#4487,#4494),.PCURVE_S1.);
#4482 = CIRCLE('',#4483,0.5);
#4483 = AXIS2_PLACEMENT_3D('',#4484,#4485,#4486);
#4484 = CARTESIAN_POINT('',(-18.00743127105,-12.29471656763,5.9));
#4485 = DIRECTION('',(-0.,0.,-1.));
#4486 = DIRECTION('',(-1.,0.,0.));
#4487 = PCURVE('',#2510,#4488);
#4488 = DEFINITIONAL_REPRESENTATION('',(#4489),#4493);
#4489 = LINE('',#4490,#4491);
#4490 = CARTESIAN_POINT('',(-0.,5.9));
#4491 = VECTOR('',#4492,1.);
#4492 = DIRECTION('',(-1.,0.));
#4493 = ( GEOMETRIC_REPRESENTATION_CONTEXT(2) 
PARAMETRIC_REPRESENTATION_CONTEXT() REPRESENTATION_CONTEXT('2D SPACE',''
  ) );
#4494 = PCURVE('',#4495,#4500);
#4495 = TOROIDAL_SURFACE('',#4496,1.,0.5);
#4496 = AXIS2_PLACEMENT_3D('',#4497,#4498,#4499);
#4497 = CARTESIAN_POINT('',(-18.00743127105,-12.29471656763,5.9));
#4498 = DIRECTION('',(0.,0.,1.));
#4499 = DIRECTION('',(-1.,0.,0.));
#4500 = DEFINITIONAL_REPRESENTATION('',(#4501),#4505);
#4501 = LINE('',#4502,#4503);
#4502 = CARTESIAN_POINT('',(-0.,3.14159265359));
#4503 = VECTOR('',#4504,1.);
#4504 = DIRECTION('',(-1.,0.));
#4505 = ( GEOMETRIC_REPRESENTATION_CONTEXT(2) 
PARAMETRIC_REPRESENTATION_CONTEXT() REPRESENTATION_CONTEXT('2D SPACE',''
  ) );
#4506 = ADVANCED_FACE('',(#4507),#2564,.F.);
#4507 = FACE_BOUND('',#4508,.F.);
#4508 = EDGE_LOOP('',(#4509,#4510,#4511,#4534));
#4509 = ORIENTED_EDGE('',*,*,#4380,.F.);
#4510 = ORIENTED_EDGE('',*,*,#2549,.T.);
#4511 = ORIENTED_EDGE('',*,*,#4512,.T.);
#4512 = EDGE_CURVE('',#2528,#4513,#4515,.T.);
#4513 = VERTEX_POINT('',#4514);
#4514 = CARTESIAN_POINT('',(-18.00743127105,-16.94528337585,5.9));
#4515 = SURFACE_CURVE('',#4516,(#4520,#4527),.PCURVE_S1.);
#4516 = LINE('',#4517,#4518);
#4517 = CARTESIAN_POINT('',(-18.00743127105,-16.94528337585,0.));
#4518 = VECTOR('',#4519,1.);
#4519 = DIRECTION('',(0.,0.,1.));
#4520 = PCURVE('',#2564,#4521);
#4521 = DEFINITIONAL_REPRESENTATION('',(#4522),#4526);
#4522 = LINE('',#4523,#4524);
#4523 = CARTESIAN_POINT('',(1.570796326795,0.));
#4524 = VECTOR('',#4525,1.);
#4525 = DIRECTION('',(0.,1.));
#4526 = ( GEOMETRIC_REPRESENTATION_CONTEXT(2) 
PARAMETRIC_REPRESENTATION_CONTEXT() REPRESENTATION_CONTEXT('2D SPACE',''
  ) );
#4527 = PCURVE('',#2668,#4528);
#4528 = DEFINITIONAL_REPRESENTATION('',(#4529),#4533);
#4529 = LINE('',#4530,#4531);
#4530 = CARTESIAN_POINT('',(0.5,-1.));
#4531 = VECTOR('',#4532,1.);
#4532 = DIRECTION('',(0.,-1.));
#4533 = ( GEOMETRIC_REPRESENTATION_CONTEXT(2) 
PARAMETRIC_REPRESENTATION_CONTEXT() REPRESENTATION_CONTEXT('2D SPACE',''
  ) );
#4534 = ORIENTED_EDGE('',*,*,#4535,.T.);
#4535 = EDGE_CURVE('',#4513,#4381,#4536,.T.);
#4536 = SURFACE_CURVE('',#4537,(#4542,#4549),.PCURVE_S1.);
#4537 = CIRCLE('',#4538,0.5);
#4538 = AXIS2_PLACEMENT_3D('',#4539,#4540,#4541);
#4539 = CARTESIAN_POINT('',(-18.00743127105,-16.44528337585,5.9));
#4540 = DIRECTION('',(-0.,-0.,-1.));
#4541 = DIRECTION('',(0.,-1.,0.));
#4542 = PCURVE('',#2564,#4543);
#4543 = DEFINITIONAL_REPRESENTATION('',(#4544),#4548);
#4544 = LINE('',#4545,#4546);
#4545 = CARTESIAN_POINT('',(1.570796326795,5.9));
#4546 = VECTOR('',#4547,1.);
#4547 = DIRECTION('',(-1.,-0.));
#4548 = ( GEOMETRIC_REPRESENTATION_CONTEXT(2) 
PARAMETRIC_REPRESENTATION_CONTEXT() REPRESENTATION_CONTEXT('2D SPACE',''
  ) );
#4549 = PCURVE('',#4550,#4555);
#4550 = TOROIDAL_SURFACE('',#4551,1.,0.5);
#4551 = AXIS2_PLACEMENT_3D('',#4552,#4553,#4554);
#4552 = CARTESIAN_POINT('',(-18.00743127105,-16.44528337585,5.9));
#4553 = DIRECTION('',(0.,0.,1.));
#4554 = DIRECTION('',(0.,-1.,0.));
#4555 = DEFINITIONAL_REPRESENTATION('',(#4556),#4560);
#4556 = LINE('',#4557,#4558);
#4557 = CARTESIAN_POINT('',(-0.,3.14159265359));
#4558 = VECTOR('',#4559,1.);
#4559 = DIRECTION('',(-1.,0.));
#4560 = ( GEOMETRIC_REPRESENTATION_CONTEXT(2) 
PARAMETRIC_REPRESENTATION_CONTEXT() REPRESENTATION_CONTEXT('2D SPACE',''
  ) );
#4561 = ADVANCED_FACE('',(#4562),#2615,.F.);
#4562 = FACE_BOUND('',#4563,.F.);
#4563 = EDGE_LOOP('',(#4564,#4565,#4566,#4594));
#4564 = ORIENTED_EDGE('',*,*,#2601,.T.);
#4565 = ORIENTED_EDGE('',*,*,#4457,.T.);
#4566 = ORIENTED_EDGE('',*,*,#4567,.F.);
#4567 = EDGE_CURVE('',#4568,#4458,#4570,.T.);
#4568 = VERTEX_POINT('',#4569);
#4569 = CARTESIAN_POINT('',(-7.992721129255,-11.79471656763,5.9));
#4570 = SURFACE_CURVE('',#4571,(#4575,#4582),.PCURVE_S1.);
#4571 = LINE('',#4572,#4573);
#4572 = CARTESIAN_POINT('',(-7.492721129255,-11.79471656763,5.9));
#4573 = VECTOR('',#4574,1.);
#4574 = DIRECTION('',(-1.,0.,0.));
#4575 = PCURVE('',#2615,#4576);
#4576 = DEFINITIONAL_REPRESENTATION('',(#4577),#4581);
#4577 = LINE('',#4578,#4579);
#4578 = CARTESIAN_POINT('',(11.014710141795,-6.9));
#4579 = VECTOR('',#4580,1.);
#4580 = DIRECTION('',(-1.,0.));
#4581 = ( GEOMETRIC_REPRESENTATION_CONTEXT(2) 
PARAMETRIC_REPRESENTATION_CONTEXT() REPRESENTATION_CONTEXT('2D SPACE',''
  ) );
#4582 = PCURVE('',#4583,#4588);
#4583 = CYLINDRICAL_SURFACE('',#4584,0.5);
#4584 = AXIS2_PLACEMENT_3D('',#4585,#4586,#4587);
#4585 = CARTESIAN_POINT('',(-7.492721129255,-11.29471656763,5.9));
#4586 = DIRECTION('',(-1.,0.,0.));
#4587 = DIRECTION('',(-0.,-1.,-0.));
#4588 = DEFINITIONAL_REPRESENTATION('',(#4589),#4593);
#4589 = LINE('',#4590,#4591);
#4590 = CARTESIAN_POINT('',(0.,0.));
#4591 = VECTOR('',#4592,1.);
#4592 = DIRECTION('',(0.,1.));
#4593 = ( GEOMETRIC_REPRESENTATION_CONTEXT(2) 
PARAMETRIC_REPRESENTATION_CONTEXT() REPRESENTATION_CONTEXT('2D SPACE',''
  ) );
#4594 = ORIENTED_EDGE('',*,*,#4595,.F.);
#4595 = EDGE_CURVE('',#2580,#4568,#4596,.T.);
#4596 = SURFACE_CURVE('',#4597,(#4601,#4608),.PCURVE_S1.);
#4597 = LINE('',#4598,#4599);
#4598 = CARTESIAN_POINT('',(-7.992721129255,-11.79471656763,0.));
#4599 = VECTOR('',#4600,1.);
#4600 = DIRECTION('',(0.,0.,1.));
#4601 = PCURVE('',#2615,#4602);
#4602 = DEFINITIONAL_REPRESENTATION('',(#4603),#4607);
#4603 = LINE('',#4604,#4605);
#4604 = CARTESIAN_POINT('',(10.514710141795,-1.));
#4605 = VECTOR('',#4606,1.);
#4606 = DIRECTION('',(0.,-1.));
#4607 = ( GEOMETRIC_REPRESENTATION_CONTEXT(2) 
PARAMETRIC_REPRESENTATION_CONTEXT() REPRESENTATION_CONTEXT('2D SPACE',''
  ) );
#4608 = PCURVE('',#2724,#4609);
#4609 = DEFINITIONAL_REPRESENTATION('',(#4610),#4614);
#4610 = LINE('',#4611,#4612);
#4611 = CARTESIAN_POINT('',(1.570796326795,0.));
#4612 = VECTOR('',#4613,1.);
#4613 = DIRECTION('',(0.,1.));
#4614 = ( GEOMETRIC_REPRESENTATION_CONTEXT(2) 
PARAMETRIC_REPRESENTATION_CONTEXT() REPRESENTATION_CONTEXT('2D SPACE',''
  ) );
#4615 = ADVANCED_FACE('',(#4616),#2668,.T.);
#4616 = FACE_BOUND('',#4617,.T.);
#4617 = EDGE_LOOP('',(#4618,#4619,#4620,#4648));
#4618 = ORIENTED_EDGE('',*,*,#2654,.T.);
#4619 = ORIENTED_EDGE('',*,*,#4512,.T.);
#4620 = ORIENTED_EDGE('',*,*,#4621,.F.);
#4621 = EDGE_CURVE('',#4622,#4513,#4624,.T.);
#4622 = VERTEX_POINT('',#4623);
#4623 = CARTESIAN_POINT('',(-7.992721129255,-16.94528337585,5.9));
#4624 = SURFACE_CURVE('',#4625,(#4629,#4636),.PCURVE_S1.);
#4625 = LINE('',#4626,#4627);
#4626 = CARTESIAN_POINT('',(-7.492721129255,-16.94528337585,5.9));
#4627 = VECTOR('',#4628,1.);
#4628 = DIRECTION('',(-1.,0.,0.));
#4629 = PCURVE('',#2668,#4630);
#4630 = DEFINITIONAL_REPRESENTATION('',(#4631),#4635);
#4631 = LINE('',#4632,#4633);
#4632 = CARTESIAN_POINT('',(11.014710141795,-6.9));
#4633 = VECTOR('',#4634,1.);
#4634 = DIRECTION('',(-1.,0.));
#4635 = ( GEOMETRIC_REPRESENTATION_CONTEXT(2) 
PARAMETRIC_REPRESENTATION_CONTEXT() REPRESENTATION_CONTEXT('2D SPACE',''
  ) );
#4636 = PCURVE('',#4637,#4642);
#4637 = CYLINDRICAL_SURFACE('',#4638,0.5);
#4638 = AXIS2_PLACEMENT_3D('',#4639,#4640,#4641);
#4639 = CARTESIAN_POINT('',(-7.492721129255,-17.44528337585,5.9));
#4640 = DIRECTION('',(-1.,0.,0.));
#4641 = DIRECTION('',(0.,1.,-0.));
#4642 = DEFINITIONAL_REPRESENTATION('',(#4643),#4647);
#4643 = LINE('',#4644,#4645);
#4644 = CARTESIAN_POINT('',(-0.,0.));
#4645 = VECTOR('',#4646,1.);
#4646 = DIRECTION('',(-0.,1.));
#4647 = ( GEOMETRIC_REPRESENTATION_CONTEXT(2) 
PARAMETRIC_REPRESENTATION_CONTEXT() REPRESENTATION_CONTEXT('2D SPACE',''
  ) );
#4648 = ORIENTED_EDGE('',*,*,#4649,.F.);
#4649 = EDGE_CURVE('',#2633,#4622,#4650,.T.);
#4650 = SURFACE_CURVE('',#4651,(#4655,#4662),.PCURVE_S1.);
#4651 = LINE('',#4652,#4653);
#4652 = CARTESIAN_POINT('',(-7.992721129255,-16.94528337585,0.));
#4653 = VECTOR('',#4654,1.);
#4654 = DIRECTION('',(0.,0.,1.));
#4655 = PCURVE('',#2668,#4656);
#4656 = DEFINITIONAL_REPRESENTATION('',(#4657),#4661);
#4657 = LINE('',#4658,#4659);
#4658 = CARTESIAN_POINT('',(10.514710141795,-1.));
#4659 = VECTOR('',#4660,1.);
#4660 = DIRECTION('',(0.,-1.));
#4661 = ( GEOMETRIC_REPRESENTATION_CONTEXT(2) 
PARAMETRIC_REPRESENTATION_CONTEXT() REPRESENTATION_CONTEXT('2D SPACE',''
  ) );
#4662 = PCURVE('',#2778,#4663);
#4663 = DEFINITIONAL_REPRESENTATION('',(#4664),#4668);
#4664 = LINE('',#4665,#4666);
#4665 = CARTESIAN_POINT('',(0.,0.));
#4666 = VECTOR('',#4667,1.);
#4667 = DIRECTION('',(0.,1.));
#4668 = ( GEOMETRIC_REPRESENTATION_CONTEXT(2) 
PARAMETRIC_REPRESENTATION_CONTEXT() REPRESENTATION_CONTEXT('2D SPACE',''
  ) );
#4669 = ADVANCED_FACE('',(#4670),#2724,.F.);
#4670 = FACE_BOUND('',#4671,.F.);
#4671 = EDGE_LOOP('',(#4672,#4695,#4696,#4697));
#4672 = ORIENTED_EDGE('',*,*,#4673,.F.);
#4673 = EDGE_CURVE('',#2686,#4674,#4676,.T.);
#4674 = VERTEX_POINT('',#4675);
#4675 = CARTESIAN_POINT('',(-7.492721129255,-12.29471656763,5.9));
#4676 = SURFACE_CURVE('',#4677,(#4681,#4688),.PCURVE_S1.);
#4677 = LINE('',#4678,#4679);
#4678 = CARTESIAN_POINT('',(-7.492721129255,-12.29471656763,0.));
#4679 = VECTOR('',#4680,1.);
#4680 = DIRECTION('',(0.,0.,1.));
#4681 = PCURVE('',#2724,#4682);
#4682 = DEFINITIONAL_REPRESENTATION('',(#4683),#4687);
#4683 = LINE('',#4684,#4685);
#4684 = CARTESIAN_POINT('',(0.,0.));
#4685 = VECTOR('',#4686,1.);
#4686 = DIRECTION('',(0.,1.));
#4687 = ( GEOMETRIC_REPRESENTATION_CONTEXT(2) 
PARAMETRIC_REPRESENTATION_CONTEXT() REPRESENTATION_CONTEXT('2D SPACE',''
  ) );
#4688 = PCURVE('',#2808,#4689);
#4689 = DEFINITIONAL_REPRESENTATION('',(#4690),#4694);
#4690 = LINE('',#4691,#4692);
#4691 = CARTESIAN_POINT('',(4.65056680822,-1.));
#4692 = VECTOR('',#4693,1.);
#4693 = DIRECTION('',(0.,-1.));
#4694 = ( GEOMETRIC_REPRESENTATION_CONTEXT(2) 
PARAMETRIC_REPRESENTATION_CONTEXT() REPRESENTATION_CONTEXT('2D SPACE',''
  ) );
#4695 = ORIENTED_EDGE('',*,*,#2709,.T.);
#4696 = ORIENTED_EDGE('',*,*,#4595,.T.);
#4697 = ORIENTED_EDGE('',*,*,#4698,.F.);
#4698 = EDGE_CURVE('',#4674,#4568,#4699,.T.);
#4699 = SURFACE_CURVE('',#4700,(#4705,#4712),.PCURVE_S1.);
#4700 = CIRCLE('',#4701,0.5);
#4701 = AXIS2_PLACEMENT_3D('',#4702,#4703,#4704);
#4702 = CARTESIAN_POINT('',(-7.992721129255,-12.29471656763,5.9));
#4703 = DIRECTION('',(0.,0.,1.));
#4704 = DIRECTION('',(1.,0.,-0.));
#4705 = PCURVE('',#2724,#4706);
#4706 = DEFINITIONAL_REPRESENTATION('',(#4707),#4711);
#4707 = LINE('',#4708,#4709);
#4708 = CARTESIAN_POINT('',(0.,5.9));
#4709 = VECTOR('',#4710,1.);
#4710 = DIRECTION('',(1.,0.));
#4711 = ( GEOMETRIC_REPRESENTATION_CONTEXT(2) 
PARAMETRIC_REPRESENTATION_CONTEXT() REPRESENTATION_CONTEXT('2D SPACE',''
  ) );
#4712 = PCURVE('',#4713,#4718);
#4713 = TOROIDAL_SURFACE('',#4714,1.,0.5);
#4714 = AXIS2_PLACEMENT_3D('',#4715,#4716,#4717);
#4715 = CARTESIAN_POINT('',(-7.992721129255,-12.29471656763,5.9));
#4716 = DIRECTION('',(0.,0.,1.));
#4717 = DIRECTION('',(1.,0.,-0.));
#4718 = DEFINITIONAL_REPRESENTATION('',(#4719),#4723);
#4719 = LINE('',#4720,#4721);
#4720 = CARTESIAN_POINT('',(0.,3.14159265359));
#4721 = VECTOR('',#4722,1.);
#4722 = DIRECTION('',(1.,0.));
#4723 = ( GEOMETRIC_REPRESENTATION_CONTEXT(2) 
PARAMETRIC_REPRESENTATION_CONTEXT() REPRESENTATION_CONTEXT('2D SPACE',''
  ) );
#4724 = ADVANCED_FACE('',(#4725),#2778,.F.);
#4725 = FACE_BOUND('',#4726,.F.);
#4726 = EDGE_LOOP('',(#4727,#4728,#4729,#4752));
#4727 = ORIENTED_EDGE('',*,*,#4649,.F.);
#4728 = ORIENTED_EDGE('',*,*,#2763,.T.);
#4729 = ORIENTED_EDGE('',*,*,#4730,.T.);
#4730 = EDGE_CURVE('',#2742,#4731,#4733,.T.);
#4731 = VERTEX_POINT('',#4732);
#4732 = CARTESIAN_POINT('',(-7.492721129255,-16.44528337585,5.9));
#4733 = SURFACE_CURVE('',#4734,(#4738,#4745),.PCURVE_S1.);
#4734 = LINE('',#4735,#4736);
#4735 = CARTESIAN_POINT('',(-7.492721129255,-16.44528337585,0.));
#4736 = VECTOR('',#4737,1.);
#4737 = DIRECTION('',(0.,0.,1.));
#4738 = PCURVE('',#2778,#4739);
#4739 = DEFINITIONAL_REPRESENTATION('',(#4740),#4744);
#4740 = LINE('',#4741,#4742);
#4741 = CARTESIAN_POINT('',(1.570796326795,0.));
#4742 = VECTOR('',#4743,1.);
#4743 = DIRECTION('',(0.,1.));
#4744 = ( GEOMETRIC_REPRESENTATION_CONTEXT(2) 
PARAMETRIC_REPRESENTATION_CONTEXT() REPRESENTATION_CONTEXT('2D SPACE',''
  ) );
#4745 = PCURVE('',#2808,#4746);
#4746 = DEFINITIONAL_REPRESENTATION('',(#4747),#4751);
#4747 = LINE('',#4748,#4749);
#4748 = CARTESIAN_POINT('',(0.5,-1.));
#4749 = VECTOR('',#4750,1.);
#4750 = DIRECTION('',(0.,-1.));
#4751 = ( GEOMETRIC_REPRESENTATION_CONTEXT(2) 
PARAMETRIC_REPRESENTATION_CONTEXT() REPRESENTATION_CONTEXT('2D SPACE',''
  ) );
#4752 = ORIENTED_EDGE('',*,*,#4753,.F.);
#4753 = EDGE_CURVE('',#4622,#4731,#4754,.T.);
#4754 = SURFACE_CURVE('',#4755,(#4760,#4767),.PCURVE_S1.);
#4755 = CIRCLE('',#4756,0.5);
#4756 = AXIS2_PLACEMENT_3D('',#4757,#4758,#4759);
#4757 = CARTESIAN_POINT('',(-7.992721129255,-16.44528337585,5.9));
#4758 = DIRECTION('',(0.,0.,1.));
#4759 = DIRECTION('',(0.,-1.,0.));
#4760 = PCURVE('',#2778,#4761);
#4761 = DEFINITIONAL_REPRESENTATION('',(#4762),#4766);
#4762 = LINE('',#4763,#4764);
#4763 = CARTESIAN_POINT('',(0.,5.9));
#4764 = VECTOR('',#4765,1.);
#4765 = DIRECTION('',(1.,0.));
#4766 = ( GEOMETRIC_REPRESENTATION_CONTEXT(2) 
PARAMETRIC_REPRESENTATION_CONTEXT() REPRESENTATION_CONTEXT('2D SPACE',''
  ) );
#4767 = PCURVE('',#4768,#4773);
#4768 = TOROIDAL_SURFACE('',#4769,1.,0.5);
#4769 = AXIS2_PLACEMENT_3D('',#4770,#4771,#4772);
#4770 = CARTESIAN_POINT('',(-7.992721129255,-16.44528337585,5.9));
#4771 = DIRECTION('',(0.,0.,1.));
#4772 = DIRECTION('',(0.,-1.,0.));
#4773 = DEFINITIONAL_REPRESENTATION('',(#4774),#4778);
#4774 = LINE('',#4775,#4776);
#4775 = CARTESIAN_POINT('',(0.,3.14159265359));
#4776 = VECTOR('',#4777,1.);
#4777 = DIRECTION('',(1.,0.));
#4778 = ( GEOMETRIC_REPRESENTATION_CONTEXT(2) 
PARAMETRIC_REPRESENTATION_CONTEXT() REPRESENTATION_CONTEXT('2D SPACE',''
  ) );
#4779 = ADVANCED_FACE('',(#4780),#2808,.T.);
#4780 = FACE_BOUND('',#4781,.T.);
#4781 = EDGE_LOOP('',(#4782,#4783,#4784,#4810));
#4782 = ORIENTED_EDGE('',*,*,#2794,.T.);
#4783 = ORIENTED_EDGE('',*,*,#4730,.T.);
#4784 = ORIENTED_EDGE('',*,*,#4785,.F.);
#4785 = EDGE_CURVE('',#4674,#4731,#4786,.T.);
#4786 = SURFACE_CURVE('',#4787,(#4791,#4798),.PCURVE_S1.);
#4787 = LINE('',#4788,#4789);
#4788 = CARTESIAN_POINT('',(-7.492721129255,-11.79471656763,5.9));
#4789 = VECTOR('',#4790,1.);
#4790 = DIRECTION('',(0.,-1.,0.));
#4791 = PCURVE('',#2808,#4792);
#4792 = DEFINITIONAL_REPRESENTATION('',(#4793),#4797);
#4793 = LINE('',#4794,#4795);
#4794 = CARTESIAN_POINT('',(5.15056680822,-6.9));
#4795 = VECTOR('',#4796,1.);
#4796 = DIRECTION('',(-1.,0.));
#4797 = ( GEOMETRIC_REPRESENTATION_CONTEXT(2) 
PARAMETRIC_REPRESENTATION_CONTEXT() REPRESENTATION_CONTEXT('2D SPACE',''
  ) );
#4798 = PCURVE('',#4799,#4804);
#4799 = CYLINDRICAL_SURFACE('',#4800,0.5);
#4800 = AXIS2_PLACEMENT_3D('',#4801,#4802,#4803);
#4801 = CARTESIAN_POINT('',(-6.992721129255,-11.79471656763,5.9));
#4802 = DIRECTION('',(0.,-1.,0.));
#4803 = DIRECTION('',(-1.,0.,0.));
#4804 = DEFINITIONAL_REPRESENTATION('',(#4805),#4809);
#4805 = LINE('',#4806,#4807);
#4806 = CARTESIAN_POINT('',(-0.,0.));
#4807 = VECTOR('',#4808,1.);
#4808 = DIRECTION('',(-0.,1.));
#4809 = ( GEOMETRIC_REPRESENTATION_CONTEXT(2) 
PARAMETRIC_REPRESENTATION_CONTEXT() REPRESENTATION_CONTEXT('2D SPACE',''
  ) );
#4810 = ORIENTED_EDGE('',*,*,#4673,.F.);
#4811 = ADVANCED_FACE('',(#4812),#2864,.F.);
#4812 = FACE_BOUND('',#4813,.T.);
#4813 = EDGE_LOOP('',(#4814,#4837,#4838,#4839));
#4814 = ORIENTED_EDGE('',*,*,#4815,.F.);
#4815 = EDGE_CURVE('',#2826,#4816,#4818,.T.);
#4816 = VERTEX_POINT('',#4817);
#4817 = CARTESIAN_POINT('',(-10.43597224011,-7.67,5.9));
#4818 = SEAM_CURVE('',#4819,(#4823,#4830),.PCURVE_S1.);
#4819 = LINE('',#4820,#4821);
#4820 = CARTESIAN_POINT('',(-10.43597224011,-7.67,-1.));
#4821 = VECTOR('',#4822,1.);
#4822 = DIRECTION('',(0.,0.,1.));
#4823 = PCURVE('',#2864,#4824);
#4824 = DEFINITIONAL_REPRESENTATION('',(#4825),#4829);
#4825 = LINE('',#4826,#4827);
#4826 = CARTESIAN_POINT('',(-6.28318530718,0.));
#4827 = VECTOR('',#4828,1.);
#4828 = DIRECTION('',(-0.,-1.));
#4829 = ( GEOMETRIC_REPRESENTATION_CONTEXT(2) 
PARAMETRIC_REPRESENTATION_CONTEXT() REPRESENTATION_CONTEXT('2D SPACE',''
  ) );
#4830 = PCURVE('',#2864,#4831);
#4831 = DEFINITIONAL_REPRESENTATION('',(#4832),#4836);
#4832 = LINE('',#4833,#4834);
#4833 = CARTESIAN_POINT('',(-0.,0.));
#4834 = VECTOR('',#4835,1.);
#4835 = DIRECTION('',(-0.,-1.));
#4836 = ( GEOMETRIC_REPRESENTATION_CONTEXT(2) 
PARAMETRIC_REPRESENTATION_CONTEXT() REPRESENTATION_CONTEXT('2D SPACE',''
  ) );
#4837 = ORIENTED_EDGE('',*,*,#2849,.T.);
#4838 = ORIENTED_EDGE('',*,*,#4815,.T.);
#4839 = ORIENTED_EDGE('',*,*,#4840,.F.);
#4840 = EDGE_CURVE('',#4816,#4816,#4841,.T.);
#4841 = SURFACE_CURVE('',#4842,(#4847,#4854),.PCURVE_S1.);
#4842 = CIRCLE('',#4843,2.564027759882);
#4843 = AXIS2_PLACEMENT_3D('',#4844,#4845,#4846);
#4844 = CARTESIAN_POINT('',(-13.,-7.67,5.9));
#4845 = DIRECTION('',(0.,-0.,-1.));
#4846 = DIRECTION('',(1.,-3.46399689425E-16,0.));
#4847 = PCURVE('',#2864,#4848);
#4848 = DEFINITIONAL_REPRESENTATION('',(#4849),#4853);
#4849 = LINE('',#4850,#4851);
#4850 = CARTESIAN_POINT('',(-6.28318530718,-6.9));
#4851 = VECTOR('',#4852,1.);
#4852 = DIRECTION('',(1.,-0.));
#4853 = ( GEOMETRIC_REPRESENTATION_CONTEXT(2) 
PARAMETRIC_REPRESENTATION_CONTEXT() REPRESENTATION_CONTEXT('2D SPACE',''
  ) );
#4854 = PCURVE('',#4855,#4860);
#4855 = TOROIDAL_SURFACE('',#4856,3.064027759882,0.5);
#4856 = AXIS2_PLACEMENT_3D('',#4857,#4858,#4859);
#4857 = CARTESIAN_POINT('',(-13.,-7.67,5.9));
#4858 = DIRECTION('',(-0.,-0.,-1.));
#4859 = DIRECTION('',(1.,-3.46399689425E-16,0.));
#4860 = DEFINITIONAL_REPRESENTATION('',(#4861),#4865);
#4861 = LINE('',#4862,#4863);
#4862 = CARTESIAN_POINT('',(0.,3.14159265359));
#4863 = VECTOR('',#4864,1.);
#4864 = DIRECTION('',(1.,0.));
#4865 = ( GEOMETRIC_REPRESENTATION_CONTEXT(2) 
PARAMETRIC_REPRESENTATION_CONTEXT() REPRESENTATION_CONTEXT('2D SPACE',''
  ) );
#4866 = ADVANCED_FACE('',(#4867),#2917,.F.);
#4867 = FACE_BOUND('',#4868,.F.);
#4868 = EDGE_LOOP('',(#4869,#4870,#4893,#4921));
#4869 = ORIENTED_EDGE('',*,*,#2901,.T.);
#4870 = ORIENTED_EDGE('',*,*,#4871,.T.);
#4871 = EDGE_CURVE('',#2902,#4872,#4874,.T.);
#4872 = VERTEX_POINT('',#4873);
#4873 = CARTESIAN_POINT('',(3.405784139593,-16.97373333622,5.9));
#4874 = SURFACE_CURVE('',#4875,(#4879,#4886),.PCURVE_S1.);
#4875 = LINE('',#4876,#4877);
#4876 = CARTESIAN_POINT('',(3.405784139593,-16.97373333622,0.));
#4877 = VECTOR('',#4878,1.);
#4878 = DIRECTION('',(0.,0.,1.));
#4879 = PCURVE('',#2917,#4880);
#4880 = DEFINITIONAL_REPRESENTATION('',(#4881),#4885);
#4881 = LINE('',#4882,#4883);
#4882 = CARTESIAN_POINT('',(0.5,-1.));
#4883 = VECTOR('',#4884,1.);
#4884 = DIRECTION('',(0.,-1.));
#4885 = ( GEOMETRIC_REPRESENTATION_CONTEXT(2) 
PARAMETRIC_REPRESENTATION_CONTEXT() REPRESENTATION_CONTEXT('2D SPACE',''
  ) );
#4886 = PCURVE('',#3046,#4887);
#4887 = DEFINITIONAL_REPRESENTATION('',(#4888),#4892);
#4888 = LINE('',#4889,#4890);
#4889 = CARTESIAN_POINT('',(0.,0.));
#4890 = VECTOR('',#4891,1.);
#4891 = DIRECTION('',(0.,1.));
#4892 = ( GEOMETRIC_REPRESENTATION_CONTEXT(2) 
PARAMETRIC_REPRESENTATION_CONTEXT() REPRESENTATION_CONTEXT('2D SPACE',''
  ) );
#4893 = ORIENTED_EDGE('',*,*,#4894,.F.);
#4894 = EDGE_CURVE('',#4895,#4872,#4897,.T.);
#4895 = VERTEX_POINT('',#4896);
#4896 = CARTESIAN_POINT('',(3.405784139593,-8.288296365224,5.9));
#4897 = SURFACE_CURVE('',#4898,(#4902,#4909),.PCURVE_S1.);
#4898 = LINE('',#4899,#4900);
#4899 = CARTESIAN_POINT('',(3.405784139593,-7.788296365224,5.9));
#4900 = VECTOR('',#4901,1.);
#4901 = DIRECTION('',(0.,-1.,0.));
#4902 = PCURVE('',#2917,#4903);
#4903 = DEFINITIONAL_REPRESENTATION('',(#4904),#4908);
#4904 = LINE('',#4905,#4906);
#4905 = CARTESIAN_POINT('',(9.685436971003,-6.9));
#4906 = VECTOR('',#4907,1.);
#4907 = DIRECTION('',(-1.,0.));
#4908 = ( GEOMETRIC_REPRESENTATION_CONTEXT(2) 
PARAMETRIC_REPRESENTATION_CONTEXT() REPRESENTATION_CONTEXT('2D SPACE',''
  ) );
#4909 = PCURVE('',#4910,#4915);
#4910 = CYLINDRICAL_SURFACE('',#4911,0.5);
#4911 = AXIS2_PLACEMENT_3D('',#4912,#4913,#4914);
#4912 = CARTESIAN_POINT('',(2.905784139593,-7.788296365224,5.9));
#4913 = DIRECTION('',(0.,-1.,0.));
#4914 = DIRECTION('',(1.,0.,-0.));
#4915 = DEFINITIONAL_REPRESENTATION('',(#4916),#4920);
#4916 = LINE('',#4917,#4918);
#4917 = CARTESIAN_POINT('',(0.,0.));
#4918 = VECTOR('',#4919,1.);
#4919 = DIRECTION('',(0.,1.));
#4920 = ( GEOMETRIC_REPRESENTATION_CONTEXT(2) 
PARAMETRIC_REPRESENTATION_CONTEXT() REPRESENTATION_CONTEXT('2D SPACE',''
  ) );
#4921 = ORIENTED_EDGE('',*,*,#4922,.F.);
#4922 = EDGE_CURVE('',#2880,#4895,#4923,.T.);
#4923 = SURFACE_CURVE('',#4924,(#4928,#4935),.PCURVE_S1.);
#4924 = LINE('',#4925,#4926);
#4925 = CARTESIAN_POINT('',(3.405784139593,-8.288296365224,0.));
#4926 = VECTOR('',#4927,1.);
#4927 = DIRECTION('',(0.,0.,1.));
#4928 = PCURVE('',#2917,#4929);
#4929 = DEFINITIONAL_REPRESENTATION('',(#4930),#4934);
#4930 = LINE('',#4931,#4932);
#4931 = CARTESIAN_POINT('',(9.185436971003,-1.));
#4932 = VECTOR('',#4933,1.);
#4933 = DIRECTION('',(0.,-1.));
#4934 = ( GEOMETRIC_REPRESENTATION_CONTEXT(2) 
PARAMETRIC_REPRESENTATION_CONTEXT() REPRESENTATION_CONTEXT('2D SPACE',''
  ) );
#4935 = PCURVE('',#2992,#4936);
#4936 = DEFINITIONAL_REPRESENTATION('',(#4937),#4941);
#4937 = LINE('',#4938,#4939);
#4938 = CARTESIAN_POINT('',(-0.,0.));
#4939 = VECTOR('',#4940,1.);
#4940 = DIRECTION('',(-0.,1.));
#4941 = ( GEOMETRIC_REPRESENTATION_CONTEXT(2) 
PARAMETRIC_REPRESENTATION_CONTEXT() REPRESENTATION_CONTEXT('2D SPACE',''
  ) );
#4942 = ADVANCED_FACE('',(#4943),#2992,.F.);
#4943 = FACE_BOUND('',#4944,.T.);
#4944 = EDGE_LOOP('',(#4945,#4946,#4947,#4970));
#4945 = ORIENTED_EDGE('',*,*,#4922,.F.);
#4946 = ORIENTED_EDGE('',*,*,#2977,.T.);
#4947 = ORIENTED_EDGE('',*,*,#4948,.T.);
#4948 = EDGE_CURVE('',#2956,#4949,#4951,.T.);
#4949 = VERTEX_POINT('',#4950);
#4950 = CARTESIAN_POINT('',(3.905784139593,-7.788296365224,5.9));
#4951 = SURFACE_CURVE('',#4952,(#4956,#4963),.PCURVE_S1.);
#4952 = LINE('',#4953,#4954);
#4953 = CARTESIAN_POINT('',(3.905784139593,-7.788296365224,0.));
#4954 = VECTOR('',#4955,1.);
#4955 = DIRECTION('',(0.,0.,1.));
#4956 = PCURVE('',#2992,#4957);
#4957 = DEFINITIONAL_REPRESENTATION('',(#4958),#4962);
#4958 = LINE('',#4959,#4960);
#4959 = CARTESIAN_POINT('',(-1.570796326795,0.));
#4960 = VECTOR('',#4961,1.);
#4961 = DIRECTION('',(-0.,1.));
#4962 = ( GEOMETRIC_REPRESENTATION_CONTEXT(2) 
PARAMETRIC_REPRESENTATION_CONTEXT() REPRESENTATION_CONTEXT('2D SPACE',''
  ) );
#4963 = PCURVE('',#3097,#4964);
#4964 = DEFINITIONAL_REPRESENTATION('',(#4965),#4969);
#4965 = LINE('',#4966,#4967);
#4966 = CARTESIAN_POINT('',(0.5,-1.));
#4967 = VECTOR('',#4968,1.);
#4968 = DIRECTION('',(0.,-1.));
#4969 = ( GEOMETRIC_REPRESENTATION_CONTEXT(2) 
PARAMETRIC_REPRESENTATION_CONTEXT() REPRESENTATION_CONTEXT('2D SPACE',''
  ) );
#4970 = ORIENTED_EDGE('',*,*,#4971,.F.);
#4971 = EDGE_CURVE('',#4895,#4949,#4972,.T.);
#4972 = SURFACE_CURVE('',#4973,(#4978,#4985),.PCURVE_S1.);
#4973 = CIRCLE('',#4974,0.5);
#4974 = AXIS2_PLACEMENT_3D('',#4975,#4976,#4977);
#4975 = CARTESIAN_POINT('',(3.905784139593,-8.288296365224,5.9));
#4976 = DIRECTION('',(-0.,0.,-1.));
#4977 = DIRECTION('',(-1.,0.,0.));
#4978 = PCURVE('',#2992,#4979);
#4979 = DEFINITIONAL_REPRESENTATION('',(#4980),#4984);
#4980 = LINE('',#4981,#4982);
#4981 = CARTESIAN_POINT('',(-0.,5.9));
#4982 = VECTOR('',#4983,1.);
#4983 = DIRECTION('',(-1.,0.));
#4984 = ( GEOMETRIC_REPRESENTATION_CONTEXT(2) 
PARAMETRIC_REPRESENTATION_CONTEXT() REPRESENTATION_CONTEXT('2D SPACE',''
  ) );
#4985 = PCURVE('',#4986,#4991);
#4986 = TOROIDAL_SURFACE('',#4987,1.,0.5);
#4987 = AXIS2_PLACEMENT_3D('',#4988,#4989,#4990);
#4988 = CARTESIAN_POINT('',(3.905784139593,-8.288296365224,5.9));
#4989 = DIRECTION('',(0.,0.,1.));
#4990 = DIRECTION('',(-1.,0.,0.));
#4991 = DEFINITIONAL_REPRESENTATION('',(#4992),#4996);
#4992 = LINE('',#4993,#4994);
#4993 = CARTESIAN_POINT('',(-0.,3.14159265359));
#4994 = VECTOR('',#4995,1.);
#4995 = DIRECTION('',(-1.,0.));
#4996 = ( GEOMETRIC_REPRESENTATION_CONTEXT(2) 
PARAMETRIC_REPRESENTATION_CONTEXT() REPRESENTATION_CONTEXT('2D SPACE',''
  ) );
#4997 = ADVANCED_FACE('',(#4998),#3046,.F.);
#4998 = FACE_BOUND('',#4999,.F.);
#4999 = EDGE_LOOP('',(#5000,#5001,#5002,#5025));
#5000 = ORIENTED_EDGE('',*,*,#4871,.F.);
#5001 = ORIENTED_EDGE('',*,*,#3031,.T.);
#5002 = ORIENTED_EDGE('',*,*,#5003,.T.);
#5003 = EDGE_CURVE('',#3010,#5004,#5006,.T.);
#5004 = VERTEX_POINT('',#5005);
#5005 = CARTESIAN_POINT('',(3.905784139593,-17.47373333622,5.9));
#5006 = SURFACE_CURVE('',#5007,(#5011,#5018),.PCURVE_S1.);
#5007 = LINE('',#5008,#5009);
#5008 = CARTESIAN_POINT('',(3.905784139593,-17.47373333622,0.));
#5009 = VECTOR('',#5010,1.);
#5010 = DIRECTION('',(0.,0.,1.));
#5011 = PCURVE('',#3046,#5012);
#5012 = DEFINITIONAL_REPRESENTATION('',(#5013),#5017);
#5013 = LINE('',#5014,#5015);
#5014 = CARTESIAN_POINT('',(1.570796326795,0.));
#5015 = VECTOR('',#5016,1.);
#5016 = DIRECTION('',(0.,1.));
#5017 = ( GEOMETRIC_REPRESENTATION_CONTEXT(2) 
PARAMETRIC_REPRESENTATION_CONTEXT() REPRESENTATION_CONTEXT('2D SPACE',''
  ) );
#5018 = PCURVE('',#3150,#5019);
#5019 = DEFINITIONAL_REPRESENTATION('',(#5020),#5024);
#5020 = LINE('',#5021,#5022);
#5021 = CARTESIAN_POINT('',(0.5,-1.));
#5022 = VECTOR('',#5023,1.);
#5023 = DIRECTION('',(0.,-1.));
#5024 = ( GEOMETRIC_REPRESENTATION_CONTEXT(2) 
PARAMETRIC_REPRESENTATION_CONTEXT() REPRESENTATION_CONTEXT('2D SPACE',''
  ) );
#5025 = ORIENTED_EDGE('',*,*,#5026,.T.);
#5026 = EDGE_CURVE('',#5004,#4872,#5027,.T.);
#5027 = SURFACE_CURVE('',#5028,(#5033,#5040),.PCURVE_S1.);
#5028 = CIRCLE('',#5029,0.5);
#5029 = AXIS2_PLACEMENT_3D('',#5030,#5031,#5032);
#5030 = CARTESIAN_POINT('',(3.905784139593,-16.97373333622,5.9));
#5031 = DIRECTION('',(-0.,-0.,-1.));
#5032 = DIRECTION('',(0.,-1.,0.));
#5033 = PCURVE('',#3046,#5034);
#5034 = DEFINITIONAL_REPRESENTATION('',(#5035),#5039);
#5035 = LINE('',#5036,#5037);
#5036 = CARTESIAN_POINT('',(1.570796326795,5.9));
#5037 = VECTOR('',#5038,1.);
#5038 = DIRECTION('',(-1.,-0.));
#5039 = ( GEOMETRIC_REPRESENTATION_CONTEXT(2) 
PARAMETRIC_REPRESENTATION_CONTEXT() REPRESENTATION_CONTEXT('2D SPACE',''
  ) );
#5040 = PCURVE('',#5041,#5046);
#5041 = TOROIDAL_SURFACE('',#5042,1.,0.5);
#5042 = AXIS2_PLACEMENT_3D('',#5043,#5044,#5045);
#5043 = CARTESIAN_POINT('',(3.905784139593,-16.97373333622,5.9));
#5044 = DIRECTION('',(0.,0.,1.));
#5045 = DIRECTION('',(0.,-1.,0.));
#5046 = DEFINITIONAL_REPRESENTATION('',(#5047),#5051);
#5047 = LINE('',#5048,#5049);
#5048 = CARTESIAN_POINT('',(-0.,3.14159265359));
#5049 = VECTOR('',#5050,1.);
#5050 = DIRECTION('',(-1.,0.));
#5051 = ( GEOMETRIC_REPRESENTATION_CONTEXT(2) 
PARAMETRIC_REPRESENTATION_CONTEXT() REPRESENTATION_CONTEXT('2D SPACE',''
  ) );
#5052 = ADVANCED_FACE('',(#5053),#3097,.F.);
#5053 = FACE_BOUND('',#5054,.F.);
#5054 = EDGE_LOOP('',(#5055,#5056,#5057,#5085));
#5055 = ORIENTED_EDGE('',*,*,#3083,.T.);
#5056 = ORIENTED_EDGE('',*,*,#4948,.T.);
#5057 = ORIENTED_EDGE('',*,*,#5058,.F.);
#5058 = EDGE_CURVE('',#5059,#4949,#5061,.T.);
#5059 = VERTEX_POINT('',#5060);
#5060 = CARTESIAN_POINT('',(22.094692079452,-7.788296365224,5.9));
#5061 = SURFACE_CURVE('',#5062,(#5066,#5073),.PCURVE_S1.);
#5062 = LINE('',#5063,#5064);
#5063 = CARTESIAN_POINT('',(22.594692079452,-7.788296365224,5.9));
#5064 = VECTOR('',#5065,1.);
#5065 = DIRECTION('',(-1.,0.,0.));
#5066 = PCURVE('',#3097,#5067);
#5067 = DEFINITIONAL_REPRESENTATION('',(#5068),#5072);
#5068 = LINE('',#5069,#5070);
#5069 = CARTESIAN_POINT('',(19.188907939858,-6.9));
#5070 = VECTOR('',#5071,1.);
#5071 = DIRECTION('',(-1.,0.));
#5072 = ( GEOMETRIC_REPRESENTATION_CONTEXT(2) 
PARAMETRIC_REPRESENTATION_CONTEXT() REPRESENTATION_CONTEXT('2D SPACE',''
  ) );
#5073 = PCURVE('',#5074,#5079);
#5074 = CYLINDRICAL_SURFACE('',#5075,0.5);
#5075 = AXIS2_PLACEMENT_3D('',#5076,#5077,#5078);
#5076 = CARTESIAN_POINT('',(22.594692079452,-7.288296365224,5.9));
#5077 = DIRECTION('',(-1.,0.,0.));
#5078 = DIRECTION('',(-0.,-1.,-0.));
#5079 = DEFINITIONAL_REPRESENTATION('',(#5080),#5084);
#5080 = LINE('',#5081,#5082);
#5081 = CARTESIAN_POINT('',(0.,0.));
#5082 = VECTOR('',#5083,1.);
#5083 = DIRECTION('',(0.,1.));
#5084 = ( GEOMETRIC_REPRESENTATION_CONTEXT(2) 
PARAMETRIC_REPRESENTATION_CONTEXT() REPRESENTATION_CONTEXT('2D SPACE',''
  ) );
#5085 = ORIENTED_EDGE('',*,*,#5086,.F.);
#5086 = EDGE_CURVE('',#3062,#5059,#5087,.T.);
#5087 = SURFACE_CURVE('',#5088,(#5092,#5099),.PCURVE_S1.);
#5088 = LINE('',#5089,#5090);
#5089 = CARTESIAN_POINT('',(22.094692079452,-7.788296365224,0.));
#5090 = VECTOR('',#5091,1.);
#5091 = DIRECTION('',(0.,0.,1.));
#5092 = PCURVE('',#3097,#5093);
#5093 = DEFINITIONAL_REPRESENTATION('',(#5094),#5098);
#5094 = LINE('',#5095,#5096);
#5095 = CARTESIAN_POINT('',(18.688907939858,-1.));
#5096 = VECTOR('',#5097,1.);
#5097 = DIRECTION('',(0.,-1.));
#5098 = ( GEOMETRIC_REPRESENTATION_CONTEXT(2) 
PARAMETRIC_REPRESENTATION_CONTEXT() REPRESENTATION_CONTEXT('2D SPACE',''
  ) );
#5099 = PCURVE('',#3206,#5100);
#5100 = DEFINITIONAL_REPRESENTATION('',(#5101),#5105);
#5101 = LINE('',#5102,#5103);
#5102 = CARTESIAN_POINT('',(1.570796326795,0.));
#5103 = VECTOR('',#5104,1.);
#5104 = DIRECTION('',(0.,1.));
#5105 = ( GEOMETRIC_REPRESENTATION_CONTEXT(2) 
PARAMETRIC_REPRESENTATION_CONTEXT() REPRESENTATION_CONTEXT('2D SPACE',''
  ) );
#5106 = ADVANCED_FACE('',(#5107),#3150,.T.);
#5107 = FACE_BOUND('',#5108,.T.);
#5108 = EDGE_LOOP('',(#5109,#5110,#5111,#5139));
#5109 = ORIENTED_EDGE('',*,*,#3136,.T.);
#5110 = ORIENTED_EDGE('',*,*,#5003,.T.);
#5111 = ORIENTED_EDGE('',*,*,#5112,.F.);
#5112 = EDGE_CURVE('',#5113,#5004,#5115,.T.);
#5113 = VERTEX_POINT('',#5114);
#5114 = CARTESIAN_POINT('',(22.094692079452,-17.47373333622,5.9));
#5115 = SURFACE_CURVE('',#5116,(#5120,#5127),.PCURVE_S1.);
#5116 = LINE('',#5117,#5118);
#5117 = CARTESIAN_POINT('',(22.594692079452,-17.47373333622,5.9));
#5118 = VECTOR('',#5119,1.);
#5119 = DIRECTION('',(-1.,0.,0.));
#5120 = PCURVE('',#3150,#5121);
#5121 = DEFINITIONAL_REPRESENTATION('',(#5122),#5126);
#5122 = LINE('',#5123,#5124);
#5123 = CARTESIAN_POINT('',(19.188907939858,-6.9));
#5124 = VECTOR('',#5125,1.);
#5125 = DIRECTION('',(-1.,0.));
#5126 = ( GEOMETRIC_REPRESENTATION_CONTEXT(2) 
PARAMETRIC_REPRESENTATION_CONTEXT() REPRESENTATION_CONTEXT('2D SPACE',''
  ) );
#5127 = PCURVE('',#5128,#5133);
#5128 = CYLINDRICAL_SURFACE('',#5129,0.5);
#5129 = AXIS2_PLACEMENT_3D('',#5130,#5131,#5132);
#5130 = CARTESIAN_POINT('',(22.594692079452,-17.97373333622,5.9));
#5131 = DIRECTION('',(-1.,0.,0.));
#5132 = DIRECTION('',(0.,1.,-0.));
#5133 = DEFINITIONAL_REPRESENTATION('',(#5134),#5138);
#5134 = LINE('',#5135,#5136);
#5135 = CARTESIAN_POINT('',(-0.,0.));
#5136 = VECTOR('',#5137,1.);
#5137 = DIRECTION('',(-0.,1.));
#5138 = ( GEOMETRIC_REPRESENTATION_CONTEXT(2) 
PARAMETRIC_REPRESENTATION_CONTEXT() REPRESENTATION_CONTEXT('2D SPACE',''
  ) );
#5139 = ORIENTED_EDGE('',*,*,#5140,.F.);
#5140 = EDGE_CURVE('',#3115,#5113,#5141,.T.);
#5141 = SURFACE_CURVE('',#5142,(#5146,#5153),.PCURVE_S1.);
#5142 = LINE('',#5143,#5144);
#5143 = CARTESIAN_POINT('',(22.094692079452,-17.47373333622,0.));
#5144 = VECTOR('',#5145,1.);
#5145 = DIRECTION('',(0.,0.,1.));
#5146 = PCURVE('',#3150,#5147);
#5147 = DEFINITIONAL_REPRESENTATION('',(#5148),#5152);
#5148 = LINE('',#5149,#5150);
#5149 = CARTESIAN_POINT('',(18.688907939858,-1.));
#5150 = VECTOR('',#5151,1.);
#5151 = DIRECTION('',(0.,-1.));
#5152 = ( GEOMETRIC_REPRESENTATION_CONTEXT(2) 
PARAMETRIC_REPRESENTATION_CONTEXT() REPRESENTATION_CONTEXT('2D SPACE',''
  ) );
#5153 = PCURVE('',#3260,#5154);
#5154 = DEFINITIONAL_REPRESENTATION('',(#5155),#5159);
#5155 = LINE('',#5156,#5157);
#5156 = CARTESIAN_POINT('',(0.,0.));
#5157 = VECTOR('',#5158,1.);
#5158 = DIRECTION('',(0.,1.));
#5159 = ( GEOMETRIC_REPRESENTATION_CONTEXT(2) 
PARAMETRIC_REPRESENTATION_CONTEXT() REPRESENTATION_CONTEXT('2D SPACE',''
  ) );
#5160 = ADVANCED_FACE('',(#5161),#3206,.F.);
#5161 = FACE_BOUND('',#5162,.F.);
#5162 = EDGE_LOOP('',(#5163,#5186,#5187,#5188));
#5163 = ORIENTED_EDGE('',*,*,#5164,.F.);
#5164 = EDGE_CURVE('',#3168,#5165,#5167,.T.);
#5165 = VERTEX_POINT('',#5166);
#5166 = CARTESIAN_POINT('',(22.594692079452,-8.288296365224,5.9));
#5167 = SURFACE_CURVE('',#5168,(#5172,#5179),.PCURVE_S1.);
#5168 = LINE('',#5169,#5170);
#5169 = CARTESIAN_POINT('',(22.594692079452,-8.288296365224,0.));
#5170 = VECTOR('',#5171,1.);
#5171 = DIRECTION('',(0.,0.,1.));
#5172 = PCURVE('',#3206,#5173);
#5173 = DEFINITIONAL_REPRESENTATION('',(#5174),#5178);
#5174 = LINE('',#5175,#5176);
#5175 = CARTESIAN_POINT('',(0.,0.));
#5176 = VECTOR('',#5177,1.);
#5177 = DIRECTION('',(0.,1.));
#5178 = ( GEOMETRIC_REPRESENTATION_CONTEXT(2) 
PARAMETRIC_REPRESENTATION_CONTEXT() REPRESENTATION_CONTEXT('2D SPACE',''
  ) );
#5179 = PCURVE('',#3290,#5180);
#5180 = DEFINITIONAL_REPRESENTATION('',(#5181),#5185);
#5181 = LINE('',#5182,#5183);
#5182 = CARTESIAN_POINT('',(9.185436971003,-1.));
#5183 = VECTOR('',#5184,1.);
#5184 = DIRECTION('',(0.,-1.));
#5185 = ( GEOMETRIC_REPRESENTATION_CONTEXT(2) 
PARAMETRIC_REPRESENTATION_CONTEXT() REPRESENTATION_CONTEXT('2D SPACE',''
  ) );
#5186 = ORIENTED_EDGE('',*,*,#3191,.T.);
#5187 = ORIENTED_EDGE('',*,*,#5086,.T.);
#5188 = ORIENTED_EDGE('',*,*,#5189,.F.);
#5189 = EDGE_CURVE('',#5165,#5059,#5190,.T.);
#5190 = SURFACE_CURVE('',#5191,(#5196,#5203),.PCURVE_S1.);
#5191 = CIRCLE('',#5192,0.5);
#5192 = AXIS2_PLACEMENT_3D('',#5193,#5194,#5195);
#5193 = CARTESIAN_POINT('',(22.094692079452,-8.288296365224,5.9));
#5194 = DIRECTION('',(0.,0.,1.));
#5195 = DIRECTION('',(1.,0.,-0.));
#5196 = PCURVE('',#3206,#5197);
#5197 = DEFINITIONAL_REPRESENTATION('',(#5198),#5202);
#5198 = LINE('',#5199,#5200);
#5199 = CARTESIAN_POINT('',(0.,5.9));
#5200 = VECTOR('',#5201,1.);
#5201 = DIRECTION('',(1.,0.));
#5202 = ( GEOMETRIC_REPRESENTATION_CONTEXT(2) 
PARAMETRIC_REPRESENTATION_CONTEXT() REPRESENTATION_CONTEXT('2D SPACE',''
  ) );
#5203 = PCURVE('',#5204,#5209);
#5204 = TOROIDAL_SURFACE('',#5205,1.,0.5);
#5205 = AXIS2_PLACEMENT_3D('',#5206,#5207,#5208);
#5206 = CARTESIAN_POINT('',(22.094692079452,-8.288296365224,5.9));
#5207 = DIRECTION('',(0.,0.,1.));
#5208 = DIRECTION('',(1.,0.,-0.));
#5209 = DEFINITIONAL_REPRESENTATION('',(#5210),#5214);
#5210 = LINE('',#5211,#5212);
#5211 = CARTESIAN_POINT('',(0.,3.14159265359));
#5212 = VECTOR('',#5213,1.);
#5213 = DIRECTION('',(1.,0.));
#5214 = ( GEOMETRIC_REPRESENTATION_CONTEXT(2) 
PARAMETRIC_REPRESENTATION_CONTEXT() REPRESENTATION_CONTEXT('2D SPACE',''
  ) );
#5215 = ADVANCED_FACE('',(#5216),#3260,.F.);
#5216 = FACE_BOUND('',#5217,.F.);
#5217 = EDGE_LOOP('',(#5218,#5219,#5220,#5243));
#5218 = ORIENTED_EDGE('',*,*,#5140,.F.);
#5219 = ORIENTED_EDGE('',*,*,#3245,.T.);
#5220 = ORIENTED_EDGE('',*,*,#5221,.T.);
#5221 = EDGE_CURVE('',#3224,#5222,#5224,.T.);
#5222 = VERTEX_POINT('',#5223);
#5223 = CARTESIAN_POINT('',(22.594692079452,-16.97373333622,5.9));
#5224 = SURFACE_CURVE('',#5225,(#5229,#5236),.PCURVE_S1.);
#5225 = LINE('',#5226,#5227);
#5226 = CARTESIAN_POINT('',(22.594692079452,-16.97373333622,0.));
#5227 = VECTOR('',#5228,1.);
#5228 = DIRECTION('',(0.,0.,1.));
#5229 = PCURVE('',#3260,#5230);
#5230 = DEFINITIONAL_REPRESENTATION('',(#5231),#5235);
#5231 = LINE('',#5232,#5233);
#5232 = CARTESIAN_POINT('',(1.570796326795,0.));
#5233 = VECTOR('',#5234,1.);
#5234 = DIRECTION('',(0.,1.));
#5235 = ( GEOMETRIC_REPRESENTATION_CONTEXT(2) 
PARAMETRIC_REPRESENTATION_CONTEXT() REPRESENTATION_CONTEXT('2D SPACE',''
  ) );
#5236 = PCURVE('',#3290,#5237);
#5237 = DEFINITIONAL_REPRESENTATION('',(#5238),#5242);
#5238 = LINE('',#5239,#5240);
#5239 = CARTESIAN_POINT('',(0.5,-1.));
#5240 = VECTOR('',#5241,1.);
#5241 = DIRECTION('',(0.,-1.));
#5242 = ( GEOMETRIC_REPRESENTATION_CONTEXT(2) 
PARAMETRIC_REPRESENTATION_CONTEXT() REPRESENTATION_CONTEXT('2D SPACE',''
  ) );
#5243 = ORIENTED_EDGE('',*,*,#5244,.F.);
#5244 = EDGE_CURVE('',#5113,#5222,#5245,.T.);
#5245 = SURFACE_CURVE('',#5246,(#5251,#5258),.PCURVE_S1.);
#5246 = CIRCLE('',#5247,0.5);
#5247 = AXIS2_PLACEMENT_3D('',#5248,#5249,#5250);
#5248 = CARTESIAN_POINT('',(22.094692079452,-16.97373333622,5.9));
#5249 = DIRECTION('',(0.,0.,1.));
#5250 = DIRECTION('',(0.,-1.,0.));
#5251 = PCURVE('',#3260,#5252);
#5252 = DEFINITIONAL_REPRESENTATION('',(#5253),#5257);
#5253 = LINE('',#5254,#5255);
#5254 = CARTESIAN_POINT('',(0.,5.9));
#5255 = VECTOR('',#5256,1.);
#5256 = DIRECTION('',(1.,0.));
#5257 = ( GEOMETRIC_REPRESENTATION_CONTEXT(2) 
PARAMETRIC_REPRESENTATION_CONTEXT() REPRESENTATION_CONTEXT('2D SPACE',''
  ) );
#5258 = PCURVE('',#5259,#5264);
#5259 = TOROIDAL_SURFACE('',#5260,1.,0.5);
#5260 = AXIS2_PLACEMENT_3D('',#5261,#5262,#5263);
#5261 = CARTESIAN_POINT('',(22.094692079452,-16.97373333622,5.9));
#5262 = DIRECTION('',(0.,0.,1.));
#5263 = DIRECTION('',(0.,-1.,0.));
#5264 = DEFINITIONAL_REPRESENTATION('',(#5265),#5269);
#5265 = LINE('',#5266,#5267);
#5266 = CARTESIAN_POINT('',(0.,3.14159265359));
#5267 = VECTOR('',#5268,1.);
#5268 = DIRECTION('',(1.,0.));
#5269 = ( GEOMETRIC_REPRESENTATION_CONTEXT(2) 
PARAMETRIC_REPRESENTATION_CONTEXT() REPRESENTATION_CONTEXT('2D SPACE',''
  ) );
#5270 = ADVANCED_FACE('',(#5271),#3290,.T.);
#5271 = FACE_BOUND('',#5272,.T.);
#5272 = EDGE_LOOP('',(#5273,#5274,#5275,#5301));
#5273 = ORIENTED_EDGE('',*,*,#3276,.T.);
#5274 = ORIENTED_EDGE('',*,*,#5221,.T.);
#5275 = ORIENTED_EDGE('',*,*,#5276,.F.);
#5276 = EDGE_CURVE('',#5165,#5222,#5277,.T.);
#5277 = SURFACE_CURVE('',#5278,(#5282,#5289),.PCURVE_S1.);
#5278 = LINE('',#5279,#5280);
#5279 = CARTESIAN_POINT('',(22.594692079452,-7.788296365224,5.9));
#5280 = VECTOR('',#5281,1.);
#5281 = DIRECTION('',(0.,-1.,0.));
#5282 = PCURVE('',#3290,#5283);
#5283 = DEFINITIONAL_REPRESENTATION('',(#5284),#5288);
#5284 = LINE('',#5285,#5286);
#5285 = CARTESIAN_POINT('',(9.685436971003,-6.9));
#5286 = VECTOR('',#5287,1.);
#5287 = DIRECTION('',(-1.,0.));
#5288 = ( GEOMETRIC_REPRESENTATION_CONTEXT(2) 
PARAMETRIC_REPRESENTATION_CONTEXT() REPRESENTATION_CONTEXT('2D SPACE',''
  ) );
#5289 = PCURVE('',#5290,#5295);
#5290 = CYLINDRICAL_SURFACE('',#5291,0.5);
#5291 = AXIS2_PLACEMENT_3D('',#5292,#5293,#5294);
#5292 = CARTESIAN_POINT('',(23.094692079452,-7.788296365224,5.9));
#5293 = DIRECTION('',(0.,-1.,0.));
#5294 = DIRECTION('',(-1.,0.,0.));
#5295 = DEFINITIONAL_REPRESENTATION('',(#5296),#5300);
#5296 = LINE('',#5297,#5298);
#5297 = CARTESIAN_POINT('',(-0.,0.));
#5298 = VECTOR('',#5299,1.);
#5299 = DIRECTION('',(-0.,1.));
#5300 = ( GEOMETRIC_REPRESENTATION_CONTEXT(2) 
PARAMETRIC_REPRESENTATION_CONTEXT() REPRESENTATION_CONTEXT('2D SPACE',''
  ) );
#5301 = ORIENTED_EDGE('',*,*,#5164,.F.);
#5302 = ADVANCED_FACE('',(#5303),#3346,.F.);
#5303 = FACE_BOUND('',#5304,.T.);
#5304 = EDGE_LOOP('',(#5305,#5328,#5329,#5330));
#5305 = ORIENTED_EDGE('',*,*,#5306,.F.);
#5306 = EDGE_CURVE('',#3308,#5307,#5309,.T.);
#5307 = VERTEX_POINT('',#5308);
#5308 = CARTESIAN_POINT('',(7.086322315191,5.,5.9));
#5309 = SEAM_CURVE('',#5310,(#5314,#5321),.PCURVE_S1.);
#5310 = LINE('',#5311,#5312);
#5311 = CARTESIAN_POINT('',(7.086322315191,5.,-1.));
#5312 = VECTOR('',#5313,1.);
#5313 = DIRECTION('',(0.,0.,1.));
#5314 = PCURVE('',#3346,#5315);
#5315 = DEFINITIONAL_REPRESENTATION('',(#5316),#5320);
#5316 = LINE('',#5317,#5318);
#5317 = CARTESIAN_POINT('',(-6.28318530718,0.));
#5318 = VECTOR('',#5319,1.);
#5319 = DIRECTION('',(-0.,-1.));
#5320 = ( GEOMETRIC_REPRESENTATION_CONTEXT(2) 
PARAMETRIC_REPRESENTATION_CONTEXT() REPRESENTATION_CONTEXT('2D SPACE',''
  ) );
#5321 = PCURVE('',#3346,#5322);
#5322 = DEFINITIONAL_REPRESENTATION('',(#5323),#5327);
#5323 = LINE('',#5324,#5325);
#5324 = CARTESIAN_POINT('',(-0.,0.));
#5325 = VECTOR('',#5326,1.);
#5326 = DIRECTION('',(-0.,-1.));
#5327 = ( GEOMETRIC_REPRESENTATION_CONTEXT(2) 
PARAMETRIC_REPRESENTATION_CONTEXT() REPRESENTATION_CONTEXT('2D SPACE',''
  ) );
#5328 = ORIENTED_EDGE('',*,*,#3331,.T.);
#5329 = ORIENTED_EDGE('',*,*,#5306,.T.);
#5330 = ORIENTED_EDGE('',*,*,#5331,.F.);
#5331 = EDGE_CURVE('',#5307,#5307,#5332,.T.);
#5332 = SURFACE_CURVE('',#5333,(#5338,#5345),.PCURVE_S1.);
#5333 = CIRCLE('',#5334,7.086322315191);
#5334 = AXIS2_PLACEMENT_3D('',#5335,#5336,#5337);
#5335 = CARTESIAN_POINT('',(0.,5.,5.9));
#5336 = DIRECTION('',(0.,-0.,-1.));
#5337 = DIRECTION('',(1.,-2.506740111993E-16,0.));
#5338 = PCURVE('',#3346,#5339);
#5339 = DEFINITIONAL_REPRESENTATION('',(#5340),#5344);
#5340 = LINE('',#5341,#5342);
#5341 = CARTESIAN_POINT('',(-6.28318530718,-6.9));
#5342 = VECTOR('',#5343,1.);
#5343 = DIRECTION('',(1.,-0.));
#5344 = ( GEOMETRIC_REPRESENTATION_CONTEXT(2) 
PARAMETRIC_REPRESENTATION_CONTEXT() REPRESENTATION_CONTEXT('2D SPACE',''
  ) );
#5345 = PCURVE('',#5346,#5351);
#5346 = TOROIDAL_SURFACE('',#5347,7.586322315191,0.5);
#5347 = AXIS2_PLACEMENT_3D('',#5348,#5349,#5350);
#5348 = CARTESIAN_POINT('',(0.,5.,5.9));
#5349 = DIRECTION('',(-0.,-0.,-1.));
#5350 = DIRECTION('',(1.,-2.506740111993E-16,0.));
#5351 = DEFINITIONAL_REPRESENTATION('',(#5352),#5356);
#5352 = LINE('',#5353,#5354);
#5353 = CARTESIAN_POINT('',(0.,3.14159265359));
#5354 = VECTOR('',#5355,1.);
#5355 = DIRECTION('',(1.,0.));
#5356 = ( GEOMETRIC_REPRESENTATION_CONTEXT(2) 
PARAMETRIC_REPRESENTATION_CONTEXT() REPRESENTATION_CONTEXT('2D SPACE',''
  ) );
#5357 = ADVANCED_FACE('',(#5358),#3399,.F.);
#5358 = FACE_BOUND('',#5359,.F.);
#5359 = EDGE_LOOP('',(#5360,#5361,#5384,#5412));
#5360 = ORIENTED_EDGE('',*,*,#3383,.T.);
#5361 = ORIENTED_EDGE('',*,*,#5362,.T.);
#5362 = EDGE_CURVE('',#3384,#5363,#5365,.T.);
#5363 = VERTEX_POINT('',#5364);
#5364 = CARTESIAN_POINT('',(-5.813646161115,19.007816005472,5.9));
#5365 = SURFACE_CURVE('',#5366,(#5370,#5377),.PCURVE_S1.);
#5366 = LINE('',#5367,#5368);
#5367 = CARTESIAN_POINT('',(-5.813646161115,19.007816005472,0.));
#5368 = VECTOR('',#5369,1.);
#5369 = DIRECTION('',(0.,0.,1.));
#5370 = PCURVE('',#3399,#5371);
#5371 = DEFINITIONAL_REPRESENTATION('',(#5372),#5376);
#5372 = LINE('',#5373,#5374);
#5373 = CARTESIAN_POINT('',(0.5,-1.));
#5374 = VECTOR('',#5375,1.);
#5375 = DIRECTION('',(0.,-1.));
#5376 = ( GEOMETRIC_REPRESENTATION_CONTEXT(2) 
PARAMETRIC_REPRESENTATION_CONTEXT() REPRESENTATION_CONTEXT('2D SPACE',''
  ) );
#5377 = PCURVE('',#3528,#5378);
#5378 = DEFINITIONAL_REPRESENTATION('',(#5379),#5383);
#5379 = LINE('',#5380,#5381);
#5380 = CARTESIAN_POINT('',(0.,0.));
#5381 = VECTOR('',#5382,1.);
#5382 = DIRECTION('',(0.,1.));
#5383 = ( GEOMETRIC_REPRESENTATION_CONTEXT(2) 
PARAMETRIC_REPRESENTATION_CONTEXT() REPRESENTATION_CONTEXT('2D SPACE',''
  ) );
#5384 = ORIENTED_EDGE('',*,*,#5385,.F.);
#5385 = EDGE_CURVE('',#5386,#5363,#5388,.T.);
#5386 = VERTEX_POINT('',#5387);
#5387 = CARTESIAN_POINT('',(-5.813646161115,21.515789341208,5.9));
#5388 = SURFACE_CURVE('',#5389,(#5393,#5400),.PCURVE_S1.);
#5389 = LINE('',#5390,#5391);
#5390 = CARTESIAN_POINT('',(-5.813646161115,22.015789341208,5.9));
#5391 = VECTOR('',#5392,1.);
#5392 = DIRECTION('',(0.,-1.,0.));
#5393 = PCURVE('',#3399,#5394);
#5394 = DEFINITIONAL_REPRESENTATION('',(#5395),#5399);
#5395 = LINE('',#5396,#5397);
#5396 = CARTESIAN_POINT('',(3.507973335735,-6.9));
#5397 = VECTOR('',#5398,1.);
#5398 = DIRECTION('',(-1.,0.));
#5399 = ( GEOMETRIC_REPRESENTATION_CONTEXT(2) 
PARAMETRIC_REPRESENTATION_CONTEXT() REPRESENTATION_CONTEXT('2D SPACE',''
  ) );
#5400 = PCURVE('',#5401,#5406);
#5401 = CYLINDRICAL_SURFACE('',#5402,0.5);
#5402 = AXIS2_PLACEMENT_3D('',#5403,#5404,#5405);
#5403 = CARTESIAN_POINT('',(-6.313646161115,22.015789341208,5.9));
#5404 = DIRECTION('',(0.,-1.,0.));
#5405 = DIRECTION('',(1.,0.,-0.));
#5406 = DEFINITIONAL_REPRESENTATION('',(#5407),#5411);
#5407 = LINE('',#5408,#5409);
#5408 = CARTESIAN_POINT('',(0.,0.));
#5409 = VECTOR('',#5410,1.);
#5410 = DIRECTION('',(0.,1.));
#5411 = ( GEOMETRIC_REPRESENTATION_CONTEXT(2) 
PARAMETRIC_REPRESENTATION_CONTEXT() REPRESENTATION_CONTEXT('2D SPACE',''
  ) );
#5412 = ORIENTED_EDGE('',*,*,#5413,.F.);
#5413 = EDGE_CURVE('',#3362,#5386,#5414,.T.);
#5414 = SURFACE_CURVE('',#5415,(#5419,#5426),.PCURVE_S1.);
#5415 = LINE('',#5416,#5417);
#5416 = CARTESIAN_POINT('',(-5.813646161115,21.515789341208,0.));
#5417 = VECTOR('',#5418,1.);
#5418 = DIRECTION('',(0.,0.,1.));
#5419 = PCURVE('',#3399,#5420);
#5420 = DEFINITIONAL_REPRESENTATION('',(#5421),#5425);
#5421 = LINE('',#5422,#5423);
#5422 = CARTESIAN_POINT('',(3.007973335735,-1.));
#5423 = VECTOR('',#5424,1.);
#5424 = DIRECTION('',(0.,-1.));
#5425 = ( GEOMETRIC_REPRESENTATION_CONTEXT(2) 
PARAMETRIC_REPRESENTATION_CONTEXT() REPRESENTATION_CONTEXT('2D SPACE',''
  ) );
#5426 = PCURVE('',#3474,#5427);
#5427 = DEFINITIONAL_REPRESENTATION('',(#5428),#5432);
#5428 = LINE('',#5429,#5430);
#5429 = CARTESIAN_POINT('',(-0.,0.));
#5430 = VECTOR('',#5431,1.);
#5431 = DIRECTION('',(-0.,1.));
#5432 = ( GEOMETRIC_REPRESENTATION_CONTEXT(2) 
PARAMETRIC_REPRESENTATION_CONTEXT() REPRESENTATION_CONTEXT('2D SPACE',''
  ) );
#5433 = ADVANCED_FACE('',(#5434),#3474,.F.);
#5434 = FACE_BOUND('',#5435,.T.);
#5435 = EDGE_LOOP('',(#5436,#5437,#5438,#5461));
#5436 = ORIENTED_EDGE('',*,*,#5413,.F.);
#5437 = ORIENTED_EDGE('',*,*,#3459,.T.);
#5438 = ORIENTED_EDGE('',*,*,#5439,.T.);
#5439 = EDGE_CURVE('',#3438,#5440,#5442,.T.);
#5440 = VERTEX_POINT('',#5441);
#5441 = CARTESIAN_POINT('',(-5.313646161115,22.015789341208,5.9));
#5442 = SURFACE_CURVE('',#5443,(#5447,#5454),.PCURVE_S1.);
#5443 = LINE('',#5444,#5445);
#5444 = CARTESIAN_POINT('',(-5.313646161115,22.015789341208,0.));
#5445 = VECTOR('',#5446,1.);
#5446 = DIRECTION('',(0.,0.,1.));
#5447 = PCURVE('',#3474,#5448);
#5448 = DEFINITIONAL_REPRESENTATION('',(#5449),#5453);
#5449 = LINE('',#5450,#5451);
#5450 = CARTESIAN_POINT('',(-1.570796326795,0.));
#5451 = VECTOR('',#5452,1.);
#5452 = DIRECTION('',(-0.,1.));
#5453 = ( GEOMETRIC_REPRESENTATION_CONTEXT(2) 
PARAMETRIC_REPRESENTATION_CONTEXT() REPRESENTATION_CONTEXT('2D SPACE',''
  ) );
#5454 = PCURVE('',#3579,#5455);
#5455 = DEFINITIONAL_REPRESENTATION('',(#5456),#5460);
#5456 = LINE('',#5457,#5458);
#5457 = CARTESIAN_POINT('',(0.5,-1.));
#5458 = VECTOR('',#5459,1.);
#5459 = DIRECTION('',(0.,-1.));
#5460 = ( GEOMETRIC_REPRESENTATION_CONTEXT(2) 
PARAMETRIC_REPRESENTATION_CONTEXT() REPRESENTATION_CONTEXT('2D SPACE',''
  ) );
#5461 = ORIENTED_EDGE('',*,*,#5462,.F.);
#5462 = EDGE_CURVE('',#5386,#5440,#5463,.T.);
#5463 = SURFACE_CURVE('',#5464,(#5469,#5476),.PCURVE_S1.);
#5464 = CIRCLE('',#5465,0.5);
#5465 = AXIS2_PLACEMENT_3D('',#5466,#5467,#5468);
#5466 = CARTESIAN_POINT('',(-5.313646161115,21.515789341208,5.9));
#5467 = DIRECTION('',(-0.,0.,-1.));
#5468 = DIRECTION('',(-1.,0.,0.));
#5469 = PCURVE('',#3474,#5470);
#5470 = DEFINITIONAL_REPRESENTATION('',(#5471),#5475);
#5471 = LINE('',#5472,#5473);
#5472 = CARTESIAN_POINT('',(-0.,5.9));
#5473 = VECTOR('',#5474,1.);
#5474 = DIRECTION('',(-1.,0.));
#5475 = ( GEOMETRIC_REPRESENTATION_CONTEXT(2) 
PARAMETRIC_REPRESENTATION_CONTEXT() REPRESENTATION_CONTEXT('2D SPACE',''
  ) );
#5476 = PCURVE('',#5477,#5482);
#5477 = TOROIDAL_SURFACE('',#5478,1.,0.5);
#5478 = AXIS2_PLACEMENT_3D('',#5479,#5480,#5481);
#5479 = CARTESIAN_POINT('',(-5.313646161115,21.515789341208,5.9));
#5480 = DIRECTION('',(0.,0.,1.));
#5481 = DIRECTION('',(-1.,0.,0.));
#5482 = DEFINITIONAL_REPRESENTATION('',(#5483),#5487);
#5483 = LINE('',#5484,#5485);
#5484 = CARTESIAN_POINT('',(-0.,3.14159265359));
#5485 = VECTOR('',#5486,1.);
#5486 = DIRECTION('',(-1.,0.));
#5487 = ( GEOMETRIC_REPRESENTATION_CONTEXT(2) 
PARAMETRIC_REPRESENTATION_CONTEXT() REPRESENTATION_CONTEXT('2D SPACE',''
  ) );
#5488 = ADVANCED_FACE('',(#5489),#3528,.F.);
#5489 = FACE_BOUND('',#5490,.F.);
#5490 = EDGE_LOOP('',(#5491,#5492,#5493,#5516));
#5491 = ORIENTED_EDGE('',*,*,#5362,.F.);
#5492 = ORIENTED_EDGE('',*,*,#3513,.T.);
#5493 = ORIENTED_EDGE('',*,*,#5494,.T.);
#5494 = EDGE_CURVE('',#3492,#5495,#5497,.T.);
#5495 = VERTEX_POINT('',#5496);
#5496 = CARTESIAN_POINT('',(-5.313646161115,18.507816005472,5.9));
#5497 = SURFACE_CURVE('',#5498,(#5502,#5509),.PCURVE_S1.);
#5498 = LINE('',#5499,#5500);
#5499 = CARTESIAN_POINT('',(-5.313646161115,18.507816005472,0.));
#5500 = VECTOR('',#5501,1.);
#5501 = DIRECTION('',(0.,0.,1.));
#5502 = PCURVE('',#3528,#5503);
#5503 = DEFINITIONAL_REPRESENTATION('',(#5504),#5508);
#5504 = LINE('',#5505,#5506);
#5505 = CARTESIAN_POINT('',(1.570796326795,0.));
#5506 = VECTOR('',#5507,1.);
#5507 = DIRECTION('',(0.,1.));
#5508 = ( GEOMETRIC_REPRESENTATION_CONTEXT(2) 
PARAMETRIC_REPRESENTATION_CONTEXT() REPRESENTATION_CONTEXT('2D SPACE',''
  ) );
#5509 = PCURVE('',#3632,#5510);
#5510 = DEFINITIONAL_REPRESENTATION('',(#5511),#5515);
#5511 = LINE('',#5512,#5513);
#5512 = CARTESIAN_POINT('',(0.5,-1.));
#5513 = VECTOR('',#5514,1.);
#5514 = DIRECTION('',(0.,-1.));
#5515 = ( GEOMETRIC_REPRESENTATION_CONTEXT(2) 
PARAMETRIC_REPRESENTATION_CONTEXT() REPRESENTATION_CONTEXT('2D SPACE',''
  ) );
#5516 = ORIENTED_EDGE('',*,*,#5517,.T.);
#5517 = EDGE_CURVE('',#5495,#5363,#5518,.T.);
#5518 = SURFACE_CURVE('',#5519,(#5524,#5531),.PCURVE_S1.);
#5519 = CIRCLE('',#5520,0.5);
#5520 = AXIS2_PLACEMENT_3D('',#5521,#5522,#5523);
#5521 = CARTESIAN_POINT('',(-5.313646161115,19.007816005472,5.9));
#5522 = DIRECTION('',(-0.,-0.,-1.));
#5523 = DIRECTION('',(0.,-1.,0.));
#5524 = PCURVE('',#3528,#5525);
#5525 = DEFINITIONAL_REPRESENTATION('',(#5526),#5530);
#5526 = LINE('',#5527,#5528);
#5527 = CARTESIAN_POINT('',(1.570796326795,5.9));
#5528 = VECTOR('',#5529,1.);
#5529 = DIRECTION('',(-1.,-0.));
#5530 = ( GEOMETRIC_REPRESENTATION_CONTEXT(2) 
PARAMETRIC_REPRESENTATION_CONTEXT() REPRESENTATION_CONTEXT('2D SPACE',''
  ) );
#5531 = PCURVE('',#5532,#5537);
#5532 = TOROIDAL_SURFACE('',#5533,1.,0.5);
#5533 = AXIS2_PLACEMENT_3D('',#5534,#5535,#5536);
#5534 = CARTESIAN_POINT('',(-5.313646161115,19.007816005472,5.9));
#5535 = DIRECTION('',(0.,0.,1.));
#5536 = DIRECTION('',(0.,-1.,0.));
#5537 = DEFINITIONAL_REPRESENTATION('',(#5538),#5542);
#5538 = LINE('',#5539,#5540);
#5539 = CARTESIAN_POINT('',(-0.,3.14159265359));
#5540 = VECTOR('',#5541,1.);
#5541 = DIRECTION('',(-1.,0.));
#5542 = ( GEOMETRIC_REPRESENTATION_CONTEXT(2) 
PARAMETRIC_REPRESENTATION_CONTEXT() REPRESENTATION_CONTEXT('2D SPACE',''
  ) );
#5543 = ADVANCED_FACE('',(#5544),#3579,.F.);
#5544 = FACE_BOUND('',#5545,.F.);
#5545 = EDGE_LOOP('',(#5546,#5547,#5548,#5576));
#5546 = ORIENTED_EDGE('',*,*,#3565,.T.);
#5547 = ORIENTED_EDGE('',*,*,#5439,.T.);
#5548 = ORIENTED_EDGE('',*,*,#5549,.F.);
#5549 = EDGE_CURVE('',#5550,#5440,#5552,.T.);
#5550 = VERTEX_POINT('',#5551);
#5551 = CARTESIAN_POINT('',(5.313623683656,22.015789341208,5.9));
#5552 = SURFACE_CURVE('',#5553,(#5557,#5564),.PCURVE_S1.);
#5553 = LINE('',#5554,#5555);
#5554 = CARTESIAN_POINT('',(5.813623683656,22.015789341208,5.9));
#5555 = VECTOR('',#5556,1.);
#5556 = DIRECTION('',(-1.,0.,0.));
#5557 = PCURVE('',#3579,#5558);
#5558 = DEFINITIONAL_REPRESENTATION('',(#5559),#5563);
#5559 = LINE('',#5560,#5561);
#5560 = CARTESIAN_POINT('',(11.627269844771,-6.9));
#5561 = VECTOR('',#5562,1.);
#5562 = DIRECTION('',(-1.,0.));
#5563 = ( GEOMETRIC_REPRESENTATION_CONTEXT(2) 
PARAMETRIC_REPRESENTATION_CONTEXT() REPRESENTATION_CONTEXT('2D SPACE',''
  ) );
#5564 = PCURVE('',#5565,#5570);
#5565 = CYLINDRICAL_SURFACE('',#5566,0.5);
#5566 = AXIS2_PLACEMENT_3D('',#5567,#5568,#5569);
#5567 = CARTESIAN_POINT('',(5.813623683656,22.515789341208,5.9));
#5568 = DIRECTION('',(-1.,0.,0.));
#5569 = DIRECTION('',(-0.,-1.,-0.));
#5570 = DEFINITIONAL_REPRESENTATION('',(#5571),#5575);
#5571 = LINE('',#5572,#5573);
#5572 = CARTESIAN_POINT('',(0.,0.));
#5573 = VECTOR('',#5574,1.);
#5574 = DIRECTION('',(0.,1.));
#5575 = ( GEOMETRIC_REPRESENTATION_CONTEXT(2) 
PARAMETRIC_REPRESENTATION_CONTEXT() REPRESENTATION_CONTEXT('2D SPACE',''
  ) );
#5576 = ORIENTED_EDGE('',*,*,#5577,.F.);
#5577 = EDGE_CURVE('',#3544,#5550,#5578,.T.);
#5578 = SURFACE_CURVE('',#5579,(#5583,#5590),.PCURVE_S1.);
#5579 = LINE('',#5580,#5581);
#5580 = CARTESIAN_POINT('',(5.313623683656,22.015789341208,0.));
#5581 = VECTOR('',#5582,1.);
#5582 = DIRECTION('',(0.,0.,1.));
#5583 = PCURVE('',#3579,#5584);
#5584 = DEFINITIONAL_REPRESENTATION('',(#5585),#5589);
#5585 = LINE('',#5586,#5587);
#5586 = CARTESIAN_POINT('',(11.127269844771,-1.));
#5587 = VECTOR('',#5588,1.);
#5588 = DIRECTION('',(0.,-1.));
#5589 = ( GEOMETRIC_REPRESENTATION_CONTEXT(2) 
PARAMETRIC_REPRESENTATION_CONTEXT() REPRESENTATION_CONTEXT('2D SPACE',''
  ) );
#5590 = PCURVE('',#3688,#5591);
#5591 = DEFINITIONAL_REPRESENTATION('',(#5592),#5596);
#5592 = LINE('',#5593,#5594);
#5593 = CARTESIAN_POINT('',(1.570796326795,0.));
#5594 = VECTOR('',#5595,1.);
#5595 = DIRECTION('',(0.,1.));
#5596 = ( GEOMETRIC_REPRESENTATION_CONTEXT(2) 
PARAMETRIC_REPRESENTATION_CONTEXT() REPRESENTATION_CONTEXT('2D SPACE',''
  ) );
#5597 = ADVANCED_FACE('',(#5598),#3632,.T.);
#5598 = FACE_BOUND('',#5599,.T.);
#5599 = EDGE_LOOP('',(#5600,#5601,#5602,#5630));
#5600 = ORIENTED_EDGE('',*,*,#3618,.T.);
#5601 = ORIENTED_EDGE('',*,*,#5494,.T.);
#5602 = ORIENTED_EDGE('',*,*,#5603,.F.);
#5603 = EDGE_CURVE('',#5604,#5495,#5606,.T.);
#5604 = VERTEX_POINT('',#5605);
#5605 = CARTESIAN_POINT('',(5.313623683656,18.507816005472,5.9));
#5606 = SURFACE_CURVE('',#5607,(#5611,#5618),.PCURVE_S1.);
#5607 = LINE('',#5608,#5609);
#5608 = CARTESIAN_POINT('',(5.813623683656,18.507816005472,5.9));
#5609 = VECTOR('',#5610,1.);
#5610 = DIRECTION('',(-1.,0.,0.));
#5611 = PCURVE('',#3632,#5612);
#5612 = DEFINITIONAL_REPRESENTATION('',(#5613),#5617);
#5613 = LINE('',#5614,#5615);
#5614 = CARTESIAN_POINT('',(11.627269844771,-6.9));
#5615 = VECTOR('',#5616,1.);
#5616 = DIRECTION('',(-1.,0.));
#5617 = ( GEOMETRIC_REPRESENTATION_CONTEXT(2) 
PARAMETRIC_REPRESENTATION_CONTEXT() REPRESENTATION_CONTEXT('2D SPACE',''
  ) );
#5618 = PCURVE('',#5619,#5624);
#5619 = CYLINDRICAL_SURFACE('',#5620,0.5);
#5620 = AXIS2_PLACEMENT_3D('',#5621,#5622,#5623);
#5621 = CARTESIAN_POINT('',(5.813623683656,18.007816005472,5.9));
#5622 = DIRECTION('',(-1.,0.,0.));
#5623 = DIRECTION('',(0.,1.,-0.));
#5624 = DEFINITIONAL_REPRESENTATION('',(#5625),#5629);
#5625 = LINE('',#5626,#5627);
#5626 = CARTESIAN_POINT('',(-0.,0.));
#5627 = VECTOR('',#5628,1.);
#5628 = DIRECTION('',(-0.,1.));
#5629 = ( GEOMETRIC_REPRESENTATION_CONTEXT(2) 
PARAMETRIC_REPRESENTATION_CONTEXT() REPRESENTATION_CONTEXT('2D SPACE',''
  ) );
#5630 = ORIENTED_EDGE('',*,*,#5631,.F.);
#5631 = EDGE_CURVE('',#3597,#5604,#5632,.T.);
#5632 = SURFACE_CURVE('',#5633,(#5637,#5644),.PCURVE_S1.);
#5633 = LINE('',#5634,#5635);
#5634 = CARTESIAN_POINT('',(5.313623683656,18.507816005472,0.));
#5635 = VECTOR('',#5636,1.);
#5636 = DIRECTION('',(0.,0.,1.));
#5637 = PCURVE('',#3632,#5638);
#5638 = DEFINITIONAL_REPRESENTATION('',(#5639),#5643);
#5639 = LINE('',#5640,#5641);
#5640 = CARTESIAN_POINT('',(11.127269844771,-1.));
#5641 = VECTOR('',#5642,1.);
#5642 = DIRECTION('',(0.,-1.));
#5643 = ( GEOMETRIC_REPRESENTATION_CONTEXT(2) 
PARAMETRIC_REPRESENTATION_CONTEXT() REPRESENTATION_CONTEXT('2D SPACE',''
  ) );
#5644 = PCURVE('',#3742,#5645);
#5645 = DEFINITIONAL_REPRESENTATION('',(#5646),#5650);
#5646 = LINE('',#5647,#5648);
#5647 = CARTESIAN_POINT('',(0.,0.));
#5648 = VECTOR('',#5649,1.);
#5649 = DIRECTION('',(0.,1.));
#5650 = ( GEOMETRIC_REPRESENTATION_CONTEXT(2) 
PARAMETRIC_REPRESENTATION_CONTEXT() REPRESENTATION_CONTEXT('2D SPACE',''
  ) );
#5651 = ADVANCED_FACE('',(#5652),#3688,.F.);
#5652 = FACE_BOUND('',#5653,.F.);
#5653 = EDGE_LOOP('',(#5654,#5677,#5678,#5679));
#5654 = ORIENTED_EDGE('',*,*,#5655,.F.);
#5655 = EDGE_CURVE('',#3650,#5656,#5658,.T.);
#5656 = VERTEX_POINT('',#5657);
#5657 = CARTESIAN_POINT('',(5.813623683656,21.515789341208,5.9));
#5658 = SURFACE_CURVE('',#5659,(#5663,#5670),.PCURVE_S1.);
#5659 = LINE('',#5660,#5661);
#5660 = CARTESIAN_POINT('',(5.813623683656,21.515789341208,0.));
#5661 = VECTOR('',#5662,1.);
#5662 = DIRECTION('',(0.,0.,1.));
#5663 = PCURVE('',#3688,#5664);
#5664 = DEFINITIONAL_REPRESENTATION('',(#5665),#5669);
#5665 = LINE('',#5666,#5667);
#5666 = CARTESIAN_POINT('',(0.,0.));
#5667 = VECTOR('',#5668,1.);
#5668 = DIRECTION('',(0.,1.));
#5669 = ( GEOMETRIC_REPRESENTATION_CONTEXT(2) 
PARAMETRIC_REPRESENTATION_CONTEXT() REPRESENTATION_CONTEXT('2D SPACE',''
  ) );
#5670 = PCURVE('',#3772,#5671);
#5671 = DEFINITIONAL_REPRESENTATION('',(#5672),#5676);
#5672 = LINE('',#5673,#5674);
#5673 = CARTESIAN_POINT('',(3.007973335735,-1.));
#5674 = VECTOR('',#5675,1.);
#5675 = DIRECTION('',(0.,-1.));
#5676 = ( GEOMETRIC_REPRESENTATION_CONTEXT(2) 
PARAMETRIC_REPRESENTATION_CONTEXT() REPRESENTATION_CONTEXT('2D SPACE',''
  ) );
#5677 = ORIENTED_EDGE('',*,*,#3673,.T.);
#5678 = ORIENTED_EDGE('',*,*,#5577,.T.);
#5679 = ORIENTED_EDGE('',*,*,#5680,.F.);
#5680 = EDGE_CURVE('',#5656,#5550,#5681,.T.);
#5681 = SURFACE_CURVE('',#5682,(#5687,#5694),.PCURVE_S1.);
#5682 = CIRCLE('',#5683,0.5);
#5683 = AXIS2_PLACEMENT_3D('',#5684,#5685,#5686);
#5684 = CARTESIAN_POINT('',(5.313623683656,21.515789341208,5.9));
#5685 = DIRECTION('',(0.,0.,1.));
#5686 = DIRECTION('',(1.,0.,-0.));
#5687 = PCURVE('',#3688,#5688);
#5688 = DEFINITIONAL_REPRESENTATION('',(#5689),#5693);
#5689 = LINE('',#5690,#5691);
#5690 = CARTESIAN_POINT('',(0.,5.9));
#5691 = VECTOR('',#5692,1.);
#5692 = DIRECTION('',(1.,0.));
#5693 = ( GEOMETRIC_REPRESENTATION_CONTEXT(2) 
PARAMETRIC_REPRESENTATION_CONTEXT() REPRESENTATION_CONTEXT('2D SPACE',''
  ) );
#5694 = PCURVE('',#5695,#5700);
#5695 = TOROIDAL_SURFACE('',#5696,1.,0.5);
#5696 = AXIS2_PLACEMENT_3D('',#5697,#5698,#5699);
#5697 = CARTESIAN_POINT('',(5.313623683656,21.515789341208,5.9));
#5698 = DIRECTION('',(0.,0.,1.));
#5699 = DIRECTION('',(1.,0.,-0.));
#5700 = DEFINITIONAL_REPRESENTATION('',(#5701),#5705);
#5701 = LINE('',#5702,#5703);
#5702 = CARTESIAN_POINT('',(0.,3.14159265359));
#5703 = VECTOR('',#5704,1.);
#5704 = DIRECTION('',(1.,0.));
#5705 = ( GEOMETRIC_REPRESENTATION_CONTEXT(2) 
PARAMETRIC_REPRESENTATION_CONTEXT() REPRESENTATION_CONTEXT('2D SPACE',''
  ) );
#5706 = ADVANCED_FACE('',(#5707),#3742,.F.);
#5707 = FACE_BOUND('',#5708,.F.);
#5708 = EDGE_LOOP('',(#5709,#5710,#5711,#5734));
#5709 = ORIENTED_EDGE('',*,*,#5631,.F.);
#5710 = ORIENTED_EDGE('',*,*,#3727,.T.);
#5711 = ORIENTED_EDGE('',*,*,#5712,.T.);
#5712 = EDGE_CURVE('',#3706,#5713,#5715,.T.);
#5713 = VERTEX_POINT('',#5714);
#5714 = CARTESIAN_POINT('',(5.813623683656,19.007816005472,5.9));
#5715 = SURFACE_CURVE('',#5716,(#5720,#5727),.PCURVE_S1.);
#5716 = LINE('',#5717,#5718);
#5717 = CARTESIAN_POINT('',(5.813623683656,19.007816005472,0.));
#5718 = VECTOR('',#5719,1.);
#5719 = DIRECTION('',(0.,0.,1.));
#5720 = PCURVE('',#3742,#5721);
#5721 = DEFINITIONAL_REPRESENTATION('',(#5722),#5726);
#5722 = LINE('',#5723,#5724);
#5723 = CARTESIAN_POINT('',(1.570796326795,0.));
#5724 = VECTOR('',#5725,1.);
#5725 = DIRECTION('',(0.,1.));
#5726 = ( GEOMETRIC_REPRESENTATION_CONTEXT(2) 
PARAMETRIC_REPRESENTATION_CONTEXT() REPRESENTATION_CONTEXT('2D SPACE',''
  ) );
#5727 = PCURVE('',#3772,#5728);
#5728 = DEFINITIONAL_REPRESENTATION('',(#5729),#5733);
#5729 = LINE('',#5730,#5731);
#5730 = CARTESIAN_POINT('',(0.5,-1.));
#5731 = VECTOR('',#5732,1.);
#5732 = DIRECTION('',(0.,-1.));
#5733 = ( GEOMETRIC_REPRESENTATION_CONTEXT(2) 
PARAMETRIC_REPRESENTATION_CONTEXT() REPRESENTATION_CONTEXT('2D SPACE',''
  ) );
#5734 = ORIENTED_EDGE('',*,*,#5735,.F.);
#5735 = EDGE_CURVE('',#5604,#5713,#5736,.T.);
#5736 = SURFACE_CURVE('',#5737,(#5742,#5749),.PCURVE_S1.);
#5737 = CIRCLE('',#5738,0.5);
#5738 = AXIS2_PLACEMENT_3D('',#5739,#5740,#5741);
#5739 = CARTESIAN_POINT('',(5.313623683656,19.007816005472,5.9));
#5740 = DIRECTION('',(0.,0.,1.));
#5741 = DIRECTION('',(0.,-1.,0.));
#5742 = PCURVE('',#3742,#5743);
#5743 = DEFINITIONAL_REPRESENTATION('',(#5744),#5748);
#5744 = LINE('',#5745,#5746);
#5745 = CARTESIAN_POINT('',(0.,5.9));
#5746 = VECTOR('',#5747,1.);
#5747 = DIRECTION('',(1.,0.));
#5748 = ( GEOMETRIC_REPRESENTATION_CONTEXT(2) 
PARAMETRIC_REPRESENTATION_CONTEXT() REPRESENTATION_CONTEXT('2D SPACE',''
  ) );
#5749 = PCURVE('',#5750,#5755);
#5750 = TOROIDAL_SURFACE('',#5751,1.,0.5);
#5751 = AXIS2_PLACEMENT_3D('',#5752,#5753,#5754);
#5752 = CARTESIAN_POINT('',(5.313623683656,19.007816005472,5.9));
#5753 = DIRECTION('',(0.,0.,1.));
#5754 = DIRECTION('',(0.,-1.,0.));
#5755 = DEFINITIONAL_REPRESENTATION('',(#5756),#5760);
#5756 = LINE('',#5757,#5758);
#5757 = CARTESIAN_POINT('',(0.,3.14159265359));
#5758 = VECTOR('',#5759,1.);
#5759 = DIRECTION('',(1.,0.));
#5760 = ( GEOMETRIC_REPRESENTATION_CONTEXT(2) 
PARAMETRIC_REPRESENTATION_CONTEXT() REPRESENTATION_CONTEXT('2D SPACE',''
  ) );
#5761 = ADVANCED_FACE('',(#5762),#3772,.T.);
#5762 = FACE_BOUND('',#5763,.T.);
#5763 = EDGE_LOOP('',(#5764,#5765,#5766,#5792));
#5764 = ORIENTED_EDGE('',*,*,#3758,.T.);
#5765 = ORIENTED_EDGE('',*,*,#5712,.T.);
#5766 = ORIENTED_EDGE('',*,*,#5767,.F.);
#5767 = EDGE_CURVE('',#5656,#5713,#5768,.T.);
#5768 = SURFACE_CURVE('',#5769,(#5773,#5780),.PCURVE_S1.);
#5769 = LINE('',#5770,#5771);
#5770 = CARTESIAN_POINT('',(5.813623683656,22.015789341208,5.9));
#5771 = VECTOR('',#5772,1.);
#5772 = DIRECTION('',(0.,-1.,0.));
#5773 = PCURVE('',#3772,#5774);
#5774 = DEFINITIONAL_REPRESENTATION('',(#5775),#5779);
#5775 = LINE('',#5776,#5777);
#5776 = CARTESIAN_POINT('',(3.507973335735,-6.9));
#5777 = VECTOR('',#5778,1.);
#5778 = DIRECTION('',(-1.,0.));
#5779 = ( GEOMETRIC_REPRESENTATION_CONTEXT(2) 
PARAMETRIC_REPRESENTATION_CONTEXT() REPRESENTATION_CONTEXT('2D SPACE',''
  ) );
#5780 = PCURVE('',#5781,#5786);
#5781 = CYLINDRICAL_SURFACE('',#5782,0.5);
#5782 = AXIS2_PLACEMENT_3D('',#5783,#5784,#5785);
#5783 = CARTESIAN_POINT('',(6.313623683656,22.015789341208,5.9));
#5784 = DIRECTION('',(0.,-1.,0.));
#5785 = DIRECTION('',(-1.,0.,0.));
#5786 = DEFINITIONAL_REPRESENTATION('',(#5787),#5791);
#5787 = LINE('',#5788,#5789);
#5788 = CARTESIAN_POINT('',(-0.,0.));
#5789 = VECTOR('',#5790,1.);
#5790 = DIRECTION('',(-0.,1.));
#5791 = ( GEOMETRIC_REPRESENTATION_CONTEXT(2) 
PARAMETRIC_REPRESENTATION_CONTEXT() REPRESENTATION_CONTEXT('2D SPACE',''
  ) );
#5792 = ORIENTED_EDGE('',*,*,#5655,.F.);
#5793 = ADVANCED_FACE('',(#5794),#3977,.T.);
#5794 = FACE_BOUND('',#5795,.F.);
#5795 = EDGE_LOOP('',(#5796,#5819,#5848,#5869));
#5796 = ORIENTED_EDGE('',*,*,#5797,.T.);
#5797 = EDGE_CURVE('',#3918,#5798,#5800,.T.);
#5798 = VERTEX_POINT('',#5799);
#5799 = CARTESIAN_POINT('',(-30.515,-11.70784314205,5.9));
#5800 = SURFACE_CURVE('',#5801,(#5805,#5812),.PCURVE_S1.);
#5801 = LINE('',#5802,#5803);
#5802 = CARTESIAN_POINT('',(-30.515,-11.70784314205,3.));
#5803 = VECTOR('',#5804,1.);
#5804 = DIRECTION('',(0.,0.,1.));
#5805 = PCURVE('',#3977,#5806);
#5806 = DEFINITIONAL_REPRESENTATION('',(#5807),#5811);
#5807 = LINE('',#5808,#5809);
#5808 = CARTESIAN_POINT('',(-3.14159265359,0.));
#5809 = VECTOR('',#5810,1.);
#5810 = DIRECTION('',(-0.,-1.));
#5811 = ( GEOMETRIC_REPRESENTATION_CONTEXT(2) 
PARAMETRIC_REPRESENTATION_CONTEXT() REPRESENTATION_CONTEXT('2D SPACE',''
  ) );
#5812 = PCURVE('',#4028,#5813);
#5813 = DEFINITIONAL_REPRESENTATION('',(#5814),#5818);
#5814 = LINE('',#5815,#5816);
#5815 = CARTESIAN_POINT('',(0.,0.));
#5816 = VECTOR('',#5817,1.);
#5817 = DIRECTION('',(0.,-1.));
#5818 = ( GEOMETRIC_REPRESENTATION_CONTEXT(2) 
PARAMETRIC_REPRESENTATION_CONTEXT() REPRESENTATION_CONTEXT('2D SPACE',''
  ) );
#5819 = ORIENTED_EDGE('',*,*,#5820,.T.);
#5820 = EDGE_CURVE('',#5798,#5821,#5823,.T.);
#5821 = VERTEX_POINT('',#5822);
#5822 = CARTESIAN_POINT('',(-11.70784314205,-30.515,5.9));
#5823 = SURFACE_CURVE('',#5824,(#5829,#5836),.PCURVE_S1.);
#5824 = CIRCLE('',#5825,18.807156857947);
#5825 = AXIS2_PLACEMENT_3D('',#5826,#5827,#5828);
#5826 = CARTESIAN_POINT('',(-11.70784314205,-11.70784314205,5.9));
#5827 = DIRECTION('',(0.,0.,1.));
#5828 = DIRECTION('',(-1.,9.445110990552E-17,0.));
#5829 = PCURVE('',#3977,#5830);
#5830 = DEFINITIONAL_REPRESENTATION('',(#5831),#5835);
#5831 = LINE('',#5832,#5833);
#5832 = CARTESIAN_POINT('',(-3.14159265359,-2.9));
#5833 = VECTOR('',#5834,1.);
#5834 = DIRECTION('',(-1.,0.));
#5835 = ( GEOMETRIC_REPRESENTATION_CONTEXT(2) 
PARAMETRIC_REPRESENTATION_CONTEXT() REPRESENTATION_CONTEXT('2D SPACE',''
  ) );
#5836 = PCURVE('',#5837,#5842);
#5837 = TOROIDAL_SURFACE('',#5838,18.307156857947,0.5);
#5838 = AXIS2_PLACEMENT_3D('',#5839,#5840,#5841);
#5839 = CARTESIAN_POINT('',(-11.70784314205,-11.70784314205,5.9));
#5840 = DIRECTION('',(0.,0.,1.));
#5841 = DIRECTION('',(-1.,9.445110990552E-17,0.));
#5842 = DEFINITIONAL_REPRESENTATION('',(#5843),#5847);
#5843 = LINE('',#5844,#5845);
#5844 = CARTESIAN_POINT('',(0.,0.));
#5845 = VECTOR('',#5846,1.);
#5846 = DIRECTION('',(1.,0.));
#5847 = ( GEOMETRIC_REPRESENTATION_CONTEXT(2) 
PARAMETRIC_REPRESENTATION_CONTEXT() REPRESENTATION_CONTEXT('2D SPACE',''
  ) );
#5848 = ORIENTED_EDGE('',*,*,#5849,.F.);
#5849 = EDGE_CURVE('',#3941,#5821,#5850,.T.);
#5850 = SURFACE_CURVE('',#5851,(#5855,#5862),.PCURVE_S1.);
#5851 = LINE('',#5852,#5853);
#5852 = CARTESIAN_POINT('',(-11.70784314205,-30.515,3.));
#5853 = VECTOR('',#5854,1.);
#5854 = DIRECTION('',(0.,0.,1.));
#5855 = PCURVE('',#3977,#5856);
#5856 = DEFINITIONAL_REPRESENTATION('',(#5857),#5861);
#5857 = LINE('',#5858,#5859);
#5858 = CARTESIAN_POINT('',(-4.712388980385,0.));
#5859 = VECTOR('',#5860,1.);
#5860 = DIRECTION('',(-0.,-1.));
#5861 = ( GEOMETRIC_REPRESENTATION_CONTEXT(2) 
PARAMETRIC_REPRESENTATION_CONTEXT() REPRESENTATION_CONTEXT('2D SPACE',''
  ) );
#5862 = PCURVE('',#4062,#5863);
#5863 = DEFINITIONAL_REPRESENTATION('',(#5864),#5868);
#5864 = LINE('',#5865,#5866);
#5865 = CARTESIAN_POINT('',(0.,0.));
#5866 = VECTOR('',#5867,1.);
#5867 = DIRECTION('',(0.,-1.));
#5868 = ( GEOMETRIC_REPRESENTATION_CONTEXT(2) 
PARAMETRIC_REPRESENTATION_CONTEXT() REPRESENTATION_CONTEXT('2D SPACE',''
  ) );
#5869 = ORIENTED_EDGE('',*,*,#3962,.F.);
#5870 = ADVANCED_FACE('',(#5871),#4028,.T.);
#5871 = FACE_BOUND('',#5872,.T.);
#5872 = EDGE_LOOP('',(#5873,#5896,#5897,#5898,#5926,#5954,#5983,#6011,
    #6040,#6068));
#5873 = ORIENTED_EDGE('',*,*,#5874,.F.);
#5874 = EDGE_CURVE('',#3993,#5875,#5877,.T.);
#5875 = VERTEX_POINT('',#5876);
#5876 = CARTESIAN_POINT('',(-30.515,11.707843142053,5.9));
#5877 = SURFACE_CURVE('',#5878,(#5882,#5889),.PCURVE_S1.);
#5878 = LINE('',#5879,#5880);
#5879 = CARTESIAN_POINT('',(-30.515,11.707843142053,3.));
#5880 = VECTOR('',#5881,1.);
#5881 = DIRECTION('',(0.,0.,1.));
#5882 = PCURVE('',#4028,#5883);
#5883 = DEFINITIONAL_REPRESENTATION('',(#5884),#5888);
#5884 = LINE('',#5885,#5886);
#5885 = CARTESIAN_POINT('',(23.415686284107,0.));
#5886 = VECTOR('',#5887,1.);
#5887 = DIRECTION('',(0.,-1.));
#5888 = ( GEOMETRIC_REPRESENTATION_CONTEXT(2) 
PARAMETRIC_REPRESENTATION_CONTEXT() REPRESENTATION_CONTEXT('2D SPACE',''
  ) );
#5889 = PCURVE('',#4137,#5890);
#5890 = DEFINITIONAL_REPRESENTATION('',(#5891),#5895);
#5891 = LINE('',#5892,#5893);
#5892 = CARTESIAN_POINT('',(-3.14159265359,0.));
#5893 = VECTOR('',#5894,1.);
#5894 = DIRECTION('',(-0.,-1.));
#5895 = ( GEOMETRIC_REPRESENTATION_CONTEXT(2) 
PARAMETRIC_REPRESENTATION_CONTEXT() REPRESENTATION_CONTEXT('2D SPACE',''
  ) );
#5896 = ORIENTED_EDGE('',*,*,#4014,.T.);
#5897 = ORIENTED_EDGE('',*,*,#5797,.T.);
#5898 = ORIENTED_EDGE('',*,*,#5899,.F.);
#5899 = EDGE_CURVE('',#5900,#5798,#5902,.T.);
#5900 = VERTEX_POINT('',#5901);
#5901 = CARTESIAN_POINT('',(-30.515,-4.1,5.9));
#5902 = SURFACE_CURVE('',#5903,(#5907,#5914),.PCURVE_S1.);
#5903 = LINE('',#5904,#5905);
#5904 = CARTESIAN_POINT('',(-30.515,-3.6,5.9));
#5905 = VECTOR('',#5906,1.);
#5906 = DIRECTION('',(-0.,-1.,-0.));
#5907 = PCURVE('',#4028,#5908);
#5908 = DEFINITIONAL_REPRESENTATION('',(#5909),#5913);
#5909 = LINE('',#5910,#5911);
#5910 = CARTESIAN_POINT('',(8.107843142053,-2.9));
#5911 = VECTOR('',#5912,1.);
#5912 = DIRECTION('',(-1.,0.));
#5913 = ( GEOMETRIC_REPRESENTATION_CONTEXT(2) 
PARAMETRIC_REPRESENTATION_CONTEXT() REPRESENTATION_CONTEXT('2D SPACE',''
  ) );
#5914 = PCURVE('',#5915,#5920);
#5915 = CYLINDRICAL_SURFACE('',#5916,0.5);
#5916 = AXIS2_PLACEMENT_3D('',#5917,#5918,#5919);
#5917 = CARTESIAN_POINT('',(-30.015,-3.6,5.9));
#5918 = DIRECTION('',(-0.,-1.,-0.));
#5919 = DIRECTION('',(-1.,0.,0.));
#5920 = DEFINITIONAL_REPRESENTATION('',(#5921),#5925);
#5921 = LINE('',#5922,#5923);
#5922 = CARTESIAN_POINT('',(-0.,0.));
#5923 = VECTOR('',#5924,1.);
#5924 = DIRECTION('',(-0.,1.));
#5925 = ( GEOMETRIC_REPRESENTATION_CONTEXT(2) 
PARAMETRIC_REPRESENTATION_CONTEXT() REPRESENTATION_CONTEXT('2D SPACE',''
  ) );
#5926 = ORIENTED_EDGE('',*,*,#5927,.F.);
#5927 = EDGE_CURVE('',#5928,#5900,#5930,.T.);
#5928 = VERTEX_POINT('',#5929);
#5929 = CARTESIAN_POINT('',(-30.515,-4.1,4.9));
#5930 = SURFACE_CURVE('',#5931,(#5935,#5942),.PCURVE_S1.);
#5931 = LINE('',#5932,#5933);
#5932 = CARTESIAN_POINT('',(-30.515,-4.1,4.4));
#5933 = VECTOR('',#5934,1.);
#5934 = DIRECTION('',(0.,0.,1.));
#5935 = PCURVE('',#4028,#5936);
#5936 = DEFINITIONAL_REPRESENTATION('',(#5937),#5941);
#5937 = LINE('',#5938,#5939);
#5938 = CARTESIAN_POINT('',(7.607843142053,-1.4));
#5939 = VECTOR('',#5940,1.);
#5940 = DIRECTION('',(0.,-1.));
#5941 = ( GEOMETRIC_REPRESENTATION_CONTEXT(2) 
PARAMETRIC_REPRESENTATION_CONTEXT() REPRESENTATION_CONTEXT('2D SPACE',''
  ) );
#5942 = PCURVE('',#5943,#5948);
#5943 = CYLINDRICAL_SURFACE('',#5944,0.5);
#5944 = AXIS2_PLACEMENT_3D('',#5945,#5946,#5947);
#5945 = CARTESIAN_POINT('',(-31.015,-4.1,4.4));
#5946 = DIRECTION('',(0.,0.,1.));
#5947 = DIRECTION('',(1.,0.,-0.));
#5948 = DEFINITIONAL_REPRESENTATION('',(#5949),#5953);
#5949 = LINE('',#5950,#5951);
#5950 = CARTESIAN_POINT('',(0.,0.));
#5951 = VECTOR('',#5952,1.);
#5952 = DIRECTION('',(0.,1.));
#5953 = ( GEOMETRIC_REPRESENTATION_CONTEXT(2) 
PARAMETRIC_REPRESENTATION_CONTEXT() REPRESENTATION_CONTEXT('2D SPACE',''
  ) );
#5954 = ORIENTED_EDGE('',*,*,#5955,.F.);
#5955 = EDGE_CURVE('',#5956,#5928,#5958,.T.);
#5956 = VERTEX_POINT('',#5957);
#5957 = CARTESIAN_POINT('',(-30.515,-3.1,3.9));
#5958 = SURFACE_CURVE('',#5959,(#5964,#5971),.PCURVE_S1.);
#5959 = CIRCLE('',#5960,1.);
#5960 = AXIS2_PLACEMENT_3D('',#5961,#5962,#5963);
#5961 = CARTESIAN_POINT('',(-30.515,-3.1,4.9));
#5962 = DIRECTION('',(-1.,0.,0.));
#5963 = DIRECTION('',(-0.,-8.881784197001E-16,-1.));
#5964 = PCURVE('',#4028,#5965);
#5965 = DEFINITIONAL_REPRESENTATION('',(#5966),#5970);
#5966 = CIRCLE('',#5967,1.);
#5967 = AXIS2_PLACEMENT_2D('',#5968,#5969);
#5968 = CARTESIAN_POINT('',(8.607843142053,-1.9));
#5969 = DIRECTION('',(-1.7763568394E-15,1.));
#5970 = ( GEOMETRIC_REPRESENTATION_CONTEXT(2) 
PARAMETRIC_REPRESENTATION_CONTEXT() REPRESENTATION_CONTEXT('2D SPACE',''
  ) );
#5971 = PCURVE('',#5972,#5977);
#5972 = TOROIDAL_SURFACE('',#5973,1.,0.5);
#5973 = AXIS2_PLACEMENT_3D('',#5974,#5975,#5976);
#5974 = CARTESIAN_POINT('',(-31.015,-3.1,4.9));
#5975 = DIRECTION('',(1.,-0.,-0.));
#5976 = DIRECTION('',(-0.,-8.881784197001E-16,-1.));
#5977 = DEFINITIONAL_REPRESENTATION('',(#5978),#5982);
#5978 = LINE('',#5979,#5980);
#5979 = CARTESIAN_POINT('',(-0.,1.570796326795));
#5980 = VECTOR('',#5981,1.);
#5981 = DIRECTION('',(-1.,0.));
#5982 = ( GEOMETRIC_REPRESENTATION_CONTEXT(2) 
PARAMETRIC_REPRESENTATION_CONTEXT() REPRESENTATION_CONTEXT('2D SPACE',''
  ) );
#5983 = ORIENTED_EDGE('',*,*,#5984,.T.);
#5984 = EDGE_CURVE('',#5956,#5985,#5987,.T.);
#5985 = VERTEX_POINT('',#5986);
#5986 = CARTESIAN_POINT('',(-30.515,3.1,3.9));
#5987 = SURFACE_CURVE('',#5988,(#5992,#5999),.PCURVE_S1.);
#5988 = LINE('',#5989,#5990);
#5989 = CARTESIAN_POINT('',(-30.515,-3.6,3.9));
#5990 = VECTOR('',#5991,1.);
#5991 = DIRECTION('',(0.,1.,0.));
#5992 = PCURVE('',#4028,#5993);
#5993 = DEFINITIONAL_REPRESENTATION('',(#5994),#5998);
#5994 = LINE('',#5995,#5996);
#5995 = CARTESIAN_POINT('',(8.107843142053,-0.9));
#5996 = VECTOR('',#5997,1.);
#5997 = DIRECTION('',(1.,0.));
#5998 = ( GEOMETRIC_REPRESENTATION_CONTEXT(2) 
PARAMETRIC_REPRESENTATION_CONTEXT() REPRESENTATION_CONTEXT('2D SPACE',''
  ) );
#5999 = PCURVE('',#6000,#6005);
#6000 = CYLINDRICAL_SURFACE('',#6001,0.5);
#6001 = AXIS2_PLACEMENT_3D('',#6002,#6003,#6004);
#6002 = CARTESIAN_POINT('',(-31.015,-3.6,3.9));
#6003 = DIRECTION('',(0.,1.,0.));
#6004 = DIRECTION('',(1.,0.,-0.));
#6005 = DEFINITIONAL_REPRESENTATION('',(#6006),#6010);
#6006 = LINE('',#6007,#6008);
#6007 = CARTESIAN_POINT('',(-0.,0.));
#6008 = VECTOR('',#6009,1.);
#6009 = DIRECTION('',(-0.,1.));
#6010 = ( GEOMETRIC_REPRESENTATION_CONTEXT(2) 
PARAMETRIC_REPRESENTATION_CONTEXT() REPRESENTATION_CONTEXT('2D SPACE',''
  ) );
#6011 = ORIENTED_EDGE('',*,*,#6012,.F.);
#6012 = EDGE_CURVE('',#6013,#5985,#6015,.T.);
#6013 = VERTEX_POINT('',#6014);
#6014 = CARTESIAN_POINT('',(-30.515,4.1,4.9));
#6015 = SURFACE_CURVE('',#6016,(#6021,#6028),.PCURVE_S1.);
#6016 = CIRCLE('',#6017,1.);
#6017 = AXIS2_PLACEMENT_3D('',#6018,#6019,#6020);
#6018 = CARTESIAN_POINT('',(-30.515,3.1,4.9));
#6019 = DIRECTION('',(-1.,0.,0.));
#6020 = DIRECTION('',(0.,1.,0.));
#6021 = PCURVE('',#4028,#6022);
#6022 = DEFINITIONAL_REPRESENTATION('',(#6023),#6027);
#6023 = CIRCLE('',#6024,1.);
#6024 = AXIS2_PLACEMENT_2D('',#6025,#6026);
#6025 = CARTESIAN_POINT('',(14.807843142053,-1.9));
#6026 = DIRECTION('',(1.,0.));
#6027 = ( GEOMETRIC_REPRESENTATION_CONTEXT(2) 
PARAMETRIC_REPRESENTATION_CONTEXT() REPRESENTATION_CONTEXT('2D SPACE',''
  ) );
#6028 = PCURVE('',#6029,#6034);
#6029 = TOROIDAL_SURFACE('',#6030,1.,0.5);
#6030 = AXIS2_PLACEMENT_3D('',#6031,#6032,#6033);
#6031 = CARTESIAN_POINT('',(-31.015,3.1,4.9));
#6032 = DIRECTION('',(1.,-0.,-0.));
#6033 = DIRECTION('',(0.,1.,0.));
#6034 = DEFINITIONAL_REPRESENTATION('',(#6035),#6039);
#6035 = LINE('',#6036,#6037);
#6036 = CARTESIAN_POINT('',(-0.,1.570796326795));
#6037 = VECTOR('',#6038,1.);
#6038 = DIRECTION('',(-1.,0.));
#6039 = ( GEOMETRIC_REPRESENTATION_CONTEXT(2) 
PARAMETRIC_REPRESENTATION_CONTEXT() REPRESENTATION_CONTEXT('2D SPACE',''
  ) );
#6040 = ORIENTED_EDGE('',*,*,#6041,.T.);
#6041 = EDGE_CURVE('',#6013,#6042,#6044,.T.);
#6042 = VERTEX_POINT('',#6043);
#6043 = CARTESIAN_POINT('',(-30.515,4.1,5.9));
#6044 = SURFACE_CURVE('',#6045,(#6049,#6056),.PCURVE_S1.);
#6045 = LINE('',#6046,#6047);
#6046 = CARTESIAN_POINT('',(-30.515,4.1,4.4));
#6047 = VECTOR('',#6048,1.);
#6048 = DIRECTION('',(0.,0.,1.));
#6049 = PCURVE('',#4028,#6050);
#6050 = DEFINITIONAL_REPRESENTATION('',(#6051),#6055);
#6051 = LINE('',#6052,#6053);
#6052 = CARTESIAN_POINT('',(15.807843142053,-1.4));
#6053 = VECTOR('',#6054,1.);
#6054 = DIRECTION('',(0.,-1.));
#6055 = ( GEOMETRIC_REPRESENTATION_CONTEXT(2) 
PARAMETRIC_REPRESENTATION_CONTEXT() REPRESENTATION_CONTEXT('2D SPACE',''
  ) );
#6056 = PCURVE('',#6057,#6062);
#6057 = CYLINDRICAL_SURFACE('',#6058,0.5);
#6058 = AXIS2_PLACEMENT_3D('',#6059,#6060,#6061);
#6059 = CARTESIAN_POINT('',(-31.015,4.1,4.4));
#6060 = DIRECTION('',(0.,0.,1.));
#6061 = DIRECTION('',(1.,0.,-0.));
#6062 = DEFINITIONAL_REPRESENTATION('',(#6063),#6067);
#6063 = LINE('',#6064,#6065);
#6064 = CARTESIAN_POINT('',(-0.,0.));
#6065 = VECTOR('',#6066,1.);
#6066 = DIRECTION('',(-0.,1.));
#6067 = ( GEOMETRIC_REPRESENTATION_CONTEXT(2) 
PARAMETRIC_REPRESENTATION_CONTEXT() REPRESENTATION_CONTEXT('2D SPACE',''
  ) );
#6068 = ORIENTED_EDGE('',*,*,#6069,.T.);
#6069 = EDGE_CURVE('',#6042,#5875,#6070,.T.);
#6070 = SURFACE_CURVE('',#6071,(#6075,#6082),.PCURVE_S1.);
#6071 = LINE('',#6072,#6073);
#6072 = CARTESIAN_POINT('',(-30.515,3.6,5.9));
#6073 = VECTOR('',#6074,1.);
#6074 = DIRECTION('',(0.,1.,0.));
#6075 = PCURVE('',#4028,#6076);
#6076 = DEFINITIONAL_REPRESENTATION('',(#6077),#6081);
#6077 = LINE('',#6078,#6079);
#6078 = CARTESIAN_POINT('',(15.307843142053,-2.9));
#6079 = VECTOR('',#6080,1.);
#6080 = DIRECTION('',(1.,0.));
#6081 = ( GEOMETRIC_REPRESENTATION_CONTEXT(2) 
PARAMETRIC_REPRESENTATION_CONTEXT() REPRESENTATION_CONTEXT('2D SPACE',''
  ) );
#6082 = PCURVE('',#6083,#6088);
#6083 = CYLINDRICAL_SURFACE('',#6084,0.5);
#6084 = AXIS2_PLACEMENT_3D('',#6085,#6086,#6087);
#6085 = CARTESIAN_POINT('',(-30.015,3.6,5.9));
#6086 = DIRECTION('',(0.,1.,0.));
#6087 = DIRECTION('',(-1.,0.,0.));
#6088 = DEFINITIONAL_REPRESENTATION('',(#6089),#6093);
#6089 = LINE('',#6090,#6091);
#6090 = CARTESIAN_POINT('',(0.,0.));
#6091 = VECTOR('',#6092,1.);
#6092 = DIRECTION('',(0.,1.));
#6093 = ( GEOMETRIC_REPRESENTATION_CONTEXT(2) 
PARAMETRIC_REPRESENTATION_CONTEXT() REPRESENTATION_CONTEXT('2D SPACE',''
  ) );
#6094 = ADVANCED_FACE('',(#6095),#4062,.F.);
#6095 = FACE_BOUND('',#6096,.F.);
#6096 = EDGE_LOOP('',(#6097,#6120,#6121,#6122,#6150,#6178,#6207,#6235,
    #6264,#6292));
#6097 = ORIENTED_EDGE('',*,*,#6098,.F.);
#6098 = EDGE_CURVE('',#4047,#6099,#6101,.T.);
#6099 = VERTEX_POINT('',#6100);
#6100 = CARTESIAN_POINT('',(11.707843142053,-30.515,5.9));
#6101 = SURFACE_CURVE('',#6102,(#6106,#6113),.PCURVE_S1.);
#6102 = LINE('',#6103,#6104);
#6103 = CARTESIAN_POINT('',(11.707843142053,-30.515,3.));
#6104 = VECTOR('',#6105,1.);
#6105 = DIRECTION('',(0.,0.,1.));
#6106 = PCURVE('',#4062,#6107);
#6107 = DEFINITIONAL_REPRESENTATION('',(#6108),#6112);
#6108 = LINE('',#6109,#6110);
#6109 = CARTESIAN_POINT('',(23.415686284107,0.));
#6110 = VECTOR('',#6111,1.);
#6111 = DIRECTION('',(0.,-1.));
#6112 = ( GEOMETRIC_REPRESENTATION_CONTEXT(2) 
PARAMETRIC_REPRESENTATION_CONTEXT() REPRESENTATION_CONTEXT('2D SPACE',''
  ) );
#6113 = PCURVE('',#4191,#6114);
#6114 = DEFINITIONAL_REPRESENTATION('',(#6115),#6119);
#6115 = LINE('',#6116,#6117);
#6116 = CARTESIAN_POINT('',(-4.712388980385,0.));
#6117 = VECTOR('',#6118,1.);
#6118 = DIRECTION('',(-0.,-1.));
#6119 = ( GEOMETRIC_REPRESENTATION_CONTEXT(2) 
PARAMETRIC_REPRESENTATION_CONTEXT() REPRESENTATION_CONTEXT('2D SPACE',''
  ) );
#6120 = ORIENTED_EDGE('',*,*,#4046,.F.);
#6121 = ORIENTED_EDGE('',*,*,#5849,.T.);
#6122 = ORIENTED_EDGE('',*,*,#6123,.T.);
#6123 = EDGE_CURVE('',#5821,#6124,#6126,.T.);
#6124 = VERTEX_POINT('',#6125);
#6125 = CARTESIAN_POINT('',(-4.1,-30.515,5.9));
#6126 = SURFACE_CURVE('',#6127,(#6131,#6138),.PCURVE_S1.);
#6127 = LINE('',#6128,#6129);
#6128 = CARTESIAN_POINT('',(-11.70784314205,-30.515,5.9));
#6129 = VECTOR('',#6130,1.);
#6130 = DIRECTION('',(1.,0.,0.));
#6131 = PCURVE('',#4062,#6132);
#6132 = DEFINITIONAL_REPRESENTATION('',(#6133),#6137);
#6133 = LINE('',#6134,#6135);
#6134 = CARTESIAN_POINT('',(0.,-2.9));
#6135 = VECTOR('',#6136,1.);
#6136 = DIRECTION('',(1.,0.));
#6137 = ( GEOMETRIC_REPRESENTATION_CONTEXT(2) 
PARAMETRIC_REPRESENTATION_CONTEXT() REPRESENTATION_CONTEXT('2D SPACE',''
  ) );
#6138 = PCURVE('',#6139,#6144);
#6139 = CYLINDRICAL_SURFACE('',#6140,0.5);
#6140 = AXIS2_PLACEMENT_3D('',#6141,#6142,#6143);
#6141 = CARTESIAN_POINT('',(-11.70784314205,-30.015,5.9));
#6142 = DIRECTION('',(1.,0.,0.));
#6143 = DIRECTION('',(0.,-1.,-0.));
#6144 = DEFINITIONAL_REPRESENTATION('',(#6145),#6149);
#6145 = LINE('',#6146,#6147);
#6146 = CARTESIAN_POINT('',(-0.,0.));
#6147 = VECTOR('',#6148,1.);
#6148 = DIRECTION('',(-0.,1.));
#6149 = ( GEOMETRIC_REPRESENTATION_CONTEXT(2) 
PARAMETRIC_REPRESENTATION_CONTEXT() REPRESENTATION_CONTEXT('2D SPACE',''
  ) );
#6150 = ORIENTED_EDGE('',*,*,#6151,.F.);
#6151 = EDGE_CURVE('',#6152,#6124,#6154,.T.);
#6152 = VERTEX_POINT('',#6153);
#6153 = CARTESIAN_POINT('',(-4.1,-30.515,4.9));
#6154 = SURFACE_CURVE('',#6155,(#6159,#6166),.PCURVE_S1.);
#6155 = LINE('',#6156,#6157);
#6156 = CARTESIAN_POINT('',(-4.1,-30.515,4.4));
#6157 = VECTOR('',#6158,1.);
#6158 = DIRECTION('',(0.,0.,1.));
#6159 = PCURVE('',#4062,#6160);
#6160 = DEFINITIONAL_REPRESENTATION('',(#6161),#6165);
#6161 = LINE('',#6162,#6163);
#6162 = CARTESIAN_POINT('',(7.607843142053,-1.4));
#6163 = VECTOR('',#6164,1.);
#6164 = DIRECTION('',(0.,-1.));
#6165 = ( GEOMETRIC_REPRESENTATION_CONTEXT(2) 
PARAMETRIC_REPRESENTATION_CONTEXT() REPRESENTATION_CONTEXT('2D SPACE',''
  ) );
#6166 = PCURVE('',#6167,#6172);
#6167 = CYLINDRICAL_SURFACE('',#6168,0.5);
#6168 = AXIS2_PLACEMENT_3D('',#6169,#6170,#6171);
#6169 = CARTESIAN_POINT('',(-4.1,-31.015,4.4));
#6170 = DIRECTION('',(0.,0.,1.));
#6171 = DIRECTION('',(-0.,1.,0.));
#6172 = DEFINITIONAL_REPRESENTATION('',(#6173),#6177);
#6173 = LINE('',#6174,#6175);
#6174 = CARTESIAN_POINT('',(-0.,0.));
#6175 = VECTOR('',#6176,1.);
#6176 = DIRECTION('',(-0.,1.));
#6177 = ( GEOMETRIC_REPRESENTATION_CONTEXT(2) 
PARAMETRIC_REPRESENTATION_CONTEXT() REPRESENTATION_CONTEXT('2D SPACE',''
  ) );
#6178 = ORIENTED_EDGE('',*,*,#6179,.F.);
#6179 = EDGE_CURVE('',#6180,#6152,#6182,.T.);
#6180 = VERTEX_POINT('',#6181);
#6181 = CARTESIAN_POINT('',(-3.1,-30.515,3.9));
#6182 = SURFACE_CURVE('',#6183,(#6188,#6195),.PCURVE_S1.);
#6183 = CIRCLE('',#6184,1.);
#6184 = AXIS2_PLACEMENT_3D('',#6185,#6186,#6187);
#6185 = CARTESIAN_POINT('',(-3.1,-30.515,4.9));
#6186 = DIRECTION('',(0.,1.,0.));
#6187 = DIRECTION('',(-8.881784197001E-16,0.,-1.));
#6188 = PCURVE('',#4062,#6189);
#6189 = DEFINITIONAL_REPRESENTATION('',(#6190),#6194);
#6190 = CIRCLE('',#6191,1.);
#6191 = AXIS2_PLACEMENT_2D('',#6192,#6193);
#6192 = CARTESIAN_POINT('',(8.607843142053,-1.9));
#6193 = DIRECTION('',(-1.7763568394E-15,1.));
#6194 = ( GEOMETRIC_REPRESENTATION_CONTEXT(2) 
PARAMETRIC_REPRESENTATION_CONTEXT() REPRESENTATION_CONTEXT('2D SPACE',''
  ) );
#6195 = PCURVE('',#6196,#6201);
#6196 = TOROIDAL_SURFACE('',#6197,1.,0.5);
#6197 = AXIS2_PLACEMENT_3D('',#6198,#6199,#6200);
#6198 = CARTESIAN_POINT('',(-3.1,-31.015,4.9));
#6199 = DIRECTION('',(-0.,1.,0.));
#6200 = DIRECTION('',(-8.881784197001E-16,0.,-1.));
#6201 = DEFINITIONAL_REPRESENTATION('',(#6202),#6206);
#6202 = LINE('',#6203,#6204);
#6203 = CARTESIAN_POINT('',(0.,1.570796326795));
#6204 = VECTOR('',#6205,1.);
#6205 = DIRECTION('',(1.,0.));
#6206 = ( GEOMETRIC_REPRESENTATION_CONTEXT(2) 
PARAMETRIC_REPRESENTATION_CONTEXT() REPRESENTATION_CONTEXT('2D SPACE',''
  ) );
#6207 = ORIENTED_EDGE('',*,*,#6208,.T.);
#6208 = EDGE_CURVE('',#6180,#6209,#6211,.T.);
#6209 = VERTEX_POINT('',#6210);
#6210 = CARTESIAN_POINT('',(3.1,-30.515,3.9));
#6211 = SURFACE_CURVE('',#6212,(#6216,#6223),.PCURVE_S1.);
#6212 = LINE('',#6213,#6214);
#6213 = CARTESIAN_POINT('',(-3.6,-30.515,3.9));
#6214 = VECTOR('',#6215,1.);
#6215 = DIRECTION('',(1.,0.,0.));
#6216 = PCURVE('',#4062,#6217);
#6217 = DEFINITIONAL_REPRESENTATION('',(#6218),#6222);
#6218 = LINE('',#6219,#6220);
#6219 = CARTESIAN_POINT('',(8.107843142053,-0.9));
#6220 = VECTOR('',#6221,1.);
#6221 = DIRECTION('',(1.,0.));
#6222 = ( GEOMETRIC_REPRESENTATION_CONTEXT(2) 
PARAMETRIC_REPRESENTATION_CONTEXT() REPRESENTATION_CONTEXT('2D SPACE',''
  ) );
#6223 = PCURVE('',#6224,#6229);
#6224 = CYLINDRICAL_SURFACE('',#6225,0.5);
#6225 = AXIS2_PLACEMENT_3D('',#6226,#6227,#6228);
#6226 = CARTESIAN_POINT('',(-3.6,-31.015,3.9));
#6227 = DIRECTION('',(1.,0.,0.));
#6228 = DIRECTION('',(-0.,1.,0.));
#6229 = DEFINITIONAL_REPRESENTATION('',(#6230),#6234);
#6230 = LINE('',#6231,#6232);
#6231 = CARTESIAN_POINT('',(0.,0.));
#6232 = VECTOR('',#6233,1.);
#6233 = DIRECTION('',(0.,1.));
#6234 = ( GEOMETRIC_REPRESENTATION_CONTEXT(2) 
PARAMETRIC_REPRESENTATION_CONTEXT() REPRESENTATION_CONTEXT('2D SPACE',''
  ) );
#6235 = ORIENTED_EDGE('',*,*,#6236,.F.);
#6236 = EDGE_CURVE('',#6237,#6209,#6239,.T.);
#6237 = VERTEX_POINT('',#6238);
#6238 = CARTESIAN_POINT('',(4.1,-30.515,4.9));
#6239 = SURFACE_CURVE('',#6240,(#6245,#6252),.PCURVE_S1.);
#6240 = CIRCLE('',#6241,1.);
#6241 = AXIS2_PLACEMENT_3D('',#6242,#6243,#6244);
#6242 = CARTESIAN_POINT('',(3.1,-30.515,4.9));
#6243 = DIRECTION('',(-0.,1.,0.));
#6244 = DIRECTION('',(1.,0.,0.));
#6245 = PCURVE('',#4062,#6246);
#6246 = DEFINITIONAL_REPRESENTATION('',(#6247),#6251);
#6247 = CIRCLE('',#6248,1.);
#6248 = AXIS2_PLACEMENT_2D('',#6249,#6250);
#6249 = CARTESIAN_POINT('',(14.807843142053,-1.9));
#6250 = DIRECTION('',(1.,0.));
#6251 = ( GEOMETRIC_REPRESENTATION_CONTEXT(2) 
PARAMETRIC_REPRESENTATION_CONTEXT() REPRESENTATION_CONTEXT('2D SPACE',''
  ) );
#6252 = PCURVE('',#6253,#6258);
#6253 = TOROIDAL_SURFACE('',#6254,1.,0.5);
#6254 = AXIS2_PLACEMENT_3D('',#6255,#6256,#6257);
#6255 = CARTESIAN_POINT('',(3.1,-31.015,4.9));
#6256 = DIRECTION('',(-0.,1.,0.));
#6257 = DIRECTION('',(1.,0.,0.));
#6258 = DEFINITIONAL_REPRESENTATION('',(#6259),#6263);
#6259 = LINE('',#6260,#6261);
#6260 = CARTESIAN_POINT('',(0.,1.570796326795));
#6261 = VECTOR('',#6262,1.);
#6262 = DIRECTION('',(1.,0.));
#6263 = ( GEOMETRIC_REPRESENTATION_CONTEXT(2) 
PARAMETRIC_REPRESENTATION_CONTEXT() REPRESENTATION_CONTEXT('2D SPACE',''
  ) );
#6264 = ORIENTED_EDGE('',*,*,#6265,.T.);
#6265 = EDGE_CURVE('',#6237,#6266,#6268,.T.);
#6266 = VERTEX_POINT('',#6267);
#6267 = CARTESIAN_POINT('',(4.1,-30.515,5.9));
#6268 = SURFACE_CURVE('',#6269,(#6273,#6280),.PCURVE_S1.);
#6269 = LINE('',#6270,#6271);
#6270 = CARTESIAN_POINT('',(4.1,-30.515,4.4));
#6271 = VECTOR('',#6272,1.);
#6272 = DIRECTION('',(0.,0.,1.));
#6273 = PCURVE('',#4062,#6274);
#6274 = DEFINITIONAL_REPRESENTATION('',(#6275),#6279);
#6275 = LINE('',#6276,#6277);
#6276 = CARTESIAN_POINT('',(15.807843142053,-1.4));
#6277 = VECTOR('',#6278,1.);
#6278 = DIRECTION('',(0.,-1.));
#6279 = ( GEOMETRIC_REPRESENTATION_CONTEXT(2) 
PARAMETRIC_REPRESENTATION_CONTEXT() REPRESENTATION_CONTEXT('2D SPACE',''
  ) );
#6280 = PCURVE('',#6281,#6286);
#6281 = CYLINDRICAL_SURFACE('',#6282,0.5);
#6282 = AXIS2_PLACEMENT_3D('',#6283,#6284,#6285);
#6283 = CARTESIAN_POINT('',(4.1,-31.015,4.4));
#6284 = DIRECTION('',(0.,0.,1.));
#6285 = DIRECTION('',(-0.,1.,0.));
#6286 = DEFINITIONAL_REPRESENTATION('',(#6287),#6291);
#6287 = LINE('',#6288,#6289);
#6288 = CARTESIAN_POINT('',(0.,0.));
#6289 = VECTOR('',#6290,1.);
#6290 = DIRECTION('',(0.,1.));
#6291 = ( GEOMETRIC_REPRESENTATION_CONTEXT(2) 
PARAMETRIC_REPRESENTATION_CONTEXT() REPRESENTATION_CONTEXT('2D SPACE',''
  ) );
#6292 = ORIENTED_EDGE('',*,*,#6293,.T.);
#6293 = EDGE_CURVE('',#6266,#6099,#6294,.T.);
#6294 = SURFACE_CURVE('',#6295,(#6299,#6306),.PCURVE_S1.);
#6295 = LINE('',#6296,#6297);
#6296 = CARTESIAN_POINT('',(3.6,-30.515,5.9));
#6297 = VECTOR('',#6298,1.);
#6298 = DIRECTION('',(1.,0.,0.));
#6299 = PCURVE('',#4062,#6300);
#6300 = DEFINITIONAL_REPRESENTATION('',(#6301),#6305);
#6301 = LINE('',#6302,#6303);
#6302 = CARTESIAN_POINT('',(15.307843142053,-2.9));
#6303 = VECTOR('',#6304,1.);
#6304 = DIRECTION('',(1.,0.));
#6305 = ( GEOMETRIC_REPRESENTATION_CONTEXT(2) 
PARAMETRIC_REPRESENTATION_CONTEXT() REPRESENTATION_CONTEXT('2D SPACE',''
  ) );
#6306 = PCURVE('',#6307,#6312);
#6307 = CYLINDRICAL_SURFACE('',#6308,0.5);
#6308 = AXIS2_PLACEMENT_3D('',#6309,#6310,#6311);
#6309 = CARTESIAN_POINT('',(3.6,-30.015,5.9));
#6310 = DIRECTION('',(1.,0.,0.));
#6311 = DIRECTION('',(0.,-1.,-0.));
#6312 = DEFINITIONAL_REPRESENTATION('',(#6313),#6317);
#6313 = LINE('',#6314,#6315);
#6314 = CARTESIAN_POINT('',(-0.,0.));
#6315 = VECTOR('',#6316,1.);
#6316 = DIRECTION('',(-0.,1.));
#6317 = ( GEOMETRIC_REPRESENTATION_CONTEXT(2) 
PARAMETRIC_REPRESENTATION_CONTEXT() REPRESENTATION_CONTEXT('2D SPACE',''
  ) );
#6318 = ADVANCED_FACE('',(#6319),#4137,.T.);
#6319 = FACE_BOUND('',#6320,.F.);
#6320 = EDGE_LOOP('',(#6321,#6344,#6371,#6372));
#6321 = ORIENTED_EDGE('',*,*,#6322,.T.);
#6322 = EDGE_CURVE('',#4099,#6323,#6325,.T.);
#6323 = VERTEX_POINT('',#6324);
#6324 = CARTESIAN_POINT('',(-11.70784314205,30.515,5.9));
#6325 = SURFACE_CURVE('',#6326,(#6330,#6337),.PCURVE_S1.);
#6326 = LINE('',#6327,#6328);
#6327 = CARTESIAN_POINT('',(-11.70784314205,30.515,3.));
#6328 = VECTOR('',#6329,1.);
#6329 = DIRECTION('',(0.,0.,1.));
#6330 = PCURVE('',#4137,#6331);
#6331 = DEFINITIONAL_REPRESENTATION('',(#6332),#6336);
#6332 = LINE('',#6333,#6334);
#6333 = CARTESIAN_POINT('',(-1.570796326795,0.));
#6334 = VECTOR('',#6335,1.);
#6335 = DIRECTION('',(-0.,-1.));
#6336 = ( GEOMETRIC_REPRESENTATION_CONTEXT(2) 
PARAMETRIC_REPRESENTATION_CONTEXT() REPRESENTATION_CONTEXT('2D SPACE',''
  ) );
#6337 = PCURVE('',#4242,#6338);
#6338 = DEFINITIONAL_REPRESENTATION('',(#6339),#6343);
#6339 = LINE('',#6340,#6341);
#6340 = CARTESIAN_POINT('',(0.,0.));
#6341 = VECTOR('',#6342,1.);
#6342 = DIRECTION('',(0.,-1.));
#6343 = ( GEOMETRIC_REPRESENTATION_CONTEXT(2) 
PARAMETRIC_REPRESENTATION_CONTEXT() REPRESENTATION_CONTEXT('2D SPACE',''
  ) );
#6344 = ORIENTED_EDGE('',*,*,#6345,.F.);
#6345 = EDGE_CURVE('',#5875,#6323,#6346,.T.);
#6346 = SURFACE_CURVE('',#6347,(#6352,#6359),.PCURVE_S1.);
#6347 = CIRCLE('',#6348,18.807156857947);
#6348 = AXIS2_PLACEMENT_3D('',#6349,#6350,#6351);
#6349 = CARTESIAN_POINT('',(-11.70784314205,11.707843142053,5.9));
#6350 = DIRECTION('',(-0.,0.,-1.));
#6351 = DIRECTION('',(-1.,9.445110990552E-17,0.));
#6352 = PCURVE('',#4137,#6353);
#6353 = DEFINITIONAL_REPRESENTATION('',(#6354),#6358);
#6354 = LINE('',#6355,#6356);
#6355 = CARTESIAN_POINT('',(-3.14159265359,-2.9));
#6356 = VECTOR('',#6357,1.);
#6357 = DIRECTION('',(1.,-0.));
#6358 = ( GEOMETRIC_REPRESENTATION_CONTEXT(2) 
PARAMETRIC_REPRESENTATION_CONTEXT() REPRESENTATION_CONTEXT('2D SPACE',''
  ) );
#6359 = PCURVE('',#6360,#6365);
#6360 = TOROIDAL_SURFACE('',#6361,18.307156857947,0.5);
#6361 = AXIS2_PLACEMENT_3D('',#6362,#6363,#6364);
#6362 = CARTESIAN_POINT('',(-11.70784314205,11.707843142053,5.9));
#6363 = DIRECTION('',(0.,0.,1.));
#6364 = DIRECTION('',(-1.,9.445110990552E-17,0.));
#6365 = DEFINITIONAL_REPRESENTATION('',(#6366),#6370);
#6366 = LINE('',#6367,#6368);
#6367 = CARTESIAN_POINT('',(-0.,0.));
#6368 = VECTOR('',#6369,1.);
#6369 = DIRECTION('',(-1.,0.));
#6370 = ( GEOMETRIC_REPRESENTATION_CONTEXT(2) 
PARAMETRIC_REPRESENTATION_CONTEXT() REPRESENTATION_CONTEXT('2D SPACE',''
  ) );
#6371 = ORIENTED_EDGE('',*,*,#5874,.F.);
#6372 = ORIENTED_EDGE('',*,*,#4122,.F.);
#6373 = ADVANCED_FACE('',(#6374),#4191,.T.);
#6374 = FACE_BOUND('',#6375,.F.);
#6375 = EDGE_LOOP('',(#6376,#6377,#6406,#6427));
#6376 = ORIENTED_EDGE('',*,*,#6098,.T.);
#6377 = ORIENTED_EDGE('',*,*,#6378,.T.);
#6378 = EDGE_CURVE('',#6099,#6379,#6381,.T.);
#6379 = VERTEX_POINT('',#6380);
#6380 = CARTESIAN_POINT('',(30.515,-11.70784314205,5.9));
#6381 = SURFACE_CURVE('',#6382,(#6387,#6394),.PCURVE_S1.);
#6382 = CIRCLE('',#6383,18.807156857947);
#6383 = AXIS2_PLACEMENT_3D('',#6384,#6385,#6386);
#6384 = CARTESIAN_POINT('',(11.707843142053,-11.70784314205,5.9));
#6385 = DIRECTION('',(0.,0.,1.));
#6386 = DIRECTION('',(-1.88902219811E-16,-1.,0.));
#6387 = PCURVE('',#4191,#6388);
#6388 = DEFINITIONAL_REPRESENTATION('',(#6389),#6393);
#6389 = LINE('',#6390,#6391);
#6390 = CARTESIAN_POINT('',(-4.712388980385,-2.9));
#6391 = VECTOR('',#6392,1.);
#6392 = DIRECTION('',(-1.,0.));
#6393 = ( GEOMETRIC_REPRESENTATION_CONTEXT(2) 
PARAMETRIC_REPRESENTATION_CONTEXT() REPRESENTATION_CONTEXT('2D SPACE',''
  ) );
#6394 = PCURVE('',#6395,#6400);
#6395 = TOROIDAL_SURFACE('',#6396,18.307156857947,0.5);
#6396 = AXIS2_PLACEMENT_3D('',#6397,#6398,#6399);
#6397 = CARTESIAN_POINT('',(11.707843142053,-11.70784314205,5.9));
#6398 = DIRECTION('',(0.,0.,1.));
#6399 = DIRECTION('',(-1.88902219811E-16,-1.,0.));
#6400 = DEFINITIONAL_REPRESENTATION('',(#6401),#6405);
#6401 = LINE('',#6402,#6403);
#6402 = CARTESIAN_POINT('',(0.,0.));
#6403 = VECTOR('',#6404,1.);
#6404 = DIRECTION('',(1.,0.));
#6405 = ( GEOMETRIC_REPRESENTATION_CONTEXT(2) 
PARAMETRIC_REPRESENTATION_CONTEXT() REPRESENTATION_CONTEXT('2D SPACE',''
  ) );
#6406 = ORIENTED_EDGE('',*,*,#6407,.F.);
#6407 = EDGE_CURVE('',#4155,#6379,#6408,.T.);
#6408 = SURFACE_CURVE('',#6409,(#6413,#6420),.PCURVE_S1.);
#6409 = LINE('',#6410,#6411);
#6410 = CARTESIAN_POINT('',(30.515,-11.70784314205,3.));
#6411 = VECTOR('',#6412,1.);
#6412 = DIRECTION('',(0.,0.,1.));
#6413 = PCURVE('',#4191,#6414);
#6414 = DEFINITIONAL_REPRESENTATION('',(#6415),#6419);
#6415 = LINE('',#6416,#6417);
#6416 = CARTESIAN_POINT('',(-6.28318530718,0.));
#6417 = VECTOR('',#6418,1.);
#6418 = DIRECTION('',(-0.,-1.));
#6419 = ( GEOMETRIC_REPRESENTATION_CONTEXT(2) 
PARAMETRIC_REPRESENTATION_CONTEXT() REPRESENTATION_CONTEXT('2D SPACE',''
  ) );
#6420 = PCURVE('',#4276,#6421);
#6421 = DEFINITIONAL_REPRESENTATION('',(#6422),#6426);
#6422 = LINE('',#6423,#6424);
#6423 = CARTESIAN_POINT('',(0.,0.));
#6424 = VECTOR('',#6425,1.);
#6425 = DIRECTION('',(0.,-1.));
#6426 = ( GEOMETRIC_REPRESENTATION_CONTEXT(2) 
PARAMETRIC_REPRESENTATION_CONTEXT() REPRESENTATION_CONTEXT('2D SPACE',''
  ) );
#6427 = ORIENTED_EDGE('',*,*,#4176,.F.);
#6428 = ADVANCED_FACE('',(#6429),#4242,.T.);
#6429 = FACE_BOUND('',#6430,.T.);
#6430 = EDGE_LOOP('',(#6431,#6454,#6455,#6456,#6484,#6512,#6541,#6569,
    #6598,#6626));
#6431 = ORIENTED_EDGE('',*,*,#6432,.F.);
#6432 = EDGE_CURVE('',#4207,#6433,#6435,.T.);
#6433 = VERTEX_POINT('',#6434);
#6434 = CARTESIAN_POINT('',(11.707843142053,30.515,5.9));
#6435 = SURFACE_CURVE('',#6436,(#6440,#6447),.PCURVE_S1.);
#6436 = LINE('',#6437,#6438);
#6437 = CARTESIAN_POINT('',(11.707843142053,30.515,3.));
#6438 = VECTOR('',#6439,1.);
#6439 = DIRECTION('',(0.,0.,1.));
#6440 = PCURVE('',#4242,#6441);
#6441 = DEFINITIONAL_REPRESENTATION('',(#6442),#6446);
#6442 = LINE('',#6443,#6444);
#6443 = CARTESIAN_POINT('',(23.415686284107,0.));
#6444 = VECTOR('',#6445,1.);
#6445 = DIRECTION('',(0.,-1.));
#6446 = ( GEOMETRIC_REPRESENTATION_CONTEXT(2) 
PARAMETRIC_REPRESENTATION_CONTEXT() REPRESENTATION_CONTEXT('2D SPACE',''
  ) );
#6447 = PCURVE('',#4330,#6448);
#6448 = DEFINITIONAL_REPRESENTATION('',(#6449),#6453);
#6449 = LINE('',#6450,#6451);
#6450 = CARTESIAN_POINT('',(-1.570796326795,0.));
#6451 = VECTOR('',#6452,1.);
#6452 = DIRECTION('',(-0.,-1.));
#6453 = ( GEOMETRIC_REPRESENTATION_CONTEXT(2) 
PARAMETRIC_REPRESENTATION_CONTEXT() REPRESENTATION_CONTEXT('2D SPACE',''
  ) );
#6454 = ORIENTED_EDGE('',*,*,#4228,.T.);
#6455 = ORIENTED_EDGE('',*,*,#6322,.T.);
#6456 = ORIENTED_EDGE('',*,*,#6457,.T.);
#6457 = EDGE_CURVE('',#6323,#6458,#6460,.T.);
#6458 = VERTEX_POINT('',#6459);
#6459 = CARTESIAN_POINT('',(-4.1,30.515,5.9));
#6460 = SURFACE_CURVE('',#6461,(#6465,#6472),.PCURVE_S1.);
#6461 = LINE('',#6462,#6463);
#6462 = CARTESIAN_POINT('',(-11.70784314205,30.515,5.9));
#6463 = VECTOR('',#6464,1.);
#6464 = DIRECTION('',(1.,0.,0.));
#6465 = PCURVE('',#4242,#6466);
#6466 = DEFINITIONAL_REPRESENTATION('',(#6467),#6471);
#6467 = LINE('',#6468,#6469);
#6468 = CARTESIAN_POINT('',(0.,-2.9));
#6469 = VECTOR('',#6470,1.);
#6470 = DIRECTION('',(1.,0.));
#6471 = ( GEOMETRIC_REPRESENTATION_CONTEXT(2) 
PARAMETRIC_REPRESENTATION_CONTEXT() REPRESENTATION_CONTEXT('2D SPACE',''
  ) );
#6472 = PCURVE('',#6473,#6478);
#6473 = CYLINDRICAL_SURFACE('',#6474,0.5);
#6474 = AXIS2_PLACEMENT_3D('',#6475,#6476,#6477);
#6475 = CARTESIAN_POINT('',(-11.70784314205,30.015,5.9));
#6476 = DIRECTION('',(1.,0.,0.));
#6477 = DIRECTION('',(-0.,1.,0.));
#6478 = DEFINITIONAL_REPRESENTATION('',(#6479),#6483);
#6479 = LINE('',#6480,#6481);
#6480 = CARTESIAN_POINT('',(0.,0.));
#6481 = VECTOR('',#6482,1.);
#6482 = DIRECTION('',(0.,1.));
#6483 = ( GEOMETRIC_REPRESENTATION_CONTEXT(2) 
PARAMETRIC_REPRESENTATION_CONTEXT() REPRESENTATION_CONTEXT('2D SPACE',''
  ) );
#6484 = ORIENTED_EDGE('',*,*,#6485,.F.);
#6485 = EDGE_CURVE('',#6486,#6458,#6488,.T.);
#6486 = VERTEX_POINT('',#6487);
#6487 = CARTESIAN_POINT('',(-4.1,30.515,4.9));
#6488 = SURFACE_CURVE('',#6489,(#6493,#6500),.PCURVE_S1.);
#6489 = LINE('',#6490,#6491);
#6490 = CARTESIAN_POINT('',(-4.1,30.515,4.4));
#6491 = VECTOR('',#6492,1.);
#6492 = DIRECTION('',(0.,0.,1.));
#6493 = PCURVE('',#4242,#6494);
#6494 = DEFINITIONAL_REPRESENTATION('',(#6495),#6499);
#6495 = LINE('',#6496,#6497);
#6496 = CARTESIAN_POINT('',(7.607843142053,-1.4));
#6497 = VECTOR('',#6498,1.);
#6498 = DIRECTION('',(0.,-1.));
#6499 = ( GEOMETRIC_REPRESENTATION_CONTEXT(2) 
PARAMETRIC_REPRESENTATION_CONTEXT() REPRESENTATION_CONTEXT('2D SPACE',''
  ) );
#6500 = PCURVE('',#6501,#6506);
#6501 = CYLINDRICAL_SURFACE('',#6502,0.5);
#6502 = AXIS2_PLACEMENT_3D('',#6503,#6504,#6505);
#6503 = CARTESIAN_POINT('',(-4.1,31.015,4.4));
#6504 = DIRECTION('',(0.,0.,1.));
#6505 = DIRECTION('',(0.,-1.,0.));
#6506 = DEFINITIONAL_REPRESENTATION('',(#6507),#6511);
#6507 = LINE('',#6508,#6509);
#6508 = CARTESIAN_POINT('',(0.,0.));
#6509 = VECTOR('',#6510,1.);
#6510 = DIRECTION('',(0.,1.));
#6511 = ( GEOMETRIC_REPRESENTATION_CONTEXT(2) 
PARAMETRIC_REPRESENTATION_CONTEXT() REPRESENTATION_CONTEXT('2D SPACE',''
  ) );
#6512 = ORIENTED_EDGE('',*,*,#6513,.F.);
#6513 = EDGE_CURVE('',#6514,#6486,#6516,.T.);
#6514 = VERTEX_POINT('',#6515);
#6515 = CARTESIAN_POINT('',(-3.1,30.515,3.9));
#6516 = SURFACE_CURVE('',#6517,(#6522,#6529),.PCURVE_S1.);
#6517 = CIRCLE('',#6518,1.);
#6518 = AXIS2_PLACEMENT_3D('',#6519,#6520,#6521);
#6519 = CARTESIAN_POINT('',(-3.1,30.515,4.9));
#6520 = DIRECTION('',(0.,1.,0.));
#6521 = DIRECTION('',(-8.881784197001E-16,0.,-1.));
#6522 = PCURVE('',#4242,#6523);
#6523 = DEFINITIONAL_REPRESENTATION('',(#6524),#6528);
#6524 = CIRCLE('',#6525,1.);
#6525 = AXIS2_PLACEMENT_2D('',#6526,#6527);
#6526 = CARTESIAN_POINT('',(8.607843142053,-1.9));
#6527 = DIRECTION('',(-1.7763568394E-15,1.));
#6528 = ( GEOMETRIC_REPRESENTATION_CONTEXT(2) 
PARAMETRIC_REPRESENTATION_CONTEXT() REPRESENTATION_CONTEXT('2D SPACE',''
  ) );
#6529 = PCURVE('',#6530,#6535);
#6530 = TOROIDAL_SURFACE('',#6531,1.,0.5);
#6531 = AXIS2_PLACEMENT_3D('',#6532,#6533,#6534);
#6532 = CARTESIAN_POINT('',(-3.1,31.015,4.9));
#6533 = DIRECTION('',(0.,-1.,-0.));
#6534 = DIRECTION('',(-8.881784197001E-16,0.,-1.));
#6535 = DEFINITIONAL_REPRESENTATION('',(#6536),#6540);
#6536 = LINE('',#6537,#6538);
#6537 = CARTESIAN_POINT('',(-0.,1.570796326795));
#6538 = VECTOR('',#6539,1.);
#6539 = DIRECTION('',(-1.,0.));
#6540 = ( GEOMETRIC_REPRESENTATION_CONTEXT(2) 
PARAMETRIC_REPRESENTATION_CONTEXT() REPRESENTATION_CONTEXT('2D SPACE',''
  ) );
#6541 = ORIENTED_EDGE('',*,*,#6542,.T.);
#6542 = EDGE_CURVE('',#6514,#6543,#6545,.T.);
#6543 = VERTEX_POINT('',#6544);
#6544 = CARTESIAN_POINT('',(3.1,30.515,3.9));
#6545 = SURFACE_CURVE('',#6546,(#6550,#6557),.PCURVE_S1.);
#6546 = LINE('',#6547,#6548);
#6547 = CARTESIAN_POINT('',(-3.6,30.515,3.9));
#6548 = VECTOR('',#6549,1.);
#6549 = DIRECTION('',(1.,0.,0.));
#6550 = PCURVE('',#4242,#6551);
#6551 = DEFINITIONAL_REPRESENTATION('',(#6552),#6556);
#6552 = LINE('',#6553,#6554);
#6553 = CARTESIAN_POINT('',(8.107843142053,-0.9));
#6554 = VECTOR('',#6555,1.);
#6555 = DIRECTION('',(1.,0.));
#6556 = ( GEOMETRIC_REPRESENTATION_CONTEXT(2) 
PARAMETRIC_REPRESENTATION_CONTEXT() REPRESENTATION_CONTEXT('2D SPACE',''
  ) );
#6557 = PCURVE('',#6558,#6563);
#6558 = CYLINDRICAL_SURFACE('',#6559,0.5);
#6559 = AXIS2_PLACEMENT_3D('',#6560,#6561,#6562);
#6560 = CARTESIAN_POINT('',(-3.6,31.015,3.9));
#6561 = DIRECTION('',(1.,0.,0.));
#6562 = DIRECTION('',(0.,-1.,-0.));
#6563 = DEFINITIONAL_REPRESENTATION('',(#6564),#6568);
#6564 = LINE('',#6565,#6566);
#6565 = CARTESIAN_POINT('',(-0.,0.));
#6566 = VECTOR('',#6567,1.);
#6567 = DIRECTION('',(-0.,1.));
#6568 = ( GEOMETRIC_REPRESENTATION_CONTEXT(2) 
PARAMETRIC_REPRESENTATION_CONTEXT() REPRESENTATION_CONTEXT('2D SPACE',''
  ) );
#6569 = ORIENTED_EDGE('',*,*,#6570,.F.);
#6570 = EDGE_CURVE('',#6571,#6543,#6573,.T.);
#6571 = VERTEX_POINT('',#6572);
#6572 = CARTESIAN_POINT('',(4.1,30.515,4.9));
#6573 = SURFACE_CURVE('',#6574,(#6579,#6586),.PCURVE_S1.);
#6574 = CIRCLE('',#6575,1.);
#6575 = AXIS2_PLACEMENT_3D('',#6576,#6577,#6578);
#6576 = CARTESIAN_POINT('',(3.1,30.515,4.9));
#6577 = DIRECTION('',(-0.,1.,0.));
#6578 = DIRECTION('',(1.,0.,0.));
#6579 = PCURVE('',#4242,#6580);
#6580 = DEFINITIONAL_REPRESENTATION('',(#6581),#6585);
#6581 = CIRCLE('',#6582,1.);
#6582 = AXIS2_PLACEMENT_2D('',#6583,#6584);
#6583 = CARTESIAN_POINT('',(14.807843142053,-1.9));
#6584 = DIRECTION('',(1.,0.));
#6585 = ( GEOMETRIC_REPRESENTATION_CONTEXT(2) 
PARAMETRIC_REPRESENTATION_CONTEXT() REPRESENTATION_CONTEXT('2D SPACE',''
  ) );
#6586 = PCURVE('',#6587,#6592);
#6587 = TOROIDAL_SURFACE('',#6588,1.,0.5);
#6588 = AXIS2_PLACEMENT_3D('',#6589,#6590,#6591);
#6589 = CARTESIAN_POINT('',(3.1,31.015,4.9));
#6590 = DIRECTION('',(0.,-1.,-0.));
#6591 = DIRECTION('',(1.,0.,0.));
#6592 = DEFINITIONAL_REPRESENTATION('',(#6593),#6597);
#6593 = LINE('',#6594,#6595);
#6594 = CARTESIAN_POINT('',(-0.,1.570796326795));
#6595 = VECTOR('',#6596,1.);
#6596 = DIRECTION('',(-1.,0.));
#6597 = ( GEOMETRIC_REPRESENTATION_CONTEXT(2) 
PARAMETRIC_REPRESENTATION_CONTEXT() REPRESENTATION_CONTEXT('2D SPACE',''
  ) );
#6598 = ORIENTED_EDGE('',*,*,#6599,.T.);
#6599 = EDGE_CURVE('',#6571,#6600,#6602,.T.);
#6600 = VERTEX_POINT('',#6601);
#6601 = CARTESIAN_POINT('',(4.1,30.515,5.9));
#6602 = SURFACE_CURVE('',#6603,(#6607,#6614),.PCURVE_S1.);
#6603 = LINE('',#6604,#6605);
#6604 = CARTESIAN_POINT('',(4.1,30.515,4.4));
#6605 = VECTOR('',#6606,1.);
#6606 = DIRECTION('',(0.,0.,1.));
#6607 = PCURVE('',#4242,#6608);
#6608 = DEFINITIONAL_REPRESENTATION('',(#6609),#6613);
#6609 = LINE('',#6610,#6611);
#6610 = CARTESIAN_POINT('',(15.807843142053,-1.4));
#6611 = VECTOR('',#6612,1.);
#6612 = DIRECTION('',(0.,-1.));
#6613 = ( GEOMETRIC_REPRESENTATION_CONTEXT(2) 
PARAMETRIC_REPRESENTATION_CONTEXT() REPRESENTATION_CONTEXT('2D SPACE',''
  ) );
#6614 = PCURVE('',#6615,#6620);
#6615 = CYLINDRICAL_SURFACE('',#6616,0.5);
#6616 = AXIS2_PLACEMENT_3D('',#6617,#6618,#6619);
#6617 = CARTESIAN_POINT('',(4.1,31.015,4.4));
#6618 = DIRECTION('',(0.,0.,1.));
#6619 = DIRECTION('',(0.,-1.,0.));
#6620 = DEFINITIONAL_REPRESENTATION('',(#6621),#6625);
#6621 = LINE('',#6622,#6623);
#6622 = CARTESIAN_POINT('',(-0.,0.));
#6623 = VECTOR('',#6624,1.);
#6624 = DIRECTION('',(-0.,1.));
#6625 = ( GEOMETRIC_REPRESENTATION_CONTEXT(2) 
PARAMETRIC_REPRESENTATION_CONTEXT() REPRESENTATION_CONTEXT('2D SPACE',''
  ) );
#6626 = ORIENTED_EDGE('',*,*,#6627,.F.);
#6627 = EDGE_CURVE('',#6433,#6600,#6628,.T.);
#6628 = SURFACE_CURVE('',#6629,(#6633,#6640),.PCURVE_S1.);
#6629 = LINE('',#6630,#6631);
#6630 = CARTESIAN_POINT('',(11.707843142053,30.515,5.9));
#6631 = VECTOR('',#6632,1.);
#6632 = DIRECTION('',(-1.,-0.,-0.));
#6633 = PCURVE('',#4242,#6634);
#6634 = DEFINITIONAL_REPRESENTATION('',(#6635),#6639);
#6635 = LINE('',#6636,#6637);
#6636 = CARTESIAN_POINT('',(23.415686284107,-2.9));
#6637 = VECTOR('',#6638,1.);
#6638 = DIRECTION('',(-1.,0.));
#6639 = ( GEOMETRIC_REPRESENTATION_CONTEXT(2) 
PARAMETRIC_REPRESENTATION_CONTEXT() REPRESENTATION_CONTEXT('2D SPACE',''
  ) );
#6640 = PCURVE('',#6641,#6646);
#6641 = CYLINDRICAL_SURFACE('',#6642,0.5);
#6642 = AXIS2_PLACEMENT_3D('',#6643,#6644,#6645);
#6643 = CARTESIAN_POINT('',(11.707843142053,30.015,5.9));
#6644 = DIRECTION('',(-1.,-0.,-0.));
#6645 = DIRECTION('',(-0.,1.,0.));
#6646 = DEFINITIONAL_REPRESENTATION('',(#6647),#6651);
#6647 = LINE('',#6648,#6649);
#6648 = CARTESIAN_POINT('',(-0.,0.));
#6649 = VECTOR('',#6650,1.);
#6650 = DIRECTION('',(-0.,1.));
#6651 = ( GEOMETRIC_REPRESENTATION_CONTEXT(2) 
PARAMETRIC_REPRESENTATION_CONTEXT() REPRESENTATION_CONTEXT('2D SPACE',''
  ) );
#6652 = ADVANCED_FACE('',(#6653),#4276,.F.);
#6653 = FACE_BOUND('',#6654,.F.);
#6654 = EDGE_LOOP('',(#6655,#6678,#6679,#6680,#6708,#6736,#6765,#6793,
    #6822,#6850));
#6655 = ORIENTED_EDGE('',*,*,#6656,.F.);
#6656 = EDGE_CURVE('',#4261,#6657,#6659,.T.);
#6657 = VERTEX_POINT('',#6658);
#6658 = CARTESIAN_POINT('',(30.515,11.707843142053,5.9));
#6659 = SURFACE_CURVE('',#6660,(#6664,#6671),.PCURVE_S1.);
#6660 = LINE('',#6661,#6662);
#6661 = CARTESIAN_POINT('',(30.515,11.707843142053,3.));
#6662 = VECTOR('',#6663,1.);
#6663 = DIRECTION('',(0.,0.,1.));
#6664 = PCURVE('',#4276,#6665);
#6665 = DEFINITIONAL_REPRESENTATION('',(#6666),#6670);
#6666 = LINE('',#6667,#6668);
#6667 = CARTESIAN_POINT('',(23.415686284107,0.));
#6668 = VECTOR('',#6669,1.);
#6669 = DIRECTION('',(0.,-1.));
#6670 = ( GEOMETRIC_REPRESENTATION_CONTEXT(2) 
PARAMETRIC_REPRESENTATION_CONTEXT() REPRESENTATION_CONTEXT('2D SPACE',''
  ) );
#6671 = PCURVE('',#4330,#6672);
#6672 = DEFINITIONAL_REPRESENTATION('',(#6673),#6677);
#6673 = LINE('',#6674,#6675);
#6674 = CARTESIAN_POINT('',(-0.,0.));
#6675 = VECTOR('',#6676,1.);
#6676 = DIRECTION('',(-0.,-1.));
#6677 = ( GEOMETRIC_REPRESENTATION_CONTEXT(2) 
PARAMETRIC_REPRESENTATION_CONTEXT() REPRESENTATION_CONTEXT('2D SPACE',''
  ) );
#6678 = ORIENTED_EDGE('',*,*,#4260,.F.);
#6679 = ORIENTED_EDGE('',*,*,#6407,.T.);
#6680 = ORIENTED_EDGE('',*,*,#6681,.T.);
#6681 = EDGE_CURVE('',#6379,#6682,#6684,.T.);
#6682 = VERTEX_POINT('',#6683);
#6683 = CARTESIAN_POINT('',(30.515,-4.1,5.9));
#6684 = SURFACE_CURVE('',#6685,(#6689,#6696),.PCURVE_S1.);
#6685 = LINE('',#6686,#6687);
#6686 = CARTESIAN_POINT('',(30.515,-11.70784314205,5.9));
#6687 = VECTOR('',#6688,1.);
#6688 = DIRECTION('',(0.,1.,0.));
#6689 = PCURVE('',#4276,#6690);
#6690 = DEFINITIONAL_REPRESENTATION('',(#6691),#6695);
#6691 = LINE('',#6692,#6693);
#6692 = CARTESIAN_POINT('',(0.,-2.9));
#6693 = VECTOR('',#6694,1.);
#6694 = DIRECTION('',(1.,0.));
#6695 = ( GEOMETRIC_REPRESENTATION_CONTEXT(2) 
PARAMETRIC_REPRESENTATION_CONTEXT() REPRESENTATION_CONTEXT('2D SPACE',''
  ) );
#6696 = PCURVE('',#6697,#6702);
#6697 = CYLINDRICAL_SURFACE('',#6698,0.5);
#6698 = AXIS2_PLACEMENT_3D('',#6699,#6700,#6701);
#6699 = CARTESIAN_POINT('',(30.015,-11.70784314205,5.9));
#6700 = DIRECTION('',(0.,1.,0.));
#6701 = DIRECTION('',(1.,0.,-0.));
#6702 = DEFINITIONAL_REPRESENTATION('',(#6703),#6707);
#6703 = LINE('',#6704,#6705);
#6704 = CARTESIAN_POINT('',(-0.,0.));
#6705 = VECTOR('',#6706,1.);
#6706 = DIRECTION('',(-0.,1.));
#6707 = ( GEOMETRIC_REPRESENTATION_CONTEXT(2) 
PARAMETRIC_REPRESENTATION_CONTEXT() REPRESENTATION_CONTEXT('2D SPACE',''
  ) );
#6708 = ORIENTED_EDGE('',*,*,#6709,.F.);
#6709 = EDGE_CURVE('',#6710,#6682,#6712,.T.);
#6710 = VERTEX_POINT('',#6711);
#6711 = CARTESIAN_POINT('',(30.515,-4.1,4.9));
#6712 = SURFACE_CURVE('',#6713,(#6717,#6724),.PCURVE_S1.);
#6713 = LINE('',#6714,#6715);
#6714 = CARTESIAN_POINT('',(30.515,-4.1,4.4));
#6715 = VECTOR('',#6716,1.);
#6716 = DIRECTION('',(0.,0.,1.));
#6717 = PCURVE('',#4276,#6718);
#6718 = DEFINITIONAL_REPRESENTATION('',(#6719),#6723);
#6719 = LINE('',#6720,#6721);
#6720 = CARTESIAN_POINT('',(7.607843142053,-1.4));
#6721 = VECTOR('',#6722,1.);
#6722 = DIRECTION('',(0.,-1.));
#6723 = ( GEOMETRIC_REPRESENTATION_CONTEXT(2) 
PARAMETRIC_REPRESENTATION_CONTEXT() REPRESENTATION_CONTEXT('2D SPACE',''
  ) );
#6724 = PCURVE('',#6725,#6730);
#6725 = CYLINDRICAL_SURFACE('',#6726,0.5);
#6726 = AXIS2_PLACEMENT_3D('',#6727,#6728,#6729);
#6727 = CARTESIAN_POINT('',(31.015,-4.1,4.4));
#6728 = DIRECTION('',(0.,0.,1.));
#6729 = DIRECTION('',(-1.,0.,0.));
#6730 = DEFINITIONAL_REPRESENTATION('',(#6731),#6735);
#6731 = LINE('',#6732,#6733);
#6732 = CARTESIAN_POINT('',(-0.,0.));
#6733 = VECTOR('',#6734,1.);
#6734 = DIRECTION('',(-0.,1.));
#6735 = ( GEOMETRIC_REPRESENTATION_CONTEXT(2) 
PARAMETRIC_REPRESENTATION_CONTEXT() REPRESENTATION_CONTEXT('2D SPACE',''
  ) );
#6736 = ORIENTED_EDGE('',*,*,#6737,.F.);
#6737 = EDGE_CURVE('',#6738,#6710,#6740,.T.);
#6738 = VERTEX_POINT('',#6739);
#6739 = CARTESIAN_POINT('',(30.515,-3.1,3.9));
#6740 = SURFACE_CURVE('',#6741,(#6746,#6753),.PCURVE_S1.);
#6741 = CIRCLE('',#6742,1.);
#6742 = AXIS2_PLACEMENT_3D('',#6743,#6744,#6745);
#6743 = CARTESIAN_POINT('',(30.515,-3.1,4.9));
#6744 = DIRECTION('',(-1.,0.,0.));
#6745 = DIRECTION('',(-0.,-8.881784197001E-16,-1.));
#6746 = PCURVE('',#4276,#6747);
#6747 = DEFINITIONAL_REPRESENTATION('',(#6748),#6752);
#6748 = CIRCLE('',#6749,1.);
#6749 = AXIS2_PLACEMENT_2D('',#6750,#6751);
#6750 = CARTESIAN_POINT('',(8.607843142053,-1.9));
#6751 = DIRECTION('',(-1.7763568394E-15,1.));
#6752 = ( GEOMETRIC_REPRESENTATION_CONTEXT(2) 
PARAMETRIC_REPRESENTATION_CONTEXT() REPRESENTATION_CONTEXT('2D SPACE',''
  ) );
#6753 = PCURVE('',#6754,#6759);
#6754 = TOROIDAL_SURFACE('',#6755,1.,0.5);
#6755 = AXIS2_PLACEMENT_3D('',#6756,#6757,#6758);
#6756 = CARTESIAN_POINT('',(31.015,-3.1,4.9));
#6757 = DIRECTION('',(-1.,0.,0.));
#6758 = DIRECTION('',(-0.,-8.881784197001E-16,-1.));
#6759 = DEFINITIONAL_REPRESENTATION('',(#6760),#6764);
#6760 = LINE('',#6761,#6762);
#6761 = CARTESIAN_POINT('',(0.,1.570796326795));
#6762 = VECTOR('',#6763,1.);
#6763 = DIRECTION('',(1.,0.));
#6764 = ( GEOMETRIC_REPRESENTATION_CONTEXT(2) 
PARAMETRIC_REPRESENTATION_CONTEXT() REPRESENTATION_CONTEXT('2D SPACE',''
  ) );
#6765 = ORIENTED_EDGE('',*,*,#6766,.T.);
#6766 = EDGE_CURVE('',#6738,#6767,#6769,.T.);
#6767 = VERTEX_POINT('',#6768);
#6768 = CARTESIAN_POINT('',(30.515,3.1,3.9));
#6769 = SURFACE_CURVE('',#6770,(#6774,#6781),.PCURVE_S1.);
#6770 = LINE('',#6771,#6772);
#6771 = CARTESIAN_POINT('',(30.515,-3.6,3.9));
#6772 = VECTOR('',#6773,1.);
#6773 = DIRECTION('',(0.,1.,0.));
#6774 = PCURVE('',#4276,#6775);
#6775 = DEFINITIONAL_REPRESENTATION('',(#6776),#6780);
#6776 = LINE('',#6777,#6778);
#6777 = CARTESIAN_POINT('',(8.107843142053,-0.9));
#6778 = VECTOR('',#6779,1.);
#6779 = DIRECTION('',(1.,0.));
#6780 = ( GEOMETRIC_REPRESENTATION_CONTEXT(2) 
PARAMETRIC_REPRESENTATION_CONTEXT() REPRESENTATION_CONTEXT('2D SPACE',''
  ) );
#6781 = PCURVE('',#6782,#6787);
#6782 = CYLINDRICAL_SURFACE('',#6783,0.5);
#6783 = AXIS2_PLACEMENT_3D('',#6784,#6785,#6786);
#6784 = CARTESIAN_POINT('',(31.015,-3.6,3.9));
#6785 = DIRECTION('',(0.,1.,0.));
#6786 = DIRECTION('',(-1.,0.,0.));
#6787 = DEFINITIONAL_REPRESENTATION('',(#6788),#6792);
#6788 = LINE('',#6789,#6790);
#6789 = CARTESIAN_POINT('',(0.,0.));
#6790 = VECTOR('',#6791,1.);
#6791 = DIRECTION('',(0.,1.));
#6792 = ( GEOMETRIC_REPRESENTATION_CONTEXT(2) 
PARAMETRIC_REPRESENTATION_CONTEXT() REPRESENTATION_CONTEXT('2D SPACE',''
  ) );
#6793 = ORIENTED_EDGE('',*,*,#6794,.F.);
#6794 = EDGE_CURVE('',#6795,#6767,#6797,.T.);
#6795 = VERTEX_POINT('',#6796);
#6796 = CARTESIAN_POINT('',(30.515,4.1,4.9));
#6797 = SURFACE_CURVE('',#6798,(#6803,#6810),.PCURVE_S1.);
#6798 = CIRCLE('',#6799,1.);
#6799 = AXIS2_PLACEMENT_3D('',#6800,#6801,#6802);
#6800 = CARTESIAN_POINT('',(30.515,3.1,4.9));
#6801 = DIRECTION('',(-1.,0.,0.));
#6802 = DIRECTION('',(0.,1.,0.));
#6803 = PCURVE('',#4276,#6804);
#6804 = DEFINITIONAL_REPRESENTATION('',(#6805),#6809);
#6805 = CIRCLE('',#6806,1.);
#6806 = AXIS2_PLACEMENT_2D('',#6807,#6808);
#6807 = CARTESIAN_POINT('',(14.807843142053,-1.9));
#6808 = DIRECTION('',(1.,0.));
#6809 = ( GEOMETRIC_REPRESENTATION_CONTEXT(2) 
PARAMETRIC_REPRESENTATION_CONTEXT() REPRESENTATION_CONTEXT('2D SPACE',''
  ) );
#6810 = PCURVE('',#6811,#6816);
#6811 = TOROIDAL_SURFACE('',#6812,1.,0.5);
#6812 = AXIS2_PLACEMENT_3D('',#6813,#6814,#6815);
#6813 = CARTESIAN_POINT('',(31.015,3.1,4.9));
#6814 = DIRECTION('',(-1.,0.,0.));
#6815 = DIRECTION('',(0.,1.,0.));
#6816 = DEFINITIONAL_REPRESENTATION('',(#6817),#6821);
#6817 = LINE('',#6818,#6819);
#6818 = CARTESIAN_POINT('',(0.,1.570796326795));
#6819 = VECTOR('',#6820,1.);
#6820 = DIRECTION('',(1.,0.));
#6821 = ( GEOMETRIC_REPRESENTATION_CONTEXT(2) 
PARAMETRIC_REPRESENTATION_CONTEXT() REPRESENTATION_CONTEXT('2D SPACE',''
  ) );
#6822 = ORIENTED_EDGE('',*,*,#6823,.T.);
#6823 = EDGE_CURVE('',#6795,#6824,#6826,.T.);
#6824 = VERTEX_POINT('',#6825);
#6825 = CARTESIAN_POINT('',(30.515,4.1,5.9));
#6826 = SURFACE_CURVE('',#6827,(#6831,#6838),.PCURVE_S1.);
#6827 = LINE('',#6828,#6829);
#6828 = CARTESIAN_POINT('',(30.515,4.1,4.4));
#6829 = VECTOR('',#6830,1.);
#6830 = DIRECTION('',(0.,0.,1.));
#6831 = PCURVE('',#4276,#6832);
#6832 = DEFINITIONAL_REPRESENTATION('',(#6833),#6837);
#6833 = LINE('',#6834,#6835);
#6834 = CARTESIAN_POINT('',(15.807843142053,-1.4));
#6835 = VECTOR('',#6836,1.);
#6836 = DIRECTION('',(0.,-1.));
#6837 = ( GEOMETRIC_REPRESENTATION_CONTEXT(2) 
PARAMETRIC_REPRESENTATION_CONTEXT() REPRESENTATION_CONTEXT('2D SPACE',''
  ) );
#6838 = PCURVE('',#6839,#6844);
#6839 = CYLINDRICAL_SURFACE('',#6840,0.5);
#6840 = AXIS2_PLACEMENT_3D('',#6841,#6842,#6843);
#6841 = CARTESIAN_POINT('',(31.015,4.1,4.4));
#6842 = DIRECTION('',(0.,0.,1.));
#6843 = DIRECTION('',(-1.,0.,0.));
#6844 = DEFINITIONAL_REPRESENTATION('',(#6845),#6849);
#6845 = LINE('',#6846,#6847);
#6846 = CARTESIAN_POINT('',(0.,0.));
#6847 = VECTOR('',#6848,1.);
#6848 = DIRECTION('',(0.,1.));
#6849 = ( GEOMETRIC_REPRESENTATION_CONTEXT(2) 
PARAMETRIC_REPRESENTATION_CONTEXT() REPRESENTATION_CONTEXT('2D SPACE',''
  ) );
#6850 = ORIENTED_EDGE('',*,*,#6851,.T.);
#6851 = EDGE_CURVE('',#6824,#6657,#6852,.T.);
#6852 = SURFACE_CURVE('',#6853,(#6857,#6864),.PCURVE_S1.);
#6853 = LINE('',#6854,#6855);
#6854 = CARTESIAN_POINT('',(30.515,3.6,5.9));
#6855 = VECTOR('',#6856,1.);
#6856 = DIRECTION('',(0.,1.,0.));
#6857 = PCURVE('',#4276,#6858);
#6858 = DEFINITIONAL_REPRESENTATION('',(#6859),#6863);
#6859 = LINE('',#6860,#6861);
#6860 = CARTESIAN_POINT('',(15.307843142053,-2.9));
#6861 = VECTOR('',#6862,1.);
#6862 = DIRECTION('',(1.,0.));
#6863 = ( GEOMETRIC_REPRESENTATION_CONTEXT(2) 
PARAMETRIC_REPRESENTATION_CONTEXT() REPRESENTATION_CONTEXT('2D SPACE',''
  ) );
#6864 = PCURVE('',#6865,#6870);
#6865 = CYLINDRICAL_SURFACE('',#6866,0.5);
#6866 = AXIS2_PLACEMENT_3D('',#6867,#6868,#6869);
#6867 = CARTESIAN_POINT('',(30.015,3.6,5.9));
#6868 = DIRECTION('',(0.,1.,0.));
#6869 = DIRECTION('',(1.,0.,-0.));
#6870 = DEFINITIONAL_REPRESENTATION('',(#6871),#6875);
#6871 = LINE('',#6872,#6873);
#6872 = CARTESIAN_POINT('',(-0.,0.));
#6873 = VECTOR('',#6874,1.);
#6874 = DIRECTION('',(-0.,1.));
#6875 = ( GEOMETRIC_REPRESENTATION_CONTEXT(2) 
PARAMETRIC_REPRESENTATION_CONTEXT() REPRESENTATION_CONTEXT('2D SPACE',''
  ) );
#6876 = ADVANCED_FACE('',(#6877),#4330,.T.);
#6877 = FACE_BOUND('',#6878,.F.);
#6878 = EDGE_LOOP('',(#6879,#6880,#6907,#6908));
#6879 = ORIENTED_EDGE('',*,*,#6656,.T.);
#6880 = ORIENTED_EDGE('',*,*,#6881,.T.);
#6881 = EDGE_CURVE('',#6657,#6433,#6882,.T.);
#6882 = SURFACE_CURVE('',#6883,(#6888,#6895),.PCURVE_S1.);
#6883 = CIRCLE('',#6884,18.807156857947);
#6884 = AXIS2_PLACEMENT_3D('',#6885,#6886,#6887);
#6885 = CARTESIAN_POINT('',(11.707843142053,11.707843142053,5.9));
#6886 = DIRECTION('',(0.,0.,1.));
#6887 = DIRECTION('',(1.,0.,-0.));
#6888 = PCURVE('',#4330,#6889);
#6889 = DEFINITIONAL_REPRESENTATION('',(#6890),#6894);
#6890 = LINE('',#6891,#6892);
#6891 = CARTESIAN_POINT('',(-0.,-2.9));
#6892 = VECTOR('',#6893,1.);
#6893 = DIRECTION('',(-1.,0.));
#6894 = ( GEOMETRIC_REPRESENTATION_CONTEXT(2) 
PARAMETRIC_REPRESENTATION_CONTEXT() REPRESENTATION_CONTEXT('2D SPACE',''
  ) );
#6895 = PCURVE('',#6896,#6901);
#6896 = TOROIDAL_SURFACE('',#6897,18.307156857947,0.5);
#6897 = AXIS2_PLACEMENT_3D('',#6898,#6899,#6900);
#6898 = CARTESIAN_POINT('',(11.707843142053,11.707843142053,5.9));
#6899 = DIRECTION('',(0.,0.,1.));
#6900 = DIRECTION('',(1.,0.,-0.));
#6901 = DEFINITIONAL_REPRESENTATION('',(#6902),#6906);
#6902 = LINE('',#6903,#6904);
#6903 = CARTESIAN_POINT('',(0.,0.));
#6904 = VECTOR('',#6905,1.);
#6905 = DIRECTION('',(1.,0.));
#6906 = ( GEOMETRIC_REPRESENTATION_CONTEXT(2) 
PARAMETRIC_REPRESENTATION_CONTEXT() REPRESENTATION_CONTEXT('2D SPACE',''
  ) );
#6907 = ORIENTED_EDGE('',*,*,#6432,.F.);
#6908 = ORIENTED_EDGE('',*,*,#4315,.F.);
#6909 = ADVANCED_FACE('',(#6910),#4419,.T.);
#6910 = FACE_BOUND('',#6911,.T.);
#6911 = EDGE_LOOP('',(#6912,#6934,#6962,#6982));
#6912 = ORIENTED_EDGE('',*,*,#6913,.F.);
#6913 = EDGE_CURVE('',#6914,#4404,#6916,.T.);
#6914 = VERTEX_POINT('',#6915);
#6915 = CARTESIAN_POINT('',(-19.00743127105,-12.29471656763,6.4));
#6916 = SURFACE_CURVE('',#6917,(#6922,#6928),.PCURVE_S1.);
#6917 = CIRCLE('',#6918,0.5);
#6918 = AXIS2_PLACEMENT_3D('',#6919,#6920,#6921);
#6919 = CARTESIAN_POINT('',(-19.00743127105,-12.29471656763,5.9));
#6920 = DIRECTION('',(0.,1.,-0.));
#6921 = DIRECTION('',(-1.,0.,0.));
#6922 = PCURVE('',#4419,#6923);
#6923 = DEFINITIONAL_REPRESENTATION('',(#6924),#6927);
#6924 = B_SPLINE_CURVE_WITH_KNOTS('',1,(#6925,#6926),.UNSPECIFIED.,.F.,
  .F.,(2,2),(1.570796326795,3.14159265359),.PIECEWISE_BEZIER_KNOTS.);
#6925 = CARTESIAN_POINT('',(1.570796326795,0.5));
#6926 = CARTESIAN_POINT('',(0.,0.5));
#6927 = ( GEOMETRIC_REPRESENTATION_CONTEXT(2) 
PARAMETRIC_REPRESENTATION_CONTEXT() REPRESENTATION_CONTEXT('2D SPACE',''
  ) );
#6928 = PCURVE('',#4495,#6929);
#6929 = DEFINITIONAL_REPRESENTATION('',(#6930),#6933);
#6930 = B_SPLINE_CURVE_WITH_KNOTS('',1,(#6931,#6932),.UNSPECIFIED.,.F.,
  .F.,(2,2),(1.570796326795,3.14159265359),.PIECEWISE_BEZIER_KNOTS.);
#6931 = CARTESIAN_POINT('',(0.,1.570796326795));
#6932 = CARTESIAN_POINT('',(0.,3.14159265359));
#6933 = ( GEOMETRIC_REPRESENTATION_CONTEXT(2) 
PARAMETRIC_REPRESENTATION_CONTEXT() REPRESENTATION_CONTEXT('2D SPACE',''
  ) );
#6934 = ORIENTED_EDGE('',*,*,#6935,.T.);
#6935 = EDGE_CURVE('',#6914,#6936,#6938,.T.);
#6936 = VERTEX_POINT('',#6937);
#6937 = CARTESIAN_POINT('',(-19.00743127105,-16.44528337585,6.4));
#6938 = SURFACE_CURVE('',#6939,(#6943,#6950),.PCURVE_S1.);
#6939 = LINE('',#6940,#6941);
#6940 = CARTESIAN_POINT('',(-19.00743127105,-11.79471656763,6.4));
#6941 = VECTOR('',#6942,1.);
#6942 = DIRECTION('',(0.,-1.,0.));
#6943 = PCURVE('',#4419,#6944);
#6944 = DEFINITIONAL_REPRESENTATION('',(#6945),#6949);
#6945 = LINE('',#6946,#6947);
#6946 = CARTESIAN_POINT('',(1.570796326795,0.));
#6947 = VECTOR('',#6948,1.);
#6948 = DIRECTION('',(0.,1.));
#6949 = ( GEOMETRIC_REPRESENTATION_CONTEXT(2) 
PARAMETRIC_REPRESENTATION_CONTEXT() REPRESENTATION_CONTEXT('2D SPACE',''
  ) );
#6950 = PCURVE('',#6951,#6956);
#6951 = PLANE('',#6952);
#6952 = AXIS2_PLACEMENT_3D('',#6953,#6954,#6955);
#6953 = CARTESIAN_POINT('',(0.,0.,6.4));
#6954 = DIRECTION('',(0.,0.,1.));
#6955 = DIRECTION('',(1.,0.,0.));
#6956 = DEFINITIONAL_REPRESENTATION('',(#6957),#6961);
#6957 = LINE('',#6958,#6959);
#6958 = CARTESIAN_POINT('',(-19.00743127105,-11.79471656763));
#6959 = VECTOR('',#6960,1.);
#6960 = DIRECTION('',(0.,-1.));
#6961 = ( GEOMETRIC_REPRESENTATION_CONTEXT(2) 
PARAMETRIC_REPRESENTATION_CONTEXT() REPRESENTATION_CONTEXT('2D SPACE',''
  ) );
#6962 = ORIENTED_EDGE('',*,*,#6963,.T.);
#6963 = EDGE_CURVE('',#6936,#4381,#6964,.T.);
#6964 = SURFACE_CURVE('',#6965,(#6970,#6976),.PCURVE_S1.);
#6965 = CIRCLE('',#6966,0.5);
#6966 = AXIS2_PLACEMENT_3D('',#6967,#6968,#6969);
#6967 = CARTESIAN_POINT('',(-19.00743127105,-16.44528337585,5.9));
#6968 = DIRECTION('',(-6.123233995737E-17,1.,0.));
#6969 = DIRECTION('',(-1.,-6.123233995737E-17,0.));
#6970 = PCURVE('',#4419,#6971);
#6971 = DEFINITIONAL_REPRESENTATION('',(#6972),#6975);
#6972 = B_SPLINE_CURVE_WITH_KNOTS('',1,(#6973,#6974),.UNSPECIFIED.,.F.,
  .F.,(2,2),(1.570796326795,3.14159265359),.PIECEWISE_BEZIER_KNOTS.);
#6973 = CARTESIAN_POINT('',(1.570796326795,4.65056680822));
#6974 = CARTESIAN_POINT('',(0.,4.65056680822));
#6975 = ( GEOMETRIC_REPRESENTATION_CONTEXT(2) 
PARAMETRIC_REPRESENTATION_CONTEXT() REPRESENTATION_CONTEXT('2D SPACE',''
  ) );
#6976 = PCURVE('',#4550,#6977);
#6977 = DEFINITIONAL_REPRESENTATION('',(#6978),#6981);
#6978 = B_SPLINE_CURVE_WITH_KNOTS('',1,(#6979,#6980),.UNSPECIFIED.,.F.,
  .F.,(2,2),(1.570796326795,3.14159265359),.PIECEWISE_BEZIER_KNOTS.);
#6979 = CARTESIAN_POINT('',(-1.570796326795,1.570796326795));
#6980 = CARTESIAN_POINT('',(-1.570796326795,3.14159265359));
#6981 = ( GEOMETRIC_REPRESENTATION_CONTEXT(2) 
PARAMETRIC_REPRESENTATION_CONTEXT() REPRESENTATION_CONTEXT('2D SPACE',''
  ) );
#6982 = ORIENTED_EDGE('',*,*,#4403,.F.);
#6983 = ADVANCED_FACE('',(#6984),#4495,.T.);
#6984 = FACE_BOUND('',#6985,.F.);
#6985 = EDGE_LOOP('',(#6986,#6987,#7015,#7035));
#6986 = ORIENTED_EDGE('',*,*,#6913,.F.);
#6987 = ORIENTED_EDGE('',*,*,#6988,.T.);
#6988 = EDGE_CURVE('',#6914,#6989,#6991,.T.);
#6989 = VERTEX_POINT('',#6990);
#6990 = CARTESIAN_POINT('',(-18.00743127105,-11.29471656763,6.4));
#6991 = SURFACE_CURVE('',#6992,(#6997,#7004),.PCURVE_S1.);
#6992 = CIRCLE('',#6993,1.);
#6993 = AXIS2_PLACEMENT_3D('',#6994,#6995,#6996);
#6994 = CARTESIAN_POINT('',(-18.00743127105,-12.29471656763,6.4));
#6995 = DIRECTION('',(-0.,0.,-1.));
#6996 = DIRECTION('',(-1.,0.,0.));
#6997 = PCURVE('',#4495,#6998);
#6998 = DEFINITIONAL_REPRESENTATION('',(#6999),#7003);
#6999 = LINE('',#7000,#7001);
#7000 = CARTESIAN_POINT('',(-0.,1.570796326795));
#7001 = VECTOR('',#7002,1.);
#7002 = DIRECTION('',(-1.,0.));
#7003 = ( GEOMETRIC_REPRESENTATION_CONTEXT(2) 
PARAMETRIC_REPRESENTATION_CONTEXT() REPRESENTATION_CONTEXT('2D SPACE',''
  ) );
#7004 = PCURVE('',#6951,#7005);
#7005 = DEFINITIONAL_REPRESENTATION('',(#7006),#7014);
#7006 = ( BOUNDED_CURVE() B_SPLINE_CURVE(2,(#7007,#7008,#7009,#7010,
#7011,#7012,#7013),.UNSPECIFIED.,.T.,.F.) B_SPLINE_CURVE_WITH_KNOTS((1,2
    ,2,2,2,1),(-2.094395102393,0.,2.094395102393,4.188790204786,
6.28318530718,8.377580409573),.UNSPECIFIED.) CURVE() 
GEOMETRIC_REPRESENTATION_ITEM() RATIONAL_B_SPLINE_CURVE((1.,0.5,1.,0.5,
1.,0.5,1.)) REPRESENTATION_ITEM('') );
#7007 = CARTESIAN_POINT('',(-19.00743127105,-12.29471656763));
#7008 = CARTESIAN_POINT('',(-19.00743127105,-10.56266576006));
#7009 = CARTESIAN_POINT('',(-17.50743127105,-11.42869116385));
#7010 = CARTESIAN_POINT('',(-16.00743127105,-12.29471656763));
#7011 = CARTESIAN_POINT('',(-17.50743127105,-13.16074197141));
#7012 = CARTESIAN_POINT('',(-19.00743127105,-14.0267673752));
#7013 = CARTESIAN_POINT('',(-19.00743127105,-12.29471656763));
#7014 = ( GEOMETRIC_REPRESENTATION_CONTEXT(2) 
PARAMETRIC_REPRESENTATION_CONTEXT() REPRESENTATION_CONTEXT('2D SPACE',''
  ) );
#7015 = ORIENTED_EDGE('',*,*,#7016,.T.);
#7016 = EDGE_CURVE('',#6989,#4458,#7017,.T.);
#7017 = SURFACE_CURVE('',#7018,(#7023,#7029),.PCURVE_S1.);
#7018 = CIRCLE('',#7019,0.5);
#7019 = AXIS2_PLACEMENT_3D('',#7020,#7021,#7022);
#7020 = CARTESIAN_POINT('',(-18.00743127105,-11.29471656763,5.9));
#7021 = DIRECTION('',(1.,6.123233995737E-17,-0.));
#7022 = DIRECTION('',(-6.123233995737E-17,1.,0.));
#7023 = PCURVE('',#4495,#7024);
#7024 = DEFINITIONAL_REPRESENTATION('',(#7025),#7028);
#7025 = B_SPLINE_CURVE_WITH_KNOTS('',1,(#7026,#7027),.UNSPECIFIED.,.F.,
  .F.,(2,2),(1.570796326795,3.14159265359),.PIECEWISE_BEZIER_KNOTS.);
#7026 = CARTESIAN_POINT('',(-1.570796326795,1.570796326795));
#7027 = CARTESIAN_POINT('',(-1.570796326795,3.14159265359));
#7028 = ( GEOMETRIC_REPRESENTATION_CONTEXT(2) 
PARAMETRIC_REPRESENTATION_CONTEXT() REPRESENTATION_CONTEXT('2D SPACE',''
  ) );
#7029 = PCURVE('',#4583,#7030);
#7030 = DEFINITIONAL_REPRESENTATION('',(#7031),#7034);
#7031 = B_SPLINE_CURVE_WITH_KNOTS('',1,(#7032,#7033),.UNSPECIFIED.,.F.,
  .F.,(2,2),(1.570796326795,3.14159265359),.PIECEWISE_BEZIER_KNOTS.);
#7032 = CARTESIAN_POINT('',(1.570796326795,10.514710141795));
#7033 = CARTESIAN_POINT('',(0.,10.514710141795));
#7034 = ( GEOMETRIC_REPRESENTATION_CONTEXT(2) 
PARAMETRIC_REPRESENTATION_CONTEXT() REPRESENTATION_CONTEXT('2D SPACE',''
  ) );
#7035 = ORIENTED_EDGE('',*,*,#4480,.F.);
#7036 = ADVANCED_FACE('',(#7037),#4550,.T.);
#7037 = FACE_BOUND('',#7038,.F.);
#7038 = EDGE_LOOP('',(#7039,#7061,#7087,#7088));
#7039 = ORIENTED_EDGE('',*,*,#7040,.F.);
#7040 = EDGE_CURVE('',#7041,#4513,#7043,.T.);
#7041 = VERTEX_POINT('',#7042);
#7042 = CARTESIAN_POINT('',(-18.00743127105,-17.44528337585,6.4));
#7043 = SURFACE_CURVE('',#7044,(#7049,#7055),.PCURVE_S1.);
#7044 = CIRCLE('',#7045,0.5);
#7045 = AXIS2_PLACEMENT_3D('',#7046,#7047,#7048);
#7046 = CARTESIAN_POINT('',(-18.00743127105,-17.44528337585,5.9));
#7047 = DIRECTION('',(-1.,0.,0.));
#7048 = DIRECTION('',(0.,-1.,0.));
#7049 = PCURVE('',#4550,#7050);
#7050 = DEFINITIONAL_REPRESENTATION('',(#7051),#7054);
#7051 = B_SPLINE_CURVE_WITH_KNOTS('',1,(#7052,#7053),.UNSPECIFIED.,.F.,
  .F.,(2,2),(1.570796326795,3.14159265359),.PIECEWISE_BEZIER_KNOTS.);
#7052 = CARTESIAN_POINT('',(0.,1.570796326795));
#7053 = CARTESIAN_POINT('',(0.,3.14159265359));
#7054 = ( GEOMETRIC_REPRESENTATION_CONTEXT(2) 
PARAMETRIC_REPRESENTATION_CONTEXT() REPRESENTATION_CONTEXT('2D SPACE',''
  ) );
#7055 = PCURVE('',#4637,#7056);
#7056 = DEFINITIONAL_REPRESENTATION('',(#7057),#7060);
#7057 = B_SPLINE_CURVE_WITH_KNOTS('',1,(#7058,#7059),.UNSPECIFIED.,.F.,
  .F.,(2,2),(1.570796326795,3.14159265359),.PIECEWISE_BEZIER_KNOTS.);
#7058 = CARTESIAN_POINT('',(-1.570796326795,10.514710141795));
#7059 = CARTESIAN_POINT('',(0.,10.514710141795));
#7060 = ( GEOMETRIC_REPRESENTATION_CONTEXT(2) 
PARAMETRIC_REPRESENTATION_CONTEXT() REPRESENTATION_CONTEXT('2D SPACE',''
  ) );
#7061 = ORIENTED_EDGE('',*,*,#7062,.T.);
#7062 = EDGE_CURVE('',#7041,#6936,#7063,.T.);
#7063 = SURFACE_CURVE('',#7064,(#7069,#7076),.PCURVE_S1.);
#7064 = CIRCLE('',#7065,1.);
#7065 = AXIS2_PLACEMENT_3D('',#7066,#7067,#7068);
#7066 = CARTESIAN_POINT('',(-18.00743127105,-16.44528337585,6.4));
#7067 = DIRECTION('',(-0.,-0.,-1.));
#7068 = DIRECTION('',(0.,-1.,0.));
#7069 = PCURVE('',#4550,#7070);
#7070 = DEFINITIONAL_REPRESENTATION('',(#7071),#7075);
#7071 = LINE('',#7072,#7073);
#7072 = CARTESIAN_POINT('',(-0.,1.570796326795));
#7073 = VECTOR('',#7074,1.);
#7074 = DIRECTION('',(-1.,0.));
#7075 = ( GEOMETRIC_REPRESENTATION_CONTEXT(2) 
PARAMETRIC_REPRESENTATION_CONTEXT() REPRESENTATION_CONTEXT('2D SPACE',''
  ) );
#7076 = PCURVE('',#6951,#7077);
#7077 = DEFINITIONAL_REPRESENTATION('',(#7078),#7086);
#7078 = ( BOUNDED_CURVE() B_SPLINE_CURVE(2,(#7079,#7080,#7081,#7082,
#7083,#7084,#7085),.UNSPECIFIED.,.T.,.F.) B_SPLINE_CURVE_WITH_KNOTS((1,2
    ,2,2,2,1),(-2.094395102393,0.,2.094395102393,4.188790204786,
6.28318530718,8.377580409573),.UNSPECIFIED.) CURVE() 
GEOMETRIC_REPRESENTATION_ITEM() RATIONAL_B_SPLINE_CURVE((1.,0.5,1.,0.5,
1.,0.5,1.)) REPRESENTATION_ITEM('') );
#7079 = CARTESIAN_POINT('',(-18.00743127105,-17.44528337585));
#7080 = CARTESIAN_POINT('',(-19.73948207861,-17.44528337585));
#7081 = CARTESIAN_POINT('',(-18.87345667483,-15.94528337585));
#7082 = CARTESIAN_POINT('',(-18.00743127105,-14.44528337585));
#7083 = CARTESIAN_POINT('',(-17.14140586726,-15.94528337585));
#7084 = CARTESIAN_POINT('',(-16.27538046348,-17.44528337585));
#7085 = CARTESIAN_POINT('',(-18.00743127105,-17.44528337585));
#7086 = ( GEOMETRIC_REPRESENTATION_CONTEXT(2) 
PARAMETRIC_REPRESENTATION_CONTEXT() REPRESENTATION_CONTEXT('2D SPACE',''
  ) );
#7087 = ORIENTED_EDGE('',*,*,#6963,.T.);
#7088 = ORIENTED_EDGE('',*,*,#4535,.F.);
#7089 = ADVANCED_FACE('',(#7090),#4583,.T.);
#7090 = FACE_BOUND('',#7091,.T.);
#7091 = EDGE_LOOP('',(#7092,#7114,#7135,#7136));
#7092 = ORIENTED_EDGE('',*,*,#7093,.F.);
#7093 = EDGE_CURVE('',#7094,#4568,#7096,.T.);
#7094 = VERTEX_POINT('',#7095);
#7095 = CARTESIAN_POINT('',(-7.992721129255,-11.29471656763,6.4));
#7096 = SURFACE_CURVE('',#7097,(#7102,#7108),.PCURVE_S1.);
#7097 = CIRCLE('',#7098,0.5);
#7098 = AXIS2_PLACEMENT_3D('',#7099,#7100,#7101);
#7099 = CARTESIAN_POINT('',(-7.992721129255,-11.29471656763,5.9));
#7100 = DIRECTION('',(1.,-6.123233995737E-17,0.));
#7101 = DIRECTION('',(6.123233995737E-17,1.,0.));
#7102 = PCURVE('',#4583,#7103);
#7103 = DEFINITIONAL_REPRESENTATION('',(#7104),#7107);
#7104 = B_SPLINE_CURVE_WITH_KNOTS('',1,(#7105,#7106),.UNSPECIFIED.,.F.,
  .F.,(2,2),(1.570796326795,3.14159265359),.PIECEWISE_BEZIER_KNOTS.);
#7105 = CARTESIAN_POINT('',(1.570796326795,0.5));
#7106 = CARTESIAN_POINT('',(0.,0.5));
#7107 = ( GEOMETRIC_REPRESENTATION_CONTEXT(2) 
PARAMETRIC_REPRESENTATION_CONTEXT() REPRESENTATION_CONTEXT('2D SPACE',''
  ) );
#7108 = PCURVE('',#4713,#7109);
#7109 = DEFINITIONAL_REPRESENTATION('',(#7110),#7113);
#7110 = B_SPLINE_CURVE_WITH_KNOTS('',1,(#7111,#7112),.UNSPECIFIED.,.F.,
  .F.,(2,2),(1.570796326795,3.14159265359),.PIECEWISE_BEZIER_KNOTS.);
#7111 = CARTESIAN_POINT('',(1.570796326795,1.570796326795));
#7112 = CARTESIAN_POINT('',(1.570796326795,3.14159265359));
#7113 = ( GEOMETRIC_REPRESENTATION_CONTEXT(2) 
PARAMETRIC_REPRESENTATION_CONTEXT() REPRESENTATION_CONTEXT('2D SPACE',''
  ) );
#7114 = ORIENTED_EDGE('',*,*,#7115,.T.);
#7115 = EDGE_CURVE('',#7094,#6989,#7116,.T.);
#7116 = SURFACE_CURVE('',#7117,(#7121,#7128),.PCURVE_S1.);
#7117 = LINE('',#7118,#7119);
#7118 = CARTESIAN_POINT('',(-7.492721129255,-11.29471656763,6.4));
#7119 = VECTOR('',#7120,1.);
#7120 = DIRECTION('',(-1.,0.,0.));
#7121 = PCURVE('',#4583,#7122);
#7122 = DEFINITIONAL_REPRESENTATION('',(#7123),#7127);
#7123 = LINE('',#7124,#7125);
#7124 = CARTESIAN_POINT('',(1.570796326795,0.));
#7125 = VECTOR('',#7126,1.);
#7126 = DIRECTION('',(0.,1.));
#7127 = ( GEOMETRIC_REPRESENTATION_CONTEXT(2) 
PARAMETRIC_REPRESENTATION_CONTEXT() REPRESENTATION_CONTEXT('2D SPACE',''
  ) );
#7128 = PCURVE('',#6951,#7129);
#7129 = DEFINITIONAL_REPRESENTATION('',(#7130),#7134);
#7130 = LINE('',#7131,#7132);
#7131 = CARTESIAN_POINT('',(-7.492721129255,-11.29471656763));
#7132 = VECTOR('',#7133,1.);
#7133 = DIRECTION('',(-1.,0.));
#7134 = ( GEOMETRIC_REPRESENTATION_CONTEXT(2) 
PARAMETRIC_REPRESENTATION_CONTEXT() REPRESENTATION_CONTEXT('2D SPACE',''
  ) );
#7135 = ORIENTED_EDGE('',*,*,#7016,.T.);
#7136 = ORIENTED_EDGE('',*,*,#4567,.F.);
#7137 = ADVANCED_FACE('',(#7138),#4637,.T.);
#7138 = FACE_BOUND('',#7139,.F.);
#7139 = EDGE_LOOP('',(#7140,#7162,#7183,#7184));
#7140 = ORIENTED_EDGE('',*,*,#7141,.F.);
#7141 = EDGE_CURVE('',#7142,#4622,#7144,.T.);
#7142 = VERTEX_POINT('',#7143);
#7143 = CARTESIAN_POINT('',(-7.992721129255,-17.44528337585,6.4));
#7144 = SURFACE_CURVE('',#7145,(#7150,#7156),.PCURVE_S1.);
#7145 = CIRCLE('',#7146,0.5);
#7146 = AXIS2_PLACEMENT_3D('',#7147,#7148,#7149);
#7147 = CARTESIAN_POINT('',(-7.992721129255,-17.44528337585,5.9));
#7148 = DIRECTION('',(-1.,0.,0.));
#7149 = DIRECTION('',(0.,-1.,0.));
#7150 = PCURVE('',#4637,#7151);
#7151 = DEFINITIONAL_REPRESENTATION('',(#7152),#7155);
#7152 = B_SPLINE_CURVE_WITH_KNOTS('',1,(#7153,#7154),.UNSPECIFIED.,.F.,
  .F.,(2,2),(1.570796326795,3.14159265359),.PIECEWISE_BEZIER_KNOTS.);
#7153 = CARTESIAN_POINT('',(-1.570796326795,0.5));
#7154 = CARTESIAN_POINT('',(0.,0.5));
#7155 = ( GEOMETRIC_REPRESENTATION_CONTEXT(2) 
PARAMETRIC_REPRESENTATION_CONTEXT() REPRESENTATION_CONTEXT('2D SPACE',''
  ) );
#7156 = PCURVE('',#4768,#7157);
#7157 = DEFINITIONAL_REPRESENTATION('',(#7158),#7161);
#7158 = B_SPLINE_CURVE_WITH_KNOTS('',1,(#7159,#7160),.UNSPECIFIED.,.F.,
  .F.,(2,2),(1.570796326795,3.14159265359),.PIECEWISE_BEZIER_KNOTS.);
#7159 = CARTESIAN_POINT('',(0.,1.570796326795));
#7160 = CARTESIAN_POINT('',(0.,3.14159265359));
#7161 = ( GEOMETRIC_REPRESENTATION_CONTEXT(2) 
PARAMETRIC_REPRESENTATION_CONTEXT() REPRESENTATION_CONTEXT('2D SPACE',''
  ) );
#7162 = ORIENTED_EDGE('',*,*,#7163,.T.);
#7163 = EDGE_CURVE('',#7142,#7041,#7164,.T.);
#7164 = SURFACE_CURVE('',#7165,(#7169,#7176),.PCURVE_S1.);
#7165 = LINE('',#7166,#7167);
#7166 = CARTESIAN_POINT('',(-7.492721129255,-17.44528337585,6.4));
#7167 = VECTOR('',#7168,1.);
#7168 = DIRECTION('',(-1.,0.,0.));
#7169 = PCURVE('',#4637,#7170);
#7170 = DEFINITIONAL_REPRESENTATION('',(#7171),#7175);
#7171 = LINE('',#7172,#7173);
#7172 = CARTESIAN_POINT('',(-1.570796326795,0.));
#7173 = VECTOR('',#7174,1.);
#7174 = DIRECTION('',(-0.,1.));
#7175 = ( GEOMETRIC_REPRESENTATION_CONTEXT(2) 
PARAMETRIC_REPRESENTATION_CONTEXT() REPRESENTATION_CONTEXT('2D SPACE',''
  ) );
#7176 = PCURVE('',#6951,#7177);
#7177 = DEFINITIONAL_REPRESENTATION('',(#7178),#7182);
#7178 = LINE('',#7179,#7180);
#7179 = CARTESIAN_POINT('',(-7.492721129255,-17.44528337585));
#7180 = VECTOR('',#7181,1.);
#7181 = DIRECTION('',(-1.,0.));
#7182 = ( GEOMETRIC_REPRESENTATION_CONTEXT(2) 
PARAMETRIC_REPRESENTATION_CONTEXT() REPRESENTATION_CONTEXT('2D SPACE',''
  ) );
#7183 = ORIENTED_EDGE('',*,*,#7040,.T.);
#7184 = ORIENTED_EDGE('',*,*,#4621,.F.);
#7185 = ADVANCED_FACE('',(#7186),#4713,.T.);
#7186 = FACE_BOUND('',#7187,.T.);
#7187 = EDGE_LOOP('',(#7188,#7210,#7232,#7233));
#7188 = ORIENTED_EDGE('',*,*,#7189,.F.);
#7189 = EDGE_CURVE('',#7190,#4674,#7192,.T.);
#7190 = VERTEX_POINT('',#7191);
#7191 = CARTESIAN_POINT('',(-6.992721129255,-12.29471656763,6.4));
#7192 = SURFACE_CURVE('',#7193,(#7198,#7204),.PCURVE_S1.);
#7193 = CIRCLE('',#7194,0.5);
#7194 = AXIS2_PLACEMENT_3D('',#7195,#7196,#7197);
#7195 = CARTESIAN_POINT('',(-6.992721129255,-12.29471656763,5.9));
#7196 = DIRECTION('',(0.,-1.,0.));
#7197 = DIRECTION('',(1.,0.,0.));
#7198 = PCURVE('',#4713,#7199);
#7199 = DEFINITIONAL_REPRESENTATION('',(#7200),#7203);
#7200 = B_SPLINE_CURVE_WITH_KNOTS('',1,(#7201,#7202),.UNSPECIFIED.,.F.,
  .F.,(2,2),(1.570796326795,3.14159265359),.PIECEWISE_BEZIER_KNOTS.);
#7201 = CARTESIAN_POINT('',(0.,1.570796326795));
#7202 = CARTESIAN_POINT('',(0.,3.14159265359));
#7203 = ( GEOMETRIC_REPRESENTATION_CONTEXT(2) 
PARAMETRIC_REPRESENTATION_CONTEXT() REPRESENTATION_CONTEXT('2D SPACE',''
  ) );
#7204 = PCURVE('',#4799,#7205);
#7205 = DEFINITIONAL_REPRESENTATION('',(#7206),#7209);
#7206 = B_SPLINE_CURVE_WITH_KNOTS('',1,(#7207,#7208),.UNSPECIFIED.,.F.,
  .F.,(2,2),(1.570796326795,3.14159265359),.PIECEWISE_BEZIER_KNOTS.);
#7207 = CARTESIAN_POINT('',(-1.570796326795,0.5));
#7208 = CARTESIAN_POINT('',(0.,0.5));
#7209 = ( GEOMETRIC_REPRESENTATION_CONTEXT(2) 
PARAMETRIC_REPRESENTATION_CONTEXT() REPRESENTATION_CONTEXT('2D SPACE',''
  ) );
#7210 = ORIENTED_EDGE('',*,*,#7211,.T.);
#7211 = EDGE_CURVE('',#7190,#7094,#7212,.T.);
#7212 = SURFACE_CURVE('',#7213,(#7218,#7225),.PCURVE_S1.);
#7213 = CIRCLE('',#7214,1.);
#7214 = AXIS2_PLACEMENT_3D('',#7215,#7216,#7217);
#7215 = CARTESIAN_POINT('',(-7.992721129255,-12.29471656763,6.4));
#7216 = DIRECTION('',(0.,0.,1.));
#7217 = DIRECTION('',(1.,0.,-0.));
#7218 = PCURVE('',#4713,#7219);
#7219 = DEFINITIONAL_REPRESENTATION('',(#7220),#7224);
#7220 = LINE('',#7221,#7222);
#7221 = CARTESIAN_POINT('',(0.,1.570796326795));
#7222 = VECTOR('',#7223,1.);
#7223 = DIRECTION('',(1.,0.));
#7224 = ( GEOMETRIC_REPRESENTATION_CONTEXT(2) 
PARAMETRIC_REPRESENTATION_CONTEXT() REPRESENTATION_CONTEXT('2D SPACE',''
  ) );
#7225 = PCURVE('',#6951,#7226);
#7226 = DEFINITIONAL_REPRESENTATION('',(#7227),#7231);
#7227 = CIRCLE('',#7228,1.);
#7228 = AXIS2_PLACEMENT_2D('',#7229,#7230);
#7229 = CARTESIAN_POINT('',(-7.992721129255,-12.29471656763));
#7230 = DIRECTION('',(1.,0.));
#7231 = ( GEOMETRIC_REPRESENTATION_CONTEXT(2) 
PARAMETRIC_REPRESENTATION_CONTEXT() REPRESENTATION_CONTEXT('2D SPACE',''
  ) );
#7232 = ORIENTED_EDGE('',*,*,#7093,.T.);
#7233 = ORIENTED_EDGE('',*,*,#4698,.F.);
#7234 = ADVANCED_FACE('',(#7235),#4768,.T.);
#7235 = FACE_BOUND('',#7236,.T.);
#7236 = EDGE_LOOP('',(#7237,#7238,#7262,#7282));
#7237 = ORIENTED_EDGE('',*,*,#7141,.F.);
#7238 = ORIENTED_EDGE('',*,*,#7239,.T.);
#7239 = EDGE_CURVE('',#7142,#7240,#7242,.T.);
#7240 = VERTEX_POINT('',#7241);
#7241 = CARTESIAN_POINT('',(-6.992721129255,-16.44528337585,6.4));
#7242 = SURFACE_CURVE('',#7243,(#7248,#7255),.PCURVE_S1.);
#7243 = CIRCLE('',#7244,1.);
#7244 = AXIS2_PLACEMENT_3D('',#7245,#7246,#7247);
#7245 = CARTESIAN_POINT('',(-7.992721129255,-16.44528337585,6.4));
#7246 = DIRECTION('',(0.,0.,1.));
#7247 = DIRECTION('',(0.,-1.,0.));
#7248 = PCURVE('',#4768,#7249);
#7249 = DEFINITIONAL_REPRESENTATION('',(#7250),#7254);
#7250 = LINE('',#7251,#7252);
#7251 = CARTESIAN_POINT('',(0.,1.570796326795));
#7252 = VECTOR('',#7253,1.);
#7253 = DIRECTION('',(1.,0.));
#7254 = ( GEOMETRIC_REPRESENTATION_CONTEXT(2) 
PARAMETRIC_REPRESENTATION_CONTEXT() REPRESENTATION_CONTEXT('2D SPACE',''
  ) );
#7255 = PCURVE('',#6951,#7256);
#7256 = DEFINITIONAL_REPRESENTATION('',(#7257),#7261);
#7257 = CIRCLE('',#7258,1.);
#7258 = AXIS2_PLACEMENT_2D('',#7259,#7260);
#7259 = CARTESIAN_POINT('',(-7.992721129255,-16.44528337585));
#7260 = DIRECTION('',(0.,-1.));
#7261 = ( GEOMETRIC_REPRESENTATION_CONTEXT(2) 
PARAMETRIC_REPRESENTATION_CONTEXT() REPRESENTATION_CONTEXT('2D SPACE',''
  ) );
#7262 = ORIENTED_EDGE('',*,*,#7263,.T.);
#7263 = EDGE_CURVE('',#7240,#4731,#7264,.T.);
#7264 = SURFACE_CURVE('',#7265,(#7270,#7276),.PCURVE_S1.);
#7265 = CIRCLE('',#7266,0.5);
#7266 = AXIS2_PLACEMENT_3D('',#7267,#7268,#7269);
#7267 = CARTESIAN_POINT('',(-6.992721129255,-16.44528337585,5.9));
#7268 = DIRECTION('',(-6.123233995737E-17,-1.,0.));
#7269 = DIRECTION('',(1.,-6.123233995737E-17,0.));
#7270 = PCURVE('',#4768,#7271);
#7271 = DEFINITIONAL_REPRESENTATION('',(#7272),#7275);
#7272 = B_SPLINE_CURVE_WITH_KNOTS('',1,(#7273,#7274),.UNSPECIFIED.,.F.,
  .F.,(2,2),(1.570796326795,3.14159265359),.PIECEWISE_BEZIER_KNOTS.);
#7273 = CARTESIAN_POINT('',(1.570796326795,1.570796326795));
#7274 = CARTESIAN_POINT('',(1.570796326795,3.14159265359));
#7275 = ( GEOMETRIC_REPRESENTATION_CONTEXT(2) 
PARAMETRIC_REPRESENTATION_CONTEXT() REPRESENTATION_CONTEXT('2D SPACE',''
  ) );
#7276 = PCURVE('',#4799,#7277);
#7277 = DEFINITIONAL_REPRESENTATION('',(#7278),#7281);
#7278 = B_SPLINE_CURVE_WITH_KNOTS('',1,(#7279,#7280),.UNSPECIFIED.,.F.,
  .F.,(2,2),(1.570796326795,3.14159265359),.PIECEWISE_BEZIER_KNOTS.);
#7279 = CARTESIAN_POINT('',(-1.570796326795,4.65056680822));
#7280 = CARTESIAN_POINT('',(0.,4.65056680822));
#7281 = ( GEOMETRIC_REPRESENTATION_CONTEXT(2) 
PARAMETRIC_REPRESENTATION_CONTEXT() REPRESENTATION_CONTEXT('2D SPACE',''
  ) );
#7282 = ORIENTED_EDGE('',*,*,#4753,.F.);
#7283 = ADVANCED_FACE('',(#7284),#4799,.T.);
#7284 = FACE_BOUND('',#7285,.F.);
#7285 = EDGE_LOOP('',(#7286,#7287,#7308,#7309));
#7286 = ORIENTED_EDGE('',*,*,#7189,.F.);
#7287 = ORIENTED_EDGE('',*,*,#7288,.T.);
#7288 = EDGE_CURVE('',#7190,#7240,#7289,.T.);
#7289 = SURFACE_CURVE('',#7290,(#7294,#7301),.PCURVE_S1.);
#7290 = LINE('',#7291,#7292);
#7291 = CARTESIAN_POINT('',(-6.992721129255,-11.79471656763,6.4));
#7292 = VECTOR('',#7293,1.);
#7293 = DIRECTION('',(0.,-1.,0.));
#7294 = PCURVE('',#4799,#7295);
#7295 = DEFINITIONAL_REPRESENTATION('',(#7296),#7300);
#7296 = LINE('',#7297,#7298);
#7297 = CARTESIAN_POINT('',(-1.570796326795,0.));
#7298 = VECTOR('',#7299,1.);
#7299 = DIRECTION('',(-0.,1.));
#7300 = ( GEOMETRIC_REPRESENTATION_CONTEXT(2) 
PARAMETRIC_REPRESENTATION_CONTEXT() REPRESENTATION_CONTEXT('2D SPACE',''
  ) );
#7301 = PCURVE('',#6951,#7302);
#7302 = DEFINITIONAL_REPRESENTATION('',(#7303),#7307);
#7303 = LINE('',#7304,#7305);
#7304 = CARTESIAN_POINT('',(-6.992721129255,-11.79471656763));
#7305 = VECTOR('',#7306,1.);
#7306 = DIRECTION('',(0.,-1.));
#7307 = ( GEOMETRIC_REPRESENTATION_CONTEXT(2) 
PARAMETRIC_REPRESENTATION_CONTEXT() REPRESENTATION_CONTEXT('2D SPACE',''
  ) );
#7308 = ORIENTED_EDGE('',*,*,#7263,.T.);
#7309 = ORIENTED_EDGE('',*,*,#4785,.F.);
#7310 = ADVANCED_FACE('',(#7311),#4855,.T.);
#7311 = FACE_BOUND('',#7312,.T.);
#7312 = EDGE_LOOP('',(#7313,#7335,#7336,#7337));
#7313 = ORIENTED_EDGE('',*,*,#7314,.F.);
#7314 = EDGE_CURVE('',#4816,#7315,#7317,.T.);
#7315 = VERTEX_POINT('',#7316);
#7316 = CARTESIAN_POINT('',(-9.935972240118,-7.67,6.4));
#7317 = SEAM_CURVE('',#7318,(#7323,#7329),.PCURVE_S1.);
#7318 = CIRCLE('',#7319,0.5);
#7319 = AXIS2_PLACEMENT_3D('',#7320,#7321,#7322);
#7320 = CARTESIAN_POINT('',(-9.935972240118,-7.67,5.9));
#7321 = DIRECTION('',(3.46399689425E-16,1.,0.));
#7322 = DIRECTION('',(1.,-3.46399689425E-16,0.));
#7323 = PCURVE('',#4855,#7324);
#7324 = DEFINITIONAL_REPRESENTATION('',(#7325),#7328);
#7325 = B_SPLINE_CURVE_WITH_KNOTS('',1,(#7326,#7327),.UNSPECIFIED.,.F.,
  .F.,(2,2),(3.14159265359,4.712388980385),.PIECEWISE_BEZIER_KNOTS.);
#7326 = CARTESIAN_POINT('',(0.,3.14159265359));
#7327 = CARTESIAN_POINT('',(0.,4.712388980385));
#7328 = ( GEOMETRIC_REPRESENTATION_CONTEXT(2) 
PARAMETRIC_REPRESENTATION_CONTEXT() REPRESENTATION_CONTEXT('2D SPACE',''
  ) );
#7329 = PCURVE('',#4855,#7330);
#7330 = DEFINITIONAL_REPRESENTATION('',(#7331),#7334);
#7331 = B_SPLINE_CURVE_WITH_KNOTS('',1,(#7332,#7333),.UNSPECIFIED.,.F.,
  .F.,(2,2),(3.14159265359,4.712388980385),.PIECEWISE_BEZIER_KNOTS.);
#7332 = CARTESIAN_POINT('',(6.28318530718,3.14159265359));
#7333 = CARTESIAN_POINT('',(6.28318530718,4.712388980385));
#7334 = ( GEOMETRIC_REPRESENTATION_CONTEXT(2) 
PARAMETRIC_REPRESENTATION_CONTEXT() REPRESENTATION_CONTEXT('2D SPACE',''
  ) );
#7335 = ORIENTED_EDGE('',*,*,#4840,.T.);
#7336 = ORIENTED_EDGE('',*,*,#7314,.T.);
#7337 = ORIENTED_EDGE('',*,*,#7338,.F.);
#7338 = EDGE_CURVE('',#7315,#7315,#7339,.T.);
#7339 = SURFACE_CURVE('',#7340,(#7345,#7352),.PCURVE_S1.);
#7340 = CIRCLE('',#7341,3.064027759882);
#7341 = AXIS2_PLACEMENT_3D('',#7342,#7343,#7344);
#7342 = CARTESIAN_POINT('',(-13.,-7.67,6.4));
#7343 = DIRECTION('',(0.,-0.,-1.));
#7344 = DIRECTION('',(1.,-3.46399689425E-16,0.));
#7345 = PCURVE('',#4855,#7346);
#7346 = DEFINITIONAL_REPRESENTATION('',(#7347),#7351);
#7347 = LINE('',#7348,#7349);
#7348 = CARTESIAN_POINT('',(0.,4.712388980385));
#7349 = VECTOR('',#7350,1.);
#7350 = DIRECTION('',(1.,0.));
#7351 = ( GEOMETRIC_REPRESENTATION_CONTEXT(2) 
PARAMETRIC_REPRESENTATION_CONTEXT() REPRESENTATION_CONTEXT('2D SPACE',''
  ) );
#7352 = PCURVE('',#6951,#7353);
#7353 = DEFINITIONAL_REPRESENTATION('',(#7354),#7362);
#7354 = ( BOUNDED_CURVE() B_SPLINE_CURVE(2,(#7355,#7356,#7357,#7358,
#7359,#7360,#7361),.UNSPECIFIED.,.T.,.F.) B_SPLINE_CURVE_WITH_KNOTS((1,2
    ,2,2,2,1),(-2.094395102393,0.,2.094395102393,4.188790204786,
6.28318530718,8.377580409573),.UNSPECIFIED.) CURVE() 
GEOMETRIC_REPRESENTATION_ITEM() RATIONAL_B_SPLINE_CURVE((1.,0.5,1.,0.5,
1.,0.5,1.)) REPRESENTATION_ITEM('') );
#7355 = CARTESIAN_POINT('',(-9.935972240118,-7.67));
#7356 = CARTESIAN_POINT('',(-9.935972240118,-12.97705175591));
#7357 = CARTESIAN_POINT('',(-14.53201387994,-10.32352587795));
#7358 = CARTESIAN_POINT('',(-19.12805551976,-7.67));
#7359 = CARTESIAN_POINT('',(-14.53201387994,-5.016474122042));
#7360 = CARTESIAN_POINT('',(-9.935972240118,-2.362948244084));
#7361 = CARTESIAN_POINT('',(-9.935972240118,-7.67));
#7362 = ( GEOMETRIC_REPRESENTATION_CONTEXT(2) 
PARAMETRIC_REPRESENTATION_CONTEXT() REPRESENTATION_CONTEXT('2D SPACE',''
  ) );
#7363 = ADVANCED_FACE('',(#7364),#4910,.T.);
#7364 = FACE_BOUND('',#7365,.T.);
#7365 = EDGE_LOOP('',(#7366,#7388,#7411,#7431));
#7366 = ORIENTED_EDGE('',*,*,#7367,.F.);
#7367 = EDGE_CURVE('',#7368,#4895,#7370,.T.);
#7368 = VERTEX_POINT('',#7369);
#7369 = CARTESIAN_POINT('',(2.905784139593,-8.288296365224,6.4));
#7370 = SURFACE_CURVE('',#7371,(#7376,#7382),.PCURVE_S1.);
#7371 = CIRCLE('',#7372,0.5);
#7372 = AXIS2_PLACEMENT_3D('',#7373,#7374,#7375);
#7373 = CARTESIAN_POINT('',(2.905784139593,-8.288296365224,5.9));
#7374 = DIRECTION('',(0.,1.,-0.));
#7375 = DIRECTION('',(-1.,0.,0.));
#7376 = PCURVE('',#4910,#7377);
#7377 = DEFINITIONAL_REPRESENTATION('',(#7378),#7381);
#7378 = B_SPLINE_CURVE_WITH_KNOTS('',1,(#7379,#7380),.UNSPECIFIED.,.F.,
  .F.,(2,2),(1.570796326795,3.14159265359),.PIECEWISE_BEZIER_KNOTS.);
#7379 = CARTESIAN_POINT('',(1.570796326795,0.5));
#7380 = CARTESIAN_POINT('',(0.,0.5));
#7381 = ( GEOMETRIC_REPRESENTATION_CONTEXT(2) 
PARAMETRIC_REPRESENTATION_CONTEXT() REPRESENTATION_CONTEXT('2D SPACE',''
  ) );
#7382 = PCURVE('',#4986,#7383);
#7383 = DEFINITIONAL_REPRESENTATION('',(#7384),#7387);
#7384 = B_SPLINE_CURVE_WITH_KNOTS('',1,(#7385,#7386),.UNSPECIFIED.,.F.,
  .F.,(2,2),(1.570796326795,3.14159265359),.PIECEWISE_BEZIER_KNOTS.);
#7385 = CARTESIAN_POINT('',(0.,1.570796326795));
#7386 = CARTESIAN_POINT('',(0.,3.14159265359));
#7387 = ( GEOMETRIC_REPRESENTATION_CONTEXT(2) 
PARAMETRIC_REPRESENTATION_CONTEXT() REPRESENTATION_CONTEXT('2D SPACE',''
  ) );
#7388 = ORIENTED_EDGE('',*,*,#7389,.T.);
#7389 = EDGE_CURVE('',#7368,#7390,#7392,.T.);
#7390 = VERTEX_POINT('',#7391);
#7391 = CARTESIAN_POINT('',(2.905784139593,-16.97373333622,6.4));
#7392 = SURFACE_CURVE('',#7393,(#7397,#7404),.PCURVE_S1.);
#7393 = LINE('',#7394,#7395);
#7394 = CARTESIAN_POINT('',(2.905784139593,-7.788296365224,6.4));
#7395 = VECTOR('',#7396,1.);
#7396 = DIRECTION('',(0.,-1.,0.));
#7397 = PCURVE('',#4910,#7398);
#7398 = DEFINITIONAL_REPRESENTATION('',(#7399),#7403);
#7399 = LINE('',#7400,#7401);
#7400 = CARTESIAN_POINT('',(1.570796326795,0.));
#7401 = VECTOR('',#7402,1.);
#7402 = DIRECTION('',(0.,1.));
#7403 = ( GEOMETRIC_REPRESENTATION_CONTEXT(2) 
PARAMETRIC_REPRESENTATION_CONTEXT() REPRESENTATION_CONTEXT('2D SPACE',''
  ) );
#7404 = PCURVE('',#6951,#7405);
#7405 = DEFINITIONAL_REPRESENTATION('',(#7406),#7410);
#7406 = LINE('',#7407,#7408);
#7407 = CARTESIAN_POINT('',(2.905784139593,-7.788296365224));
#7408 = VECTOR('',#7409,1.);
#7409 = DIRECTION('',(0.,-1.));
#7410 = ( GEOMETRIC_REPRESENTATION_CONTEXT(2) 
PARAMETRIC_REPRESENTATION_CONTEXT() REPRESENTATION_CONTEXT('2D SPACE',''
  ) );
#7411 = ORIENTED_EDGE('',*,*,#7412,.T.);
#7412 = EDGE_CURVE('',#7390,#4872,#7413,.T.);
#7413 = SURFACE_CURVE('',#7414,(#7419,#7425),.PCURVE_S1.);
#7414 = CIRCLE('',#7415,0.5);
#7415 = AXIS2_PLACEMENT_3D('',#7416,#7417,#7418);
#7416 = CARTESIAN_POINT('',(2.905784139593,-16.97373333622,5.9));
#7417 = DIRECTION('',(3.491481338843E-15,1.,-0.));
#7418 = DIRECTION('',(-1.,3.491481338843E-15,0.));
#7419 = PCURVE('',#4910,#7420);
#7420 = DEFINITIONAL_REPRESENTATION('',(#7421),#7424);
#7421 = B_SPLINE_CURVE_WITH_KNOTS('',1,(#7422,#7423),.UNSPECIFIED.,.F.,
  .F.,(2,2),(1.570796326795,3.14159265359),.PIECEWISE_BEZIER_KNOTS.);
#7422 = CARTESIAN_POINT('',(1.570796326795,9.185436971003));
#7423 = CARTESIAN_POINT('',(0.,9.185436971003));
#7424 = ( GEOMETRIC_REPRESENTATION_CONTEXT(2) 
PARAMETRIC_REPRESENTATION_CONTEXT() REPRESENTATION_CONTEXT('2D SPACE',''
  ) );
#7425 = PCURVE('',#5041,#7426);
#7426 = DEFINITIONAL_REPRESENTATION('',(#7427),#7430);
#7427 = B_SPLINE_CURVE_WITH_KNOTS('',1,(#7428,#7429),.UNSPECIFIED.,.F.,
  .F.,(2,2),(1.570796326795,3.14159265359),.PIECEWISE_BEZIER_KNOTS.);
#7428 = CARTESIAN_POINT('',(-1.570796326795,1.570796326795));
#7429 = CARTESIAN_POINT('',(-1.570796326795,3.14159265359));
#7430 = ( GEOMETRIC_REPRESENTATION_CONTEXT(2) 
PARAMETRIC_REPRESENTATION_CONTEXT() REPRESENTATION_CONTEXT('2D SPACE',''
  ) );
#7431 = ORIENTED_EDGE('',*,*,#4894,.F.);
#7432 = ADVANCED_FACE('',(#7433),#4986,.T.);
#7433 = FACE_BOUND('',#7434,.F.);
#7434 = EDGE_LOOP('',(#7435,#7436,#7464,#7484));
#7435 = ORIENTED_EDGE('',*,*,#7367,.F.);
#7436 = ORIENTED_EDGE('',*,*,#7437,.T.);
#7437 = EDGE_CURVE('',#7368,#7438,#7440,.T.);
#7438 = VERTEX_POINT('',#7439);
#7439 = CARTESIAN_POINT('',(3.905784139593,-7.288296365224,6.4));
#7440 = SURFACE_CURVE('',#7441,(#7446,#7453),.PCURVE_S1.);
#7441 = CIRCLE('',#7442,1.);
#7442 = AXIS2_PLACEMENT_3D('',#7443,#7444,#7445);
#7443 = CARTESIAN_POINT('',(3.905784139593,-8.288296365224,6.4));
#7444 = DIRECTION('',(-0.,0.,-1.));
#7445 = DIRECTION('',(-1.,0.,0.));
#7446 = PCURVE('',#4986,#7447);
#7447 = DEFINITIONAL_REPRESENTATION('',(#7448),#7452);
#7448 = LINE('',#7449,#7450);
#7449 = CARTESIAN_POINT('',(-0.,1.570796326795));
#7450 = VECTOR('',#7451,1.);
#7451 = DIRECTION('',(-1.,0.));
#7452 = ( GEOMETRIC_REPRESENTATION_CONTEXT(2) 
PARAMETRIC_REPRESENTATION_CONTEXT() REPRESENTATION_CONTEXT('2D SPACE',''
  ) );
#7453 = PCURVE('',#6951,#7454);
#7454 = DEFINITIONAL_REPRESENTATION('',(#7455),#7463);
#7455 = ( BOUNDED_CURVE() B_SPLINE_CURVE(2,(#7456,#7457,#7458,#7459,
#7460,#7461,#7462),.UNSPECIFIED.,.T.,.F.) B_SPLINE_CURVE_WITH_KNOTS((1,2
    ,2,2,2,1),(-2.094395102393,0.,2.094395102393,4.188790204786,
6.28318530718,8.377580409573),.UNSPECIFIED.) CURVE() 
GEOMETRIC_REPRESENTATION_ITEM() RATIONAL_B_SPLINE_CURVE((1.,0.5,1.,0.5,
1.,0.5,1.)) REPRESENTATION_ITEM('') );
#7456 = CARTESIAN_POINT('',(2.905784139593,-8.288296365224));
#7457 = CARTESIAN_POINT('',(2.905784139593,-6.556245557655));
#7458 = CARTESIAN_POINT('',(4.405784139593,-7.422270961439));
#7459 = CARTESIAN_POINT('',(5.905784139593,-8.288296365224));
#7460 = CARTESIAN_POINT('',(4.405784139593,-9.154321769008));
#7461 = CARTESIAN_POINT('',(2.905784139593,-10.02034717279));
#7462 = CARTESIAN_POINT('',(2.905784139593,-8.288296365224));
#7463 = ( GEOMETRIC_REPRESENTATION_CONTEXT(2) 
PARAMETRIC_REPRESENTATION_CONTEXT() REPRESENTATION_CONTEXT('2D SPACE',''
  ) );
#7464 = ORIENTED_EDGE('',*,*,#7465,.T.);
#7465 = EDGE_CURVE('',#7438,#4949,#7466,.T.);
#7466 = SURFACE_CURVE('',#7467,(#7472,#7478),.PCURVE_S1.);
#7467 = CIRCLE('',#7468,0.5);
#7468 = AXIS2_PLACEMENT_3D('',#7469,#7470,#7471);
#7469 = CARTESIAN_POINT('',(3.905784139593,-7.288296365224,5.9));
#7470 = DIRECTION('',(1.,6.123233995737E-17,-0.));
#7471 = DIRECTION('',(-6.123233995737E-17,1.,0.));
#7472 = PCURVE('',#4986,#7473);
#7473 = DEFINITIONAL_REPRESENTATION('',(#7474),#7477);
#7474 = B_SPLINE_CURVE_WITH_KNOTS('',1,(#7475,#7476),.UNSPECIFIED.,.F.,
  .F.,(2,2),(1.570796326795,3.14159265359),.PIECEWISE_BEZIER_KNOTS.);
#7475 = CARTESIAN_POINT('',(-1.570796326795,1.570796326795));
#7476 = CARTESIAN_POINT('',(-1.570796326795,3.14159265359));
#7477 = ( GEOMETRIC_REPRESENTATION_CONTEXT(2) 
PARAMETRIC_REPRESENTATION_CONTEXT() REPRESENTATION_CONTEXT('2D SPACE',''
  ) );
#7478 = PCURVE('',#5074,#7479);
#7479 = DEFINITIONAL_REPRESENTATION('',(#7480),#7483);
#7480 = B_SPLINE_CURVE_WITH_KNOTS('',1,(#7481,#7482),.UNSPECIFIED.,.F.,
  .F.,(2,2),(1.570796326795,3.14159265359),.PIECEWISE_BEZIER_KNOTS.);
#7481 = CARTESIAN_POINT('',(1.570796326795,18.688907939858));
#7482 = CARTESIAN_POINT('',(0.,18.688907939858));
#7483 = ( GEOMETRIC_REPRESENTATION_CONTEXT(2) 
PARAMETRIC_REPRESENTATION_CONTEXT() REPRESENTATION_CONTEXT('2D SPACE',''
  ) );
#7484 = ORIENTED_EDGE('',*,*,#4971,.F.);
#7485 = ADVANCED_FACE('',(#7486),#5041,.T.);
#7486 = FACE_BOUND('',#7487,.F.);
#7487 = EDGE_LOOP('',(#7488,#7510,#7536,#7537));
#7488 = ORIENTED_EDGE('',*,*,#7489,.F.);
#7489 = EDGE_CURVE('',#7490,#5004,#7492,.T.);
#7490 = VERTEX_POINT('',#7491);
#7491 = CARTESIAN_POINT('',(3.905784139593,-17.97373333622,6.4));
#7492 = SURFACE_CURVE('',#7493,(#7498,#7504),.PCURVE_S1.);
#7493 = CIRCLE('',#7494,0.5);
#7494 = AXIS2_PLACEMENT_3D('',#7495,#7496,#7497);
#7495 = CARTESIAN_POINT('',(3.905784139593,-17.97373333622,5.9));
#7496 = DIRECTION('',(-1.,0.,0.));
#7497 = DIRECTION('',(0.,-1.,0.));
#7498 = PCURVE('',#5041,#7499);
#7499 = DEFINITIONAL_REPRESENTATION('',(#7500),#7503);
#7500 = B_SPLINE_CURVE_WITH_KNOTS('',1,(#7501,#7502),.UNSPECIFIED.,.F.,
  .F.,(2,2),(1.570796326795,3.14159265359),.PIECEWISE_BEZIER_KNOTS.);
#7501 = CARTESIAN_POINT('',(0.,1.570796326795));
#7502 = CARTESIAN_POINT('',(0.,3.14159265359));
#7503 = ( GEOMETRIC_REPRESENTATION_CONTEXT(2) 
PARAMETRIC_REPRESENTATION_CONTEXT() REPRESENTATION_CONTEXT('2D SPACE',''
  ) );
#7504 = PCURVE('',#5128,#7505);
#7505 = DEFINITIONAL_REPRESENTATION('',(#7506),#7509);
#7506 = B_SPLINE_CURVE_WITH_KNOTS('',1,(#7507,#7508),.UNSPECIFIED.,.F.,
  .F.,(2,2),(1.570796326795,3.14159265359),.PIECEWISE_BEZIER_KNOTS.);
#7507 = CARTESIAN_POINT('',(-1.570796326795,18.688907939858));
#7508 = CARTESIAN_POINT('',(0.,18.688907939858));
#7509 = ( GEOMETRIC_REPRESENTATION_CONTEXT(2) 
PARAMETRIC_REPRESENTATION_CONTEXT() REPRESENTATION_CONTEXT('2D SPACE',''
  ) );
#7510 = ORIENTED_EDGE('',*,*,#7511,.T.);
#7511 = EDGE_CURVE('',#7490,#7390,#7512,.T.);
#7512 = SURFACE_CURVE('',#7513,(#7518,#7525),.PCURVE_S1.);
#7513 = CIRCLE('',#7514,1.);
#7514 = AXIS2_PLACEMENT_3D('',#7515,#7516,#7517);
#7515 = CARTESIAN_POINT('',(3.905784139593,-16.97373333622,6.4));
#7516 = DIRECTION('',(-0.,-0.,-1.));
#7517 = DIRECTION('',(0.,-1.,0.));
#7518 = PCURVE('',#5041,#7519);
#7519 = DEFINITIONAL_REPRESENTATION('',(#7520),#7524);
#7520 = LINE('',#7521,#7522);
#7521 = CARTESIAN_POINT('',(-0.,1.570796326795));
#7522 = VECTOR('',#7523,1.);
#7523 = DIRECTION('',(-1.,0.));
#7524 = ( GEOMETRIC_REPRESENTATION_CONTEXT(2) 
PARAMETRIC_REPRESENTATION_CONTEXT() REPRESENTATION_CONTEXT('2D SPACE',''
  ) );
#7525 = PCURVE('',#6951,#7526);
#7526 = DEFINITIONAL_REPRESENTATION('',(#7527),#7535);
#7527 = ( BOUNDED_CURVE() B_SPLINE_CURVE(2,(#7528,#7529,#7530,#7531,
#7532,#7533,#7534),.UNSPECIFIED.,.T.,.F.) B_SPLINE_CURVE_WITH_KNOTS((1,2
    ,2,2,2,1),(-2.094395102393,0.,2.094395102393,4.188790204786,
6.28318530718,8.377580409573),.UNSPECIFIED.) CURVE() 
GEOMETRIC_REPRESENTATION_ITEM() RATIONAL_B_SPLINE_CURVE((1.,0.5,1.,0.5,
1.,0.5,1.)) REPRESENTATION_ITEM('') );
#7528 = CARTESIAN_POINT('',(3.905784139593,-17.97373333622));
#7529 = CARTESIAN_POINT('',(2.173733332024,-17.97373333622));
#7530 = CARTESIAN_POINT('',(3.039758735809,-16.47373333622));
#7531 = CARTESIAN_POINT('',(3.905784139593,-14.97373333622));
#7532 = CARTESIAN_POINT('',(4.771809543378,-16.47373333622));
#7533 = CARTESIAN_POINT('',(5.637834947162,-17.97373333622));
#7534 = CARTESIAN_POINT('',(3.905784139593,-17.97373333622));
#7535 = ( GEOMETRIC_REPRESENTATION_CONTEXT(2) 
PARAMETRIC_REPRESENTATION_CONTEXT() REPRESENTATION_CONTEXT('2D SPACE',''
  ) );
#7536 = ORIENTED_EDGE('',*,*,#7412,.T.);
#7537 = ORIENTED_EDGE('',*,*,#5026,.F.);
#7538 = ADVANCED_FACE('',(#7539),#5074,.T.);
#7539 = FACE_BOUND('',#7540,.T.);
#7540 = EDGE_LOOP('',(#7541,#7563,#7584,#7585));
#7541 = ORIENTED_EDGE('',*,*,#7542,.F.);
#7542 = EDGE_CURVE('',#7543,#5059,#7545,.T.);
#7543 = VERTEX_POINT('',#7544);
#7544 = CARTESIAN_POINT('',(22.094692079452,-7.288296365224,6.4));
#7545 = SURFACE_CURVE('',#7546,(#7551,#7557),.PCURVE_S1.);
#7546 = CIRCLE('',#7547,0.5);
#7547 = AXIS2_PLACEMENT_3D('',#7548,#7549,#7550);
#7548 = CARTESIAN_POINT('',(22.094692079452,-7.288296365224,5.9));
#7549 = DIRECTION('',(1.,-6.123233995737E-17,0.));
#7550 = DIRECTION('',(6.123233995737E-17,1.,0.));
#7551 = PCURVE('',#5074,#7552);
#7552 = DEFINITIONAL_REPRESENTATION('',(#7553),#7556);
#7553 = B_SPLINE_CURVE_WITH_KNOTS('',1,(#7554,#7555),.UNSPECIFIED.,.F.,
  .F.,(2,2),(1.570796326795,3.14159265359),.PIECEWISE_BEZIER_KNOTS.);
#7554 = CARTESIAN_POINT('',(1.570796326795,0.5));
#7555 = CARTESIAN_POINT('',(0.,0.5));
#7556 = ( GEOMETRIC_REPRESENTATION_CONTEXT(2) 
PARAMETRIC_REPRESENTATION_CONTEXT() REPRESENTATION_CONTEXT('2D SPACE',''
  ) );
#7557 = PCURVE('',#5204,#7558);
#7558 = DEFINITIONAL_REPRESENTATION('',(#7559),#7562);
#7559 = B_SPLINE_CURVE_WITH_KNOTS('',1,(#7560,#7561),.UNSPECIFIED.,.F.,
  .F.,(2,2),(1.570796326795,3.14159265359),.PIECEWISE_BEZIER_KNOTS.);
#7560 = CARTESIAN_POINT('',(1.570796326795,1.570796326795));
#7561 = CARTESIAN_POINT('',(1.570796326795,3.14159265359));
#7562 = ( GEOMETRIC_REPRESENTATION_CONTEXT(2) 
PARAMETRIC_REPRESENTATION_CONTEXT() REPRESENTATION_CONTEXT('2D SPACE',''
  ) );
#7563 = ORIENTED_EDGE('',*,*,#7564,.T.);
#7564 = EDGE_CURVE('',#7543,#7438,#7565,.T.);
#7565 = SURFACE_CURVE('',#7566,(#7570,#7577),.PCURVE_S1.);
#7566 = LINE('',#7567,#7568);
#7567 = CARTESIAN_POINT('',(22.594692079452,-7.288296365224,6.4));
#7568 = VECTOR('',#7569,1.);
#7569 = DIRECTION('',(-1.,0.,0.));
#7570 = PCURVE('',#5074,#7571);
#7571 = DEFINITIONAL_REPRESENTATION('',(#7572),#7576);
#7572 = LINE('',#7573,#7574);
#7573 = CARTESIAN_POINT('',(1.570796326795,0.));
#7574 = VECTOR('',#7575,1.);
#7575 = DIRECTION('',(0.,1.));
#7576 = ( GEOMETRIC_REPRESENTATION_CONTEXT(2) 
PARAMETRIC_REPRESENTATION_CONTEXT() REPRESENTATION_CONTEXT('2D SPACE',''
  ) );
#7577 = PCURVE('',#6951,#7578);
#7578 = DEFINITIONAL_REPRESENTATION('',(#7579),#7583);
#7579 = LINE('',#7580,#7581);
#7580 = CARTESIAN_POINT('',(22.594692079452,-7.288296365224));
#7581 = VECTOR('',#7582,1.);
#7582 = DIRECTION('',(-1.,0.));
#7583 = ( GEOMETRIC_REPRESENTATION_CONTEXT(2) 
PARAMETRIC_REPRESENTATION_CONTEXT() REPRESENTATION_CONTEXT('2D SPACE',''
  ) );
#7584 = ORIENTED_EDGE('',*,*,#7465,.T.);
#7585 = ORIENTED_EDGE('',*,*,#5058,.F.);
#7586 = ADVANCED_FACE('',(#7587),#5128,.T.);
#7587 = FACE_BOUND('',#7588,.F.);
#7588 = EDGE_LOOP('',(#7589,#7611,#7632,#7633));
#7589 = ORIENTED_EDGE('',*,*,#7590,.F.);
#7590 = EDGE_CURVE('',#7591,#5113,#7593,.T.);
#7591 = VERTEX_POINT('',#7592);
#7592 = CARTESIAN_POINT('',(22.094692079452,-17.97373333622,6.4));
#7593 = SURFACE_CURVE('',#7594,(#7599,#7605),.PCURVE_S1.);
#7594 = CIRCLE('',#7595,0.5);
#7595 = AXIS2_PLACEMENT_3D('',#7596,#7597,#7598);
#7596 = CARTESIAN_POINT('',(22.094692079452,-17.97373333622,5.9));
#7597 = DIRECTION('',(-1.,0.,0.));
#7598 = DIRECTION('',(0.,-1.,0.));
#7599 = PCURVE('',#5128,#7600);
#7600 = DEFINITIONAL_REPRESENTATION('',(#7601),#7604);
#7601 = B_SPLINE_CURVE_WITH_KNOTS('',1,(#7602,#7603),.UNSPECIFIED.,.F.,
  .F.,(2,2),(1.570796326795,3.14159265359),.PIECEWISE_BEZIER_KNOTS.);
#7602 = CARTESIAN_POINT('',(-1.570796326795,0.5));
#7603 = CARTESIAN_POINT('',(0.,0.5));
#7604 = ( GEOMETRIC_REPRESENTATION_CONTEXT(2) 
PARAMETRIC_REPRESENTATION_CONTEXT() REPRESENTATION_CONTEXT('2D SPACE',''
  ) );
#7605 = PCURVE('',#5259,#7606);
#7606 = DEFINITIONAL_REPRESENTATION('',(#7607),#7610);
#7607 = B_SPLINE_CURVE_WITH_KNOTS('',1,(#7608,#7609),.UNSPECIFIED.,.F.,
  .F.,(2,2),(1.570796326795,3.14159265359),.PIECEWISE_BEZIER_KNOTS.);
#7608 = CARTESIAN_POINT('',(0.,1.570796326795));
#7609 = CARTESIAN_POINT('',(0.,3.14159265359));
#7610 = ( GEOMETRIC_REPRESENTATION_CONTEXT(2) 
PARAMETRIC_REPRESENTATION_CONTEXT() REPRESENTATION_CONTEXT('2D SPACE',''
  ) );
#7611 = ORIENTED_EDGE('',*,*,#7612,.T.);
#7612 = EDGE_CURVE('',#7591,#7490,#7613,.T.);
#7613 = SURFACE_CURVE('',#7614,(#7618,#7625),.PCURVE_S1.);
#7614 = LINE('',#7615,#7616);
#7615 = CARTESIAN_POINT('',(22.594692079452,-17.97373333622,6.4));
#7616 = VECTOR('',#7617,1.);
#7617 = DIRECTION('',(-1.,0.,0.));
#7618 = PCURVE('',#5128,#7619);
#7619 = DEFINITIONAL_REPRESENTATION('',(#7620),#7624);
#7620 = LINE('',#7621,#7622);
#7621 = CARTESIAN_POINT('',(-1.570796326795,0.));
#7622 = VECTOR('',#7623,1.);
#7623 = DIRECTION('',(-0.,1.));
#7624 = ( GEOMETRIC_REPRESENTATION_CONTEXT(2) 
PARAMETRIC_REPRESENTATION_CONTEXT() REPRESENTATION_CONTEXT('2D SPACE',''
  ) );
#7625 = PCURVE('',#6951,#7626);
#7626 = DEFINITIONAL_REPRESENTATION('',(#7627),#7631);
#7627 = LINE('',#7628,#7629);
#7628 = CARTESIAN_POINT('',(22.594692079452,-17.97373333622));
#7629 = VECTOR('',#7630,1.);
#7630 = DIRECTION('',(-1.,0.));
#7631 = ( GEOMETRIC_REPRESENTATION_CONTEXT(2) 
PARAMETRIC_REPRESENTATION_CONTEXT() REPRESENTATION_CONTEXT('2D SPACE',''
  ) );
#7632 = ORIENTED_EDGE('',*,*,#7489,.T.);
#7633 = ORIENTED_EDGE('',*,*,#5112,.F.);
#7634 = ADVANCED_FACE('',(#7635),#5204,.T.);
#7635 = FACE_BOUND('',#7636,.T.);
#7636 = EDGE_LOOP('',(#7637,#7659,#7681,#7682));
#7637 = ORIENTED_EDGE('',*,*,#7638,.F.);
#7638 = EDGE_CURVE('',#7639,#5165,#7641,.T.);
#7639 = VERTEX_POINT('',#7640);
#7640 = CARTESIAN_POINT('',(23.094692079452,-8.288296365224,6.4));
#7641 = SURFACE_CURVE('',#7642,(#7647,#7653),.PCURVE_S1.);
#7642 = CIRCLE('',#7643,0.5);
#7643 = AXIS2_PLACEMENT_3D('',#7644,#7645,#7646);
#7644 = CARTESIAN_POINT('',(23.094692079452,-8.288296365224,5.9));
#7645 = DIRECTION('',(0.,-1.,0.));
#7646 = DIRECTION('',(1.,0.,0.));
#7647 = PCURVE('',#5204,#7648);
#7648 = DEFINITIONAL_REPRESENTATION('',(#7649),#7652);
#7649 = B_SPLINE_CURVE_WITH_KNOTS('',1,(#7650,#7651),.UNSPECIFIED.,.F.,
  .F.,(2,2),(1.570796326795,3.14159265359),.PIECEWISE_BEZIER_KNOTS.);
#7650 = CARTESIAN_POINT('',(0.,1.570796326795));
#7651 = CARTESIAN_POINT('',(0.,3.14159265359));
#7652 = ( GEOMETRIC_REPRESENTATION_CONTEXT(2) 
PARAMETRIC_REPRESENTATION_CONTEXT() REPRESENTATION_CONTEXT('2D SPACE',''
  ) );
#7653 = PCURVE('',#5290,#7654);
#7654 = DEFINITIONAL_REPRESENTATION('',(#7655),#7658);
#7655 = B_SPLINE_CURVE_WITH_KNOTS('',1,(#7656,#7657),.UNSPECIFIED.,.F.,
  .F.,(2,2),(1.570796326795,3.14159265359),.PIECEWISE_BEZIER_KNOTS.);
#7656 = CARTESIAN_POINT('',(-1.570796326795,0.5));
#7657 = CARTESIAN_POINT('',(0.,0.5));
#7658 = ( GEOMETRIC_REPRESENTATION_CONTEXT(2) 
PARAMETRIC_REPRESENTATION_CONTEXT() REPRESENTATION_CONTEXT('2D SPACE',''
  ) );
#7659 = ORIENTED_EDGE('',*,*,#7660,.T.);
#7660 = EDGE_CURVE('',#7639,#7543,#7661,.T.);
#7661 = SURFACE_CURVE('',#7662,(#7667,#7674),.PCURVE_S1.);
#7662 = CIRCLE('',#7663,1.);
#7663 = AXIS2_PLACEMENT_3D('',#7664,#7665,#7666);
#7664 = CARTESIAN_POINT('',(22.094692079452,-8.288296365224,6.4));
#7665 = DIRECTION('',(0.,0.,1.));
#7666 = DIRECTION('',(1.,0.,-0.));
#7667 = PCURVE('',#5204,#7668);
#7668 = DEFINITIONAL_REPRESENTATION('',(#7669),#7673);
#7669 = LINE('',#7670,#7671);
#7670 = CARTESIAN_POINT('',(0.,1.570796326795));
#7671 = VECTOR('',#7672,1.);
#7672 = DIRECTION('',(1.,0.));
#7673 = ( GEOMETRIC_REPRESENTATION_CONTEXT(2) 
PARAMETRIC_REPRESENTATION_CONTEXT() REPRESENTATION_CONTEXT('2D SPACE',''
  ) );
#7674 = PCURVE('',#6951,#7675);
#7675 = DEFINITIONAL_REPRESENTATION('',(#7676),#7680);
#7676 = CIRCLE('',#7677,1.);
#7677 = AXIS2_PLACEMENT_2D('',#7678,#7679);
#7678 = CARTESIAN_POINT('',(22.094692079452,-8.288296365224));
#7679 = DIRECTION('',(1.,0.));
#7680 = ( GEOMETRIC_REPRESENTATION_CONTEXT(2) 
PARAMETRIC_REPRESENTATION_CONTEXT() REPRESENTATION_CONTEXT('2D SPACE',''
  ) );
#7681 = ORIENTED_EDGE('',*,*,#7542,.T.);
#7682 = ORIENTED_EDGE('',*,*,#5189,.F.);
#7683 = ADVANCED_FACE('',(#7684),#5259,.T.);
#7684 = FACE_BOUND('',#7685,.T.);
#7685 = EDGE_LOOP('',(#7686,#7687,#7711,#7731));
#7686 = ORIENTED_EDGE('',*,*,#7590,.F.);
#7687 = ORIENTED_EDGE('',*,*,#7688,.T.);
#7688 = EDGE_CURVE('',#7591,#7689,#7691,.T.);
#7689 = VERTEX_POINT('',#7690);
#7690 = CARTESIAN_POINT('',(23.094692079452,-16.97373333622,6.4));
#7691 = SURFACE_CURVE('',#7692,(#7697,#7704),.PCURVE_S1.);
#7692 = CIRCLE('',#7693,1.);
#7693 = AXIS2_PLACEMENT_3D('',#7694,#7695,#7696);
#7694 = CARTESIAN_POINT('',(22.094692079452,-16.97373333622,6.4));
#7695 = DIRECTION('',(0.,0.,1.));
#7696 = DIRECTION('',(0.,-1.,0.));
#7697 = PCURVE('',#5259,#7698);
#7698 = DEFINITIONAL_REPRESENTATION('',(#7699),#7703);
#7699 = LINE('',#7700,#7701);
#7700 = CARTESIAN_POINT('',(0.,1.570796326795));
#7701 = VECTOR('',#7702,1.);
#7702 = DIRECTION('',(1.,0.));
#7703 = ( GEOMETRIC_REPRESENTATION_CONTEXT(2) 
PARAMETRIC_REPRESENTATION_CONTEXT() REPRESENTATION_CONTEXT('2D SPACE',''
  ) );
#7704 = PCURVE('',#6951,#7705);
#7705 = DEFINITIONAL_REPRESENTATION('',(#7706),#7710);
#7706 = CIRCLE('',#7707,1.);
#7707 = AXIS2_PLACEMENT_2D('',#7708,#7709);
#7708 = CARTESIAN_POINT('',(22.094692079452,-16.97373333622));
#7709 = DIRECTION('',(0.,-1.));
#7710 = ( GEOMETRIC_REPRESENTATION_CONTEXT(2) 
PARAMETRIC_REPRESENTATION_CONTEXT() REPRESENTATION_CONTEXT('2D SPACE',''
  ) );
#7711 = ORIENTED_EDGE('',*,*,#7712,.T.);
#7712 = EDGE_CURVE('',#7689,#5222,#7713,.T.);
#7713 = SURFACE_CURVE('',#7714,(#7719,#7725),.PCURVE_S1.);
#7714 = CIRCLE('',#7715,0.5);
#7715 = AXIS2_PLACEMENT_3D('',#7716,#7717,#7718);
#7716 = CARTESIAN_POINT('',(23.094692079452,-16.97373333622,5.9));
#7717 = DIRECTION('',(-6.123233995737E-17,-1.,0.));
#7718 = DIRECTION('',(1.,-6.123233995737E-17,0.));
#7719 = PCURVE('',#5259,#7720);
#7720 = DEFINITIONAL_REPRESENTATION('',(#7721),#7724);
#7721 = B_SPLINE_CURVE_WITH_KNOTS('',1,(#7722,#7723),.UNSPECIFIED.,.F.,
  .F.,(2,2),(1.570796326795,3.14159265359),.PIECEWISE_BEZIER_KNOTS.);
#7722 = CARTESIAN_POINT('',(1.570796326795,1.570796326795));
#7723 = CARTESIAN_POINT('',(1.570796326795,3.14159265359));
#7724 = ( GEOMETRIC_REPRESENTATION_CONTEXT(2) 
PARAMETRIC_REPRESENTATION_CONTEXT() REPRESENTATION_CONTEXT('2D SPACE',''
  ) );
#7725 = PCURVE('',#5290,#7726);
#7726 = DEFINITIONAL_REPRESENTATION('',(#7727),#7730);
#7727 = B_SPLINE_CURVE_WITH_KNOTS('',1,(#7728,#7729),.UNSPECIFIED.,.F.,
  .F.,(2,2),(1.570796326795,3.14159265359),.PIECEWISE_BEZIER_KNOTS.);
#7728 = CARTESIAN_POINT('',(-1.570796326795,9.185436971003));
#7729 = CARTESIAN_POINT('',(0.,9.185436971003));
#7730 = ( GEOMETRIC_REPRESENTATION_CONTEXT(2) 
PARAMETRIC_REPRESENTATION_CONTEXT() REPRESENTATION_CONTEXT('2D SPACE',''
  ) );
#7731 = ORIENTED_EDGE('',*,*,#5244,.F.);
#7732 = ADVANCED_FACE('',(#7733),#5290,.T.);
#7733 = FACE_BOUND('',#7734,.F.);
#7734 = EDGE_LOOP('',(#7735,#7736,#7757,#7758));
#7735 = ORIENTED_EDGE('',*,*,#7638,.F.);
#7736 = ORIENTED_EDGE('',*,*,#7737,.T.);
#7737 = EDGE_CURVE('',#7639,#7689,#7738,.T.);
#7738 = SURFACE_CURVE('',#7739,(#7743,#7750),.PCURVE_S1.);
#7739 = LINE('',#7740,#7741);
#7740 = CARTESIAN_POINT('',(23.094692079452,-7.788296365224,6.4));
#7741 = VECTOR('',#7742,1.);
#7742 = DIRECTION('',(0.,-1.,0.));
#7743 = PCURVE('',#5290,#7744);
#7744 = DEFINITIONAL_REPRESENTATION('',(#7745),#7749);
#7745 = LINE('',#7746,#7747);
#7746 = CARTESIAN_POINT('',(-1.570796326795,0.));
#7747 = VECTOR('',#7748,1.);
#7748 = DIRECTION('',(-0.,1.));
#7749 = ( GEOMETRIC_REPRESENTATION_CONTEXT(2) 
PARAMETRIC_REPRESENTATION_CONTEXT() REPRESENTATION_CONTEXT('2D SPACE',''
  ) );
#7750 = PCURVE('',#6951,#7751);
#7751 = DEFINITIONAL_REPRESENTATION('',(#7752),#7756);
#7752 = LINE('',#7753,#7754);
#7753 = CARTESIAN_POINT('',(23.094692079452,-7.788296365224));
#7754 = VECTOR('',#7755,1.);
#7755 = DIRECTION('',(0.,-1.));
#7756 = ( GEOMETRIC_REPRESENTATION_CONTEXT(2) 
PARAMETRIC_REPRESENTATION_CONTEXT() REPRESENTATION_CONTEXT('2D SPACE',''
  ) );
#7757 = ORIENTED_EDGE('',*,*,#7712,.T.);
#7758 = ORIENTED_EDGE('',*,*,#5276,.F.);
#7759 = ADVANCED_FACE('',(#7760),#5346,.T.);
#7760 = FACE_BOUND('',#7761,.T.);
#7761 = EDGE_LOOP('',(#7762,#7784,#7785,#7786));
#7762 = ORIENTED_EDGE('',*,*,#7763,.F.);
#7763 = EDGE_CURVE('',#5307,#7764,#7766,.T.);
#7764 = VERTEX_POINT('',#7765);
#7765 = CARTESIAN_POINT('',(7.586322315191,5.,6.4));
#7766 = SEAM_CURVE('',#7767,(#7772,#7778),.PCURVE_S1.);
#7767 = CIRCLE('',#7768,0.5);
#7768 = AXIS2_PLACEMENT_3D('',#7769,#7770,#7771);
#7769 = CARTESIAN_POINT('',(7.586322315191,5.,5.9));
#7770 = DIRECTION('',(2.506740111993E-16,1.,0.));
#7771 = DIRECTION('',(1.,-2.506740111993E-16,0.));
#7772 = PCURVE('',#5346,#7773);
#7773 = DEFINITIONAL_REPRESENTATION('',(#7774),#7777);
#7774 = B_SPLINE_CURVE_WITH_KNOTS('',1,(#7775,#7776),.UNSPECIFIED.,.F.,
  .F.,(2,2),(3.14159265359,4.712388980385),.PIECEWISE_BEZIER_KNOTS.);
#7775 = CARTESIAN_POINT('',(0.,3.14159265359));
#7776 = CARTESIAN_POINT('',(0.,4.712388980385));
#7777 = ( GEOMETRIC_REPRESENTATION_CONTEXT(2) 
PARAMETRIC_REPRESENTATION_CONTEXT() REPRESENTATION_CONTEXT('2D SPACE',''
  ) );
#7778 = PCURVE('',#5346,#7779);
#7779 = DEFINITIONAL_REPRESENTATION('',(#7780),#7783);
#7780 = B_SPLINE_CURVE_WITH_KNOTS('',1,(#7781,#7782),.UNSPECIFIED.,.F.,
  .F.,(2,2),(3.14159265359,4.712388980385),.PIECEWISE_BEZIER_KNOTS.);
#7781 = CARTESIAN_POINT('',(6.28318530718,3.14159265359));
#7782 = CARTESIAN_POINT('',(6.28318530718,4.712388980385));
#7783 = ( GEOMETRIC_REPRESENTATION_CONTEXT(2) 
PARAMETRIC_REPRESENTATION_CONTEXT() REPRESENTATION_CONTEXT('2D SPACE',''
  ) );
#7784 = ORIENTED_EDGE('',*,*,#5331,.T.);
#7785 = ORIENTED_EDGE('',*,*,#7763,.T.);
#7786 = ORIENTED_EDGE('',*,*,#7787,.F.);
#7787 = EDGE_CURVE('',#7764,#7764,#7788,.T.);
#7788 = SURFACE_CURVE('',#7789,(#7794,#7801),.PCURVE_S1.);
#7789 = CIRCLE('',#7790,7.586322315191);
#7790 = AXIS2_PLACEMENT_3D('',#7791,#7792,#7793);
#7791 = CARTESIAN_POINT('',(0.,5.,6.4));
#7792 = DIRECTION('',(0.,-0.,-1.));
#7793 = DIRECTION('',(1.,-2.506740111993E-16,0.));
#7794 = PCURVE('',#5346,#7795);
#7795 = DEFINITIONAL_REPRESENTATION('',(#7796),#7800);
#7796 = LINE('',#7797,#7798);
#7797 = CARTESIAN_POINT('',(0.,4.712388980385));
#7798 = VECTOR('',#7799,1.);
#7799 = DIRECTION('',(1.,0.));
#7800 = ( GEOMETRIC_REPRESENTATION_CONTEXT(2) 
PARAMETRIC_REPRESENTATION_CONTEXT() REPRESENTATION_CONTEXT('2D SPACE',''
  ) );
#7801 = PCURVE('',#6951,#7802);
#7802 = DEFINITIONAL_REPRESENTATION('',(#7803),#7811);
#7803 = ( BOUNDED_CURVE() B_SPLINE_CURVE(2,(#7804,#7805,#7806,#7807,
#7808,#7809,#7810),.UNSPECIFIED.,.T.,.F.) B_SPLINE_CURVE_WITH_KNOTS((1,2
    ,2,2,2,1),(-2.094395102393,0.,2.094395102393,4.188790204786,
6.28318530718,8.377580409573),.UNSPECIFIED.) CURVE() 
GEOMETRIC_REPRESENTATION_ITEM() RATIONAL_B_SPLINE_CURVE((1.,0.5,1.,0.5,
1.,0.5,1.)) REPRESENTATION_ITEM('') );
#7804 = CARTESIAN_POINT('',(7.586322315191,5.));
#7805 = CARTESIAN_POINT('',(7.586322315191,-8.139895692504));
#7806 = CARTESIAN_POINT('',(-3.793161157595,-1.569947846252));
#7807 = CARTESIAN_POINT('',(-15.17264463038,5.));
#7808 = CARTESIAN_POINT('',(-3.793161157595,11.569947846252));
#7809 = CARTESIAN_POINT('',(7.586322315191,18.139895692504));
#7810 = CARTESIAN_POINT('',(7.586322315191,5.));
#7811 = ( GEOMETRIC_REPRESENTATION_CONTEXT(2) 
PARAMETRIC_REPRESENTATION_CONTEXT() REPRESENTATION_CONTEXT('2D SPACE',''
  ) );
#7812 = ADVANCED_FACE('',(#7813),#5401,.T.);
#7813 = FACE_BOUND('',#7814,.T.);
#7814 = EDGE_LOOP('',(#7815,#7837,#7860,#7880));
#7815 = ORIENTED_EDGE('',*,*,#7816,.F.);
#7816 = EDGE_CURVE('',#7817,#5386,#7819,.T.);
#7817 = VERTEX_POINT('',#7818);
#7818 = CARTESIAN_POINT('',(-6.313646161115,21.515789341208,6.4));
#7819 = SURFACE_CURVE('',#7820,(#7825,#7831),.PCURVE_S1.);
#7820 = CIRCLE('',#7821,0.5);
#7821 = AXIS2_PLACEMENT_3D('',#7822,#7823,#7824);
#7822 = CARTESIAN_POINT('',(-6.313646161115,21.515789341208,5.9));
#7823 = DIRECTION('',(0.,1.,-0.));
#7824 = DIRECTION('',(-1.,0.,0.));
#7825 = PCURVE('',#5401,#7826);
#7826 = DEFINITIONAL_REPRESENTATION('',(#7827),#7830);
#7827 = B_SPLINE_CURVE_WITH_KNOTS('',1,(#7828,#7829),.UNSPECIFIED.,.F.,
  .F.,(2,2),(1.570796326795,3.14159265359),.PIECEWISE_BEZIER_KNOTS.);
#7828 = CARTESIAN_POINT('',(1.570796326795,0.5));
#7829 = CARTESIAN_POINT('',(0.,0.5));
#7830 = ( GEOMETRIC_REPRESENTATION_CONTEXT(2) 
PARAMETRIC_REPRESENTATION_CONTEXT() REPRESENTATION_CONTEXT('2D SPACE',''
  ) );
#7831 = PCURVE('',#5477,#7832);
#7832 = DEFINITIONAL_REPRESENTATION('',(#7833),#7836);
#7833 = B_SPLINE_CURVE_WITH_KNOTS('',1,(#7834,#7835),.UNSPECIFIED.,.F.,
  .F.,(2,2),(1.570796326795,3.14159265359),.PIECEWISE_BEZIER_KNOTS.);
#7834 = CARTESIAN_POINT('',(0.,1.570796326795));
#7835 = CARTESIAN_POINT('',(0.,3.14159265359));
#7836 = ( GEOMETRIC_REPRESENTATION_CONTEXT(2) 
PARAMETRIC_REPRESENTATION_CONTEXT() REPRESENTATION_CONTEXT('2D SPACE',''
  ) );
#7837 = ORIENTED_EDGE('',*,*,#7838,.T.);
#7838 = EDGE_CURVE('',#7817,#7839,#7841,.T.);
#7839 = VERTEX_POINT('',#7840);
#7840 = CARTESIAN_POINT('',(-6.313646161115,19.007816005472,6.4));
#7841 = SURFACE_CURVE('',#7842,(#7846,#7853),.PCURVE_S1.);
#7842 = LINE('',#7843,#7844);
#7843 = CARTESIAN_POINT('',(-6.313646161115,22.015789341208,6.4));
#7844 = VECTOR('',#7845,1.);
#7845 = DIRECTION('',(0.,-1.,0.));
#7846 = PCURVE('',#5401,#7847);
#7847 = DEFINITIONAL_REPRESENTATION('',(#7848),#7852);
#7848 = LINE('',#7849,#7850);
#7849 = CARTESIAN_POINT('',(1.570796326795,0.));
#7850 = VECTOR('',#7851,1.);
#7851 = DIRECTION('',(0.,1.));
#7852 = ( GEOMETRIC_REPRESENTATION_CONTEXT(2) 
PARAMETRIC_REPRESENTATION_CONTEXT() REPRESENTATION_CONTEXT('2D SPACE',''
  ) );
#7853 = PCURVE('',#6951,#7854);
#7854 = DEFINITIONAL_REPRESENTATION('',(#7855),#7859);
#7855 = LINE('',#7856,#7857);
#7856 = CARTESIAN_POINT('',(-6.313646161115,22.015789341208));
#7857 = VECTOR('',#7858,1.);
#7858 = DIRECTION('',(0.,-1.));
#7859 = ( GEOMETRIC_REPRESENTATION_CONTEXT(2) 
PARAMETRIC_REPRESENTATION_CONTEXT() REPRESENTATION_CONTEXT('2D SPACE',''
  ) );
#7860 = ORIENTED_EDGE('',*,*,#7861,.T.);
#7861 = EDGE_CURVE('',#7839,#5363,#7862,.T.);
#7862 = SURFACE_CURVE('',#7863,(#7868,#7874),.PCURVE_S1.);
#7863 = CIRCLE('',#7864,0.5);
#7864 = AXIS2_PLACEMENT_3D('',#7865,#7866,#7867);
#7865 = CARTESIAN_POINT('',(-6.313646161115,19.007816005472,5.9));
#7866 = DIRECTION('',(-6.123233995737E-17,1.,0.));
#7867 = DIRECTION('',(-1.,-6.123233995737E-17,0.));
#7868 = PCURVE('',#5401,#7869);
#7869 = DEFINITIONAL_REPRESENTATION('',(#7870),#7873);
#7870 = B_SPLINE_CURVE_WITH_KNOTS('',1,(#7871,#7872),.UNSPECIFIED.,.F.,
  .F.,(2,2),(1.570796326795,3.14159265359),.PIECEWISE_BEZIER_KNOTS.);
#7871 = CARTESIAN_POINT('',(1.570796326795,3.007973335735));
#7872 = CARTESIAN_POINT('',(0.,3.007973335735));
#7873 = ( GEOMETRIC_REPRESENTATION_CONTEXT(2) 
PARAMETRIC_REPRESENTATION_CONTEXT() REPRESENTATION_CONTEXT('2D SPACE',''
  ) );
#7874 = PCURVE('',#5532,#7875);
#7875 = DEFINITIONAL_REPRESENTATION('',(#7876),#7879);
#7876 = B_SPLINE_CURVE_WITH_KNOTS('',1,(#7877,#7878),.UNSPECIFIED.,.F.,
  .F.,(2,2),(1.570796326795,3.14159265359),.PIECEWISE_BEZIER_KNOTS.);
#7877 = CARTESIAN_POINT('',(-1.570796326795,1.570796326795));
#7878 = CARTESIAN_POINT('',(-1.570796326795,3.14159265359));
#7879 = ( GEOMETRIC_REPRESENTATION_CONTEXT(2) 
PARAMETRIC_REPRESENTATION_CONTEXT() REPRESENTATION_CONTEXT('2D SPACE',''
  ) );
#7880 = ORIENTED_EDGE('',*,*,#5385,.F.);
#7881 = ADVANCED_FACE('',(#7882),#5477,.T.);
#7882 = FACE_BOUND('',#7883,.F.);
#7883 = EDGE_LOOP('',(#7884,#7885,#7913,#7933));
#7884 = ORIENTED_EDGE('',*,*,#7816,.F.);
#7885 = ORIENTED_EDGE('',*,*,#7886,.T.);
#7886 = EDGE_CURVE('',#7817,#7887,#7889,.T.);
#7887 = VERTEX_POINT('',#7888);
#7888 = CARTESIAN_POINT('',(-5.313646161115,22.515789341208,6.4));
#7889 = SURFACE_CURVE('',#7890,(#7895,#7902),.PCURVE_S1.);
#7890 = CIRCLE('',#7891,1.);
#7891 = AXIS2_PLACEMENT_3D('',#7892,#7893,#7894);
#7892 = CARTESIAN_POINT('',(-5.313646161115,21.515789341208,6.4));
#7893 = DIRECTION('',(-0.,0.,-1.));
#7894 = DIRECTION('',(-1.,0.,0.));
#7895 = PCURVE('',#5477,#7896);
#7896 = DEFINITIONAL_REPRESENTATION('',(#7897),#7901);
#7897 = LINE('',#7898,#7899);
#7898 = CARTESIAN_POINT('',(-0.,1.570796326795));
#7899 = VECTOR('',#7900,1.);
#7900 = DIRECTION('',(-1.,0.));
#7901 = ( GEOMETRIC_REPRESENTATION_CONTEXT(2) 
PARAMETRIC_REPRESENTATION_CONTEXT() REPRESENTATION_CONTEXT('2D SPACE',''
  ) );
#7902 = PCURVE('',#6951,#7903);
#7903 = DEFINITIONAL_REPRESENTATION('',(#7904),#7912);
#7904 = ( BOUNDED_CURVE() B_SPLINE_CURVE(2,(#7905,#7906,#7907,#7908,
#7909,#7910,#7911),.UNSPECIFIED.,.T.,.F.) B_SPLINE_CURVE_WITH_KNOTS((1,2
    ,2,2,2,1),(-2.094395102393,0.,2.094395102393,4.188790204786,
6.28318530718,8.377580409573),.UNSPECIFIED.) CURVE() 
GEOMETRIC_REPRESENTATION_ITEM() RATIONAL_B_SPLINE_CURVE((1.,0.5,1.,0.5,
1.,0.5,1.)) REPRESENTATION_ITEM('') );
#7905 = CARTESIAN_POINT('',(-6.313646161115,21.515789341208));
#7906 = CARTESIAN_POINT('',(-6.313646161115,23.247840148776));
#7907 = CARTESIAN_POINT('',(-4.813646161115,22.381814744992));
#7908 = CARTESIAN_POINT('',(-3.313646161115,21.515789341208));
#7909 = CARTESIAN_POINT('',(-4.813646161115,20.649763937423));
#7910 = CARTESIAN_POINT('',(-6.313646161115,19.783738533639));
#7911 = CARTESIAN_POINT('',(-6.313646161115,21.515789341208));
#7912 = ( GEOMETRIC_REPRESENTATION_CONTEXT(2) 
PARAMETRIC_REPRESENTATION_CONTEXT() REPRESENTATION_CONTEXT('2D SPACE',''
  ) );
#7913 = ORIENTED_EDGE('',*,*,#7914,.T.);
#7914 = EDGE_CURVE('',#7887,#5440,#7915,.T.);
#7915 = SURFACE_CURVE('',#7916,(#7921,#7927),.PCURVE_S1.);
#7916 = CIRCLE('',#7917,0.5);
#7917 = AXIS2_PLACEMENT_3D('',#7918,#7919,#7920);
#7918 = CARTESIAN_POINT('',(-5.313646161115,22.515789341208,5.9));
#7919 = DIRECTION('',(1.,6.123233995737E-17,-0.));
#7920 = DIRECTION('',(-6.123233995737E-17,1.,0.));
#7921 = PCURVE('',#5477,#7922);
#7922 = DEFINITIONAL_REPRESENTATION('',(#7923),#7926);
#7923 = B_SPLINE_CURVE_WITH_KNOTS('',1,(#7924,#7925),.UNSPECIFIED.,.F.,
  .F.,(2,2),(1.570796326795,3.14159265359),.PIECEWISE_BEZIER_KNOTS.);
#7924 = CARTESIAN_POINT('',(-1.570796326795,1.570796326795));
#7925 = CARTESIAN_POINT('',(-1.570796326795,3.14159265359));
#7926 = ( GEOMETRIC_REPRESENTATION_CONTEXT(2) 
PARAMETRIC_REPRESENTATION_CONTEXT() REPRESENTATION_CONTEXT('2D SPACE',''
  ) );
#7927 = PCURVE('',#5565,#7928);
#7928 = DEFINITIONAL_REPRESENTATION('',(#7929),#7932);
#7929 = B_SPLINE_CURVE_WITH_KNOTS('',1,(#7930,#7931),.UNSPECIFIED.,.F.,
  .F.,(2,2),(1.570796326795,3.14159265359),.PIECEWISE_BEZIER_KNOTS.);
#7930 = CARTESIAN_POINT('',(1.570796326795,11.127269844771));
#7931 = CARTESIAN_POINT('',(0.,11.127269844771));
#7932 = ( GEOMETRIC_REPRESENTATION_CONTEXT(2) 
PARAMETRIC_REPRESENTATION_CONTEXT() REPRESENTATION_CONTEXT('2D SPACE',''
  ) );
#7933 = ORIENTED_EDGE('',*,*,#5462,.F.);
#7934 = ADVANCED_FACE('',(#7935),#5532,.T.);
#7935 = FACE_BOUND('',#7936,.F.);
#7936 = EDGE_LOOP('',(#7937,#7959,#7985,#7986));
#7937 = ORIENTED_EDGE('',*,*,#7938,.F.);
#7938 = EDGE_CURVE('',#7939,#5495,#7941,.T.);
#7939 = VERTEX_POINT('',#7940);
#7940 = CARTESIAN_POINT('',(-5.313646161115,18.007816005472,6.4));
#7941 = SURFACE_CURVE('',#7942,(#7947,#7953),.PCURVE_S1.);
#7942 = CIRCLE('',#7943,0.5);
#7943 = AXIS2_PLACEMENT_3D('',#7944,#7945,#7946);
#7944 = CARTESIAN_POINT('',(-5.313646161115,18.007816005472,5.9));
#7945 = DIRECTION('',(-1.,0.,0.));
#7946 = DIRECTION('',(0.,-1.,0.));
#7947 = PCURVE('',#5532,#7948);
#7948 = DEFINITIONAL_REPRESENTATION('',(#7949),#7952);
#7949 = B_SPLINE_CURVE_WITH_KNOTS('',1,(#7950,#7951),.UNSPECIFIED.,.F.,
  .F.,(2,2),(1.570796326795,3.14159265359),.PIECEWISE_BEZIER_KNOTS.);
#7950 = CARTESIAN_POINT('',(0.,1.570796326795));
#7951 = CARTESIAN_POINT('',(0.,3.14159265359));
#7952 = ( GEOMETRIC_REPRESENTATION_CONTEXT(2) 
PARAMETRIC_REPRESENTATION_CONTEXT() REPRESENTATION_CONTEXT('2D SPACE',''
  ) );
#7953 = PCURVE('',#5619,#7954);
#7954 = DEFINITIONAL_REPRESENTATION('',(#7955),#7958);
#7955 = B_SPLINE_CURVE_WITH_KNOTS('',1,(#7956,#7957),.UNSPECIFIED.,.F.,
  .F.,(2,2),(1.570796326795,3.14159265359),.PIECEWISE_BEZIER_KNOTS.);
#7956 = CARTESIAN_POINT('',(-1.570796326795,11.127269844771));
#7957 = CARTESIAN_POINT('',(0.,11.127269844771));
#7958 = ( GEOMETRIC_REPRESENTATION_CONTEXT(2) 
PARAMETRIC_REPRESENTATION_CONTEXT() REPRESENTATION_CONTEXT('2D SPACE',''
  ) );
#7959 = ORIENTED_EDGE('',*,*,#7960,.T.);
#7960 = EDGE_CURVE('',#7939,#7839,#7961,.T.);
#7961 = SURFACE_CURVE('',#7962,(#7967,#7974),.PCURVE_S1.);
#7962 = CIRCLE('',#7963,1.);
#7963 = AXIS2_PLACEMENT_3D('',#7964,#7965,#7966);
#7964 = CARTESIAN_POINT('',(-5.313646161115,19.007816005472,6.4));
#7965 = DIRECTION('',(-0.,-0.,-1.));
#7966 = DIRECTION('',(0.,-1.,0.));
#7967 = PCURVE('',#5532,#7968);
#7968 = DEFINITIONAL_REPRESENTATION('',(#7969),#7973);
#7969 = LINE('',#7970,#7971);
#7970 = CARTESIAN_POINT('',(-0.,1.570796326795));
#7971 = VECTOR('',#7972,1.);
#7972 = DIRECTION('',(-1.,0.));
#7973 = ( GEOMETRIC_REPRESENTATION_CONTEXT(2) 
PARAMETRIC_REPRESENTATION_CONTEXT() REPRESENTATION_CONTEXT('2D SPACE',''
  ) );
#7974 = PCURVE('',#6951,#7975);
#7975 = DEFINITIONAL_REPRESENTATION('',(#7976),#7984);
#7976 = ( BOUNDED_CURVE() B_SPLINE_CURVE(2,(#7977,#7978,#7979,#7980,
#7981,#7982,#7983),.UNSPECIFIED.,.T.,.F.) B_SPLINE_CURVE_WITH_KNOTS((1,2
    ,2,2,2,1),(-2.094395102393,0.,2.094395102393,4.188790204786,
6.28318530718,8.377580409573),.UNSPECIFIED.) CURVE() 
GEOMETRIC_REPRESENTATION_ITEM() RATIONAL_B_SPLINE_CURVE((1.,0.5,1.,0.5,
1.,0.5,1.)) REPRESENTATION_ITEM('') );
#7977 = CARTESIAN_POINT('',(-5.313646161115,18.007816005472));
#7978 = CARTESIAN_POINT('',(-7.045696968684,18.007816005472));
#7979 = CARTESIAN_POINT('',(-6.1796715649,19.507816005472));
#7980 = CARTESIAN_POINT('',(-5.313646161115,21.007816005472));
#7981 = CARTESIAN_POINT('',(-4.447620757331,19.507816005472));
#7982 = CARTESIAN_POINT('',(-3.581595353546,18.007816005472));
#7983 = CARTESIAN_POINT('',(-5.313646161115,18.007816005472));
#7984 = ( GEOMETRIC_REPRESENTATION_CONTEXT(2) 
PARAMETRIC_REPRESENTATION_CONTEXT() REPRESENTATION_CONTEXT('2D SPACE',''
  ) );
#7985 = ORIENTED_EDGE('',*,*,#7861,.T.);
#7986 = ORIENTED_EDGE('',*,*,#5517,.F.);
#7987 = ADVANCED_FACE('',(#7988),#5565,.T.);
#7988 = FACE_BOUND('',#7989,.T.);
#7989 = EDGE_LOOP('',(#7990,#8012,#8033,#8034));
#7990 = ORIENTED_EDGE('',*,*,#7991,.F.);
#7991 = EDGE_CURVE('',#7992,#5550,#7994,.T.);
#7992 = VERTEX_POINT('',#7993);
#7993 = CARTESIAN_POINT('',(5.313623683656,22.515789341208,6.4));
#7994 = SURFACE_CURVE('',#7995,(#8000,#8006),.PCURVE_S1.);
#7995 = CIRCLE('',#7996,0.5);
#7996 = AXIS2_PLACEMENT_3D('',#7997,#7998,#7999);
#7997 = CARTESIAN_POINT('',(5.313623683656,22.515789341208,5.9));
#7998 = DIRECTION('',(1.,-6.123233995737E-17,0.));
#7999 = DIRECTION('',(6.123233995737E-17,1.,0.));
#8000 = PCURVE('',#5565,#8001);
#8001 = DEFINITIONAL_REPRESENTATION('',(#8002),#8005);
#8002 = B_SPLINE_CURVE_WITH_KNOTS('',1,(#8003,#8004),.UNSPECIFIED.,.F.,
  .F.,(2,2),(1.570796326795,3.14159265359),.PIECEWISE_BEZIER_KNOTS.);
#8003 = CARTESIAN_POINT('',(1.570796326795,0.5));
#8004 = CARTESIAN_POINT('',(0.,0.5));
#8005 = ( GEOMETRIC_REPRESENTATION_CONTEXT(2) 
PARAMETRIC_REPRESENTATION_CONTEXT() REPRESENTATION_CONTEXT('2D SPACE',''
  ) );
#8006 = PCURVE('',#5695,#8007);
#8007 = DEFINITIONAL_REPRESENTATION('',(#8008),#8011);
#8008 = B_SPLINE_CURVE_WITH_KNOTS('',1,(#8009,#8010),.UNSPECIFIED.,.F.,
  .F.,(2,2),(1.570796326795,3.14159265359),.PIECEWISE_BEZIER_KNOTS.);
#8009 = CARTESIAN_POINT('',(1.570796326795,1.570796326795));
#8010 = CARTESIAN_POINT('',(1.570796326795,3.14159265359));
#8011 = ( GEOMETRIC_REPRESENTATION_CONTEXT(2) 
PARAMETRIC_REPRESENTATION_CONTEXT() REPRESENTATION_CONTEXT('2D SPACE',''
  ) );
#8012 = ORIENTED_EDGE('',*,*,#8013,.T.);
#8013 = EDGE_CURVE('',#7992,#7887,#8014,.T.);
#8014 = SURFACE_CURVE('',#8015,(#8019,#8026),.PCURVE_S1.);
#8015 = LINE('',#8016,#8017);
#8016 = CARTESIAN_POINT('',(5.813623683656,22.515789341208,6.4));
#8017 = VECTOR('',#8018,1.);
#8018 = DIRECTION('',(-1.,0.,0.));
#8019 = PCURVE('',#5565,#8020);
#8020 = DEFINITIONAL_REPRESENTATION('',(#8021),#8025);
#8021 = LINE('',#8022,#8023);
#8022 = CARTESIAN_POINT('',(1.570796326795,0.));
#8023 = VECTOR('',#8024,1.);
#8024 = DIRECTION('',(0.,1.));
#8025 = ( GEOMETRIC_REPRESENTATION_CONTEXT(2) 
PARAMETRIC_REPRESENTATION_CONTEXT() REPRESENTATION_CONTEXT('2D SPACE',''
  ) );
#8026 = PCURVE('',#6951,#8027);
#8027 = DEFINITIONAL_REPRESENTATION('',(#8028),#8032);
#8028 = LINE('',#8029,#8030);
#8029 = CARTESIAN_POINT('',(5.813623683656,22.515789341208));
#8030 = VECTOR('',#8031,1.);
#8031 = DIRECTION('',(-1.,0.));
#8032 = ( GEOMETRIC_REPRESENTATION_CONTEXT(2) 
PARAMETRIC_REPRESENTATION_CONTEXT() REPRESENTATION_CONTEXT('2D SPACE',''
  ) );
#8033 = ORIENTED_EDGE('',*,*,#7914,.T.);
#8034 = ORIENTED_EDGE('',*,*,#5549,.F.);
#8035 = ADVANCED_FACE('',(#8036),#5619,.T.);
#8036 = FACE_BOUND('',#8037,.F.);
#8037 = EDGE_LOOP('',(#8038,#8060,#8081,#8082));
#8038 = ORIENTED_EDGE('',*,*,#8039,.F.);
#8039 = EDGE_CURVE('',#8040,#5604,#8042,.T.);
#8040 = VERTEX_POINT('',#8041);
#8041 = CARTESIAN_POINT('',(5.313623683656,18.007816005472,6.4));
#8042 = SURFACE_CURVE('',#8043,(#8048,#8054),.PCURVE_S1.);
#8043 = CIRCLE('',#8044,0.5);
#8044 = AXIS2_PLACEMENT_3D('',#8045,#8046,#8047);
#8045 = CARTESIAN_POINT('',(5.313623683656,18.007816005472,5.9));
#8046 = DIRECTION('',(-1.,0.,0.));
#8047 = DIRECTION('',(0.,-1.,0.));
#8048 = PCURVE('',#5619,#8049);
#8049 = DEFINITIONAL_REPRESENTATION('',(#8050),#8053);
#8050 = B_SPLINE_CURVE_WITH_KNOTS('',1,(#8051,#8052),.UNSPECIFIED.,.F.,
  .F.,(2,2),(1.570796326795,3.14159265359),.PIECEWISE_BEZIER_KNOTS.);
#8051 = CARTESIAN_POINT('',(-1.570796326795,0.5));
#8052 = CARTESIAN_POINT('',(0.,0.5));
#8053 = ( GEOMETRIC_REPRESENTATION_CONTEXT(2) 
PARAMETRIC_REPRESENTATION_CONTEXT() REPRESENTATION_CONTEXT('2D SPACE',''
  ) );
#8054 = PCURVE('',#5750,#8055);
#8055 = DEFINITIONAL_REPRESENTATION('',(#8056),#8059);
#8056 = B_SPLINE_CURVE_WITH_KNOTS('',1,(#8057,#8058),.UNSPECIFIED.,.F.,
  .F.,(2,2),(1.570796326795,3.14159265359),.PIECEWISE_BEZIER_KNOTS.);
#8057 = CARTESIAN_POINT('',(0.,1.570796326795));
#8058 = CARTESIAN_POINT('',(0.,3.14159265359));
#8059 = ( GEOMETRIC_REPRESENTATION_CONTEXT(2) 
PARAMETRIC_REPRESENTATION_CONTEXT() REPRESENTATION_CONTEXT('2D SPACE',''
  ) );
#8060 = ORIENTED_EDGE('',*,*,#8061,.T.);
#8061 = EDGE_CURVE('',#8040,#7939,#8062,.T.);
#8062 = SURFACE_CURVE('',#8063,(#8067,#8074),.PCURVE_S1.);
#8063 = LINE('',#8064,#8065);
#8064 = CARTESIAN_POINT('',(5.813623683656,18.007816005472,6.4));
#8065 = VECTOR('',#8066,1.);
#8066 = DIRECTION('',(-1.,0.,0.));
#8067 = PCURVE('',#5619,#8068);
#8068 = DEFINITIONAL_REPRESENTATION('',(#8069),#8073);
#8069 = LINE('',#8070,#8071);
#8070 = CARTESIAN_POINT('',(-1.570796326795,0.));
#8071 = VECTOR('',#8072,1.);
#8072 = DIRECTION('',(-0.,1.));
#8073 = ( GEOMETRIC_REPRESENTATION_CONTEXT(2) 
PARAMETRIC_REPRESENTATION_CONTEXT() REPRESENTATION_CONTEXT('2D SPACE',''
  ) );
#8074 = PCURVE('',#6951,#8075);
#8075 = DEFINITIONAL_REPRESENTATION('',(#8076),#8080);
#8076 = LINE('',#8077,#8078);
#8077 = CARTESIAN_POINT('',(5.813623683656,18.007816005472));
#8078 = VECTOR('',#8079,1.);
#8079 = DIRECTION('',(-1.,0.));
#8080 = ( GEOMETRIC_REPRESENTATION_CONTEXT(2) 
PARAMETRIC_REPRESENTATION_CONTEXT() REPRESENTATION_CONTEXT('2D SPACE',''
  ) );
#8081 = ORIENTED_EDGE('',*,*,#7938,.T.);
#8082 = ORIENTED_EDGE('',*,*,#5603,.F.);
#8083 = ADVANCED_FACE('',(#8084),#5695,.T.);
#8084 = FACE_BOUND('',#8085,.T.);
#8085 = EDGE_LOOP('',(#8086,#8108,#8130,#8131));
#8086 = ORIENTED_EDGE('',*,*,#8087,.F.);
#8087 = EDGE_CURVE('',#8088,#5656,#8090,.T.);
#8088 = VERTEX_POINT('',#8089);
#8089 = CARTESIAN_POINT('',(6.313623683656,21.515789341208,6.4));
#8090 = SURFACE_CURVE('',#8091,(#8096,#8102),.PCURVE_S1.);
#8091 = CIRCLE('',#8092,0.5);
#8092 = AXIS2_PLACEMENT_3D('',#8093,#8094,#8095);
#8093 = CARTESIAN_POINT('',(6.313623683656,21.515789341208,5.9));
#8094 = DIRECTION('',(0.,-1.,0.));
#8095 = DIRECTION('',(1.,0.,0.));
#8096 = PCURVE('',#5695,#8097);
#8097 = DEFINITIONAL_REPRESENTATION('',(#8098),#8101);
#8098 = B_SPLINE_CURVE_WITH_KNOTS('',1,(#8099,#8100),.UNSPECIFIED.,.F.,
  .F.,(2,2),(1.570796326795,3.14159265359),.PIECEWISE_BEZIER_KNOTS.);
#8099 = CARTESIAN_POINT('',(0.,1.570796326795));
#8100 = CARTESIAN_POINT('',(0.,3.14159265359));
#8101 = ( GEOMETRIC_REPRESENTATION_CONTEXT(2) 
PARAMETRIC_REPRESENTATION_CONTEXT() REPRESENTATION_CONTEXT('2D SPACE',''
  ) );
#8102 = PCURVE('',#5781,#8103);
#8103 = DEFINITIONAL_REPRESENTATION('',(#8104),#8107);
#8104 = B_SPLINE_CURVE_WITH_KNOTS('',1,(#8105,#8106),.UNSPECIFIED.,.F.,
  .F.,(2,2),(1.570796326795,3.14159265359),.PIECEWISE_BEZIER_KNOTS.);
#8105 = CARTESIAN_POINT('',(-1.570796326795,0.5));
#8106 = CARTESIAN_POINT('',(0.,0.5));
#8107 = ( GEOMETRIC_REPRESENTATION_CONTEXT(2) 
PARAMETRIC_REPRESENTATION_CONTEXT() REPRESENTATION_CONTEXT('2D SPACE',''
  ) );
#8108 = ORIENTED_EDGE('',*,*,#8109,.T.);
#8109 = EDGE_CURVE('',#8088,#7992,#8110,.T.);
#8110 = SURFACE_CURVE('',#8111,(#8116,#8123),.PCURVE_S1.);
#8111 = CIRCLE('',#8112,1.);
#8112 = AXIS2_PLACEMENT_3D('',#8113,#8114,#8115);
#8113 = CARTESIAN_POINT('',(5.313623683656,21.515789341208,6.4));
#8114 = DIRECTION('',(0.,0.,1.));
#8115 = DIRECTION('',(1.,0.,-0.));
#8116 = PCURVE('',#5695,#8117);
#8117 = DEFINITIONAL_REPRESENTATION('',(#8118),#8122);
#8118 = LINE('',#8119,#8120);
#8119 = CARTESIAN_POINT('',(0.,1.570796326795));
#8120 = VECTOR('',#8121,1.);
#8121 = DIRECTION('',(1.,0.));
#8122 = ( GEOMETRIC_REPRESENTATION_CONTEXT(2) 
PARAMETRIC_REPRESENTATION_CONTEXT() REPRESENTATION_CONTEXT('2D SPACE',''
  ) );
#8123 = PCURVE('',#6951,#8124);
#8124 = DEFINITIONAL_REPRESENTATION('',(#8125),#8129);
#8125 = CIRCLE('',#8126,1.);
#8126 = AXIS2_PLACEMENT_2D('',#8127,#8128);
#8127 = CARTESIAN_POINT('',(5.313623683656,21.515789341208));
#8128 = DIRECTION('',(1.,0.));
#8129 = ( GEOMETRIC_REPRESENTATION_CONTEXT(2) 
PARAMETRIC_REPRESENTATION_CONTEXT() REPRESENTATION_CONTEXT('2D SPACE',''
  ) );
#8130 = ORIENTED_EDGE('',*,*,#7991,.T.);
#8131 = ORIENTED_EDGE('',*,*,#5680,.F.);
#8132 = ADVANCED_FACE('',(#8133),#5750,.T.);
#8133 = FACE_BOUND('',#8134,.T.);
#8134 = EDGE_LOOP('',(#8135,#8136,#8160,#8180));
#8135 = ORIENTED_EDGE('',*,*,#8039,.F.);
#8136 = ORIENTED_EDGE('',*,*,#8137,.T.);
#8137 = EDGE_CURVE('',#8040,#8138,#8140,.T.);
#8138 = VERTEX_POINT('',#8139);
#8139 = CARTESIAN_POINT('',(6.313623683656,19.007816005472,6.4));
#8140 = SURFACE_CURVE('',#8141,(#8146,#8153),.PCURVE_S1.);
#8141 = CIRCLE('',#8142,1.);
#8142 = AXIS2_PLACEMENT_3D('',#8143,#8144,#8145);
#8143 = CARTESIAN_POINT('',(5.313623683656,19.007816005472,6.4));
#8144 = DIRECTION('',(0.,0.,1.));
#8145 = DIRECTION('',(0.,-1.,0.));
#8146 = PCURVE('',#5750,#8147);
#8147 = DEFINITIONAL_REPRESENTATION('',(#8148),#8152);
#8148 = LINE('',#8149,#8150);
#8149 = CARTESIAN_POINT('',(0.,1.570796326795));
#8150 = VECTOR('',#8151,1.);
#8151 = DIRECTION('',(1.,0.));
#8152 = ( GEOMETRIC_REPRESENTATION_CONTEXT(2) 
PARAMETRIC_REPRESENTATION_CONTEXT() REPRESENTATION_CONTEXT('2D SPACE',''
  ) );
#8153 = PCURVE('',#6951,#8154);
#8154 = DEFINITIONAL_REPRESENTATION('',(#8155),#8159);
#8155 = CIRCLE('',#8156,1.);
#8156 = AXIS2_PLACEMENT_2D('',#8157,#8158);
#8157 = CARTESIAN_POINT('',(5.313623683656,19.007816005472));
#8158 = DIRECTION('',(0.,-1.));
#8159 = ( GEOMETRIC_REPRESENTATION_CONTEXT(2) 
PARAMETRIC_REPRESENTATION_CONTEXT() REPRESENTATION_CONTEXT('2D SPACE',''
  ) );
#8160 = ORIENTED_EDGE('',*,*,#8161,.T.);
#8161 = EDGE_CURVE('',#8138,#5713,#8162,.T.);
#8162 = SURFACE_CURVE('',#8163,(#8168,#8174),.PCURVE_S1.);
#8163 = CIRCLE('',#8164,0.5);
#8164 = AXIS2_PLACEMENT_3D('',#8165,#8166,#8167);
#8165 = CARTESIAN_POINT('',(6.313623683656,19.007816005472,5.9));
#8166 = DIRECTION('',(-6.123233995737E-17,-1.,0.));
#8167 = DIRECTION('',(1.,-6.123233995737E-17,0.));
#8168 = PCURVE('',#5750,#8169);
#8169 = DEFINITIONAL_REPRESENTATION('',(#8170),#8173);
#8170 = B_SPLINE_CURVE_WITH_KNOTS('',1,(#8171,#8172),.UNSPECIFIED.,.F.,
  .F.,(2,2),(1.570796326795,3.14159265359),.PIECEWISE_BEZIER_KNOTS.);
#8171 = CARTESIAN_POINT('',(1.570796326795,1.570796326795));
#8172 = CARTESIAN_POINT('',(1.570796326795,3.14159265359));
#8173 = ( GEOMETRIC_REPRESENTATION_CONTEXT(2) 
PARAMETRIC_REPRESENTATION_CONTEXT() REPRESENTATION_CONTEXT('2D SPACE',''
  ) );
#8174 = PCURVE('',#5781,#8175);
#8175 = DEFINITIONAL_REPRESENTATION('',(#8176),#8179);
#8176 = B_SPLINE_CURVE_WITH_KNOTS('',1,(#8177,#8178),.UNSPECIFIED.,.F.,
  .F.,(2,2),(1.570796326795,3.14159265359),.PIECEWISE_BEZIER_KNOTS.);
#8177 = CARTESIAN_POINT('',(-1.570796326795,3.007973335735));
#8178 = CARTESIAN_POINT('',(0.,3.007973335735));
#8179 = ( GEOMETRIC_REPRESENTATION_CONTEXT(2) 
PARAMETRIC_REPRESENTATION_CONTEXT() REPRESENTATION_CONTEXT('2D SPACE',''
  ) );
#8180 = ORIENTED_EDGE('',*,*,#5735,.F.);
#8181 = ADVANCED_FACE('',(#8182),#5781,.T.);
#8182 = FACE_BOUND('',#8183,.F.);
#8183 = EDGE_LOOP('',(#8184,#8185,#8206,#8207));
#8184 = ORIENTED_EDGE('',*,*,#8087,.F.);
#8185 = ORIENTED_EDGE('',*,*,#8186,.T.);
#8186 = EDGE_CURVE('',#8088,#8138,#8187,.T.);
#8187 = SURFACE_CURVE('',#8188,(#8192,#8199),.PCURVE_S1.);
#8188 = LINE('',#8189,#8190);
#8189 = CARTESIAN_POINT('',(6.313623683656,22.015789341208,6.4));
#8190 = VECTOR('',#8191,1.);
#8191 = DIRECTION('',(0.,-1.,0.));
#8192 = PCURVE('',#5781,#8193);
#8193 = DEFINITIONAL_REPRESENTATION('',(#8194),#8198);
#8194 = LINE('',#8195,#8196);
#8195 = CARTESIAN_POINT('',(-1.570796326795,0.));
#8196 = VECTOR('',#8197,1.);
#8197 = DIRECTION('',(-0.,1.));
#8198 = ( GEOMETRIC_REPRESENTATION_CONTEXT(2) 
PARAMETRIC_REPRESENTATION_CONTEXT() REPRESENTATION_CONTEXT('2D SPACE',''
  ) );
#8199 = PCURVE('',#6951,#8200);
#8200 = DEFINITIONAL_REPRESENTATION('',(#8201),#8205);
#8201 = LINE('',#8202,#8203);
#8202 = CARTESIAN_POINT('',(6.313623683656,22.015789341208));
#8203 = VECTOR('',#8204,1.);
#8204 = DIRECTION('',(0.,-1.));
#8205 = ( GEOMETRIC_REPRESENTATION_CONTEXT(2) 
PARAMETRIC_REPRESENTATION_CONTEXT() REPRESENTATION_CONTEXT('2D SPACE',''
  ) );
#8206 = ORIENTED_EDGE('',*,*,#8161,.T.);
#8207 = ORIENTED_EDGE('',*,*,#5767,.F.);
#8208 = ADVANCED_FACE('',(#8209),#5837,.T.);
#8209 = FACE_BOUND('',#8210,.T.);
#8210 = EDGE_LOOP('',(#8211,#8233,#8234,#8256));
#8211 = ORIENTED_EDGE('',*,*,#8212,.F.);
#8212 = EDGE_CURVE('',#5798,#8213,#8215,.T.);
#8213 = VERTEX_POINT('',#8214);
#8214 = CARTESIAN_POINT('',(-30.015,-11.70784314205,6.4));
#8215 = SURFACE_CURVE('',#8216,(#8221,#8227),.PCURVE_S1.);
#8216 = CIRCLE('',#8217,0.5);
#8217 = AXIS2_PLACEMENT_3D('',#8218,#8219,#8220);
#8218 = CARTESIAN_POINT('',(-30.015,-11.70784314205,5.9));
#8219 = DIRECTION('',(0.,1.,0.));
#8220 = DIRECTION('',(-1.,0.,0.));
#8221 = PCURVE('',#5837,#8222);
#8222 = DEFINITIONAL_REPRESENTATION('',(#8223),#8226);
#8223 = B_SPLINE_CURVE_WITH_KNOTS('',1,(#8224,#8225),.UNSPECIFIED.,.F.,
  .F.,(2,2),(0.,1.570796326795),.PIECEWISE_BEZIER_KNOTS.);
#8224 = CARTESIAN_POINT('',(0.,0.));
#8225 = CARTESIAN_POINT('',(0.,1.570796326795));
#8226 = ( GEOMETRIC_REPRESENTATION_CONTEXT(2) 
PARAMETRIC_REPRESENTATION_CONTEXT() REPRESENTATION_CONTEXT('2D SPACE',''
  ) );
#8227 = PCURVE('',#5915,#8228);
#8228 = DEFINITIONAL_REPRESENTATION('',(#8229),#8232);
#8229 = B_SPLINE_CURVE_WITH_KNOTS('',1,(#8230,#8231),.UNSPECIFIED.,.F.,
  .F.,(2,2),(0.,1.570796326795),.PIECEWISE_BEZIER_KNOTS.);
#8230 = CARTESIAN_POINT('',(0.,8.107843142053));
#8231 = CARTESIAN_POINT('',(-1.570796326795,8.107843142053));
#8232 = ( GEOMETRIC_REPRESENTATION_CONTEXT(2) 
PARAMETRIC_REPRESENTATION_CONTEXT() REPRESENTATION_CONTEXT('2D SPACE',''
  ) );
#8233 = ORIENTED_EDGE('',*,*,#5820,.T.);
#8234 = ORIENTED_EDGE('',*,*,#8235,.T.);
#8235 = EDGE_CURVE('',#5821,#8236,#8238,.T.);
#8236 = VERTEX_POINT('',#8237);
#8237 = CARTESIAN_POINT('',(-11.70784314205,-30.015,6.4));
#8238 = SURFACE_CURVE('',#8239,(#8244,#8250),.PCURVE_S1.);
#8239 = CIRCLE('',#8240,0.5);
#8240 = AXIS2_PLACEMENT_3D('',#8241,#8242,#8243);
#8241 = CARTESIAN_POINT('',(-11.70784314205,-30.015,5.9));
#8242 = DIRECTION('',(-1.,1.556834498629E-16,0.));
#8243 = DIRECTION('',(-1.556834498629E-16,-1.,0.));
#8244 = PCURVE('',#5837,#8245);
#8245 = DEFINITIONAL_REPRESENTATION('',(#8246),#8249);
#8246 = B_SPLINE_CURVE_WITH_KNOTS('',1,(#8247,#8248),.UNSPECIFIED.,.F.,
  .F.,(2,2),(0.,1.570796326795),.PIECEWISE_BEZIER_KNOTS.);
#8247 = CARTESIAN_POINT('',(1.570796326795,0.));
#8248 = CARTESIAN_POINT('',(1.570796326795,1.570796326795));
#8249 = ( GEOMETRIC_REPRESENTATION_CONTEXT(2) 
PARAMETRIC_REPRESENTATION_CONTEXT() REPRESENTATION_CONTEXT('2D SPACE',''
  ) );
#8250 = PCURVE('',#6139,#8251);
#8251 = DEFINITIONAL_REPRESENTATION('',(#8252),#8255);
#8252 = B_SPLINE_CURVE_WITH_KNOTS('',1,(#8253,#8254),.UNSPECIFIED.,.F.,
  .F.,(2,2),(0.,1.570796326795),.PIECEWISE_BEZIER_KNOTS.);
#8253 = CARTESIAN_POINT('',(0.,0.));
#8254 = CARTESIAN_POINT('',(-1.570796326795,0.));
#8255 = ( GEOMETRIC_REPRESENTATION_CONTEXT(2) 
PARAMETRIC_REPRESENTATION_CONTEXT() REPRESENTATION_CONTEXT('2D SPACE',''
  ) );
#8256 = ORIENTED_EDGE('',*,*,#8257,.F.);
#8257 = EDGE_CURVE('',#8213,#8236,#8258,.T.);
#8258 = SURFACE_CURVE('',#8259,(#8264,#8271),.PCURVE_S1.);
#8259 = CIRCLE('',#8260,18.307156857947);
#8260 = AXIS2_PLACEMENT_3D('',#8261,#8262,#8263);
#8261 = CARTESIAN_POINT('',(-11.70784314205,-11.70784314205,6.4));
#8262 = DIRECTION('',(0.,0.,1.));
#8263 = DIRECTION('',(-1.,9.445110990552E-17,0.));
#8264 = PCURVE('',#5837,#8265);
#8265 = DEFINITIONAL_REPRESENTATION('',(#8266),#8270);
#8266 = LINE('',#8267,#8268);
#8267 = CARTESIAN_POINT('',(0.,1.570796326795));
#8268 = VECTOR('',#8269,1.);
#8269 = DIRECTION('',(1.,0.));
#8270 = ( GEOMETRIC_REPRESENTATION_CONTEXT(2) 
PARAMETRIC_REPRESENTATION_CONTEXT() REPRESENTATION_CONTEXT('2D SPACE',''
  ) );
#8271 = PCURVE('',#6951,#8272);
#8272 = DEFINITIONAL_REPRESENTATION('',(#8273),#8277);
#8273 = CIRCLE('',#8274,18.307156857947);
#8274 = AXIS2_PLACEMENT_2D('',#8275,#8276);
#8275 = CARTESIAN_POINT('',(-11.70784314205,-11.70784314205));
#8276 = DIRECTION('',(-1.,9.703073247167E-17));
#8277 = ( GEOMETRIC_REPRESENTATION_CONTEXT(2) 
PARAMETRIC_REPRESENTATION_CONTEXT() REPRESENTATION_CONTEXT('2D SPACE',''
  ) );
#8278 = ADVANCED_FACE('',(#8279),#6083,.T.);
#8279 = FACE_BOUND('',#8280,.T.);
#8280 = EDGE_LOOP('',(#8281,#8308,#8331,#8351));
#8281 = ORIENTED_EDGE('',*,*,#8282,.F.);
#8282 = EDGE_CURVE('',#8283,#6042,#8285,.T.);
#8283 = VERTEX_POINT('',#8284);
#8284 = CARTESIAN_POINT('',(-30.015,4.1,6.4));
#8285 = SURFACE_CURVE('',#8286,(#8291,#8297),.PCURVE_S1.);
#8286 = CIRCLE('',#8287,0.5);
#8287 = AXIS2_PLACEMENT_3D('',#8288,#8289,#8290);
#8288 = CARTESIAN_POINT('',(-30.015,4.1,5.9));
#8289 = DIRECTION('',(-6.123233995737E-17,-1.,0.));
#8290 = DIRECTION('',(1.,-6.123233995737E-17,0.));
#8291 = PCURVE('',#6083,#8292);
#8292 = DEFINITIONAL_REPRESENTATION('',(#8293),#8296);
#8293 = B_SPLINE_CURVE_WITH_KNOTS('',1,(#8294,#8295),.UNSPECIFIED.,.F.,
  .F.,(2,2),(1.570796326795,3.14159265359),.PIECEWISE_BEZIER_KNOTS.);
#8294 = CARTESIAN_POINT('',(1.570796326795,0.5));
#8295 = CARTESIAN_POINT('',(0.,0.5));
#8296 = ( GEOMETRIC_REPRESENTATION_CONTEXT(2) 
PARAMETRIC_REPRESENTATION_CONTEXT() REPRESENTATION_CONTEXT('2D SPACE',''
  ) );
#8297 = PCURVE('',#8298,#8303);
#8298 = TOROIDAL_SURFACE('',#8299,1.,0.5);
#8299 = AXIS2_PLACEMENT_3D('',#8300,#8301,#8302);
#8300 = CARTESIAN_POINT('',(-31.015,4.1,5.9));
#8301 = DIRECTION('',(0.,0.,1.));
#8302 = DIRECTION('',(0.,-1.,0.));
#8303 = DEFINITIONAL_REPRESENTATION('',(#8304),#8307);
#8304 = B_SPLINE_CURVE_WITH_KNOTS('',1,(#8305,#8306),.UNSPECIFIED.,.F.,
  .F.,(2,2),(1.570796326795,3.14159265359),.PIECEWISE_BEZIER_KNOTS.);
#8305 = CARTESIAN_POINT('',(1.570796326795,1.570796326795));
#8306 = CARTESIAN_POINT('',(1.570796326795,3.14159265359));
#8307 = ( GEOMETRIC_REPRESENTATION_CONTEXT(2) 
PARAMETRIC_REPRESENTATION_CONTEXT() REPRESENTATION_CONTEXT('2D SPACE',''
  ) );
#8308 = ORIENTED_EDGE('',*,*,#8309,.T.);
#8309 = EDGE_CURVE('',#8283,#8310,#8312,.T.);
#8310 = VERTEX_POINT('',#8311);
#8311 = CARTESIAN_POINT('',(-30.015,11.707843142053,6.4));
#8312 = SURFACE_CURVE('',#8313,(#8317,#8324),.PCURVE_S1.);
#8313 = LINE('',#8314,#8315);
#8314 = CARTESIAN_POINT('',(-30.015,3.6,6.4));
#8315 = VECTOR('',#8316,1.);
#8316 = DIRECTION('',(0.,1.,0.));
#8317 = PCURVE('',#6083,#8318);
#8318 = DEFINITIONAL_REPRESENTATION('',(#8319),#8323);
#8319 = LINE('',#8320,#8321);
#8320 = CARTESIAN_POINT('',(1.570796326795,0.));
#8321 = VECTOR('',#8322,1.);
#8322 = DIRECTION('',(0.,1.));
#8323 = ( GEOMETRIC_REPRESENTATION_CONTEXT(2) 
PARAMETRIC_REPRESENTATION_CONTEXT() REPRESENTATION_CONTEXT('2D SPACE',''
  ) );
#8324 = PCURVE('',#6951,#8325);
#8325 = DEFINITIONAL_REPRESENTATION('',(#8326),#8330);
#8326 = LINE('',#8327,#8328);
#8327 = CARTESIAN_POINT('',(-30.015,3.6));
#8328 = VECTOR('',#8329,1.);
#8329 = DIRECTION('',(0.,1.));
#8330 = ( GEOMETRIC_REPRESENTATION_CONTEXT(2) 
PARAMETRIC_REPRESENTATION_CONTEXT() REPRESENTATION_CONTEXT('2D SPACE',''
  ) );
#8331 = ORIENTED_EDGE('',*,*,#8332,.F.);
#8332 = EDGE_CURVE('',#5875,#8310,#8333,.T.);
#8333 = SURFACE_CURVE('',#8334,(#8339,#8345),.PCURVE_S1.);
#8334 = CIRCLE('',#8335,0.5);
#8335 = AXIS2_PLACEMENT_3D('',#8336,#8337,#8338);
#8336 = CARTESIAN_POINT('',(-30.015,11.707843142053,5.9));
#8337 = DIRECTION('',(0.,1.,0.));
#8338 = DIRECTION('',(-1.,0.,0.));
#8339 = PCURVE('',#6083,#8340);
#8340 = DEFINITIONAL_REPRESENTATION('',(#8341),#8344);
#8341 = B_SPLINE_CURVE_WITH_KNOTS('',1,(#8342,#8343),.UNSPECIFIED.,.F.,
  .F.,(2,2),(0.,1.570796326795),.PIECEWISE_BEZIER_KNOTS.);
#8342 = CARTESIAN_POINT('',(0.,8.107843142053));
#8343 = CARTESIAN_POINT('',(1.570796326795,8.107843142053));
#8344 = ( GEOMETRIC_REPRESENTATION_CONTEXT(2) 
PARAMETRIC_REPRESENTATION_CONTEXT() REPRESENTATION_CONTEXT('2D SPACE',''
  ) );
#8345 = PCURVE('',#6360,#8346);
#8346 = DEFINITIONAL_REPRESENTATION('',(#8347),#8350);
#8347 = B_SPLINE_CURVE_WITH_KNOTS('',1,(#8348,#8349),.UNSPECIFIED.,.F.,
  .F.,(2,2),(0.,1.570796326795),.PIECEWISE_BEZIER_KNOTS.);
#8348 = CARTESIAN_POINT('',(0.,0.));
#8349 = CARTESIAN_POINT('',(0.,1.570796326795));
#8350 = ( GEOMETRIC_REPRESENTATION_CONTEXT(2) 
PARAMETRIC_REPRESENTATION_CONTEXT() REPRESENTATION_CONTEXT('2D SPACE',''
  ) );
#8351 = ORIENTED_EDGE('',*,*,#6069,.F.);
#8352 = ADVANCED_FACE('',(#8353),#6057,.F.);
#8353 = FACE_BOUND('',#8354,.T.);
#8354 = EDGE_LOOP('',(#8355,#8377,#8405,#8427));
#8355 = ORIENTED_EDGE('',*,*,#8356,.T.);
#8356 = EDGE_CURVE('',#6013,#8357,#8359,.T.);
#8357 = VERTEX_POINT('',#8358);
#8358 = CARTESIAN_POINT('',(-31.015,3.6,4.9));
#8359 = SURFACE_CURVE('',#8360,(#8365,#8371),.PCURVE_S1.);
#8360 = CIRCLE('',#8361,0.5);
#8361 = AXIS2_PLACEMENT_3D('',#8362,#8363,#8364);
#8362 = CARTESIAN_POINT('',(-31.015,4.1,4.9));
#8363 = DIRECTION('',(0.,0.,-1.));
#8364 = DIRECTION('',(0.,1.,0.));
#8365 = PCURVE('',#6057,#8366);
#8366 = DEFINITIONAL_REPRESENTATION('',(#8367),#8370);
#8367 = B_SPLINE_CURVE_WITH_KNOTS('',1,(#8368,#8369),.UNSPECIFIED.,.F.,
  .F.,(2,2),(1.570796326795,3.14159265359),.PIECEWISE_BEZIER_KNOTS.);
#8368 = CARTESIAN_POINT('',(0.,0.5));
#8369 = CARTESIAN_POINT('',(-1.570796326795,0.5));
#8370 = ( GEOMETRIC_REPRESENTATION_CONTEXT(2) 
PARAMETRIC_REPRESENTATION_CONTEXT() REPRESENTATION_CONTEXT('2D SPACE',''
  ) );
#8371 = PCURVE('',#6029,#8372);
#8372 = DEFINITIONAL_REPRESENTATION('',(#8373),#8376);
#8373 = B_SPLINE_CURVE_WITH_KNOTS('',1,(#8374,#8375),.UNSPECIFIED.,.F.,
  .F.,(2,2),(1.570796326795,3.14159265359),.PIECEWISE_BEZIER_KNOTS.);
#8374 = CARTESIAN_POINT('',(0.,1.570796326795));
#8375 = CARTESIAN_POINT('',(0.,3.14159265359));
#8376 = ( GEOMETRIC_REPRESENTATION_CONTEXT(2) 
PARAMETRIC_REPRESENTATION_CONTEXT() REPRESENTATION_CONTEXT('2D SPACE',''
  ) );
#8377 = ORIENTED_EDGE('',*,*,#8378,.T.);
#8378 = EDGE_CURVE('',#8357,#8379,#8381,.T.);
#8379 = VERTEX_POINT('',#8380);
#8380 = CARTESIAN_POINT('',(-31.015,3.6,5.9));
#8381 = SURFACE_CURVE('',#8382,(#8386,#8393),.PCURVE_S1.);
#8382 = LINE('',#8383,#8384);
#8383 = CARTESIAN_POINT('',(-31.015,3.6,4.4));
#8384 = VECTOR('',#8385,1.);
#8385 = DIRECTION('',(0.,0.,1.));
#8386 = PCURVE('',#6057,#8387);
#8387 = DEFINITIONAL_REPRESENTATION('',(#8388),#8392);
#8388 = LINE('',#8389,#8390);
#8389 = CARTESIAN_POINT('',(-1.570796326795,0.));
#8390 = VECTOR('',#8391,1.);
#8391 = DIRECTION('',(-0.,1.));
#8392 = ( GEOMETRIC_REPRESENTATION_CONTEXT(2) 
PARAMETRIC_REPRESENTATION_CONTEXT() REPRESENTATION_CONTEXT('2D SPACE',''
  ) );
#8393 = PCURVE('',#8394,#8399);
#8394 = PLANE('',#8395);
#8395 = AXIS2_PLACEMENT_3D('',#8396,#8397,#8398);
#8396 = CARTESIAN_POINT('',(-31.615,3.6,4.4));
#8397 = DIRECTION('',(0.,1.,0.));
#8398 = DIRECTION('',(0.,0.,1.));
#8399 = DEFINITIONAL_REPRESENTATION('',(#8400),#8404);
#8400 = LINE('',#8401,#8402);
#8401 = CARTESIAN_POINT('',(0.,0.6));
#8402 = VECTOR('',#8403,1.);
#8403 = DIRECTION('',(1.,0.));
#8404 = ( GEOMETRIC_REPRESENTATION_CONTEXT(2) 
PARAMETRIC_REPRESENTATION_CONTEXT() REPRESENTATION_CONTEXT('2D SPACE',''
  ) );
#8405 = ORIENTED_EDGE('',*,*,#8406,.T.);
#8406 = EDGE_CURVE('',#8379,#6042,#8407,.T.);
#8407 = SURFACE_CURVE('',#8408,(#8413,#8420),.PCURVE_S1.);
#8408 = CIRCLE('',#8409,0.5);
#8409 = AXIS2_PLACEMENT_3D('',#8410,#8411,#8412);
#8410 = CARTESIAN_POINT('',(-31.015,4.1,5.9));
#8411 = DIRECTION('',(0.,0.,1.));
#8412 = DIRECTION('',(0.,-1.,0.));
#8413 = PCURVE('',#6057,#8414);
#8414 = DEFINITIONAL_REPRESENTATION('',(#8415),#8419);
#8415 = LINE('',#8416,#8417);
#8416 = CARTESIAN_POINT('',(-1.570796326795,1.5));
#8417 = VECTOR('',#8418,1.);
#8418 = DIRECTION('',(1.,-0.));
#8419 = ( GEOMETRIC_REPRESENTATION_CONTEXT(2) 
PARAMETRIC_REPRESENTATION_CONTEXT() REPRESENTATION_CONTEXT('2D SPACE',''
  ) );
#8420 = PCURVE('',#8298,#8421);
#8421 = DEFINITIONAL_REPRESENTATION('',(#8422),#8426);
#8422 = LINE('',#8423,#8424);
#8423 = CARTESIAN_POINT('',(0.,3.14159265359));
#8424 = VECTOR('',#8425,1.);
#8425 = DIRECTION('',(1.,0.));
#8426 = ( GEOMETRIC_REPRESENTATION_CONTEXT(2) 
PARAMETRIC_REPRESENTATION_CONTEXT() REPRESENTATION_CONTEXT('2D SPACE',''
  ) );
#8427 = ORIENTED_EDGE('',*,*,#6041,.F.);
#8428 = ADVANCED_FACE('',(#8429),#5915,.T.);
#8429 = FACE_BOUND('',#8430,.F.);
#8430 = EDGE_LOOP('',(#8431,#8458,#8479,#8480));
#8431 = ORIENTED_EDGE('',*,*,#8432,.F.);
#8432 = EDGE_CURVE('',#8433,#5900,#8435,.T.);
#8433 = VERTEX_POINT('',#8434);
#8434 = CARTESIAN_POINT('',(-30.015,-4.1,6.4));
#8435 = SURFACE_CURVE('',#8436,(#8441,#8447),.PCURVE_S1.);
#8436 = CIRCLE('',#8437,0.5);
#8437 = AXIS2_PLACEMENT_3D('',#8438,#8439,#8440);
#8438 = CARTESIAN_POINT('',(-30.015,-4.1,5.9));
#8439 = DIRECTION('',(6.123233995737E-17,-1.,0.));
#8440 = DIRECTION('',(1.,6.123233995737E-17,0.));
#8441 = PCURVE('',#5915,#8442);
#8442 = DEFINITIONAL_REPRESENTATION('',(#8443),#8446);
#8443 = B_SPLINE_CURVE_WITH_KNOTS('',1,(#8444,#8445),.UNSPECIFIED.,.F.,
  .F.,(2,2),(1.570796326795,3.14159265359),.PIECEWISE_BEZIER_KNOTS.);
#8444 = CARTESIAN_POINT('',(-1.570796326795,0.5));
#8445 = CARTESIAN_POINT('',(0.,0.5));
#8446 = ( GEOMETRIC_REPRESENTATION_CONTEXT(2) 
PARAMETRIC_REPRESENTATION_CONTEXT() REPRESENTATION_CONTEXT('2D SPACE',''
  ) );
#8447 = PCURVE('',#8448,#8453);
#8448 = TOROIDAL_SURFACE('',#8449,1.,0.5);
#8449 = AXIS2_PLACEMENT_3D('',#8450,#8451,#8452);
#8450 = CARTESIAN_POINT('',(-31.015,-4.1,5.9));
#8451 = DIRECTION('',(0.,0.,1.));
#8452 = DIRECTION('',(0.,1.,-0.));
#8453 = DEFINITIONAL_REPRESENTATION('',(#8454),#8457);
#8454 = B_SPLINE_CURVE_WITH_KNOTS('',1,(#8455,#8456),.UNSPECIFIED.,.F.,
  .F.,(2,2),(1.570796326795,3.14159265359),.PIECEWISE_BEZIER_KNOTS.);
#8455 = CARTESIAN_POINT('',(-1.570796326795,1.570796326795));
#8456 = CARTESIAN_POINT('',(-1.570796326795,3.14159265359));
#8457 = ( GEOMETRIC_REPRESENTATION_CONTEXT(2) 
PARAMETRIC_REPRESENTATION_CONTEXT() REPRESENTATION_CONTEXT('2D SPACE',''
  ) );
#8458 = ORIENTED_EDGE('',*,*,#8459,.T.);
#8459 = EDGE_CURVE('',#8433,#8213,#8460,.T.);
#8460 = SURFACE_CURVE('',#8461,(#8465,#8472),.PCURVE_S1.);
#8461 = LINE('',#8462,#8463);
#8462 = CARTESIAN_POINT('',(-30.015,-3.6,6.4));
#8463 = VECTOR('',#8464,1.);
#8464 = DIRECTION('',(-0.,-1.,-0.));
#8465 = PCURVE('',#5915,#8466);
#8466 = DEFINITIONAL_REPRESENTATION('',(#8467),#8471);
#8467 = LINE('',#8468,#8469);
#8468 = CARTESIAN_POINT('',(-1.570796326795,0.));
#8469 = VECTOR('',#8470,1.);
#8470 = DIRECTION('',(-0.,1.));
#8471 = ( GEOMETRIC_REPRESENTATION_CONTEXT(2) 
PARAMETRIC_REPRESENTATION_CONTEXT() REPRESENTATION_CONTEXT('2D SPACE',''
  ) );
#8472 = PCURVE('',#6951,#8473);
#8473 = DEFINITIONAL_REPRESENTATION('',(#8474),#8478);
#8474 = LINE('',#8475,#8476);
#8475 = CARTESIAN_POINT('',(-30.015,-3.6));
#8476 = VECTOR('',#8477,1.);
#8477 = DIRECTION('',(-0.,-1.));
#8478 = ( GEOMETRIC_REPRESENTATION_CONTEXT(2) 
PARAMETRIC_REPRESENTATION_CONTEXT() REPRESENTATION_CONTEXT('2D SPACE',''
  ) );
#8479 = ORIENTED_EDGE('',*,*,#8212,.F.);
#8480 = ORIENTED_EDGE('',*,*,#5899,.F.);
#8481 = ADVANCED_FACE('',(#8482),#6029,.F.);
#8482 = FACE_BOUND('',#8483,.T.);
#8483 = EDGE_LOOP('',(#8484,#8485,#8486,#8508));
#8484 = ORIENTED_EDGE('',*,*,#8356,.F.);
#8485 = ORIENTED_EDGE('',*,*,#6012,.T.);
#8486 = ORIENTED_EDGE('',*,*,#8487,.T.);
#8487 = EDGE_CURVE('',#5985,#8488,#8490,.T.);
#8488 = VERTEX_POINT('',#8489);
#8489 = CARTESIAN_POINT('',(-31.015,3.1,4.4));
#8490 = SURFACE_CURVE('',#8491,(#8496,#8502),.PCURVE_S1.);
#8491 = CIRCLE('',#8492,0.5);
#8492 = AXIS2_PLACEMENT_3D('',#8493,#8494,#8495);
#8493 = CARTESIAN_POINT('',(-31.015,3.1,3.9));
#8494 = DIRECTION('',(0.,-1.,-6.123233995737E-17));
#8495 = DIRECTION('',(0.,6.123233995737E-17,-1.));
#8496 = PCURVE('',#6029,#8497);
#8497 = DEFINITIONAL_REPRESENTATION('',(#8498),#8501);
#8498 = B_SPLINE_CURVE_WITH_KNOTS('',1,(#8499,#8500),.UNSPECIFIED.,.F.,
  .F.,(2,2),(1.570796326795,3.14159265359),.PIECEWISE_BEZIER_KNOTS.);
#8499 = CARTESIAN_POINT('',(-1.570796326795,1.570796326795));
#8500 = CARTESIAN_POINT('',(-1.570796326795,3.14159265359));
#8501 = ( GEOMETRIC_REPRESENTATION_CONTEXT(2) 
PARAMETRIC_REPRESENTATION_CONTEXT() REPRESENTATION_CONTEXT('2D SPACE',''
  ) );
#8502 = PCURVE('',#6000,#8503);
#8503 = DEFINITIONAL_REPRESENTATION('',(#8504),#8507);
#8504 = B_SPLINE_CURVE_WITH_KNOTS('',1,(#8505,#8506),.UNSPECIFIED.,.F.,
  .F.,(2,2),(1.570796326795,3.14159265359),.PIECEWISE_BEZIER_KNOTS.);
#8505 = CARTESIAN_POINT('',(0.,6.7));
#8506 = CARTESIAN_POINT('',(-1.570796326795,6.7));
#8507 = ( GEOMETRIC_REPRESENTATION_CONTEXT(2) 
PARAMETRIC_REPRESENTATION_CONTEXT() REPRESENTATION_CONTEXT('2D SPACE',''
  ) );
#8508 = ORIENTED_EDGE('',*,*,#8509,.F.);
#8509 = EDGE_CURVE('',#8357,#8488,#8510,.T.);
#8510 = SURFACE_CURVE('',#8511,(#8516,#8523),.PCURVE_S1.);
#8511 = CIRCLE('',#8512,0.5);
#8512 = AXIS2_PLACEMENT_3D('',#8513,#8514,#8515);
#8513 = CARTESIAN_POINT('',(-31.015,3.1,4.9));
#8514 = DIRECTION('',(-1.,0.,0.));
#8515 = DIRECTION('',(0.,1.,0.));
#8516 = PCURVE('',#6029,#8517);
#8517 = DEFINITIONAL_REPRESENTATION('',(#8518),#8522);
#8518 = LINE('',#8519,#8520);
#8519 = CARTESIAN_POINT('',(-0.,3.14159265359));
#8520 = VECTOR('',#8521,1.);
#8521 = DIRECTION('',(-1.,0.));
#8522 = ( GEOMETRIC_REPRESENTATION_CONTEXT(2) 
PARAMETRIC_REPRESENTATION_CONTEXT() REPRESENTATION_CONTEXT('2D SPACE',''
  ) );
#8523 = PCURVE('',#8524,#8529);
#8524 = CYLINDRICAL_SURFACE('',#8525,0.5);
#8525 = AXIS2_PLACEMENT_3D('',#8526,#8527,#8528);
#8526 = CARTESIAN_POINT('',(-31.615,3.1,4.9));
#8527 = DIRECTION('',(1.,0.,0.));
#8528 = DIRECTION('',(-0.,1.,0.));
#8529 = DEFINITIONAL_REPRESENTATION('',(#8530),#8534);
#8530 = LINE('',#8531,#8532);
#8531 = CARTESIAN_POINT('',(-0.,0.6));
#8532 = VECTOR('',#8533,1.);
#8533 = DIRECTION('',(-1.,0.));
#8534 = ( GEOMETRIC_REPRESENTATION_CONTEXT(2) 
PARAMETRIC_REPRESENTATION_CONTEXT() REPRESENTATION_CONTEXT('2D SPACE',''
  ) );
#8535 = ADVANCED_FACE('',(#8536),#5943,.F.);
#8536 = FACE_BOUND('',#8537,.F.);
#8537 = EDGE_LOOP('',(#8538,#8560,#8588,#8610));
#8538 = ORIENTED_EDGE('',*,*,#8539,.T.);
#8539 = EDGE_CURVE('',#5928,#8540,#8542,.T.);
#8540 = VERTEX_POINT('',#8541);
#8541 = CARTESIAN_POINT('',(-31.015,-3.6,4.9));
#8542 = SURFACE_CURVE('',#8543,(#8548,#8554),.PCURVE_S1.);
#8543 = CIRCLE('',#8544,0.5);
#8544 = AXIS2_PLACEMENT_3D('',#8545,#8546,#8547);
#8545 = CARTESIAN_POINT('',(-31.015,-4.1,4.9));
#8546 = DIRECTION('',(0.,-1.837589179358E-15,1.));
#8547 = DIRECTION('',(-0.,-1.,-1.837589179358E-15));
#8548 = PCURVE('',#5943,#8549);
#8549 = DEFINITIONAL_REPRESENTATION('',(#8550),#8553);
#8550 = B_SPLINE_CURVE_WITH_KNOTS('',1,(#8551,#8552),.UNSPECIFIED.,.F.,
  .F.,(2,2),(1.570796326795,3.14159265359),.PIECEWISE_BEZIER_KNOTS.);
#8551 = CARTESIAN_POINT('',(0.,0.5));
#8552 = CARTESIAN_POINT('',(1.570796326795,0.5));
#8553 = ( GEOMETRIC_REPRESENTATION_CONTEXT(2) 
PARAMETRIC_REPRESENTATION_CONTEXT() REPRESENTATION_CONTEXT('2D SPACE',''
  ) );
#8554 = PCURVE('',#5972,#8555);
#8555 = DEFINITIONAL_REPRESENTATION('',(#8556),#8559);
#8556 = B_SPLINE_CURVE_WITH_KNOTS('',1,(#8557,#8558),.UNSPECIFIED.,.F.,
  .F.,(2,2),(1.570796326795,3.14159265359),.PIECEWISE_BEZIER_KNOTS.);
#8557 = CARTESIAN_POINT('',(-1.570796326795,1.570796326795));
#8558 = CARTESIAN_POINT('',(-1.570796326795,3.14159265359));
#8559 = ( GEOMETRIC_REPRESENTATION_CONTEXT(2) 
PARAMETRIC_REPRESENTATION_CONTEXT() REPRESENTATION_CONTEXT('2D SPACE',''
  ) );
#8560 = ORIENTED_EDGE('',*,*,#8561,.T.);
#8561 = EDGE_CURVE('',#8540,#8562,#8564,.T.);
#8562 = VERTEX_POINT('',#8563);
#8563 = CARTESIAN_POINT('',(-31.015,-3.6,5.9));
#8564 = SURFACE_CURVE('',#8565,(#8569,#8576),.PCURVE_S1.);
#8565 = LINE('',#8566,#8567);
#8566 = CARTESIAN_POINT('',(-31.015,-3.6,4.4));
#8567 = VECTOR('',#8568,1.);
#8568 = DIRECTION('',(0.,0.,1.));
#8569 = PCURVE('',#5943,#8570);
#8570 = DEFINITIONAL_REPRESENTATION('',(#8571),#8575);
#8571 = LINE('',#8572,#8573);
#8572 = CARTESIAN_POINT('',(1.570796326795,0.));
#8573 = VECTOR('',#8574,1.);
#8574 = DIRECTION('',(0.,1.));
#8575 = ( GEOMETRIC_REPRESENTATION_CONTEXT(2) 
PARAMETRIC_REPRESENTATION_CONTEXT() REPRESENTATION_CONTEXT('2D SPACE',''
  ) );
#8576 = PCURVE('',#8577,#8582);
#8577 = PLANE('',#8578);
#8578 = AXIS2_PLACEMENT_3D('',#8579,#8580,#8581);
#8579 = CARTESIAN_POINT('',(-31.615,-3.6,4.4));
#8580 = DIRECTION('',(0.,1.,0.));
#8581 = DIRECTION('',(0.,0.,1.));
#8582 = DEFINITIONAL_REPRESENTATION('',(#8583),#8587);
#8583 = LINE('',#8584,#8585);
#8584 = CARTESIAN_POINT('',(0.,0.6));
#8585 = VECTOR('',#8586,1.);
#8586 = DIRECTION('',(1.,0.));
#8587 = ( GEOMETRIC_REPRESENTATION_CONTEXT(2) 
PARAMETRIC_REPRESENTATION_CONTEXT() REPRESENTATION_CONTEXT('2D SPACE',''
  ) );
#8588 = ORIENTED_EDGE('',*,*,#8589,.T.);
#8589 = EDGE_CURVE('',#8562,#5900,#8590,.T.);
#8590 = SURFACE_CURVE('',#8591,(#8596,#8603),.PCURVE_S1.);
#8591 = CIRCLE('',#8592,0.5);
#8592 = AXIS2_PLACEMENT_3D('',#8593,#8594,#8595);
#8593 = CARTESIAN_POINT('',(-31.015,-4.1,5.9));
#8594 = DIRECTION('',(0.,-0.,-1.));
#8595 = DIRECTION('',(0.,1.,-0.));
#8596 = PCURVE('',#5943,#8597);
#8597 = DEFINITIONAL_REPRESENTATION('',(#8598),#8602);
#8598 = LINE('',#8599,#8600);
#8599 = CARTESIAN_POINT('',(1.570796326795,1.5));
#8600 = VECTOR('',#8601,1.);
#8601 = DIRECTION('',(-1.,-0.));
#8602 = ( GEOMETRIC_REPRESENTATION_CONTEXT(2) 
PARAMETRIC_REPRESENTATION_CONTEXT() REPRESENTATION_CONTEXT('2D SPACE',''
  ) );
#8603 = PCURVE('',#8448,#8604);
#8604 = DEFINITIONAL_REPRESENTATION('',(#8605),#8609);
#8605 = LINE('',#8606,#8607);
#8606 = CARTESIAN_POINT('',(-0.,3.14159265359));
#8607 = VECTOR('',#8608,1.);
#8608 = DIRECTION('',(-1.,0.));
#8609 = ( GEOMETRIC_REPRESENTATION_CONTEXT(2) 
PARAMETRIC_REPRESENTATION_CONTEXT() REPRESENTATION_CONTEXT('2D SPACE',''
  ) );
#8610 = ORIENTED_EDGE('',*,*,#5927,.F.);
#8611 = ADVANCED_FACE('',(#8612),#6000,.F.);
#8612 = FACE_BOUND('',#8613,.T.);
#8613 = EDGE_LOOP('',(#8614,#8636,#8662,#8663));
#8614 = ORIENTED_EDGE('',*,*,#8615,.T.);
#8615 = EDGE_CURVE('',#5956,#8616,#8618,.T.);
#8616 = VERTEX_POINT('',#8617);
#8617 = CARTESIAN_POINT('',(-31.015,-3.1,4.4));
#8618 = SURFACE_CURVE('',#8619,(#8624,#8630),.PCURVE_S1.);
#8619 = CIRCLE('',#8620,0.5);
#8620 = AXIS2_PLACEMENT_3D('',#8621,#8622,#8623);
#8621 = CARTESIAN_POINT('',(-31.015,-3.1,3.9));
#8622 = DIRECTION('',(0.,-1.,8.881784197001E-16));
#8623 = DIRECTION('',(-0.,-8.881784197001E-16,-1.));
#8624 = PCURVE('',#6000,#8625);
#8625 = DEFINITIONAL_REPRESENTATION('',(#8626),#8629);
#8626 = B_SPLINE_CURVE_WITH_KNOTS('',1,(#8627,#8628),.UNSPECIFIED.,.F.,
  .F.,(2,2),(1.570796326795,3.14159265359),.PIECEWISE_BEZIER_KNOTS.);
#8627 = CARTESIAN_POINT('',(0.,0.5));
#8628 = CARTESIAN_POINT('',(-1.570796326795,0.5));
#8629 = ( GEOMETRIC_REPRESENTATION_CONTEXT(2) 
PARAMETRIC_REPRESENTATION_CONTEXT() REPRESENTATION_CONTEXT('2D SPACE',''
  ) );
#8630 = PCURVE('',#5972,#8631);
#8631 = DEFINITIONAL_REPRESENTATION('',(#8632),#8635);
#8632 = B_SPLINE_CURVE_WITH_KNOTS('',1,(#8633,#8634),.UNSPECIFIED.,.F.,
  .F.,(2,2),(1.570796326795,3.14159265359),.PIECEWISE_BEZIER_KNOTS.);
#8633 = CARTESIAN_POINT('',(0.,1.570796326795));
#8634 = CARTESIAN_POINT('',(0.,3.14159265359));
#8635 = ( GEOMETRIC_REPRESENTATION_CONTEXT(2) 
PARAMETRIC_REPRESENTATION_CONTEXT() REPRESENTATION_CONTEXT('2D SPACE',''
  ) );
#8636 = ORIENTED_EDGE('',*,*,#8637,.T.);
#8637 = EDGE_CURVE('',#8616,#8488,#8638,.T.);
#8638 = SURFACE_CURVE('',#8639,(#8643,#8650),.PCURVE_S1.);
#8639 = LINE('',#8640,#8641);
#8640 = CARTESIAN_POINT('',(-31.015,-3.6,4.4));
#8641 = VECTOR('',#8642,1.);
#8642 = DIRECTION('',(0.,1.,0.));
#8643 = PCURVE('',#6000,#8644);
#8644 = DEFINITIONAL_REPRESENTATION('',(#8645),#8649);
#8645 = LINE('',#8646,#8647);
#8646 = CARTESIAN_POINT('',(-1.570796326795,0.));
#8647 = VECTOR('',#8648,1.);
#8648 = DIRECTION('',(-0.,1.));
#8649 = ( GEOMETRIC_REPRESENTATION_CONTEXT(2) 
PARAMETRIC_REPRESENTATION_CONTEXT() REPRESENTATION_CONTEXT('2D SPACE',''
  ) );
#8650 = PCURVE('',#8651,#8656);
#8651 = PLANE('',#8652);
#8652 = AXIS2_PLACEMENT_3D('',#8653,#8654,#8655);
#8653 = CARTESIAN_POINT('',(-31.615,-3.6,4.4));
#8654 = DIRECTION('',(0.,0.,1.));
#8655 = DIRECTION('',(1.,0.,0.));
#8656 = DEFINITIONAL_REPRESENTATION('',(#8657),#8661);
#8657 = LINE('',#8658,#8659);
#8658 = CARTESIAN_POINT('',(0.6,-4.440892098501E-16));
#8659 = VECTOR('',#8660,1.);
#8660 = DIRECTION('',(0.,1.));
#8661 = ( GEOMETRIC_REPRESENTATION_CONTEXT(2) 
PARAMETRIC_REPRESENTATION_CONTEXT() REPRESENTATION_CONTEXT('2D SPACE',''
  ) );
#8662 = ORIENTED_EDGE('',*,*,#8487,.F.);
#8663 = ORIENTED_EDGE('',*,*,#5984,.F.);
#8664 = ADVANCED_FACE('',(#8665),#5972,.F.);
#8665 = FACE_BOUND('',#8666,.T.);
#8666 = EDGE_LOOP('',(#8667,#8668,#8669,#8670));
#8667 = ORIENTED_EDGE('',*,*,#8615,.F.);
#8668 = ORIENTED_EDGE('',*,*,#5955,.T.);
#8669 = ORIENTED_EDGE('',*,*,#8539,.T.);
#8670 = ORIENTED_EDGE('',*,*,#8671,.F.);
#8671 = EDGE_CURVE('',#8616,#8540,#8672,.T.);
#8672 = SURFACE_CURVE('',#8673,(#8678,#8685),.PCURVE_S1.);
#8673 = CIRCLE('',#8674,0.5);
#8674 = AXIS2_PLACEMENT_3D('',#8675,#8676,#8677);
#8675 = CARTESIAN_POINT('',(-31.015,-3.1,4.9));
#8676 = DIRECTION('',(-1.,0.,0.));
#8677 = DIRECTION('',(-0.,-8.881784197001E-16,-1.));
#8678 = PCURVE('',#5972,#8679);
#8679 = DEFINITIONAL_REPRESENTATION('',(#8680),#8684);
#8680 = LINE('',#8681,#8682);
#8681 = CARTESIAN_POINT('',(-0.,3.14159265359));
#8682 = VECTOR('',#8683,1.);
#8683 = DIRECTION('',(-1.,0.));
#8684 = ( GEOMETRIC_REPRESENTATION_CONTEXT(2) 
PARAMETRIC_REPRESENTATION_CONTEXT() REPRESENTATION_CONTEXT('2D SPACE',''
  ) );
#8685 = PCURVE('',#8686,#8691);
#8686 = CYLINDRICAL_SURFACE('',#8687,0.5);
#8687 = AXIS2_PLACEMENT_3D('',#8688,#8689,#8690);
#8688 = CARTESIAN_POINT('',(-31.615,-3.1,4.9));
#8689 = DIRECTION('',(1.,0.,0.));
#8690 = DIRECTION('',(0.,0.,-1.));
#8691 = DEFINITIONAL_REPRESENTATION('',(#8692),#8696);
#8692 = LINE('',#8693,#8694);
#8693 = CARTESIAN_POINT('',(-0.,0.6));
#8694 = VECTOR('',#8695,1.);
#8695 = DIRECTION('',(-1.,0.));
#8696 = ( GEOMETRIC_REPRESENTATION_CONTEXT(2) 
PARAMETRIC_REPRESENTATION_CONTEXT() REPRESENTATION_CONTEXT('2D SPACE',''
  ) );
#8697 = ADVANCED_FACE('',(#8698),#6307,.T.);
#8698 = FACE_BOUND('',#8699,.F.);
#8699 = EDGE_LOOP('',(#8700,#8727,#8750,#8770));
#8700 = ORIENTED_EDGE('',*,*,#8701,.F.);
#8701 = EDGE_CURVE('',#8702,#6266,#8704,.T.);
#8702 = VERTEX_POINT('',#8703);
#8703 = CARTESIAN_POINT('',(4.1,-30.015,6.4));
#8704 = SURFACE_CURVE('',#8705,(#8710,#8716),.PCURVE_S1.);
#8705 = CIRCLE('',#8706,0.5);
#8706 = AXIS2_PLACEMENT_3D('',#8707,#8708,#8709);
#8707 = CARTESIAN_POINT('',(4.1,-30.015,5.9));
#8708 = DIRECTION('',(1.,6.123233995737E-17,-0.));
#8709 = DIRECTION('',(-6.123233995737E-17,1.,0.));
#8710 = PCURVE('',#6307,#8711);
#8711 = DEFINITIONAL_REPRESENTATION('',(#8712),#8715);
#8712 = B_SPLINE_CURVE_WITH_KNOTS('',1,(#8713,#8714),.UNSPECIFIED.,.F.,
  .F.,(2,2),(1.570796326795,3.14159265359),.PIECEWISE_BEZIER_KNOTS.);
#8713 = CARTESIAN_POINT('',(-1.570796326795,0.5));
#8714 = CARTESIAN_POINT('',(0.,0.5));
#8715 = ( GEOMETRIC_REPRESENTATION_CONTEXT(2) 
PARAMETRIC_REPRESENTATION_CONTEXT() REPRESENTATION_CONTEXT('2D SPACE',''
  ) );
#8716 = PCURVE('',#8717,#8722);
#8717 = TOROIDAL_SURFACE('',#8718,1.,0.5);
#8718 = AXIS2_PLACEMENT_3D('',#8719,#8720,#8721);
#8719 = CARTESIAN_POINT('',(4.1,-31.015,5.9));
#8720 = DIRECTION('',(0.,0.,1.));
#8721 = DIRECTION('',(-1.,0.,0.));
#8722 = DEFINITIONAL_REPRESENTATION('',(#8723),#8726);
#8723 = B_SPLINE_CURVE_WITH_KNOTS('',1,(#8724,#8725),.UNSPECIFIED.,.F.,
  .F.,(2,2),(1.570796326795,3.14159265359),.PIECEWISE_BEZIER_KNOTS.);
#8724 = CARTESIAN_POINT('',(-1.570796326795,1.570796326795));
#8725 = CARTESIAN_POINT('',(-1.570796326795,3.14159265359));
#8726 = ( GEOMETRIC_REPRESENTATION_CONTEXT(2) 
PARAMETRIC_REPRESENTATION_CONTEXT() REPRESENTATION_CONTEXT('2D SPACE',''
  ) );
#8727 = ORIENTED_EDGE('',*,*,#8728,.T.);
#8728 = EDGE_CURVE('',#8702,#8729,#8731,.T.);
#8729 = VERTEX_POINT('',#8730);
#8730 = CARTESIAN_POINT('',(11.707843142053,-30.015,6.4));
#8731 = SURFACE_CURVE('',#8732,(#8736,#8743),.PCURVE_S1.);
#8732 = LINE('',#8733,#8734);
#8733 = CARTESIAN_POINT('',(3.6,-30.015,6.4));
#8734 = VECTOR('',#8735,1.);
#8735 = DIRECTION('',(1.,0.,0.));
#8736 = PCURVE('',#6307,#8737);
#8737 = DEFINITIONAL_REPRESENTATION('',(#8738),#8742);
#8738 = LINE('',#8739,#8740);
#8739 = CARTESIAN_POINT('',(-1.570796326795,0.));
#8740 = VECTOR('',#8741,1.);
#8741 = DIRECTION('',(-0.,1.));
#8742 = ( GEOMETRIC_REPRESENTATION_CONTEXT(2) 
PARAMETRIC_REPRESENTATION_CONTEXT() REPRESENTATION_CONTEXT('2D SPACE',''
  ) );
#8743 = PCURVE('',#6951,#8744);
#8744 = DEFINITIONAL_REPRESENTATION('',(#8745),#8749);
#8745 = LINE('',#8746,#8747);
#8746 = CARTESIAN_POINT('',(3.6,-30.015));
#8747 = VECTOR('',#8748,1.);
#8748 = DIRECTION('',(1.,0.));
#8749 = ( GEOMETRIC_REPRESENTATION_CONTEXT(2) 
PARAMETRIC_REPRESENTATION_CONTEXT() REPRESENTATION_CONTEXT('2D SPACE',''
  ) );
#8750 = ORIENTED_EDGE('',*,*,#8751,.F.);
#8751 = EDGE_CURVE('',#6099,#8729,#8752,.T.);
#8752 = SURFACE_CURVE('',#8753,(#8758,#8764),.PCURVE_S1.);
#8753 = CIRCLE('',#8754,0.5);
#8754 = AXIS2_PLACEMENT_3D('',#8755,#8756,#8757);
#8755 = CARTESIAN_POINT('',(11.707843142053,-30.015,5.9));
#8756 = DIRECTION('',(-1.,-0.,0.));
#8757 = DIRECTION('',(0.,-1.,0.));
#8758 = PCURVE('',#6307,#8759);
#8759 = DEFINITIONAL_REPRESENTATION('',(#8760),#8763);
#8760 = B_SPLINE_CURVE_WITH_KNOTS('',1,(#8761,#8762),.UNSPECIFIED.,.F.,
  .F.,(2,2),(0.,1.570796326795),.PIECEWISE_BEZIER_KNOTS.);
#8761 = CARTESIAN_POINT('',(0.,8.107843142053));
#8762 = CARTESIAN_POINT('',(-1.570796326795,8.107843142053));
#8763 = ( GEOMETRIC_REPRESENTATION_CONTEXT(2) 
PARAMETRIC_REPRESENTATION_CONTEXT() REPRESENTATION_CONTEXT('2D SPACE',''
  ) );
#8764 = PCURVE('',#6395,#8765);
#8765 = DEFINITIONAL_REPRESENTATION('',(#8766),#8769);
#8766 = B_SPLINE_CURVE_WITH_KNOTS('',1,(#8767,#8768),.UNSPECIFIED.,.F.,
  .F.,(2,2),(0.,1.570796326795),.PIECEWISE_BEZIER_KNOTS.);
#8767 = CARTESIAN_POINT('',(0.,0.));
#8768 = CARTESIAN_POINT('',(0.,1.570796326795));
#8769 = ( GEOMETRIC_REPRESENTATION_CONTEXT(2) 
PARAMETRIC_REPRESENTATION_CONTEXT() REPRESENTATION_CONTEXT('2D SPACE',''
  ) );
#8770 = ORIENTED_EDGE('',*,*,#6293,.F.);
#8771 = ADVANCED_FACE('',(#8772),#6281,.F.);
#8772 = FACE_BOUND('',#8773,.F.);
#8773 = EDGE_LOOP('',(#8774,#8796,#8824,#8846));
#8774 = ORIENTED_EDGE('',*,*,#8775,.T.);
#8775 = EDGE_CURVE('',#6237,#8776,#8778,.T.);
#8776 = VERTEX_POINT('',#8777);
#8777 = CARTESIAN_POINT('',(3.6,-31.015,4.9));
#8778 = SURFACE_CURVE('',#8779,(#8784,#8790),.PCURVE_S1.);
#8779 = CIRCLE('',#8780,0.5);
#8780 = AXIS2_PLACEMENT_3D('',#8781,#8782,#8783);
#8781 = CARTESIAN_POINT('',(4.1,-31.015,4.9));
#8782 = DIRECTION('',(0.,-0.,1.));
#8783 = DIRECTION('',(1.,0.,0.));
#8784 = PCURVE('',#6281,#8785);
#8785 = DEFINITIONAL_REPRESENTATION('',(#8786),#8789);
#8786 = B_SPLINE_CURVE_WITH_KNOTS('',1,(#8787,#8788),.UNSPECIFIED.,.F.,
  .F.,(2,2),(1.570796326795,3.14159265359),.PIECEWISE_BEZIER_KNOTS.);
#8787 = CARTESIAN_POINT('',(0.,0.5));
#8788 = CARTESIAN_POINT('',(1.570796326795,0.5));
#8789 = ( GEOMETRIC_REPRESENTATION_CONTEXT(2) 
PARAMETRIC_REPRESENTATION_CONTEXT() REPRESENTATION_CONTEXT('2D SPACE',''
  ) );
#8790 = PCURVE('',#6253,#8791);
#8791 = DEFINITIONAL_REPRESENTATION('',(#8792),#8795);
#8792 = B_SPLINE_CURVE_WITH_KNOTS('',1,(#8793,#8794),.UNSPECIFIED.,.F.,
  .F.,(2,2),(1.570796326795,3.14159265359),.PIECEWISE_BEZIER_KNOTS.);
#8793 = CARTESIAN_POINT('',(0.,1.570796326795));
#8794 = CARTESIAN_POINT('',(0.,3.14159265359));
#8795 = ( GEOMETRIC_REPRESENTATION_CONTEXT(2) 
PARAMETRIC_REPRESENTATION_CONTEXT() REPRESENTATION_CONTEXT('2D SPACE',''
  ) );
#8796 = ORIENTED_EDGE('',*,*,#8797,.T.);
#8797 = EDGE_CURVE('',#8776,#8798,#8800,.T.);
#8798 = VERTEX_POINT('',#8799);
#8799 = CARTESIAN_POINT('',(3.6,-31.015,5.9));
#8800 = SURFACE_CURVE('',#8801,(#8805,#8812),.PCURVE_S1.);
#8801 = LINE('',#8802,#8803);
#8802 = CARTESIAN_POINT('',(3.6,-31.015,4.4));
#8803 = VECTOR('',#8804,1.);
#8804 = DIRECTION('',(0.,0.,1.));
#8805 = PCURVE('',#6281,#8806);
#8806 = DEFINITIONAL_REPRESENTATION('',(#8807),#8811);
#8807 = LINE('',#8808,#8809);
#8808 = CARTESIAN_POINT('',(1.570796326795,0.));
#8809 = VECTOR('',#8810,1.);
#8810 = DIRECTION('',(0.,1.));
#8811 = ( GEOMETRIC_REPRESENTATION_CONTEXT(2) 
PARAMETRIC_REPRESENTATION_CONTEXT() REPRESENTATION_CONTEXT('2D SPACE',''
  ) );
#8812 = PCURVE('',#8813,#8818);
#8813 = PLANE('',#8814);
#8814 = AXIS2_PLACEMENT_3D('',#8815,#8816,#8817);
#8815 = CARTESIAN_POINT('',(3.6,-31.615,4.4));
#8816 = DIRECTION('',(1.,0.,0.));
#8817 = DIRECTION('',(0.,0.,1.));
#8818 = DEFINITIONAL_REPRESENTATION('',(#8819),#8823);
#8819 = LINE('',#8820,#8821);
#8820 = CARTESIAN_POINT('',(0.,-0.6));
#8821 = VECTOR('',#8822,1.);
#8822 = DIRECTION('',(1.,0.));
#8823 = ( GEOMETRIC_REPRESENTATION_CONTEXT(2) 
PARAMETRIC_REPRESENTATION_CONTEXT() REPRESENTATION_CONTEXT('2D SPACE',''
  ) );
#8824 = ORIENTED_EDGE('',*,*,#8825,.T.);
#8825 = EDGE_CURVE('',#8798,#6266,#8826,.T.);
#8826 = SURFACE_CURVE('',#8827,(#8832,#8839),.PCURVE_S1.);
#8827 = CIRCLE('',#8828,0.5);
#8828 = AXIS2_PLACEMENT_3D('',#8829,#8830,#8831);
#8829 = CARTESIAN_POINT('',(4.1,-31.015,5.9));
#8830 = DIRECTION('',(-0.,0.,-1.));
#8831 = DIRECTION('',(-1.,0.,0.));
#8832 = PCURVE('',#6281,#8833);
#8833 = DEFINITIONAL_REPRESENTATION('',(#8834),#8838);
#8834 = LINE('',#8835,#8836);
#8835 = CARTESIAN_POINT('',(1.570796326795,1.5));
#8836 = VECTOR('',#8837,1.);
#8837 = DIRECTION('',(-1.,-0.));
#8838 = ( GEOMETRIC_REPRESENTATION_CONTEXT(2) 
PARAMETRIC_REPRESENTATION_CONTEXT() REPRESENTATION_CONTEXT('2D SPACE',''
  ) );
#8839 = PCURVE('',#8717,#8840);
#8840 = DEFINITIONAL_REPRESENTATION('',(#8841),#8845);
#8841 = LINE('',#8842,#8843);
#8842 = CARTESIAN_POINT('',(-0.,3.14159265359));
#8843 = VECTOR('',#8844,1.);
#8844 = DIRECTION('',(-1.,0.));
#8845 = ( GEOMETRIC_REPRESENTATION_CONTEXT(2) 
PARAMETRIC_REPRESENTATION_CONTEXT() REPRESENTATION_CONTEXT('2D SPACE',''
  ) );
#8846 = ORIENTED_EDGE('',*,*,#6265,.F.);
#8847 = ADVANCED_FACE('',(#8848),#6139,.T.);
#8848 = FACE_BOUND('',#8849,.F.);
#8849 = EDGE_LOOP('',(#8850,#8851,#8874,#8899));
#8850 = ORIENTED_EDGE('',*,*,#8235,.T.);
#8851 = ORIENTED_EDGE('',*,*,#8852,.T.);
#8852 = EDGE_CURVE('',#8236,#8853,#8855,.T.);
#8853 = VERTEX_POINT('',#8854);
#8854 = CARTESIAN_POINT('',(-4.1,-30.015,6.4));
#8855 = SURFACE_CURVE('',#8856,(#8860,#8867),.PCURVE_S1.);
#8856 = LINE('',#8857,#8858);
#8857 = CARTESIAN_POINT('',(-11.70784314205,-30.015,6.4));
#8858 = VECTOR('',#8859,1.);
#8859 = DIRECTION('',(1.,0.,0.));
#8860 = PCURVE('',#6139,#8861);
#8861 = DEFINITIONAL_REPRESENTATION('',(#8862),#8866);
#8862 = LINE('',#8863,#8864);
#8863 = CARTESIAN_POINT('',(-1.570796326795,0.));
#8864 = VECTOR('',#8865,1.);
#8865 = DIRECTION('',(-0.,1.));
#8866 = ( GEOMETRIC_REPRESENTATION_CONTEXT(2) 
PARAMETRIC_REPRESENTATION_CONTEXT() REPRESENTATION_CONTEXT('2D SPACE',''
  ) );
#8867 = PCURVE('',#6951,#8868);
#8868 = DEFINITIONAL_REPRESENTATION('',(#8869),#8873);
#8869 = LINE('',#8870,#8871);
#8870 = CARTESIAN_POINT('',(-11.70784314205,-30.015));
#8871 = VECTOR('',#8872,1.);
#8872 = DIRECTION('',(1.,0.));
#8873 = ( GEOMETRIC_REPRESENTATION_CONTEXT(2) 
PARAMETRIC_REPRESENTATION_CONTEXT() REPRESENTATION_CONTEXT('2D SPACE',''
  ) );
#8874 = ORIENTED_EDGE('',*,*,#8875,.T.);
#8875 = EDGE_CURVE('',#8853,#6124,#8876,.T.);
#8876 = SURFACE_CURVE('',#8877,(#8882,#8888),.PCURVE_S1.);
#8877 = CIRCLE('',#8878,0.5);
#8878 = AXIS2_PLACEMENT_3D('',#8879,#8880,#8881);
#8879 = CARTESIAN_POINT('',(-4.1,-30.015,5.9));
#8880 = DIRECTION('',(1.,-6.123233995737E-17,0.));
#8881 = DIRECTION('',(6.123233995737E-17,1.,0.));
#8882 = PCURVE('',#6139,#8883);
#8883 = DEFINITIONAL_REPRESENTATION('',(#8884),#8887);
#8884 = B_SPLINE_CURVE_WITH_KNOTS('',1,(#8885,#8886),.UNSPECIFIED.,.F.,
  .F.,(2,2),(1.570796326795,3.14159265359),.PIECEWISE_BEZIER_KNOTS.);
#8885 = CARTESIAN_POINT('',(-1.570796326795,7.607843142053));
#8886 = CARTESIAN_POINT('',(0.,7.607843142053));
#8887 = ( GEOMETRIC_REPRESENTATION_CONTEXT(2) 
PARAMETRIC_REPRESENTATION_CONTEXT() REPRESENTATION_CONTEXT('2D SPACE',''
  ) );
#8888 = PCURVE('',#8889,#8894);
#8889 = TOROIDAL_SURFACE('',#8890,1.,0.5);
#8890 = AXIS2_PLACEMENT_3D('',#8891,#8892,#8893);
#8891 = CARTESIAN_POINT('',(-4.1,-31.015,5.9));
#8892 = DIRECTION('',(0.,0.,1.));
#8893 = DIRECTION('',(1.,0.,-0.));
#8894 = DEFINITIONAL_REPRESENTATION('',(#8895),#8898);
#8895 = B_SPLINE_CURVE_WITH_KNOTS('',1,(#8896,#8897),.UNSPECIFIED.,.F.,
  .F.,(2,2),(1.570796326795,3.14159265359),.PIECEWISE_BEZIER_KNOTS.);
#8896 = CARTESIAN_POINT('',(1.570796326795,1.570796326795));
#8897 = CARTESIAN_POINT('',(1.570796326795,3.14159265359));
#8898 = ( GEOMETRIC_REPRESENTATION_CONTEXT(2) 
PARAMETRIC_REPRESENTATION_CONTEXT() REPRESENTATION_CONTEXT('2D SPACE',''
  ) );
#8899 = ORIENTED_EDGE('',*,*,#6123,.F.);
#8900 = ADVANCED_FACE('',(#8901),#6253,.F.);
#8901 = FACE_BOUND('',#8902,.F.);
#8902 = EDGE_LOOP('',(#8903,#8904,#8905,#8927));
#8903 = ORIENTED_EDGE('',*,*,#8775,.F.);
#8904 = ORIENTED_EDGE('',*,*,#6236,.T.);
#8905 = ORIENTED_EDGE('',*,*,#8906,.T.);
#8906 = EDGE_CURVE('',#6209,#8907,#8909,.T.);
#8907 = VERTEX_POINT('',#8908);
#8908 = CARTESIAN_POINT('',(3.1,-31.015,4.4));
#8909 = SURFACE_CURVE('',#8910,(#8915,#8921),.PCURVE_S1.);
#8910 = CIRCLE('',#8911,0.5);
#8911 = AXIS2_PLACEMENT_3D('',#8912,#8913,#8914);
#8912 = CARTESIAN_POINT('',(3.1,-31.015,3.9));
#8913 = DIRECTION('',(1.,0.,6.123233995737E-17));
#8914 = DIRECTION('',(6.123233995737E-17,0.,-1.));
#8915 = PCURVE('',#6253,#8916);
#8916 = DEFINITIONAL_REPRESENTATION('',(#8917),#8920);
#8917 = B_SPLINE_CURVE_WITH_KNOTS('',1,(#8918,#8919),.UNSPECIFIED.,.F.,
  .F.,(2,2),(1.570796326795,3.14159265359),.PIECEWISE_BEZIER_KNOTS.);
#8918 = CARTESIAN_POINT('',(1.570796326795,1.570796326795));
#8919 = CARTESIAN_POINT('',(1.570796326795,3.14159265359));
#8920 = ( GEOMETRIC_REPRESENTATION_CONTEXT(2) 
PARAMETRIC_REPRESENTATION_CONTEXT() REPRESENTATION_CONTEXT('2D SPACE',''
  ) );
#8921 = PCURVE('',#6224,#8922);
#8922 = DEFINITIONAL_REPRESENTATION('',(#8923),#8926);
#8923 = B_SPLINE_CURVE_WITH_KNOTS('',1,(#8924,#8925),.UNSPECIFIED.,.F.,
  .F.,(2,2),(1.570796326795,3.14159265359),.PIECEWISE_BEZIER_KNOTS.);
#8924 = CARTESIAN_POINT('',(0.,6.7));
#8925 = CARTESIAN_POINT('',(1.570796326795,6.7));
#8926 = ( GEOMETRIC_REPRESENTATION_CONTEXT(2) 
PARAMETRIC_REPRESENTATION_CONTEXT() REPRESENTATION_CONTEXT('2D SPACE',''
  ) );
#8927 = ORIENTED_EDGE('',*,*,#8928,.F.);
#8928 = EDGE_CURVE('',#8776,#8907,#8929,.T.);
#8929 = SURFACE_CURVE('',#8930,(#8935,#8942),.PCURVE_S1.);
#8930 = CIRCLE('',#8931,0.5);
#8931 = AXIS2_PLACEMENT_3D('',#8932,#8933,#8934);
#8932 = CARTESIAN_POINT('',(3.1,-31.015,4.9));
#8933 = DIRECTION('',(-0.,1.,0.));
#8934 = DIRECTION('',(1.,0.,0.));
#8935 = PCURVE('',#6253,#8936);
#8936 = DEFINITIONAL_REPRESENTATION('',(#8937),#8941);
#8937 = LINE('',#8938,#8939);
#8938 = CARTESIAN_POINT('',(0.,3.14159265359));
#8939 = VECTOR('',#8940,1.);
#8940 = DIRECTION('',(1.,0.));
#8941 = ( GEOMETRIC_REPRESENTATION_CONTEXT(2) 
PARAMETRIC_REPRESENTATION_CONTEXT() REPRESENTATION_CONTEXT('2D SPACE',''
  ) );
#8942 = PCURVE('',#8943,#8948);
#8943 = CYLINDRICAL_SURFACE('',#8944,0.5);
#8944 = AXIS2_PLACEMENT_3D('',#8945,#8946,#8947);
#8945 = CARTESIAN_POINT('',(3.1,-31.615,4.9));
#8946 = DIRECTION('',(0.,1.,0.));
#8947 = DIRECTION('',(1.,0.,-0.));
#8948 = DEFINITIONAL_REPRESENTATION('',(#8949),#8953);
#8949 = LINE('',#8950,#8951);
#8950 = CARTESIAN_POINT('',(0.,0.6));
#8951 = VECTOR('',#8952,1.);
#8952 = DIRECTION('',(1.,0.));
#8953 = ( GEOMETRIC_REPRESENTATION_CONTEXT(2) 
PARAMETRIC_REPRESENTATION_CONTEXT() REPRESENTATION_CONTEXT('2D SPACE',''
  ) );
#8954 = ADVANCED_FACE('',(#8955),#6167,.F.);
#8955 = FACE_BOUND('',#8956,.T.);
#8956 = EDGE_LOOP('',(#8957,#8979,#9007,#9029));
#8957 = ORIENTED_EDGE('',*,*,#8958,.T.);
#8958 = EDGE_CURVE('',#6152,#8959,#8961,.T.);
#8959 = VERTEX_POINT('',#8960);
#8960 = CARTESIAN_POINT('',(-3.6,-31.015,4.9));
#8961 = SURFACE_CURVE('',#8962,(#8967,#8973),.PCURVE_S1.);
#8962 = CIRCLE('',#8963,0.5);
#8963 = AXIS2_PLACEMENT_3D('',#8964,#8965,#8966);
#8964 = CARTESIAN_POINT('',(-4.1,-31.015,4.9));
#8965 = DIRECTION('',(1.837589179358E-15,0.,-1.));
#8966 = DIRECTION('',(-1.,0.,-1.837589179358E-15));
#8967 = PCURVE('',#6167,#8968);
#8968 = DEFINITIONAL_REPRESENTATION('',(#8969),#8972);
#8969 = B_SPLINE_CURVE_WITH_KNOTS('',1,(#8970,#8971),.UNSPECIFIED.,.F.,
  .F.,(2,2),(1.570796326795,3.14159265359),.PIECEWISE_BEZIER_KNOTS.);
#8970 = CARTESIAN_POINT('',(0.,0.5));
#8971 = CARTESIAN_POINT('',(-1.570796326795,0.5));
#8972 = ( GEOMETRIC_REPRESENTATION_CONTEXT(2) 
PARAMETRIC_REPRESENTATION_CONTEXT() REPRESENTATION_CONTEXT('2D SPACE',''
  ) );
#8973 = PCURVE('',#6196,#8974);
#8974 = DEFINITIONAL_REPRESENTATION('',(#8975),#8978);
#8975 = B_SPLINE_CURVE_WITH_KNOTS('',1,(#8976,#8977),.UNSPECIFIED.,.F.,
  .F.,(2,2),(1.570796326795,3.14159265359),.PIECEWISE_BEZIER_KNOTS.);
#8976 = CARTESIAN_POINT('',(1.570796326795,1.570796326795));
#8977 = CARTESIAN_POINT('',(1.570796326795,3.14159265359));
#8978 = ( GEOMETRIC_REPRESENTATION_CONTEXT(2) 
PARAMETRIC_REPRESENTATION_CONTEXT() REPRESENTATION_CONTEXT('2D SPACE',''
  ) );
#8979 = ORIENTED_EDGE('',*,*,#8980,.T.);
#8980 = EDGE_CURVE('',#8959,#8981,#8983,.T.);
#8981 = VERTEX_POINT('',#8982);
#8982 = CARTESIAN_POINT('',(-3.6,-31.015,5.9));
#8983 = SURFACE_CURVE('',#8984,(#8988,#8995),.PCURVE_S1.);
#8984 = LINE('',#8985,#8986);
#8985 = CARTESIAN_POINT('',(-3.6,-31.015,4.4));
#8986 = VECTOR('',#8987,1.);
#8987 = DIRECTION('',(0.,0.,1.));
#8988 = PCURVE('',#6167,#8989);
#8989 = DEFINITIONAL_REPRESENTATION('',(#8990),#8994);
#8990 = LINE('',#8991,#8992);
#8991 = CARTESIAN_POINT('',(-1.570796326795,0.));
#8992 = VECTOR('',#8993,1.);
#8993 = DIRECTION('',(-0.,1.));
#8994 = ( GEOMETRIC_REPRESENTATION_CONTEXT(2) 
PARAMETRIC_REPRESENTATION_CONTEXT() REPRESENTATION_CONTEXT('2D SPACE',''
  ) );
#8995 = PCURVE('',#8996,#9001);
#8996 = PLANE('',#8997);
#8997 = AXIS2_PLACEMENT_3D('',#8998,#8999,#9000);
#8998 = CARTESIAN_POINT('',(-3.6,-31.615,4.4));
#8999 = DIRECTION('',(1.,0.,0.));
#9000 = DIRECTION('',(0.,0.,1.));
#9001 = DEFINITIONAL_REPRESENTATION('',(#9002),#9006);
#9002 = LINE('',#9003,#9004);
#9003 = CARTESIAN_POINT('',(0.,-0.6));
#9004 = VECTOR('',#9005,1.);
#9005 = DIRECTION('',(1.,0.));
#9006 = ( GEOMETRIC_REPRESENTATION_CONTEXT(2) 
PARAMETRIC_REPRESENTATION_CONTEXT() REPRESENTATION_CONTEXT('2D SPACE',''
  ) );
#9007 = ORIENTED_EDGE('',*,*,#9008,.T.);
#9008 = EDGE_CURVE('',#8981,#6124,#9009,.T.);
#9009 = SURFACE_CURVE('',#9010,(#9015,#9022),.PCURVE_S1.);
#9010 = CIRCLE('',#9011,0.5);
#9011 = AXIS2_PLACEMENT_3D('',#9012,#9013,#9014);
#9012 = CARTESIAN_POINT('',(-4.1,-31.015,5.9));
#9013 = DIRECTION('',(0.,0.,1.));
#9014 = DIRECTION('',(1.,0.,-0.));
#9015 = PCURVE('',#6167,#9016);
#9016 = DEFINITIONAL_REPRESENTATION('',(#9017),#9021);
#9017 = LINE('',#9018,#9019);
#9018 = CARTESIAN_POINT('',(-1.570796326795,1.5));
#9019 = VECTOR('',#9020,1.);
#9020 = DIRECTION('',(1.,-0.));
#9021 = ( GEOMETRIC_REPRESENTATION_CONTEXT(2) 
PARAMETRIC_REPRESENTATION_CONTEXT() REPRESENTATION_CONTEXT('2D SPACE',''
  ) );
#9022 = PCURVE('',#8889,#9023);
#9023 = DEFINITIONAL_REPRESENTATION('',(#9024),#9028);
#9024 = LINE('',#9025,#9026);
#9025 = CARTESIAN_POINT('',(0.,3.14159265359));
#9026 = VECTOR('',#9027,1.);
#9027 = DIRECTION('',(1.,0.));
#9028 = ( GEOMETRIC_REPRESENTATION_CONTEXT(2) 
PARAMETRIC_REPRESENTATION_CONTEXT() REPRESENTATION_CONTEXT('2D SPACE',''
  ) );
#9029 = ORIENTED_EDGE('',*,*,#6151,.F.);
#9030 = ADVANCED_FACE('',(#9031),#6224,.F.);
#9031 = FACE_BOUND('',#9032,.F.);
#9032 = EDGE_LOOP('',(#9033,#9055,#9081,#9082));
#9033 = ORIENTED_EDGE('',*,*,#9034,.T.);
#9034 = EDGE_CURVE('',#6180,#9035,#9037,.T.);
#9035 = VERTEX_POINT('',#9036);
#9036 = CARTESIAN_POINT('',(-3.1,-31.015,4.4));
#9037 = SURFACE_CURVE('',#9038,(#9043,#9049),.PCURVE_S1.);
#9038 = CIRCLE('',#9039,0.5);
#9039 = AXIS2_PLACEMENT_3D('',#9040,#9041,#9042);
#9040 = CARTESIAN_POINT('',(-3.1,-31.015,3.9));
#9041 = DIRECTION('',(1.,0.,-8.881784197001E-16));
#9042 = DIRECTION('',(-8.881784197001E-16,0.,-1.));
#9043 = PCURVE('',#6224,#9044);
#9044 = DEFINITIONAL_REPRESENTATION('',(#9045),#9048);
#9045 = B_SPLINE_CURVE_WITH_KNOTS('',1,(#9046,#9047),.UNSPECIFIED.,.F.,
  .F.,(2,2),(1.570796326795,3.14159265359),.PIECEWISE_BEZIER_KNOTS.);
#9046 = CARTESIAN_POINT('',(0.,0.5));
#9047 = CARTESIAN_POINT('',(1.570796326795,0.5));
#9048 = ( GEOMETRIC_REPRESENTATION_CONTEXT(2) 
PARAMETRIC_REPRESENTATION_CONTEXT() REPRESENTATION_CONTEXT('2D SPACE',''
  ) );
#9049 = PCURVE('',#6196,#9050);
#9050 = DEFINITIONAL_REPRESENTATION('',(#9051),#9054);
#9051 = B_SPLINE_CURVE_WITH_KNOTS('',1,(#9052,#9053),.UNSPECIFIED.,.F.,
  .F.,(2,2),(1.570796326795,3.14159265359),.PIECEWISE_BEZIER_KNOTS.);
#9052 = CARTESIAN_POINT('',(0.,1.570796326795));
#9053 = CARTESIAN_POINT('',(0.,3.14159265359));
#9054 = ( GEOMETRIC_REPRESENTATION_CONTEXT(2) 
PARAMETRIC_REPRESENTATION_CONTEXT() REPRESENTATION_CONTEXT('2D SPACE',''
  ) );
#9055 = ORIENTED_EDGE('',*,*,#9056,.T.);
#9056 = EDGE_CURVE('',#9035,#8907,#9057,.T.);
#9057 = SURFACE_CURVE('',#9058,(#9062,#9069),.PCURVE_S1.);
#9058 = LINE('',#9059,#9060);
#9059 = CARTESIAN_POINT('',(-3.6,-31.015,4.4));
#9060 = VECTOR('',#9061,1.);
#9061 = DIRECTION('',(1.,0.,0.));
#9062 = PCURVE('',#6224,#9063);
#9063 = DEFINITIONAL_REPRESENTATION('',(#9064),#9068);
#9064 = LINE('',#9065,#9066);
#9065 = CARTESIAN_POINT('',(1.570796326795,0.));
#9066 = VECTOR('',#9067,1.);
#9067 = DIRECTION('',(0.,1.));
#9068 = ( GEOMETRIC_REPRESENTATION_CONTEXT(2) 
PARAMETRIC_REPRESENTATION_CONTEXT() REPRESENTATION_CONTEXT('2D SPACE',''
  ) );
#9069 = PCURVE('',#9070,#9075);
#9070 = PLANE('',#9071);
#9071 = AXIS2_PLACEMENT_3D('',#9072,#9073,#9074);
#9072 = CARTESIAN_POINT('',(-3.6,-31.615,4.4));
#9073 = DIRECTION('',(0.,0.,1.));
#9074 = DIRECTION('',(1.,0.,0.));
#9075 = DEFINITIONAL_REPRESENTATION('',(#9076),#9080);
#9076 = LINE('',#9077,#9078);
#9077 = CARTESIAN_POINT('',(-4.440892098501E-16,0.6));
#9078 = VECTOR('',#9079,1.);
#9079 = DIRECTION('',(1.,0.));
#9080 = ( GEOMETRIC_REPRESENTATION_CONTEXT(2) 
PARAMETRIC_REPRESENTATION_CONTEXT() REPRESENTATION_CONTEXT('2D SPACE',''
  ) );
#9081 = ORIENTED_EDGE('',*,*,#8906,.F.);
#9082 = ORIENTED_EDGE('',*,*,#6208,.F.);
#9083 = ADVANCED_FACE('',(#9084),#6196,.F.);
#9084 = FACE_BOUND('',#9085,.F.);
#9085 = EDGE_LOOP('',(#9086,#9087,#9088,#9089));
#9086 = ORIENTED_EDGE('',*,*,#9034,.F.);
#9087 = ORIENTED_EDGE('',*,*,#6179,.T.);
#9088 = ORIENTED_EDGE('',*,*,#8958,.T.);
#9089 = ORIENTED_EDGE('',*,*,#9090,.F.);
#9090 = EDGE_CURVE('',#9035,#8959,#9091,.T.);
#9091 = SURFACE_CURVE('',#9092,(#9097,#9104),.PCURVE_S1.);
#9092 = CIRCLE('',#9093,0.5);
#9093 = AXIS2_PLACEMENT_3D('',#9094,#9095,#9096);
#9094 = CARTESIAN_POINT('',(-3.1,-31.015,4.9));
#9095 = DIRECTION('',(0.,1.,0.));
#9096 = DIRECTION('',(-8.881784197001E-16,0.,-1.));
#9097 = PCURVE('',#6196,#9098);
#9098 = DEFINITIONAL_REPRESENTATION('',(#9099),#9103);
#9099 = LINE('',#9100,#9101);
#9100 = CARTESIAN_POINT('',(0.,3.14159265359));
#9101 = VECTOR('',#9102,1.);
#9102 = DIRECTION('',(1.,0.));
#9103 = ( GEOMETRIC_REPRESENTATION_CONTEXT(2) 
PARAMETRIC_REPRESENTATION_CONTEXT() REPRESENTATION_CONTEXT('2D SPACE',''
  ) );
#9104 = PCURVE('',#9105,#9110);
#9105 = CYLINDRICAL_SURFACE('',#9106,0.5);
#9106 = AXIS2_PLACEMENT_3D('',#9107,#9108,#9109);
#9107 = CARTESIAN_POINT('',(-3.1,-31.615,4.9));
#9108 = DIRECTION('',(0.,1.,0.));
#9109 = DIRECTION('',(0.,0.,-1.));
#9110 = DEFINITIONAL_REPRESENTATION('',(#9111),#9115);
#9111 = LINE('',#9112,#9113);
#9112 = CARTESIAN_POINT('',(0.,0.6));
#9113 = VECTOR('',#9114,1.);
#9114 = DIRECTION('',(1.,0.));
#9115 = ( GEOMETRIC_REPRESENTATION_CONTEXT(2) 
PARAMETRIC_REPRESENTATION_CONTEXT() REPRESENTATION_CONTEXT('2D SPACE',''
  ) );
#9116 = ADVANCED_FACE('',(#9117),#6360,.T.);
#9117 = FACE_BOUND('',#9118,.F.);
#9118 = EDGE_LOOP('',(#9119,#9120,#9121,#9143));
#9119 = ORIENTED_EDGE('',*,*,#8332,.F.);
#9120 = ORIENTED_EDGE('',*,*,#6345,.T.);
#9121 = ORIENTED_EDGE('',*,*,#9122,.T.);
#9122 = EDGE_CURVE('',#6323,#9123,#9125,.T.);
#9123 = VERTEX_POINT('',#9124);
#9124 = CARTESIAN_POINT('',(-11.70784314205,30.015,6.4));
#9125 = SURFACE_CURVE('',#9126,(#9131,#9137),.PCURVE_S1.);
#9126 = CIRCLE('',#9127,0.5);
#9127 = AXIS2_PLACEMENT_3D('',#9128,#9129,#9130);
#9128 = CARTESIAN_POINT('',(-11.70784314205,30.015,5.9));
#9129 = DIRECTION('',(1.,-3.321876994815E-17,0.));
#9130 = DIRECTION('',(3.321876994815E-17,1.,0.));
#9131 = PCURVE('',#6360,#9132);
#9132 = DEFINITIONAL_REPRESENTATION('',(#9133),#9136);
#9133 = B_SPLINE_CURVE_WITH_KNOTS('',1,(#9134,#9135),.UNSPECIFIED.,.F.,
  .F.,(2,2),(0.,1.570796326795),.PIECEWISE_BEZIER_KNOTS.);
#9134 = CARTESIAN_POINT('',(-1.570796326795,0.));
#9135 = CARTESIAN_POINT('',(-1.570796326795,1.570796326795));
#9136 = ( GEOMETRIC_REPRESENTATION_CONTEXT(2) 
PARAMETRIC_REPRESENTATION_CONTEXT() REPRESENTATION_CONTEXT('2D SPACE',''
  ) );
#9137 = PCURVE('',#6473,#9138);
#9138 = DEFINITIONAL_REPRESENTATION('',(#9139),#9142);
#9139 = B_SPLINE_CURVE_WITH_KNOTS('',1,(#9140,#9141),.UNSPECIFIED.,.F.,
  .F.,(2,2),(0.,1.570796326795),.PIECEWISE_BEZIER_KNOTS.);
#9140 = CARTESIAN_POINT('',(0.,0.));
#9141 = CARTESIAN_POINT('',(1.570796326795,0.));
#9142 = ( GEOMETRIC_REPRESENTATION_CONTEXT(2) 
PARAMETRIC_REPRESENTATION_CONTEXT() REPRESENTATION_CONTEXT('2D SPACE',''
  ) );
#9143 = ORIENTED_EDGE('',*,*,#9144,.F.);
#9144 = EDGE_CURVE('',#8310,#9123,#9145,.T.);
#9145 = SURFACE_CURVE('',#9146,(#9151,#9158),.PCURVE_S1.);
#9146 = CIRCLE('',#9147,18.307156857947);
#9147 = AXIS2_PLACEMENT_3D('',#9148,#9149,#9150);
#9148 = CARTESIAN_POINT('',(-11.70784314205,11.707843142053,6.4));
#9149 = DIRECTION('',(-0.,0.,-1.));
#9150 = DIRECTION('',(-1.,9.445110990552E-17,0.));
#9151 = PCURVE('',#6360,#9152);
#9152 = DEFINITIONAL_REPRESENTATION('',(#9153),#9157);
#9153 = LINE('',#9154,#9155);
#9154 = CARTESIAN_POINT('',(-0.,1.570796326795));
#9155 = VECTOR('',#9156,1.);
#9156 = DIRECTION('',(-1.,0.));
#9157 = ( GEOMETRIC_REPRESENTATION_CONTEXT(2) 
PARAMETRIC_REPRESENTATION_CONTEXT() REPRESENTATION_CONTEXT('2D SPACE',''
  ) );
#9158 = PCURVE('',#6951,#9159);
#9159 = DEFINITIONAL_REPRESENTATION('',(#9160),#9168);
#9160 = ( BOUNDED_CURVE() B_SPLINE_CURVE(2,(#9161,#9162,#9163,#9164,
#9165,#9166,#9167),.UNSPECIFIED.,.T.,.F.) B_SPLINE_CURVE_WITH_KNOTS((1,2
    ,2,2,2,1),(-2.094395102393,0.,2.094395102393,4.188790204786,
6.28318530718,8.377580409573),.UNSPECIFIED.) CURVE() 
GEOMETRIC_REPRESENTATION_ITEM() RATIONAL_B_SPLINE_CURVE((1.,0.5,1.,0.5,
1.,0.5,1.)) REPRESENTATION_ITEM('') );
#9161 = CARTESIAN_POINT('',(-30.015,11.707843142053));
#9162 = CARTESIAN_POINT('',(-30.015,43.41676896215));
#9163 = CARTESIAN_POINT('',(-2.55426471308,27.562306052102));
#9164 = CARTESIAN_POINT('',(24.90647057384,11.707843142053));
#9165 = CARTESIAN_POINT('',(-2.55426471308,-4.146619767995));
#9166 = CARTESIAN_POINT('',(-30.015,-20.00108267804));
#9167 = CARTESIAN_POINT('',(-30.015,11.707843142053));
#9168 = ( GEOMETRIC_REPRESENTATION_CONTEXT(2) 
PARAMETRIC_REPRESENTATION_CONTEXT() REPRESENTATION_CONTEXT('2D SPACE',''
  ) );
#9169 = ADVANCED_FACE('',(#9170),#6395,.T.);
#9170 = FACE_BOUND('',#9171,.T.);
#9171 = EDGE_LOOP('',(#9172,#9173,#9174,#9196));
#9172 = ORIENTED_EDGE('',*,*,#8751,.F.);
#9173 = ORIENTED_EDGE('',*,*,#6378,.T.);
#9174 = ORIENTED_EDGE('',*,*,#9175,.T.);
#9175 = EDGE_CURVE('',#6379,#9176,#9178,.T.);
#9176 = VERTEX_POINT('',#9177);
#9177 = CARTESIAN_POINT('',(30.015,-11.70784314205,6.4));
#9178 = SURFACE_CURVE('',#9179,(#9184,#9190),.PCURVE_S1.);
#9179 = CIRCLE('',#9180,0.5);
#9180 = AXIS2_PLACEMENT_3D('',#9181,#9182,#9183);
#9181 = CARTESIAN_POINT('',(30.015,-11.70784314205,5.9));
#9182 = DIRECTION('',(-2.501345597684E-16,-1.,0.));
#9183 = DIRECTION('',(1.,-2.501345597684E-16,0.));
#9184 = PCURVE('',#6395,#9185);
#9185 = DEFINITIONAL_REPRESENTATION('',(#9186),#9189);
#9186 = B_SPLINE_CURVE_WITH_KNOTS('',1,(#9187,#9188),.UNSPECIFIED.,.F.,
  .F.,(2,2),(0.,1.570796326795),.PIECEWISE_BEZIER_KNOTS.);
#9187 = CARTESIAN_POINT('',(1.570796326795,0.));
#9188 = CARTESIAN_POINT('',(1.570796326795,1.570796326795));
#9189 = ( GEOMETRIC_REPRESENTATION_CONTEXT(2) 
PARAMETRIC_REPRESENTATION_CONTEXT() REPRESENTATION_CONTEXT('2D SPACE',''
  ) );
#9190 = PCURVE('',#6697,#9191);
#9191 = DEFINITIONAL_REPRESENTATION('',(#9192),#9195);
#9192 = B_SPLINE_CURVE_WITH_KNOTS('',1,(#9193,#9194),.UNSPECIFIED.,.F.,
  .F.,(2,2),(0.,1.570796326795),.PIECEWISE_BEZIER_KNOTS.);
#9193 = CARTESIAN_POINT('',(0.,0.));
#9194 = CARTESIAN_POINT('',(-1.570796326795,0.));
#9195 = ( GEOMETRIC_REPRESENTATION_CONTEXT(2) 
PARAMETRIC_REPRESENTATION_CONTEXT() REPRESENTATION_CONTEXT('2D SPACE',''
  ) );
#9196 = ORIENTED_EDGE('',*,*,#9197,.F.);
#9197 = EDGE_CURVE('',#8729,#9176,#9198,.T.);
#9198 = SURFACE_CURVE('',#9199,(#9204,#9211),.PCURVE_S1.);
#9199 = CIRCLE('',#9200,18.307156857947);
#9200 = AXIS2_PLACEMENT_3D('',#9201,#9202,#9203);
#9201 = CARTESIAN_POINT('',(11.707843142053,-11.70784314205,6.4));
#9202 = DIRECTION('',(0.,0.,1.));
#9203 = DIRECTION('',(-1.88902219811E-16,-1.,0.));
#9204 = PCURVE('',#6395,#9205);
#9205 = DEFINITIONAL_REPRESENTATION('',(#9206),#9210);
#9206 = LINE('',#9207,#9208);
#9207 = CARTESIAN_POINT('',(0.,1.570796326795));
#9208 = VECTOR('',#9209,1.);
#9209 = DIRECTION('',(1.,0.));
#9210 = ( GEOMETRIC_REPRESENTATION_CONTEXT(2) 
PARAMETRIC_REPRESENTATION_CONTEXT() REPRESENTATION_CONTEXT('2D SPACE',''
  ) );
#9211 = PCURVE('',#6951,#9212);
#9212 = DEFINITIONAL_REPRESENTATION('',(#9213),#9217);
#9213 = CIRCLE('',#9214,18.307156857947);
#9214 = AXIS2_PLACEMENT_2D('',#9215,#9216);
#9215 = CARTESIAN_POINT('',(11.707843142053,-11.70784314205));
#9216 = DIRECTION('',(-1.940614649433E-16,-1.));
#9217 = ( GEOMETRIC_REPRESENTATION_CONTEXT(2) 
PARAMETRIC_REPRESENTATION_CONTEXT() REPRESENTATION_CONTEXT('2D SPACE',''
  ) );
#9218 = ADVANCED_FACE('',(#9219),#6641,.T.);
#9219 = FACE_BOUND('',#9220,.F.);
#9220 = EDGE_LOOP('',(#9221,#9243,#9266,#9291));
#9221 = ORIENTED_EDGE('',*,*,#9222,.T.);
#9222 = EDGE_CURVE('',#6433,#9223,#9225,.T.);
#9223 = VERTEX_POINT('',#9224);
#9224 = CARTESIAN_POINT('',(11.707843142053,30.015,6.4));
#9225 = SURFACE_CURVE('',#9226,(#9231,#9237),.PCURVE_S1.);
#9226 = CIRCLE('',#9227,0.5);
#9227 = AXIS2_PLACEMENT_3D('',#9228,#9229,#9230);
#9228 = CARTESIAN_POINT('',(11.707843142053,30.015,5.9));
#9229 = DIRECTION('',(1.,-6.123233995737E-17,0.));
#9230 = DIRECTION('',(6.123233995737E-17,1.,0.));
#9231 = PCURVE('',#6641,#9232);
#9232 = DEFINITIONAL_REPRESENTATION('',(#9233),#9236);
#9233 = B_SPLINE_CURVE_WITH_KNOTS('',1,(#9234,#9235),.UNSPECIFIED.,.F.,
  .F.,(2,2),(0.,1.570796326795),.PIECEWISE_BEZIER_KNOTS.);
#9234 = CARTESIAN_POINT('',(0.,0.));
#9235 = CARTESIAN_POINT('',(-1.570796326795,0.));
#9236 = ( GEOMETRIC_REPRESENTATION_CONTEXT(2) 
PARAMETRIC_REPRESENTATION_CONTEXT() REPRESENTATION_CONTEXT('2D SPACE',''
  ) );
#9237 = PCURVE('',#6896,#9238);
#9238 = DEFINITIONAL_REPRESENTATION('',(#9239),#9242);
#9239 = B_SPLINE_CURVE_WITH_KNOTS('',1,(#9240,#9241),.UNSPECIFIED.,.F.,
  .F.,(2,2),(0.,1.570796326795),.PIECEWISE_BEZIER_KNOTS.);
#9240 = CARTESIAN_POINT('',(1.570796326795,0.));
#9241 = CARTESIAN_POINT('',(1.570796326795,1.570796326795));
#9242 = ( GEOMETRIC_REPRESENTATION_CONTEXT(2) 
PARAMETRIC_REPRESENTATION_CONTEXT() REPRESENTATION_CONTEXT('2D SPACE',''
  ) );
#9243 = ORIENTED_EDGE('',*,*,#9244,.T.);
#9244 = EDGE_CURVE('',#9223,#9245,#9247,.T.);
#9245 = VERTEX_POINT('',#9246);
#9246 = CARTESIAN_POINT('',(4.1,30.015,6.4));
#9247 = SURFACE_CURVE('',#9248,(#9252,#9259),.PCURVE_S1.);
#9248 = LINE('',#9249,#9250);
#9249 = CARTESIAN_POINT('',(11.707843142053,30.015,6.4));
#9250 = VECTOR('',#9251,1.);
#9251 = DIRECTION('',(-1.,-0.,-0.));
#9252 = PCURVE('',#6641,#9253);
#9253 = DEFINITIONAL_REPRESENTATION('',(#9254),#9258);
#9254 = LINE('',#9255,#9256);
#9255 = CARTESIAN_POINT('',(-1.570796326795,0.));
#9256 = VECTOR('',#9257,1.);
#9257 = DIRECTION('',(-0.,1.));
#9258 = ( GEOMETRIC_REPRESENTATION_CONTEXT(2) 
PARAMETRIC_REPRESENTATION_CONTEXT() REPRESENTATION_CONTEXT('2D SPACE',''
  ) );
#9259 = PCURVE('',#6951,#9260);
#9260 = DEFINITIONAL_REPRESENTATION('',(#9261),#9265);
#9261 = LINE('',#9262,#9263);
#9262 = CARTESIAN_POINT('',(11.707843142053,30.015));
#9263 = VECTOR('',#9264,1.);
#9264 = DIRECTION('',(-1.,-0.));
#9265 = ( GEOMETRIC_REPRESENTATION_CONTEXT(2) 
PARAMETRIC_REPRESENTATION_CONTEXT() REPRESENTATION_CONTEXT('2D SPACE',''
  ) );
#9266 = ORIENTED_EDGE('',*,*,#9267,.T.);
#9267 = EDGE_CURVE('',#9245,#6600,#9268,.T.);
#9268 = SURFACE_CURVE('',#9269,(#9274,#9280),.PCURVE_S1.);
#9269 = CIRCLE('',#9270,0.5);
#9270 = AXIS2_PLACEMENT_3D('',#9271,#9272,#9273);
#9271 = CARTESIAN_POINT('',(4.1,30.015,5.9));
#9272 = DIRECTION('',(-1.,6.123233995737E-17,0.));
#9273 = DIRECTION('',(-6.123233995737E-17,-1.,0.));
#9274 = PCURVE('',#6641,#9275);
#9275 = DEFINITIONAL_REPRESENTATION('',(#9276),#9279);
#9276 = B_SPLINE_CURVE_WITH_KNOTS('',1,(#9277,#9278),.UNSPECIFIED.,.F.,
  .F.,(2,2),(1.570796326795,3.14159265359),.PIECEWISE_BEZIER_KNOTS.);
#9277 = CARTESIAN_POINT('',(-1.570796326795,7.607843142053));
#9278 = CARTESIAN_POINT('',(0.,7.607843142053));
#9279 = ( GEOMETRIC_REPRESENTATION_CONTEXT(2) 
PARAMETRIC_REPRESENTATION_CONTEXT() REPRESENTATION_CONTEXT('2D SPACE',''
  ) );
#9280 = PCURVE('',#9281,#9286);
#9281 = TOROIDAL_SURFACE('',#9282,1.,0.5);
#9282 = AXIS2_PLACEMENT_3D('',#9283,#9284,#9285);
#9283 = CARTESIAN_POINT('',(4.1,31.015,5.9));
#9284 = DIRECTION('',(0.,0.,1.));
#9285 = DIRECTION('',(-1.,0.,0.));
#9286 = DEFINITIONAL_REPRESENTATION('',(#9287),#9290);
#9287 = B_SPLINE_CURVE_WITH_KNOTS('',1,(#9288,#9289),.UNSPECIFIED.,.F.,
  .F.,(2,2),(1.570796326795,3.14159265359),.PIECEWISE_BEZIER_KNOTS.);
#9288 = CARTESIAN_POINT('',(1.570796326795,1.570796326795));
#9289 = CARTESIAN_POINT('',(1.570796326795,3.14159265359));
#9290 = ( GEOMETRIC_REPRESENTATION_CONTEXT(2) 
PARAMETRIC_REPRESENTATION_CONTEXT() REPRESENTATION_CONTEXT('2D SPACE',''
  ) );
#9291 = ORIENTED_EDGE('',*,*,#6627,.F.);
#9292 = ADVANCED_FACE('',(#9293),#6615,.F.);
#9293 = FACE_BOUND('',#9294,.T.);
#9294 = EDGE_LOOP('',(#9295,#9317,#9345,#9367));
#9295 = ORIENTED_EDGE('',*,*,#9296,.T.);
#9296 = EDGE_CURVE('',#6571,#9297,#9299,.T.);
#9297 = VERTEX_POINT('',#9298);
#9298 = CARTESIAN_POINT('',(3.6,31.015,4.9));
#9299 = SURFACE_CURVE('',#9300,(#9305,#9311),.PCURVE_S1.);
#9300 = CIRCLE('',#9301,0.5);
#9301 = AXIS2_PLACEMENT_3D('',#9302,#9303,#9304);
#9302 = CARTESIAN_POINT('',(4.1,31.015,4.9));
#9303 = DIRECTION('',(0.,0.,-1.));
#9304 = DIRECTION('',(1.,0.,0.));
#9305 = PCURVE('',#6615,#9306);
#9306 = DEFINITIONAL_REPRESENTATION('',(#9307),#9310);
#9307 = B_SPLINE_CURVE_WITH_KNOTS('',1,(#9308,#9309),.UNSPECIFIED.,.F.,
  .F.,(2,2),(1.570796326795,3.14159265359),.PIECEWISE_BEZIER_KNOTS.);
#9308 = CARTESIAN_POINT('',(0.,0.5));
#9309 = CARTESIAN_POINT('',(-1.570796326795,0.5));
#9310 = ( GEOMETRIC_REPRESENTATION_CONTEXT(2) 
PARAMETRIC_REPRESENTATION_CONTEXT() REPRESENTATION_CONTEXT('2D SPACE',''
  ) );
#9311 = PCURVE('',#6587,#9312);
#9312 = DEFINITIONAL_REPRESENTATION('',(#9313),#9316);
#9313 = B_SPLINE_CURVE_WITH_KNOTS('',1,(#9314,#9315),.UNSPECIFIED.,.F.,
  .F.,(2,2),(1.570796326795,3.14159265359),.PIECEWISE_BEZIER_KNOTS.);
#9314 = CARTESIAN_POINT('',(0.,1.570796326795));
#9315 = CARTESIAN_POINT('',(0.,3.14159265359));
#9316 = ( GEOMETRIC_REPRESENTATION_CONTEXT(2) 
PARAMETRIC_REPRESENTATION_CONTEXT() REPRESENTATION_CONTEXT('2D SPACE',''
  ) );
#9317 = ORIENTED_EDGE('',*,*,#9318,.T.);
#9318 = EDGE_CURVE('',#9297,#9319,#9321,.T.);
#9319 = VERTEX_POINT('',#9320);
#9320 = CARTESIAN_POINT('',(3.6,31.015,5.9));
#9321 = SURFACE_CURVE('',#9322,(#9326,#9333),.PCURVE_S1.);
#9322 = LINE('',#9323,#9324);
#9323 = CARTESIAN_POINT('',(3.6,31.015,4.4));
#9324 = VECTOR('',#9325,1.);
#9325 = DIRECTION('',(0.,0.,1.));
#9326 = PCURVE('',#6615,#9327);
#9327 = DEFINITIONAL_REPRESENTATION('',(#9328),#9332);
#9328 = LINE('',#9329,#9330);
#9329 = CARTESIAN_POINT('',(-1.570796326795,0.));
#9330 = VECTOR('',#9331,1.);
#9331 = DIRECTION('',(-0.,1.));
#9332 = ( GEOMETRIC_REPRESENTATION_CONTEXT(2) 
PARAMETRIC_REPRESENTATION_CONTEXT() REPRESENTATION_CONTEXT('2D SPACE',''
  ) );
#9333 = PCURVE('',#9334,#9339);
#9334 = PLANE('',#9335);
#9335 = AXIS2_PLACEMENT_3D('',#9336,#9337,#9338);
#9336 = CARTESIAN_POINT('',(3.6,30.515,4.4));
#9337 = DIRECTION('',(1.,0.,0.));
#9338 = DIRECTION('',(0.,0.,1.));
#9339 = DEFINITIONAL_REPRESENTATION('',(#9340),#9344);
#9340 = LINE('',#9341,#9342);
#9341 = CARTESIAN_POINT('',(0.,-0.5));
#9342 = VECTOR('',#9343,1.);
#9343 = DIRECTION('',(1.,0.));
#9344 = ( GEOMETRIC_REPRESENTATION_CONTEXT(2) 
PARAMETRIC_REPRESENTATION_CONTEXT() REPRESENTATION_CONTEXT('2D SPACE',''
  ) );
#9345 = ORIENTED_EDGE('',*,*,#9346,.T.);
#9346 = EDGE_CURVE('',#9319,#6600,#9347,.T.);
#9347 = SURFACE_CURVE('',#9348,(#9353,#9360),.PCURVE_S1.);
#9348 = CIRCLE('',#9349,0.5);
#9349 = AXIS2_PLACEMENT_3D('',#9350,#9351,#9352);
#9350 = CARTESIAN_POINT('',(4.1,31.015,5.9));
#9351 = DIRECTION('',(0.,0.,1.));
#9352 = DIRECTION('',(-1.,0.,0.));
#9353 = PCURVE('',#6615,#9354);
#9354 = DEFINITIONAL_REPRESENTATION('',(#9355),#9359);
#9355 = LINE('',#9356,#9357);
#9356 = CARTESIAN_POINT('',(-1.570796326795,1.5));
#9357 = VECTOR('',#9358,1.);
#9358 = DIRECTION('',(1.,-0.));
#9359 = ( GEOMETRIC_REPRESENTATION_CONTEXT(2) 
PARAMETRIC_REPRESENTATION_CONTEXT() REPRESENTATION_CONTEXT('2D SPACE',''
  ) );
#9360 = PCURVE('',#9281,#9361);
#9361 = DEFINITIONAL_REPRESENTATION('',(#9362),#9366);
#9362 = LINE('',#9363,#9364);
#9363 = CARTESIAN_POINT('',(0.,3.14159265359));
#9364 = VECTOR('',#9365,1.);
#9365 = DIRECTION('',(1.,0.));
#9366 = ( GEOMETRIC_REPRESENTATION_CONTEXT(2) 
PARAMETRIC_REPRESENTATION_CONTEXT() REPRESENTATION_CONTEXT('2D SPACE',''
  ) );
#9367 = ORIENTED_EDGE('',*,*,#6599,.F.);
#9368 = ADVANCED_FACE('',(#9369),#6473,.T.);
#9369 = FACE_BOUND('',#9370,.T.);
#9370 = EDGE_LOOP('',(#9371,#9372,#9395,#9420));
#9371 = ORIENTED_EDGE('',*,*,#9122,.T.);
#9372 = ORIENTED_EDGE('',*,*,#9373,.T.);
#9373 = EDGE_CURVE('',#9123,#9374,#9376,.T.);
#9374 = VERTEX_POINT('',#9375);
#9375 = CARTESIAN_POINT('',(-4.1,30.015,6.4));
#9376 = SURFACE_CURVE('',#9377,(#9381,#9388),.PCURVE_S1.);
#9377 = LINE('',#9378,#9379);
#9378 = CARTESIAN_POINT('',(-11.70784314205,30.015,6.4));
#9379 = VECTOR('',#9380,1.);
#9380 = DIRECTION('',(1.,0.,0.));
#9381 = PCURVE('',#6473,#9382);
#9382 = DEFINITIONAL_REPRESENTATION('',(#9383),#9387);
#9383 = LINE('',#9384,#9385);
#9384 = CARTESIAN_POINT('',(1.570796326795,0.));
#9385 = VECTOR('',#9386,1.);
#9386 = DIRECTION('',(0.,1.));
#9387 = ( GEOMETRIC_REPRESENTATION_CONTEXT(2) 
PARAMETRIC_REPRESENTATION_CONTEXT() REPRESENTATION_CONTEXT('2D SPACE',''
  ) );
#9388 = PCURVE('',#6951,#9389);
#9389 = DEFINITIONAL_REPRESENTATION('',(#9390),#9394);
#9390 = LINE('',#9391,#9392);
#9391 = CARTESIAN_POINT('',(-11.70784314205,30.015));
#9392 = VECTOR('',#9393,1.);
#9393 = DIRECTION('',(1.,0.));
#9394 = ( GEOMETRIC_REPRESENTATION_CONTEXT(2) 
PARAMETRIC_REPRESENTATION_CONTEXT() REPRESENTATION_CONTEXT('2D SPACE',''
  ) );
#9395 = ORIENTED_EDGE('',*,*,#9396,.T.);
#9396 = EDGE_CURVE('',#9374,#6458,#9397,.T.);
#9397 = SURFACE_CURVE('',#9398,(#9403,#9409),.PCURVE_S1.);
#9398 = CIRCLE('',#9399,0.5);
#9399 = AXIS2_PLACEMENT_3D('',#9400,#9401,#9402);
#9400 = CARTESIAN_POINT('',(-4.1,30.015,5.9));
#9401 = DIRECTION('',(-1.,0.,0.));
#9402 = DIRECTION('',(0.,-1.,0.));
#9403 = PCURVE('',#6473,#9404);
#9404 = DEFINITIONAL_REPRESENTATION('',(#9405),#9408);
#9405 = B_SPLINE_CURVE_WITH_KNOTS('',1,(#9406,#9407),.UNSPECIFIED.,.F.,
  .F.,(2,2),(1.570796326795,3.14159265359),.PIECEWISE_BEZIER_KNOTS.);
#9406 = CARTESIAN_POINT('',(1.570796326795,7.607843142053));
#9407 = CARTESIAN_POINT('',(0.,7.607843142053));
#9408 = ( GEOMETRIC_REPRESENTATION_CONTEXT(2) 
PARAMETRIC_REPRESENTATION_CONTEXT() REPRESENTATION_CONTEXT('2D SPACE',''
  ) );
#9409 = PCURVE('',#9410,#9415);
#9410 = TOROIDAL_SURFACE('',#9411,1.,0.5);
#9411 = AXIS2_PLACEMENT_3D('',#9412,#9413,#9414);
#9412 = CARTESIAN_POINT('',(-4.1,31.015,5.9));
#9413 = DIRECTION('',(0.,0.,1.));
#9414 = DIRECTION('',(0.,-1.,0.));
#9415 = DEFINITIONAL_REPRESENTATION('',(#9416),#9419);
#9416 = B_SPLINE_CURVE_WITH_KNOTS('',1,(#9417,#9418),.UNSPECIFIED.,.F.,
  .F.,(2,2),(1.570796326795,3.14159265359),.PIECEWISE_BEZIER_KNOTS.);
#9417 = CARTESIAN_POINT('',(0.,1.570796326795));
#9418 = CARTESIAN_POINT('',(0.,3.14159265359));
#9419 = ( GEOMETRIC_REPRESENTATION_CONTEXT(2) 
PARAMETRIC_REPRESENTATION_CONTEXT() REPRESENTATION_CONTEXT('2D SPACE',''
  ) );
#9420 = ORIENTED_EDGE('',*,*,#6457,.F.);
#9421 = ADVANCED_FACE('',(#9422),#6587,.F.);
#9422 = FACE_BOUND('',#9423,.T.);
#9423 = EDGE_LOOP('',(#9424,#9425,#9426,#9448));
#9424 = ORIENTED_EDGE('',*,*,#9296,.F.);
#9425 = ORIENTED_EDGE('',*,*,#6570,.T.);
#9426 = ORIENTED_EDGE('',*,*,#9427,.T.);
#9427 = EDGE_CURVE('',#6543,#9428,#9430,.T.);
#9428 = VERTEX_POINT('',#9429);
#9429 = CARTESIAN_POINT('',(3.1,31.015,4.4));
#9430 = SURFACE_CURVE('',#9431,(#9436,#9442),.PCURVE_S1.);
#9431 = CIRCLE('',#9432,0.5);
#9432 = AXIS2_PLACEMENT_3D('',#9433,#9434,#9435);
#9433 = CARTESIAN_POINT('',(3.1,31.015,3.9));
#9434 = DIRECTION('',(-1.,0.,-6.123233995737E-17));
#9435 = DIRECTION('',(6.123233995737E-17,0.,-1.));
#9436 = PCURVE('',#6587,#9437);
#9437 = DEFINITIONAL_REPRESENTATION('',(#9438),#9441);
#9438 = B_SPLINE_CURVE_WITH_KNOTS('',1,(#9439,#9440),.UNSPECIFIED.,.F.,
  .F.,(2,2),(1.570796326795,3.14159265359),.PIECEWISE_BEZIER_KNOTS.);
#9439 = CARTESIAN_POINT('',(-1.570796326795,1.570796326795));
#9440 = CARTESIAN_POINT('',(-1.570796326795,3.14159265359));
#9441 = ( GEOMETRIC_REPRESENTATION_CONTEXT(2) 
PARAMETRIC_REPRESENTATION_CONTEXT() REPRESENTATION_CONTEXT('2D SPACE',''
  ) );
#9442 = PCURVE('',#6558,#9443);
#9443 = DEFINITIONAL_REPRESENTATION('',(#9444),#9447);
#9444 = B_SPLINE_CURVE_WITH_KNOTS('',1,(#9445,#9446),.UNSPECIFIED.,.F.,
  .F.,(2,2),(1.570796326795,3.14159265359),.PIECEWISE_BEZIER_KNOTS.);
#9445 = CARTESIAN_POINT('',(0.,6.7));
#9446 = CARTESIAN_POINT('',(-1.570796326795,6.7));
#9447 = ( GEOMETRIC_REPRESENTATION_CONTEXT(2) 
PARAMETRIC_REPRESENTATION_CONTEXT() REPRESENTATION_CONTEXT('2D SPACE',''
  ) );
#9448 = ORIENTED_EDGE('',*,*,#9449,.F.);
#9449 = EDGE_CURVE('',#9297,#9428,#9450,.T.);
#9450 = SURFACE_CURVE('',#9451,(#9456,#9463),.PCURVE_S1.);
#9451 = CIRCLE('',#9452,0.5);
#9452 = AXIS2_PLACEMENT_3D('',#9453,#9454,#9455);
#9453 = CARTESIAN_POINT('',(3.1,31.015,4.9));
#9454 = DIRECTION('',(-0.,1.,0.));
#9455 = DIRECTION('',(1.,0.,0.));
#9456 = PCURVE('',#6587,#9457);
#9457 = DEFINITIONAL_REPRESENTATION('',(#9458),#9462);
#9458 = LINE('',#9459,#9460);
#9459 = CARTESIAN_POINT('',(-0.,3.14159265359));
#9460 = VECTOR('',#9461,1.);
#9461 = DIRECTION('',(-1.,0.));
#9462 = ( GEOMETRIC_REPRESENTATION_CONTEXT(2) 
PARAMETRIC_REPRESENTATION_CONTEXT() REPRESENTATION_CONTEXT('2D SPACE',''
  ) );
#9463 = PCURVE('',#9464,#9469);
#9464 = CYLINDRICAL_SURFACE('',#9465,0.5);
#9465 = AXIS2_PLACEMENT_3D('',#9466,#9467,#9468);
#9466 = CARTESIAN_POINT('',(3.1,30.515,4.9));
#9467 = DIRECTION('',(0.,1.,0.));
#9468 = DIRECTION('',(1.,0.,-0.));
#9469 = DEFINITIONAL_REPRESENTATION('',(#9470),#9474);
#9470 = LINE('',#9471,#9472);
#9471 = CARTESIAN_POINT('',(0.,0.5));
#9472 = VECTOR('',#9473,1.);
#9473 = DIRECTION('',(1.,0.));
#9474 = ( GEOMETRIC_REPRESENTATION_CONTEXT(2) 
PARAMETRIC_REPRESENTATION_CONTEXT() REPRESENTATION_CONTEXT('2D SPACE',''
  ) );
#9475 = ADVANCED_FACE('',(#9476),#6501,.F.);
#9476 = FACE_BOUND('',#9477,.F.);
#9477 = EDGE_LOOP('',(#9478,#9500,#9528,#9550));
#9478 = ORIENTED_EDGE('',*,*,#9479,.T.);
#9479 = EDGE_CURVE('',#6486,#9480,#9482,.T.);
#9480 = VERTEX_POINT('',#9481);
#9481 = CARTESIAN_POINT('',(-3.6,31.015,4.9));
#9482 = SURFACE_CURVE('',#9483,(#9488,#9494),.PCURVE_S1.);
#9483 = CIRCLE('',#9484,0.5);
#9484 = AXIS2_PLACEMENT_3D('',#9485,#9486,#9487);
#9485 = CARTESIAN_POINT('',(-4.1,31.015,4.9));
#9486 = DIRECTION('',(-1.837589179358E-15,-0.,1.));
#9487 = DIRECTION('',(-1.,0.,-1.837589179358E-15));
#9488 = PCURVE('',#6501,#9489);
#9489 = DEFINITIONAL_REPRESENTATION('',(#9490),#9493);
#9490 = B_SPLINE_CURVE_WITH_KNOTS('',1,(#9491,#9492),.UNSPECIFIED.,.F.,
  .F.,(2,2),(1.570796326795,3.14159265359),.PIECEWISE_BEZIER_KNOTS.);
#9491 = CARTESIAN_POINT('',(0.,0.5));
#9492 = CARTESIAN_POINT('',(1.570796326795,0.5));
#9493 = ( GEOMETRIC_REPRESENTATION_CONTEXT(2) 
PARAMETRIC_REPRESENTATION_CONTEXT() REPRESENTATION_CONTEXT('2D SPACE',''
  ) );
#9494 = PCURVE('',#6530,#9495);
#9495 = DEFINITIONAL_REPRESENTATION('',(#9496),#9499);
#9496 = B_SPLINE_CURVE_WITH_KNOTS('',1,(#9497,#9498),.UNSPECIFIED.,.F.,
  .F.,(2,2),(1.570796326795,3.14159265359),.PIECEWISE_BEZIER_KNOTS.);
#9497 = CARTESIAN_POINT('',(-1.570796326795,1.570796326795));
#9498 = CARTESIAN_POINT('',(-1.570796326795,3.14159265359));
#9499 = ( GEOMETRIC_REPRESENTATION_CONTEXT(2) 
PARAMETRIC_REPRESENTATION_CONTEXT() REPRESENTATION_CONTEXT('2D SPACE',''
  ) );
#9500 = ORIENTED_EDGE('',*,*,#9501,.T.);
#9501 = EDGE_CURVE('',#9480,#9502,#9504,.T.);
#9502 = VERTEX_POINT('',#9503);
#9503 = CARTESIAN_POINT('',(-3.6,31.015,5.9));
#9504 = SURFACE_CURVE('',#9505,(#9509,#9516),.PCURVE_S1.);
#9505 = LINE('',#9506,#9507);
#9506 = CARTESIAN_POINT('',(-3.6,31.015,4.4));
#9507 = VECTOR('',#9508,1.);
#9508 = DIRECTION('',(0.,0.,1.));
#9509 = PCURVE('',#6501,#9510);
#9510 = DEFINITIONAL_REPRESENTATION('',(#9511),#9515);
#9511 = LINE('',#9512,#9513);
#9512 = CARTESIAN_POINT('',(1.570796326795,0.));
#9513 = VECTOR('',#9514,1.);
#9514 = DIRECTION('',(0.,1.));
#9515 = ( GEOMETRIC_REPRESENTATION_CONTEXT(2) 
PARAMETRIC_REPRESENTATION_CONTEXT() REPRESENTATION_CONTEXT('2D SPACE',''
  ) );
#9516 = PCURVE('',#9517,#9522);
#9517 = PLANE('',#9518);
#9518 = AXIS2_PLACEMENT_3D('',#9519,#9520,#9521);
#9519 = CARTESIAN_POINT('',(-3.6,30.515,4.4));
#9520 = DIRECTION('',(1.,0.,0.));
#9521 = DIRECTION('',(0.,0.,1.));
#9522 = DEFINITIONAL_REPRESENTATION('',(#9523),#9527);
#9523 = LINE('',#9524,#9525);
#9524 = CARTESIAN_POINT('',(0.,-0.5));
#9525 = VECTOR('',#9526,1.);
#9526 = DIRECTION('',(1.,0.));
#9527 = ( GEOMETRIC_REPRESENTATION_CONTEXT(2) 
PARAMETRIC_REPRESENTATION_CONTEXT() REPRESENTATION_CONTEXT('2D SPACE',''
  ) );
#9528 = ORIENTED_EDGE('',*,*,#9529,.F.);
#9529 = EDGE_CURVE('',#6458,#9502,#9530,.T.);
#9530 = SURFACE_CURVE('',#9531,(#9536,#9543),.PCURVE_S1.);
#9531 = CIRCLE('',#9532,0.5);
#9532 = AXIS2_PLACEMENT_3D('',#9533,#9534,#9535);
#9533 = CARTESIAN_POINT('',(-4.1,31.015,5.9));
#9534 = DIRECTION('',(0.,0.,1.));
#9535 = DIRECTION('',(0.,-1.,0.));
#9536 = PCURVE('',#6501,#9537);
#9537 = DEFINITIONAL_REPRESENTATION('',(#9538),#9542);
#9538 = LINE('',#9539,#9540);
#9539 = CARTESIAN_POINT('',(0.,1.5));
#9540 = VECTOR('',#9541,1.);
#9541 = DIRECTION('',(1.,0.));
#9542 = ( GEOMETRIC_REPRESENTATION_CONTEXT(2) 
PARAMETRIC_REPRESENTATION_CONTEXT() REPRESENTATION_CONTEXT('2D SPACE',''
  ) );
#9543 = PCURVE('',#9410,#9544);
#9544 = DEFINITIONAL_REPRESENTATION('',(#9545),#9549);
#9545 = LINE('',#9546,#9547);
#9546 = CARTESIAN_POINT('',(0.,3.14159265359));
#9547 = VECTOR('',#9548,1.);
#9548 = DIRECTION('',(1.,0.));
#9549 = ( GEOMETRIC_REPRESENTATION_CONTEXT(2) 
PARAMETRIC_REPRESENTATION_CONTEXT() REPRESENTATION_CONTEXT('2D SPACE',''
  ) );
#9550 = ORIENTED_EDGE('',*,*,#6485,.F.);
#9551 = ADVANCED_FACE('',(#9552),#6558,.F.);
#9552 = FACE_BOUND('',#9553,.T.);
#9553 = EDGE_LOOP('',(#9554,#9576,#9602,#9603));
#9554 = ORIENTED_EDGE('',*,*,#9555,.T.);
#9555 = EDGE_CURVE('',#6514,#9556,#9558,.T.);
#9556 = VERTEX_POINT('',#9557);
#9557 = CARTESIAN_POINT('',(-3.1,31.015,4.4));
#9558 = SURFACE_CURVE('',#9559,(#9564,#9570),.PCURVE_S1.);
#9559 = CIRCLE('',#9560,0.5);
#9560 = AXIS2_PLACEMENT_3D('',#9561,#9562,#9563);
#9561 = CARTESIAN_POINT('',(-3.1,31.015,3.9));
#9562 = DIRECTION('',(-1.,-0.,8.881784197001E-16));
#9563 = DIRECTION('',(-8.881784197001E-16,0.,-1.));
#9564 = PCURVE('',#6558,#9565);
#9565 = DEFINITIONAL_REPRESENTATION('',(#9566),#9569);
#9566 = B_SPLINE_CURVE_WITH_KNOTS('',1,(#9567,#9568),.UNSPECIFIED.,.F.,
  .F.,(2,2),(1.570796326795,3.14159265359),.PIECEWISE_BEZIER_KNOTS.);
#9567 = CARTESIAN_POINT('',(0.,0.5));
#9568 = CARTESIAN_POINT('',(-1.570796326795,0.5));
#9569 = ( GEOMETRIC_REPRESENTATION_CONTEXT(2) 
PARAMETRIC_REPRESENTATION_CONTEXT() REPRESENTATION_CONTEXT('2D SPACE',''
  ) );
#9570 = PCURVE('',#6530,#9571);
#9571 = DEFINITIONAL_REPRESENTATION('',(#9572),#9575);
#9572 = B_SPLINE_CURVE_WITH_KNOTS('',1,(#9573,#9574),.UNSPECIFIED.,.F.,
  .F.,(2,2),(1.570796326795,3.14159265359),.PIECEWISE_BEZIER_KNOTS.);
#9573 = CARTESIAN_POINT('',(0.,1.570796326795));
#9574 = CARTESIAN_POINT('',(0.,3.14159265359));
#9575 = ( GEOMETRIC_REPRESENTATION_CONTEXT(2) 
PARAMETRIC_REPRESENTATION_CONTEXT() REPRESENTATION_CONTEXT('2D SPACE',''
  ) );
#9576 = ORIENTED_EDGE('',*,*,#9577,.T.);
#9577 = EDGE_CURVE('',#9556,#9428,#9578,.T.);
#9578 = SURFACE_CURVE('',#9579,(#9583,#9590),.PCURVE_S1.);
#9579 = LINE('',#9580,#9581);
#9580 = CARTESIAN_POINT('',(-3.6,31.015,4.4));
#9581 = VECTOR('',#9582,1.);
#9582 = DIRECTION('',(1.,0.,0.));
#9583 = PCURVE('',#6558,#9584);
#9584 = DEFINITIONAL_REPRESENTATION('',(#9585),#9589);
#9585 = LINE('',#9586,#9587);
#9586 = CARTESIAN_POINT('',(-1.570796326795,0.));
#9587 = VECTOR('',#9588,1.);
#9588 = DIRECTION('',(-0.,1.));
#9589 = ( GEOMETRIC_REPRESENTATION_CONTEXT(2) 
PARAMETRIC_REPRESENTATION_CONTEXT() REPRESENTATION_CONTEXT('2D SPACE',''
  ) );
#9590 = PCURVE('',#9591,#9596);
#9591 = PLANE('',#9592);
#9592 = AXIS2_PLACEMENT_3D('',#9593,#9594,#9595);
#9593 = CARTESIAN_POINT('',(-3.6,30.515,4.4));
#9594 = DIRECTION('',(0.,0.,1.));
#9595 = DIRECTION('',(1.,0.,0.));
#9596 = DEFINITIONAL_REPRESENTATION('',(#9597),#9601);
#9597 = LINE('',#9598,#9599);
#9598 = CARTESIAN_POINT('',(-4.440892098501E-16,0.5));
#9599 = VECTOR('',#9600,1.);
#9600 = DIRECTION('',(1.,0.));
#9601 = ( GEOMETRIC_REPRESENTATION_CONTEXT(2) 
PARAMETRIC_REPRESENTATION_CONTEXT() REPRESENTATION_CONTEXT('2D SPACE',''
  ) );
#9602 = ORIENTED_EDGE('',*,*,#9427,.F.);
#9603 = ORIENTED_EDGE('',*,*,#6542,.F.);
#9604 = ADVANCED_FACE('',(#9605),#6530,.F.);
#9605 = FACE_BOUND('',#9606,.T.);
#9606 = EDGE_LOOP('',(#9607,#9608,#9609,#9610));
#9607 = ORIENTED_EDGE('',*,*,#9555,.F.);
#9608 = ORIENTED_EDGE('',*,*,#6513,.T.);
#9609 = ORIENTED_EDGE('',*,*,#9479,.T.);
#9610 = ORIENTED_EDGE('',*,*,#9611,.F.);
#9611 = EDGE_CURVE('',#9556,#9480,#9612,.T.);
#9612 = SURFACE_CURVE('',#9613,(#9618,#9625),.PCURVE_S1.);
#9613 = CIRCLE('',#9614,0.5);
#9614 = AXIS2_PLACEMENT_3D('',#9615,#9616,#9617);
#9615 = CARTESIAN_POINT('',(-3.1,31.015,4.9));
#9616 = DIRECTION('',(0.,1.,0.));
#9617 = DIRECTION('',(-8.881784197001E-16,0.,-1.));
#9618 = PCURVE('',#6530,#9619);
#9619 = DEFINITIONAL_REPRESENTATION('',(#9620),#9624);
#9620 = LINE('',#9621,#9622);
#9621 = CARTESIAN_POINT('',(-0.,3.14159265359));
#9622 = VECTOR('',#9623,1.);
#9623 = DIRECTION('',(-1.,0.));
#9624 = ( GEOMETRIC_REPRESENTATION_CONTEXT(2) 
PARAMETRIC_REPRESENTATION_CONTEXT() REPRESENTATION_CONTEXT('2D SPACE',''
  ) );
#9625 = PCURVE('',#9626,#9631);
#9626 = CYLINDRICAL_SURFACE('',#9627,0.5);
#9627 = AXIS2_PLACEMENT_3D('',#9628,#9629,#9630);
#9628 = CARTESIAN_POINT('',(-3.1,30.515,4.9));
#9629 = DIRECTION('',(0.,1.,0.));
#9630 = DIRECTION('',(0.,0.,-1.));
#9631 = DEFINITIONAL_REPRESENTATION('',(#9632),#9636);
#9632 = LINE('',#9633,#9634);
#9633 = CARTESIAN_POINT('',(0.,0.5));
#9634 = VECTOR('',#9635,1.);
#9635 = DIRECTION('',(1.,0.));
#9636 = ( GEOMETRIC_REPRESENTATION_CONTEXT(2) 
PARAMETRIC_REPRESENTATION_CONTEXT() REPRESENTATION_CONTEXT('2D SPACE',''
  ) );
#9637 = ADVANCED_FACE('',(#9638),#6865,.T.);
#9638 = FACE_BOUND('',#9639,.F.);
#9639 = EDGE_LOOP('',(#9640,#9667,#9690,#9710));
#9640 = ORIENTED_EDGE('',*,*,#9641,.F.);
#9641 = EDGE_CURVE('',#9642,#6824,#9644,.T.);
#9642 = VERTEX_POINT('',#9643);
#9643 = CARTESIAN_POINT('',(30.015,4.1,6.4));
#9644 = SURFACE_CURVE('',#9645,(#9650,#9656),.PCURVE_S1.);
#9645 = CIRCLE('',#9646,0.5);
#9646 = AXIS2_PLACEMENT_3D('',#9647,#9648,#9649);
#9647 = CARTESIAN_POINT('',(30.015,4.1,5.9));
#9648 = DIRECTION('',(-6.123233995737E-17,1.,0.));
#9649 = DIRECTION('',(-1.,-6.123233995737E-17,0.));
#9650 = PCURVE('',#6865,#9651);
#9651 = DEFINITIONAL_REPRESENTATION('',(#9652),#9655);
#9652 = B_SPLINE_CURVE_WITH_KNOTS('',1,(#9653,#9654),.UNSPECIFIED.,.F.,
  .F.,(2,2),(1.570796326795,3.14159265359),.PIECEWISE_BEZIER_KNOTS.);
#9653 = CARTESIAN_POINT('',(-1.570796326795,0.5));
#9654 = CARTESIAN_POINT('',(0.,0.5));
#9655 = ( GEOMETRIC_REPRESENTATION_CONTEXT(2) 
PARAMETRIC_REPRESENTATION_CONTEXT() REPRESENTATION_CONTEXT('2D SPACE',''
  ) );
#9656 = PCURVE('',#9657,#9662);
#9657 = TOROIDAL_SURFACE('',#9658,1.,0.5);
#9658 = AXIS2_PLACEMENT_3D('',#9659,#9660,#9661);
#9659 = CARTESIAN_POINT('',(31.015,4.1,5.9));
#9660 = DIRECTION('',(0.,0.,1.));
#9661 = DIRECTION('',(0.,-1.,0.));
#9662 = DEFINITIONAL_REPRESENTATION('',(#9663),#9666);
#9663 = B_SPLINE_CURVE_WITH_KNOTS('',1,(#9664,#9665),.UNSPECIFIED.,.F.,
  .F.,(2,2),(1.570796326795,3.14159265359),.PIECEWISE_BEZIER_KNOTS.);
#9664 = CARTESIAN_POINT('',(-1.570796326795,1.570796326795));
#9665 = CARTESIAN_POINT('',(-1.570796326795,3.14159265359));
#9666 = ( GEOMETRIC_REPRESENTATION_CONTEXT(2) 
PARAMETRIC_REPRESENTATION_CONTEXT() REPRESENTATION_CONTEXT('2D SPACE',''
  ) );
#9667 = ORIENTED_EDGE('',*,*,#9668,.T.);
#9668 = EDGE_CURVE('',#9642,#9669,#9671,.T.);
#9669 = VERTEX_POINT('',#9670);
#9670 = CARTESIAN_POINT('',(30.015,11.707843142053,6.4));
#9671 = SURFACE_CURVE('',#9672,(#9676,#9683),.PCURVE_S1.);
#9672 = LINE('',#9673,#9674);
#9673 = CARTESIAN_POINT('',(30.015,3.6,6.4));
#9674 = VECTOR('',#9675,1.);
#9675 = DIRECTION('',(0.,1.,0.));
#9676 = PCURVE('',#6865,#9677);
#9677 = DEFINITIONAL_REPRESENTATION('',(#9678),#9682);
#9678 = LINE('',#9679,#9680);
#9679 = CARTESIAN_POINT('',(-1.570796326795,0.));
#9680 = VECTOR('',#9681,1.);
#9681 = DIRECTION('',(-0.,1.));
#9682 = ( GEOMETRIC_REPRESENTATION_CONTEXT(2) 
PARAMETRIC_REPRESENTATION_CONTEXT() REPRESENTATION_CONTEXT('2D SPACE',''
  ) );
#9683 = PCURVE('',#6951,#9684);
#9684 = DEFINITIONAL_REPRESENTATION('',(#9685),#9689);
#9685 = LINE('',#9686,#9687);
#9686 = CARTESIAN_POINT('',(30.015,3.6));
#9687 = VECTOR('',#9688,1.);
#9688 = DIRECTION('',(0.,1.));
#9689 = ( GEOMETRIC_REPRESENTATION_CONTEXT(2) 
PARAMETRIC_REPRESENTATION_CONTEXT() REPRESENTATION_CONTEXT('2D SPACE',''
  ) );
#9690 = ORIENTED_EDGE('',*,*,#9691,.F.);
#9691 = EDGE_CURVE('',#6657,#9669,#9692,.T.);
#9692 = SURFACE_CURVE('',#9693,(#9698,#9704),.PCURVE_S1.);
#9693 = CIRCLE('',#9694,0.5);
#9694 = AXIS2_PLACEMENT_3D('',#9695,#9696,#9697);
#9695 = CARTESIAN_POINT('',(30.015,11.707843142053,5.9));
#9696 = DIRECTION('',(0.,-1.,-0.));
#9697 = DIRECTION('',(1.,0.,-0.));
#9698 = PCURVE('',#6865,#9699);
#9699 = DEFINITIONAL_REPRESENTATION('',(#9700),#9703);
#9700 = B_SPLINE_CURVE_WITH_KNOTS('',1,(#9701,#9702),.UNSPECIFIED.,.F.,
  .F.,(2,2),(0.,1.570796326795),.PIECEWISE_BEZIER_KNOTS.);
#9701 = CARTESIAN_POINT('',(0.,8.107843142053));
#9702 = CARTESIAN_POINT('',(-1.570796326795,8.107843142053));
#9703 = ( GEOMETRIC_REPRESENTATION_CONTEXT(2) 
PARAMETRIC_REPRESENTATION_CONTEXT() REPRESENTATION_CONTEXT('2D SPACE',''
  ) );
#9704 = PCURVE('',#6896,#9705);
#9705 = DEFINITIONAL_REPRESENTATION('',(#9706),#9709);
#9706 = B_SPLINE_CURVE_WITH_KNOTS('',1,(#9707,#9708),.UNSPECIFIED.,.F.,
  .F.,(2,2),(0.,1.570796326795),.PIECEWISE_BEZIER_KNOTS.);
#9707 = CARTESIAN_POINT('',(0.,0.));
#9708 = CARTESIAN_POINT('',(0.,1.570796326795));
#9709 = ( GEOMETRIC_REPRESENTATION_CONTEXT(2) 
PARAMETRIC_REPRESENTATION_CONTEXT() REPRESENTATION_CONTEXT('2D SPACE',''
  ) );
#9710 = ORIENTED_EDGE('',*,*,#6851,.F.);
#9711 = ADVANCED_FACE('',(#9712),#6839,.F.);
#9712 = FACE_BOUND('',#9713,.F.);
#9713 = EDGE_LOOP('',(#9714,#9736,#9764,#9786));
#9714 = ORIENTED_EDGE('',*,*,#9715,.T.);
#9715 = EDGE_CURVE('',#6795,#9716,#9718,.T.);
#9716 = VERTEX_POINT('',#9717);
#9717 = CARTESIAN_POINT('',(31.015,3.6,4.9));
#9718 = SURFACE_CURVE('',#9719,(#9724,#9730),.PCURVE_S1.);
#9719 = CIRCLE('',#9720,0.5);
#9720 = AXIS2_PLACEMENT_3D('',#9721,#9722,#9723);
#9721 = CARTESIAN_POINT('',(31.015,4.1,4.9));
#9722 = DIRECTION('',(0.,-0.,1.));
#9723 = DIRECTION('',(0.,1.,0.));
#9724 = PCURVE('',#6839,#9725);
#9725 = DEFINITIONAL_REPRESENTATION('',(#9726),#9729);
#9726 = B_SPLINE_CURVE_WITH_KNOTS('',1,(#9727,#9728),.UNSPECIFIED.,.F.,
  .F.,(2,2),(1.570796326795,3.14159265359),.PIECEWISE_BEZIER_KNOTS.);
#9727 = CARTESIAN_POINT('',(0.,0.5));
#9728 = CARTESIAN_POINT('',(1.570796326795,0.5));
#9729 = ( GEOMETRIC_REPRESENTATION_CONTEXT(2) 
PARAMETRIC_REPRESENTATION_CONTEXT() REPRESENTATION_CONTEXT('2D SPACE',''
  ) );
#9730 = PCURVE('',#6811,#9731);
#9731 = DEFINITIONAL_REPRESENTATION('',(#9732),#9735);
#9732 = B_SPLINE_CURVE_WITH_KNOTS('',1,(#9733,#9734),.UNSPECIFIED.,.F.,
  .F.,(2,2),(1.570796326795,3.14159265359),.PIECEWISE_BEZIER_KNOTS.);
#9733 = CARTESIAN_POINT('',(0.,1.570796326795));
#9734 = CARTESIAN_POINT('',(0.,3.14159265359));
#9735 = ( GEOMETRIC_REPRESENTATION_CONTEXT(2) 
PARAMETRIC_REPRESENTATION_CONTEXT() REPRESENTATION_CONTEXT('2D SPACE',''
  ) );
#9736 = ORIENTED_EDGE('',*,*,#9737,.T.);
#9737 = EDGE_CURVE('',#9716,#9738,#9740,.T.);
#9738 = VERTEX_POINT('',#9739);
#9739 = CARTESIAN_POINT('',(31.015,3.6,5.9));
#9740 = SURFACE_CURVE('',#9741,(#9745,#9752),.PCURVE_S1.);
#9741 = LINE('',#9742,#9743);
#9742 = CARTESIAN_POINT('',(31.015,3.6,4.4));
#9743 = VECTOR('',#9744,1.);
#9744 = DIRECTION('',(0.,0.,1.));
#9745 = PCURVE('',#6839,#9746);
#9746 = DEFINITIONAL_REPRESENTATION('',(#9747),#9751);
#9747 = LINE('',#9748,#9749);
#9748 = CARTESIAN_POINT('',(1.570796326795,0.));
#9749 = VECTOR('',#9750,1.);
#9750 = DIRECTION('',(0.,1.));
#9751 = ( GEOMETRIC_REPRESENTATION_CONTEXT(2) 
PARAMETRIC_REPRESENTATION_CONTEXT() REPRESENTATION_CONTEXT('2D SPACE',''
  ) );
#9752 = PCURVE('',#9753,#9758);
#9753 = PLANE('',#9754);
#9754 = AXIS2_PLACEMENT_3D('',#9755,#9756,#9757);
#9755 = CARTESIAN_POINT('',(30.515,3.6,4.4));
#9756 = DIRECTION('',(0.,1.,0.));
#9757 = DIRECTION('',(0.,0.,1.));
#9758 = DEFINITIONAL_REPRESENTATION('',(#9759),#9763);
#9759 = LINE('',#9760,#9761);
#9760 = CARTESIAN_POINT('',(0.,0.5));
#9761 = VECTOR('',#9762,1.);
#9762 = DIRECTION('',(1.,0.));
#9763 = ( GEOMETRIC_REPRESENTATION_CONTEXT(2) 
PARAMETRIC_REPRESENTATION_CONTEXT() REPRESENTATION_CONTEXT('2D SPACE',''
  ) );
#9764 = ORIENTED_EDGE('',*,*,#9765,.T.);
#9765 = EDGE_CURVE('',#9738,#6824,#9766,.T.);
#9766 = SURFACE_CURVE('',#9767,(#9772,#9779),.PCURVE_S1.);
#9767 = CIRCLE('',#9768,0.5);
#9768 = AXIS2_PLACEMENT_3D('',#9769,#9770,#9771);
#9769 = CARTESIAN_POINT('',(31.015,4.1,5.9));
#9770 = DIRECTION('',(-0.,-0.,-1.));
#9771 = DIRECTION('',(0.,-1.,0.));
#9772 = PCURVE('',#6839,#9773);
#9773 = DEFINITIONAL_REPRESENTATION('',(#9774),#9778);
#9774 = LINE('',#9775,#9776);
#9775 = CARTESIAN_POINT('',(1.570796326795,1.5));
#9776 = VECTOR('',#9777,1.);
#9777 = DIRECTION('',(-1.,-0.));
#9778 = ( GEOMETRIC_REPRESENTATION_CONTEXT(2) 
PARAMETRIC_REPRESENTATION_CONTEXT() REPRESENTATION_CONTEXT('2D SPACE',''
  ) );
#9779 = PCURVE('',#9657,#9780);
#9780 = DEFINITIONAL_REPRESENTATION('',(#9781),#9785);
#9781 = LINE('',#9782,#9783);
#9782 = CARTESIAN_POINT('',(-0.,3.14159265359));
#9783 = VECTOR('',#9784,1.);
#9784 = DIRECTION('',(-1.,0.));
#9785 = ( GEOMETRIC_REPRESENTATION_CONTEXT(2) 
PARAMETRIC_REPRESENTATION_CONTEXT() REPRESENTATION_CONTEXT('2D SPACE',''
  ) );
#9786 = ORIENTED_EDGE('',*,*,#6823,.F.);
#9787 = ADVANCED_FACE('',(#9788),#6697,.T.);
#9788 = FACE_BOUND('',#9789,.F.);
#9789 = EDGE_LOOP('',(#9790,#9791,#9814,#9839));
#9790 = ORIENTED_EDGE('',*,*,#9175,.T.);
#9791 = ORIENTED_EDGE('',*,*,#9792,.T.);
#9792 = EDGE_CURVE('',#9176,#9793,#9795,.T.);
#9793 = VERTEX_POINT('',#9794);
#9794 = CARTESIAN_POINT('',(30.015,-4.1,6.4));
#9795 = SURFACE_CURVE('',#9796,(#9800,#9807),.PCURVE_S1.);
#9796 = LINE('',#9797,#9798);
#9797 = CARTESIAN_POINT('',(30.015,-11.70784314205,6.4));
#9798 = VECTOR('',#9799,1.);
#9799 = DIRECTION('',(0.,1.,0.));
#9800 = PCURVE('',#6697,#9801);
#9801 = DEFINITIONAL_REPRESENTATION('',(#9802),#9806);
#9802 = LINE('',#9803,#9804);
#9803 = CARTESIAN_POINT('',(-1.570796326795,0.));
#9804 = VECTOR('',#9805,1.);
#9805 = DIRECTION('',(-0.,1.));
#9806 = ( GEOMETRIC_REPRESENTATION_CONTEXT(2) 
PARAMETRIC_REPRESENTATION_CONTEXT() REPRESENTATION_CONTEXT('2D SPACE',''
  ) );
#9807 = PCURVE('',#6951,#9808);
#9808 = DEFINITIONAL_REPRESENTATION('',(#9809),#9813);
#9809 = LINE('',#9810,#9811);
#9810 = CARTESIAN_POINT('',(30.015,-11.70784314205));
#9811 = VECTOR('',#9812,1.);
#9812 = DIRECTION('',(0.,1.));
#9813 = ( GEOMETRIC_REPRESENTATION_CONTEXT(2) 
PARAMETRIC_REPRESENTATION_CONTEXT() REPRESENTATION_CONTEXT('2D SPACE',''
  ) );
#9814 = ORIENTED_EDGE('',*,*,#9815,.T.);
#9815 = EDGE_CURVE('',#9793,#6682,#9816,.T.);
#9816 = SURFACE_CURVE('',#9817,(#9822,#9828),.PCURVE_S1.);
#9817 = CIRCLE('',#9818,0.5);
#9818 = AXIS2_PLACEMENT_3D('',#9819,#9820,#9821);
#9819 = CARTESIAN_POINT('',(30.015,-4.1,5.9));
#9820 = DIRECTION('',(6.123233995737E-17,1.,-0.));
#9821 = DIRECTION('',(-1.,6.123233995737E-17,0.));
#9822 = PCURVE('',#6697,#9823);
#9823 = DEFINITIONAL_REPRESENTATION('',(#9824),#9827);
#9824 = B_SPLINE_CURVE_WITH_KNOTS('',1,(#9825,#9826),.UNSPECIFIED.,.F.,
  .F.,(2,2),(1.570796326795,3.14159265359),.PIECEWISE_BEZIER_KNOTS.);
#9825 = CARTESIAN_POINT('',(-1.570796326795,7.607843142053));
#9826 = CARTESIAN_POINT('',(0.,7.607843142053));
#9827 = ( GEOMETRIC_REPRESENTATION_CONTEXT(2) 
PARAMETRIC_REPRESENTATION_CONTEXT() REPRESENTATION_CONTEXT('2D SPACE',''
  ) );
#9828 = PCURVE('',#9829,#9834);
#9829 = TOROIDAL_SURFACE('',#9830,1.,0.5);
#9830 = AXIS2_PLACEMENT_3D('',#9831,#9832,#9833);
#9831 = CARTESIAN_POINT('',(31.015,-4.1,5.9));
#9832 = DIRECTION('',(0.,0.,1.));
#9833 = DIRECTION('',(0.,1.,-0.));
#9834 = DEFINITIONAL_REPRESENTATION('',(#9835),#9838);
#9835 = B_SPLINE_CURVE_WITH_KNOTS('',1,(#9836,#9837),.UNSPECIFIED.,.F.,
  .F.,(2,2),(1.570796326795,3.14159265359),.PIECEWISE_BEZIER_KNOTS.);
#9836 = CARTESIAN_POINT('',(1.570796326795,1.570796326795));
#9837 = CARTESIAN_POINT('',(1.570796326795,3.14159265359));
#9838 = ( GEOMETRIC_REPRESENTATION_CONTEXT(2) 
PARAMETRIC_REPRESENTATION_CONTEXT() REPRESENTATION_CONTEXT('2D SPACE',''
  ) );
#9839 = ORIENTED_EDGE('',*,*,#6681,.F.);
#9840 = ADVANCED_FACE('',(#9841),#6811,.F.);
#9841 = FACE_BOUND('',#9842,.F.);
#9842 = EDGE_LOOP('',(#9843,#9844,#9845,#9867));
#9843 = ORIENTED_EDGE('',*,*,#9715,.F.);
#9844 = ORIENTED_EDGE('',*,*,#6794,.T.);
#9845 = ORIENTED_EDGE('',*,*,#9846,.T.);
#9846 = EDGE_CURVE('',#6767,#9847,#9849,.T.);
#9847 = VERTEX_POINT('',#9848);
#9848 = CARTESIAN_POINT('',(31.015,3.1,4.4));
#9849 = SURFACE_CURVE('',#9850,(#9855,#9861),.PCURVE_S1.);
#9850 = CIRCLE('',#9851,0.5);
#9851 = AXIS2_PLACEMENT_3D('',#9852,#9853,#9854);
#9852 = CARTESIAN_POINT('',(31.015,3.1,3.9));
#9853 = DIRECTION('',(0.,1.,6.123233995737E-17));
#9854 = DIRECTION('',(0.,6.123233995737E-17,-1.));
#9855 = PCURVE('',#6811,#9856);
#9856 = DEFINITIONAL_REPRESENTATION('',(#9857),#9860);
#9857 = B_SPLINE_CURVE_WITH_KNOTS('',1,(#9858,#9859),.UNSPECIFIED.,.F.,
  .F.,(2,2),(1.570796326795,3.14159265359),.PIECEWISE_BEZIER_KNOTS.);
#9858 = CARTESIAN_POINT('',(1.570796326795,1.570796326795));
#9859 = CARTESIAN_POINT('',(1.570796326795,3.14159265359));
#9860 = ( GEOMETRIC_REPRESENTATION_CONTEXT(2) 
PARAMETRIC_REPRESENTATION_CONTEXT() REPRESENTATION_CONTEXT('2D SPACE',''
  ) );
#9861 = PCURVE('',#6782,#9862);
#9862 = DEFINITIONAL_REPRESENTATION('',(#9863),#9866);
#9863 = B_SPLINE_CURVE_WITH_KNOTS('',1,(#9864,#9865),.UNSPECIFIED.,.F.,
  .F.,(2,2),(1.570796326795,3.14159265359),.PIECEWISE_BEZIER_KNOTS.);
#9864 = CARTESIAN_POINT('',(0.,6.7));
#9865 = CARTESIAN_POINT('',(1.570796326795,6.7));
#9866 = ( GEOMETRIC_REPRESENTATION_CONTEXT(2) 
PARAMETRIC_REPRESENTATION_CONTEXT() REPRESENTATION_CONTEXT('2D SPACE',''
  ) );
#9867 = ORIENTED_EDGE('',*,*,#9868,.F.);
#9868 = EDGE_CURVE('',#9716,#9847,#9869,.T.);
#9869 = SURFACE_CURVE('',#9870,(#9875,#9882),.PCURVE_S1.);
#9870 = CIRCLE('',#9871,0.5);
#9871 = AXIS2_PLACEMENT_3D('',#9872,#9873,#9874);
#9872 = CARTESIAN_POINT('',(31.015,3.1,4.9));
#9873 = DIRECTION('',(-1.,0.,0.));
#9874 = DIRECTION('',(0.,1.,0.));
#9875 = PCURVE('',#6811,#9876);
#9876 = DEFINITIONAL_REPRESENTATION('',(#9877),#9881);
#9877 = LINE('',#9878,#9879);
#9878 = CARTESIAN_POINT('',(0.,3.14159265359));
#9879 = VECTOR('',#9880,1.);
#9880 = DIRECTION('',(1.,0.));
#9881 = ( GEOMETRIC_REPRESENTATION_CONTEXT(2) 
PARAMETRIC_REPRESENTATION_CONTEXT() REPRESENTATION_CONTEXT('2D SPACE',''
  ) );
#9882 = PCURVE('',#9883,#9888);
#9883 = CYLINDRICAL_SURFACE('',#9884,0.5);
#9884 = AXIS2_PLACEMENT_3D('',#9885,#9886,#9887);
#9885 = CARTESIAN_POINT('',(30.515,3.1,4.9));
#9886 = DIRECTION('',(1.,0.,0.));
#9887 = DIRECTION('',(-0.,1.,0.));
#9888 = DEFINITIONAL_REPRESENTATION('',(#9889),#9893);
#9889 = LINE('',#9890,#9891);
#9890 = CARTESIAN_POINT('',(-0.,0.5));
#9891 = VECTOR('',#9892,1.);
#9892 = DIRECTION('',(-1.,0.));
#9893 = ( GEOMETRIC_REPRESENTATION_CONTEXT(2) 
PARAMETRIC_REPRESENTATION_CONTEXT() REPRESENTATION_CONTEXT('2D SPACE',''
  ) );
#9894 = ADVANCED_FACE('',(#9895),#6725,.F.);
#9895 = FACE_BOUND('',#9896,.T.);
#9896 = EDGE_LOOP('',(#9897,#9919,#9947,#9969));
#9897 = ORIENTED_EDGE('',*,*,#9898,.T.);
#9898 = EDGE_CURVE('',#6710,#9899,#9901,.T.);
#9899 = VERTEX_POINT('',#9900);
#9900 = CARTESIAN_POINT('',(31.015,-3.6,4.9));
#9901 = SURFACE_CURVE('',#9902,(#9907,#9913),.PCURVE_S1.);
#9902 = CIRCLE('',#9903,0.5);
#9903 = AXIS2_PLACEMENT_3D('',#9904,#9905,#9906);
#9904 = CARTESIAN_POINT('',(31.015,-4.1,4.9));
#9905 = DIRECTION('',(0.,1.837589179358E-15,-1.));
#9906 = DIRECTION('',(0.,-1.,-1.837589179358E-15));
#9907 = PCURVE('',#6725,#9908);
#9908 = DEFINITIONAL_REPRESENTATION('',(#9909),#9912);
#9909 = B_SPLINE_CURVE_WITH_KNOTS('',1,(#9910,#9911),.UNSPECIFIED.,.F.,
  .F.,(2,2),(1.570796326795,3.14159265359),.PIECEWISE_BEZIER_KNOTS.);
#9910 = CARTESIAN_POINT('',(0.,0.5));
#9911 = CARTESIAN_POINT('',(-1.570796326795,0.5));
#9912 = ( GEOMETRIC_REPRESENTATION_CONTEXT(2) 
PARAMETRIC_REPRESENTATION_CONTEXT() REPRESENTATION_CONTEXT('2D SPACE',''
  ) );
#9913 = PCURVE('',#6754,#9914);
#9914 = DEFINITIONAL_REPRESENTATION('',(#9915),#9918);
#9915 = B_SPLINE_CURVE_WITH_KNOTS('',1,(#9916,#9917),.UNSPECIFIED.,.F.,
  .F.,(2,2),(1.570796326795,3.14159265359),.PIECEWISE_BEZIER_KNOTS.);
#9916 = CARTESIAN_POINT('',(1.570796326795,1.570796326795));
#9917 = CARTESIAN_POINT('',(1.570796326795,3.14159265359));
#9918 = ( GEOMETRIC_REPRESENTATION_CONTEXT(2) 
PARAMETRIC_REPRESENTATION_CONTEXT() REPRESENTATION_CONTEXT('2D SPACE',''
  ) );
#9919 = ORIENTED_EDGE('',*,*,#9920,.T.);
#9920 = EDGE_CURVE('',#9899,#9921,#9923,.T.);
#9921 = VERTEX_POINT('',#9922);
#9922 = CARTESIAN_POINT('',(31.015,-3.6,5.9));
#9923 = SURFACE_CURVE('',#9924,(#9928,#9935),.PCURVE_S1.);
#9924 = LINE('',#9925,#9926);
#9925 = CARTESIAN_POINT('',(31.015,-3.6,4.4));
#9926 = VECTOR('',#9927,1.);
#9927 = DIRECTION('',(0.,0.,1.));
#9928 = PCURVE('',#6725,#9929);
#9929 = DEFINITIONAL_REPRESENTATION('',(#9930),#9934);
#9930 = LINE('',#9931,#9932);
#9931 = CARTESIAN_POINT('',(-1.570796326795,0.));
#9932 = VECTOR('',#9933,1.);
#9933 = DIRECTION('',(-0.,1.));
#9934 = ( GEOMETRIC_REPRESENTATION_CONTEXT(2) 
PARAMETRIC_REPRESENTATION_CONTEXT() REPRESENTATION_CONTEXT('2D SPACE',''
  ) );
#9935 = PCURVE('',#9936,#9941);
#9936 = PLANE('',#9937);
#9937 = AXIS2_PLACEMENT_3D('',#9938,#9939,#9940);
#9938 = CARTESIAN_POINT('',(30.515,-3.6,4.4));
#9939 = DIRECTION('',(0.,1.,0.));
#9940 = DIRECTION('',(0.,0.,1.));
#9941 = DEFINITIONAL_REPRESENTATION('',(#9942),#9946);
#9942 = LINE('',#9943,#9944);
#9943 = CARTESIAN_POINT('',(0.,0.5));
#9944 = VECTOR('',#9945,1.);
#9945 = DIRECTION('',(1.,0.));
#9946 = ( GEOMETRIC_REPRESENTATION_CONTEXT(2) 
PARAMETRIC_REPRESENTATION_CONTEXT() REPRESENTATION_CONTEXT('2D SPACE',''
  ) );
#9947 = ORIENTED_EDGE('',*,*,#9948,.T.);
#9948 = EDGE_CURVE('',#9921,#6682,#9949,.T.);
#9949 = SURFACE_CURVE('',#9950,(#9955,#9962),.PCURVE_S1.);
#9950 = CIRCLE('',#9951,0.5);
#9951 = AXIS2_PLACEMENT_3D('',#9952,#9953,#9954);
#9952 = CARTESIAN_POINT('',(31.015,-4.1,5.9));
#9953 = DIRECTION('',(0.,0.,1.));
#9954 = DIRECTION('',(0.,1.,-0.));
#9955 = PCURVE('',#6725,#9956);
#9956 = DEFINITIONAL_REPRESENTATION('',(#9957),#9961);
#9957 = LINE('',#9958,#9959);
#9958 = CARTESIAN_POINT('',(-1.570796326795,1.5));
#9959 = VECTOR('',#9960,1.);
#9960 = DIRECTION('',(1.,-0.));
#9961 = ( GEOMETRIC_REPRESENTATION_CONTEXT(2) 
PARAMETRIC_REPRESENTATION_CONTEXT() REPRESENTATION_CONTEXT('2D SPACE',''
  ) );
#9962 = PCURVE('',#9829,#9963);
#9963 = DEFINITIONAL_REPRESENTATION('',(#9964),#9968);
#9964 = LINE('',#9965,#9966);
#9965 = CARTESIAN_POINT('',(0.,3.14159265359));
#9966 = VECTOR('',#9967,1.);
#9967 = DIRECTION('',(1.,0.));
#9968 = ( GEOMETRIC_REPRESENTATION_CONTEXT(2) 
PARAMETRIC_REPRESENTATION_CONTEXT() REPRESENTATION_CONTEXT('2D SPACE',''
  ) );
#9969 = ORIENTED_EDGE('',*,*,#6709,.F.);
#9970 = ADVANCED_FACE('',(#9971),#6782,.F.);
#9971 = FACE_BOUND('',#9972,.F.);
#9972 = EDGE_LOOP('',(#9973,#9995,#10021,#10022));
#9973 = ORIENTED_EDGE('',*,*,#9974,.T.);
#9974 = EDGE_CURVE('',#6738,#9975,#9977,.T.);
#9975 = VERTEX_POINT('',#9976);
#9976 = CARTESIAN_POINT('',(31.015,-3.1,4.4));
#9977 = SURFACE_CURVE('',#9978,(#9983,#9989),.PCURVE_S1.);
#9978 = CIRCLE('',#9979,0.5);
#9979 = AXIS2_PLACEMENT_3D('',#9980,#9981,#9982);
#9980 = CARTESIAN_POINT('',(31.015,-3.1,3.9));
#9981 = DIRECTION('',(0.,1.,-8.881784197001E-16));
#9982 = DIRECTION('',(0.,-8.881784197001E-16,-1.));
#9983 = PCURVE('',#6782,#9984);
#9984 = DEFINITIONAL_REPRESENTATION('',(#9985),#9988);
#9985 = B_SPLINE_CURVE_WITH_KNOTS('',1,(#9986,#9987),.UNSPECIFIED.,.F.,
  .F.,(2,2),(1.570796326795,3.14159265359),.PIECEWISE_BEZIER_KNOTS.);
#9986 = CARTESIAN_POINT('',(0.,0.5));
#9987 = CARTESIAN_POINT('',(1.570796326795,0.5));
#9988 = ( GEOMETRIC_REPRESENTATION_CONTEXT(2) 
PARAMETRIC_REPRESENTATION_CONTEXT() REPRESENTATION_CONTEXT('2D SPACE',''
  ) );
#9989 = PCURVE('',#6754,#9990);
#9990 = DEFINITIONAL_REPRESENTATION('',(#9991),#9994);
#9991 = B_SPLINE_CURVE_WITH_KNOTS('',1,(#9992,#9993),.UNSPECIFIED.,.F.,
  .F.,(2,2),(1.570796326795,3.14159265359),.PIECEWISE_BEZIER_KNOTS.);
#9992 = CARTESIAN_POINT('',(0.,1.570796326795));
#9993 = CARTESIAN_POINT('',(0.,3.14159265359));
#9994 = ( GEOMETRIC_REPRESENTATION_CONTEXT(2) 
PARAMETRIC_REPRESENTATION_CONTEXT() REPRESENTATION_CONTEXT('2D SPACE',''
  ) );
#9995 = ORIENTED_EDGE('',*,*,#9996,.T.);
#9996 = EDGE_CURVE('',#9975,#9847,#9997,.T.);
#9997 = SURFACE_CURVE('',#9998,(#10002,#10009),.PCURVE_S1.);
#9998 = LINE('',#9999,#10000);
#9999 = CARTESIAN_POINT('',(31.015,-3.6,4.4));
#10000 = VECTOR('',#10001,1.);
#10001 = DIRECTION('',(0.,1.,0.));
#10002 = PCURVE('',#6782,#10003);
#10003 = DEFINITIONAL_REPRESENTATION('',(#10004),#10008);
#10004 = LINE('',#10005,#10006);
#10005 = CARTESIAN_POINT('',(1.570796326795,0.));
#10006 = VECTOR('',#10007,1.);
#10007 = DIRECTION('',(0.,1.));
#10008 = ( GEOMETRIC_REPRESENTATION_CONTEXT(2) 
PARAMETRIC_REPRESENTATION_CONTEXT() REPRESENTATION_CONTEXT('2D SPACE',''
  ) );
#10009 = PCURVE('',#10010,#10015);
#10010 = PLANE('',#10011);
#10011 = AXIS2_PLACEMENT_3D('',#10012,#10013,#10014);
#10012 = CARTESIAN_POINT('',(30.515,-3.6,4.4));
#10013 = DIRECTION('',(0.,0.,1.));
#10014 = DIRECTION('',(1.,0.,0.));
#10015 = DEFINITIONAL_REPRESENTATION('',(#10016),#10020);
#10016 = LINE('',#10017,#10018);
#10017 = CARTESIAN_POINT('',(0.5,-4.440892098501E-16));
#10018 = VECTOR('',#10019,1.);
#10019 = DIRECTION('',(0.,1.));
#10020 = ( GEOMETRIC_REPRESENTATION_CONTEXT(2) 
PARAMETRIC_REPRESENTATION_CONTEXT() REPRESENTATION_CONTEXT('2D SPACE',''
  ) );
#10021 = ORIENTED_EDGE('',*,*,#9846,.F.);
#10022 = ORIENTED_EDGE('',*,*,#6766,.F.);
#10023 = ADVANCED_FACE('',(#10024),#6754,.F.);
#10024 = FACE_BOUND('',#10025,.F.);
#10025 = EDGE_LOOP('',(#10026,#10027,#10028,#10029));
#10026 = ORIENTED_EDGE('',*,*,#9974,.F.);
#10027 = ORIENTED_EDGE('',*,*,#6737,.T.);
#10028 = ORIENTED_EDGE('',*,*,#9898,.T.);
#10029 = ORIENTED_EDGE('',*,*,#10030,.F.);
#10030 = EDGE_CURVE('',#9975,#9899,#10031,.T.);
#10031 = SURFACE_CURVE('',#10032,(#10037,#10044),.PCURVE_S1.);
#10032 = CIRCLE('',#10033,0.5);
#10033 = AXIS2_PLACEMENT_3D('',#10034,#10035,#10036);
#10034 = CARTESIAN_POINT('',(31.015,-3.1,4.9));
#10035 = DIRECTION('',(-1.,0.,0.));
#10036 = DIRECTION('',(-0.,-8.881784197001E-16,-1.));
#10037 = PCURVE('',#6754,#10038);
#10038 = DEFINITIONAL_REPRESENTATION('',(#10039),#10043);
#10039 = LINE('',#10040,#10041);
#10040 = CARTESIAN_POINT('',(0.,3.14159265359));
#10041 = VECTOR('',#10042,1.);
#10042 = DIRECTION('',(1.,0.));
#10043 = ( GEOMETRIC_REPRESENTATION_CONTEXT(2) 
PARAMETRIC_REPRESENTATION_CONTEXT() REPRESENTATION_CONTEXT('2D SPACE',''
  ) );
#10044 = PCURVE('',#10045,#10050);
#10045 = CYLINDRICAL_SURFACE('',#10046,0.5);
#10046 = AXIS2_PLACEMENT_3D('',#10047,#10048,#10049);
#10047 = CARTESIAN_POINT('',(30.515,-3.1,4.9));
#10048 = DIRECTION('',(1.,0.,0.));
#10049 = DIRECTION('',(0.,0.,-1.));
#10050 = DEFINITIONAL_REPRESENTATION('',(#10051),#10055);
#10051 = LINE('',#10052,#10053);
#10052 = CARTESIAN_POINT('',(-0.,0.5));
#10053 = VECTOR('',#10054,1.);
#10054 = DIRECTION('',(-1.,0.));
#10055 = ( GEOMETRIC_REPRESENTATION_CONTEXT(2) 
PARAMETRIC_REPRESENTATION_CONTEXT() REPRESENTATION_CONTEXT('2D SPACE',''
  ) );
#10056 = ADVANCED_FACE('',(#10057),#6896,.T.);
#10057 = FACE_BOUND('',#10058,.T.);
#10058 = EDGE_LOOP('',(#10059,#10060,#10061,#10062));
#10059 = ORIENTED_EDGE('',*,*,#9691,.F.);
#10060 = ORIENTED_EDGE('',*,*,#6881,.T.);
#10061 = ORIENTED_EDGE('',*,*,#9222,.T.);
#10062 = ORIENTED_EDGE('',*,*,#10063,.F.);
#10063 = EDGE_CURVE('',#9669,#9223,#10064,.T.);
#10064 = SURFACE_CURVE('',#10065,(#10070,#10077),.PCURVE_S1.);
#10065 = CIRCLE('',#10066,18.307156857947);
#10066 = AXIS2_PLACEMENT_3D('',#10067,#10068,#10069);
#10067 = CARTESIAN_POINT('',(11.707843142053,11.707843142053,6.4));
#10068 = DIRECTION('',(0.,0.,1.));
#10069 = DIRECTION('',(1.,0.,-0.));
#10070 = PCURVE('',#6896,#10071);
#10071 = DEFINITIONAL_REPRESENTATION('',(#10072),#10076);
#10072 = LINE('',#10073,#10074);
#10073 = CARTESIAN_POINT('',(0.,1.570796326795));
#10074 = VECTOR('',#10075,1.);
#10075 = DIRECTION('',(1.,0.));
#10076 = ( GEOMETRIC_REPRESENTATION_CONTEXT(2) 
PARAMETRIC_REPRESENTATION_CONTEXT() REPRESENTATION_CONTEXT('2D SPACE',''
  ) );
#10077 = PCURVE('',#6951,#10078);
#10078 = DEFINITIONAL_REPRESENTATION('',(#10079),#10083);
#10079 = CIRCLE('',#10080,18.307156857947);
#10080 = AXIS2_PLACEMENT_2D('',#10081,#10082);
#10081 = CARTESIAN_POINT('',(11.707843142053,11.707843142053));
#10082 = DIRECTION('',(1.,0.));
#10083 = ( GEOMETRIC_REPRESENTATION_CONTEXT(2) 
PARAMETRIC_REPRESENTATION_CONTEXT() REPRESENTATION_CONTEXT('2D SPACE',''
  ) );
#10084 = ADVANCED_FACE('',(#10085,#10095,#10098,#10108,#10111,#10121),
  #6951,.T.);
#10085 = FACE_BOUND('',#10086,.T.);
#10086 = EDGE_LOOP('',(#10087,#10088,#10089,#10090,#10091,#10092,#10093,
    #10094));
#10087 = ORIENTED_EDGE('',*,*,#6935,.F.);
#10088 = ORIENTED_EDGE('',*,*,#6988,.T.);
#10089 = ORIENTED_EDGE('',*,*,#7115,.F.);
#10090 = ORIENTED_EDGE('',*,*,#7211,.F.);
#10091 = ORIENTED_EDGE('',*,*,#7288,.T.);
#10092 = ORIENTED_EDGE('',*,*,#7239,.F.);
#10093 = ORIENTED_EDGE('',*,*,#7163,.T.);
#10094 = ORIENTED_EDGE('',*,*,#7062,.T.);
#10095 = FACE_BOUND('',#10096,.T.);
#10096 = EDGE_LOOP('',(#10097));
#10097 = ORIENTED_EDGE('',*,*,#7338,.T.);
#10098 = FACE_BOUND('',#10099,.T.);
#10099 = EDGE_LOOP('',(#10100,#10101,#10102,#10103,#10104,#10105,#10106,
    #10107));
#10100 = ORIENTED_EDGE('',*,*,#7389,.F.);
#10101 = ORIENTED_EDGE('',*,*,#7437,.T.);
#10102 = ORIENTED_EDGE('',*,*,#7564,.F.);
#10103 = ORIENTED_EDGE('',*,*,#7660,.F.);
#10104 = ORIENTED_EDGE('',*,*,#7737,.T.);
#10105 = ORIENTED_EDGE('',*,*,#7688,.F.);
#10106 = ORIENTED_EDGE('',*,*,#7612,.T.);
#10107 = ORIENTED_EDGE('',*,*,#7511,.T.);
#10108 = FACE_BOUND('',#10109,.T.);
#10109 = EDGE_LOOP('',(#10110));
#10110 = ORIENTED_EDGE('',*,*,#7787,.T.);
#10111 = FACE_BOUND('',#10112,.T.);
#10112 = EDGE_LOOP('',(#10113,#10114,#10115,#10116,#10117,#10118,#10119,
    #10120));
#10113 = ORIENTED_EDGE('',*,*,#7838,.F.);
#10114 = ORIENTED_EDGE('',*,*,#7886,.T.);
#10115 = ORIENTED_EDGE('',*,*,#8013,.F.);
#10116 = ORIENTED_EDGE('',*,*,#8109,.F.);
#10117 = ORIENTED_EDGE('',*,*,#8186,.T.);
#10118 = ORIENTED_EDGE('',*,*,#8137,.F.);
#10119 = ORIENTED_EDGE('',*,*,#8061,.T.);
#10120 = ORIENTED_EDGE('',*,*,#7960,.T.);
#10121 = FACE_BOUND('',#10122,.T.);
#10122 = EDGE_LOOP('',(#10123,#10124,#10125,#10126,#10150,#10178,#10206,
    #10234,#10260,#10261,#10262,#10263,#10287,#10315,#10343,#10371,
    #10397,#10398,#10399,#10400,#10424,#10452,#10480,#10508,#10530,
    #10531,#10532,#10533,#10557,#10585,#10613,#10641));
#10123 = ORIENTED_EDGE('',*,*,#8459,.T.);
#10124 = ORIENTED_EDGE('',*,*,#8257,.T.);
#10125 = ORIENTED_EDGE('',*,*,#8852,.T.);
#10126 = ORIENTED_EDGE('',*,*,#10127,.F.);
#10127 = EDGE_CURVE('',#10128,#8853,#10130,.T.);
#10128 = VERTEX_POINT('',#10129);
#10129 = CARTESIAN_POINT('',(-3.1,-31.015,6.4));
#10130 = SURFACE_CURVE('',#10131,(#10136,#10143),.PCURVE_S1.);
#10131 = CIRCLE('',#10132,1.);
#10132 = AXIS2_PLACEMENT_3D('',#10133,#10134,#10135);
#10133 = CARTESIAN_POINT('',(-4.1,-31.015,6.4));
#10134 = DIRECTION('',(0.,0.,1.));
#10135 = DIRECTION('',(1.,0.,-0.));
#10136 = PCURVE('',#6951,#10137);
#10137 = DEFINITIONAL_REPRESENTATION('',(#10138),#10142);
#10138 = CIRCLE('',#10139,1.);
#10139 = AXIS2_PLACEMENT_2D('',#10140,#10141);
#10140 = CARTESIAN_POINT('',(-4.1,-31.015));
#10141 = DIRECTION('',(1.,0.));
#10142 = ( GEOMETRIC_REPRESENTATION_CONTEXT(2) 
PARAMETRIC_REPRESENTATION_CONTEXT() REPRESENTATION_CONTEXT('2D SPACE',''
  ) );
#10143 = PCURVE('',#8889,#10144);
#10144 = DEFINITIONAL_REPRESENTATION('',(#10145),#10149);
#10145 = LINE('',#10146,#10147);
#10146 = CARTESIAN_POINT('',(0.,1.570796326795));
#10147 = VECTOR('',#10148,1.);
#10148 = DIRECTION('',(1.,0.));
#10149 = ( GEOMETRIC_REPRESENTATION_CONTEXT(2) 
PARAMETRIC_REPRESENTATION_CONTEXT() REPRESENTATION_CONTEXT('2D SPACE',''
  ) );
#10150 = ORIENTED_EDGE('',*,*,#10151,.F.);
#10151 = EDGE_CURVE('',#10152,#10128,#10154,.T.);
#10152 = VERTEX_POINT('',#10153);
#10153 = CARTESIAN_POINT('',(-3.1,-31.115,6.4));
#10154 = SURFACE_CURVE('',#10155,(#10159,#10166),.PCURVE_S1.);
#10155 = LINE('',#10156,#10157);
#10156 = CARTESIAN_POINT('',(-3.1,-31.615,6.4));
#10157 = VECTOR('',#10158,1.);
#10158 = DIRECTION('',(0.,1.,0.));
#10159 = PCURVE('',#6951,#10160);
#10160 = DEFINITIONAL_REPRESENTATION('',(#10161),#10165);
#10161 = LINE('',#10162,#10163);
#10162 = CARTESIAN_POINT('',(-3.1,-31.615));
#10163 = VECTOR('',#10164,1.);
#10164 = DIRECTION('',(0.,1.));
#10165 = ( GEOMETRIC_REPRESENTATION_CONTEXT(2) 
PARAMETRIC_REPRESENTATION_CONTEXT() REPRESENTATION_CONTEXT('2D SPACE',''
  ) );
#10166 = PCURVE('',#10167,#10172);
#10167 = CYLINDRICAL_SURFACE('',#10168,0.5);
#10168 = AXIS2_PLACEMENT_3D('',#10169,#10170,#10171);
#10169 = CARTESIAN_POINT('',(-3.1,-31.615,5.9));
#10170 = DIRECTION('',(0.,1.,0.));
#10171 = DIRECTION('',(0.,-0.,1.));
#10172 = DEFINITIONAL_REPRESENTATION('',(#10173),#10177);
#10173 = LINE('',#10174,#10175);
#10174 = CARTESIAN_POINT('',(-0.,0.));
#10175 = VECTOR('',#10176,1.);
#10176 = DIRECTION('',(-0.,1.));
#10177 = ( GEOMETRIC_REPRESENTATION_CONTEXT(2) 
PARAMETRIC_REPRESENTATION_CONTEXT() REPRESENTATION_CONTEXT('2D SPACE',''
  ) );
#10178 = ORIENTED_EDGE('',*,*,#10179,.T.);
#10179 = EDGE_CURVE('',#10152,#10180,#10182,.T.);
#10180 = VERTEX_POINT('',#10181);
#10181 = CARTESIAN_POINT('',(3.1,-31.115,6.4));
#10182 = SURFACE_CURVE('',#10183,(#10187,#10194),.PCURVE_S1.);
#10183 = LINE('',#10184,#10185);
#10184 = CARTESIAN_POINT('',(-3.6,-31.115,6.4));
#10185 = VECTOR('',#10186,1.);
#10186 = DIRECTION('',(1.,0.,0.));
#10187 = PCURVE('',#6951,#10188);
#10188 = DEFINITIONAL_REPRESENTATION('',(#10189),#10193);
#10189 = LINE('',#10190,#10191);
#10190 = CARTESIAN_POINT('',(-3.6,-31.115));
#10191 = VECTOR('',#10192,1.);
#10192 = DIRECTION('',(1.,0.));
#10193 = ( GEOMETRIC_REPRESENTATION_CONTEXT(2) 
PARAMETRIC_REPRESENTATION_CONTEXT() REPRESENTATION_CONTEXT('2D SPACE',''
  ) );
#10194 = PCURVE('',#10195,#10200);
#10195 = CYLINDRICAL_SURFACE('',#10196,0.5);
#10196 = AXIS2_PLACEMENT_3D('',#10197,#10198,#10199);
#10197 = CARTESIAN_POINT('',(-3.6,-31.115,5.9));
#10198 = DIRECTION('',(1.,0.,0.));
#10199 = DIRECTION('',(0.,0.,1.));
#10200 = DEFINITIONAL_REPRESENTATION('',(#10201),#10205);
#10201 = LINE('',#10202,#10203);
#10202 = CARTESIAN_POINT('',(0.,0.));
#10203 = VECTOR('',#10204,1.);
#10204 = DIRECTION('',(0.,1.));
#10205 = ( GEOMETRIC_REPRESENTATION_CONTEXT(2) 
PARAMETRIC_REPRESENTATION_CONTEXT() REPRESENTATION_CONTEXT('2D SPACE',''
  ) );
#10206 = ORIENTED_EDGE('',*,*,#10207,.T.);
#10207 = EDGE_CURVE('',#10180,#10208,#10210,.T.);
#10208 = VERTEX_POINT('',#10209);
#10209 = CARTESIAN_POINT('',(3.1,-31.015,6.4));
#10210 = SURFACE_CURVE('',#10211,(#10215,#10222),.PCURVE_S1.);
#10211 = LINE('',#10212,#10213);
#10212 = CARTESIAN_POINT('',(3.1,-31.615,6.4));
#10213 = VECTOR('',#10214,1.);
#10214 = DIRECTION('',(0.,1.,0.));
#10215 = PCURVE('',#6951,#10216);
#10216 = DEFINITIONAL_REPRESENTATION('',(#10217),#10221);
#10217 = LINE('',#10218,#10219);
#10218 = CARTESIAN_POINT('',(3.1,-31.615));
#10219 = VECTOR('',#10220,1.);
#10220 = DIRECTION('',(0.,1.));
#10221 = ( GEOMETRIC_REPRESENTATION_CONTEXT(2) 
PARAMETRIC_REPRESENTATION_CONTEXT() REPRESENTATION_CONTEXT('2D SPACE',''
  ) );
#10222 = PCURVE('',#10223,#10228);
#10223 = CYLINDRICAL_SURFACE('',#10224,0.5);
#10224 = AXIS2_PLACEMENT_3D('',#10225,#10226,#10227);
#10225 = CARTESIAN_POINT('',(3.1,-31.615,5.9));
#10226 = DIRECTION('',(0.,1.,0.));
#10227 = DIRECTION('',(0.,-0.,1.));
#10228 = DEFINITIONAL_REPRESENTATION('',(#10229),#10233);
#10229 = LINE('',#10230,#10231);
#10230 = CARTESIAN_POINT('',(0.,0.));
#10231 = VECTOR('',#10232,1.);
#10232 = DIRECTION('',(0.,1.));
#10233 = ( GEOMETRIC_REPRESENTATION_CONTEXT(2) 
PARAMETRIC_REPRESENTATION_CONTEXT() REPRESENTATION_CONTEXT('2D SPACE',''
  ) );
#10234 = ORIENTED_EDGE('',*,*,#10235,.T.);
#10235 = EDGE_CURVE('',#10208,#8702,#10236,.T.);
#10236 = SURFACE_CURVE('',#10237,(#10242,#10253),.PCURVE_S1.);
#10237 = CIRCLE('',#10238,1.);
#10238 = AXIS2_PLACEMENT_3D('',#10239,#10240,#10241);
#10239 = CARTESIAN_POINT('',(4.1,-31.015,6.4));
#10240 = DIRECTION('',(-0.,0.,-1.));
#10241 = DIRECTION('',(-1.,0.,0.));
#10242 = PCURVE('',#6951,#10243);
#10243 = DEFINITIONAL_REPRESENTATION('',(#10244),#10252);
#10244 = ( BOUNDED_CURVE() B_SPLINE_CURVE(2,(#10245,#10246,#10247,#10248
    ,#10249,#10250,#10251),.UNSPECIFIED.,.T.,.F.) 
B_SPLINE_CURVE_WITH_KNOTS((1,2,2,2,2,1),(-2.094395102393,0.,
    2.094395102393,4.188790204786,6.28318530718,8.377580409573),
.UNSPECIFIED.) CURVE() GEOMETRIC_REPRESENTATION_ITEM() 
RATIONAL_B_SPLINE_CURVE((1.,0.5,1.,0.5,1.,0.5,1.)) REPRESENTATION_ITEM(
  '') );
#10245 = CARTESIAN_POINT('',(3.1,-31.015));
#10246 = CARTESIAN_POINT('',(3.1,-29.28294919243));
#10247 = CARTESIAN_POINT('',(4.6,-30.14897459621));
#10248 = CARTESIAN_POINT('',(6.1,-31.015));
#10249 = CARTESIAN_POINT('',(4.6,-31.88102540378));
#10250 = CARTESIAN_POINT('',(3.1,-32.74705080756));
#10251 = CARTESIAN_POINT('',(3.1,-31.015));
#10252 = ( GEOMETRIC_REPRESENTATION_CONTEXT(2) 
PARAMETRIC_REPRESENTATION_CONTEXT() REPRESENTATION_CONTEXT('2D SPACE',''
  ) );
#10253 = PCURVE('',#8717,#10254);
#10254 = DEFINITIONAL_REPRESENTATION('',(#10255),#10259);
#10255 = LINE('',#10256,#10257);
#10256 = CARTESIAN_POINT('',(-0.,1.570796326795));
#10257 = VECTOR('',#10258,1.);
#10258 = DIRECTION('',(-1.,0.));
#10259 = ( GEOMETRIC_REPRESENTATION_CONTEXT(2) 
PARAMETRIC_REPRESENTATION_CONTEXT() REPRESENTATION_CONTEXT('2D SPACE',''
  ) );
#10260 = ORIENTED_EDGE('',*,*,#8728,.T.);
#10261 = ORIENTED_EDGE('',*,*,#9197,.T.);
#10262 = ORIENTED_EDGE('',*,*,#9792,.T.);
#10263 = ORIENTED_EDGE('',*,*,#10264,.F.);
#10264 = EDGE_CURVE('',#10265,#9793,#10267,.T.);
#10265 = VERTEX_POINT('',#10266);
#10266 = CARTESIAN_POINT('',(31.015,-3.1,6.4));
#10267 = SURFACE_CURVE('',#10268,(#10273,#10280),.PCURVE_S1.);
#10268 = CIRCLE('',#10269,1.);
#10269 = AXIS2_PLACEMENT_3D('',#10270,#10271,#10272);
#10270 = CARTESIAN_POINT('',(31.015,-4.1,6.4));
#10271 = DIRECTION('',(0.,0.,1.));
#10272 = DIRECTION('',(0.,1.,-0.));
#10273 = PCURVE('',#6951,#10274);
#10274 = DEFINITIONAL_REPRESENTATION('',(#10275),#10279);
#10275 = CIRCLE('',#10276,1.);
#10276 = AXIS2_PLACEMENT_2D('',#10277,#10278);
#10277 = CARTESIAN_POINT('',(31.015,-4.1));
#10278 = DIRECTION('',(0.,1.));
#10279 = ( GEOMETRIC_REPRESENTATION_CONTEXT(2) 
PARAMETRIC_REPRESENTATION_CONTEXT() REPRESENTATION_CONTEXT('2D SPACE',''
  ) );
#10280 = PCURVE('',#9829,#10281);
#10281 = DEFINITIONAL_REPRESENTATION('',(#10282),#10286);
#10282 = LINE('',#10283,#10284);
#10283 = CARTESIAN_POINT('',(0.,1.570796326795));
#10284 = VECTOR('',#10285,1.);
#10285 = DIRECTION('',(1.,0.));
#10286 = ( GEOMETRIC_REPRESENTATION_CONTEXT(2) 
PARAMETRIC_REPRESENTATION_CONTEXT() REPRESENTATION_CONTEXT('2D SPACE',''
  ) );
#10287 = ORIENTED_EDGE('',*,*,#10288,.T.);
#10288 = EDGE_CURVE('',#10265,#10289,#10291,.T.);
#10289 = VERTEX_POINT('',#10290);
#10290 = CARTESIAN_POINT('',(31.115,-3.1,6.4));
#10291 = SURFACE_CURVE('',#10292,(#10296,#10303),.PCURVE_S1.);
#10292 = LINE('',#10293,#10294);
#10293 = CARTESIAN_POINT('',(30.515,-3.1,6.4));
#10294 = VECTOR('',#10295,1.);
#10295 = DIRECTION('',(1.,0.,0.));
#10296 = PCURVE('',#6951,#10297);
#10297 = DEFINITIONAL_REPRESENTATION('',(#10298),#10302);
#10298 = LINE('',#10299,#10300);
#10299 = CARTESIAN_POINT('',(30.515,-3.1));
#10300 = VECTOR('',#10301,1.);
#10301 = DIRECTION('',(1.,0.));
#10302 = ( GEOMETRIC_REPRESENTATION_CONTEXT(2) 
PARAMETRIC_REPRESENTATION_CONTEXT() REPRESENTATION_CONTEXT('2D SPACE',''
  ) );
#10303 = PCURVE('',#10304,#10309);
#10304 = CYLINDRICAL_SURFACE('',#10305,0.5);
#10305 = AXIS2_PLACEMENT_3D('',#10306,#10307,#10308);
#10306 = CARTESIAN_POINT('',(30.515,-3.1,5.9));
#10307 = DIRECTION('',(1.,0.,0.));
#10308 = DIRECTION('',(0.,0.,1.));
#10309 = DEFINITIONAL_REPRESENTATION('',(#10310),#10314);
#10310 = LINE('',#10311,#10312);
#10311 = CARTESIAN_POINT('',(0.,0.));
#10312 = VECTOR('',#10313,1.);
#10313 = DIRECTION('',(0.,1.));
#10314 = ( GEOMETRIC_REPRESENTATION_CONTEXT(2) 
PARAMETRIC_REPRESENTATION_CONTEXT() REPRESENTATION_CONTEXT('2D SPACE',''
  ) );
#10315 = ORIENTED_EDGE('',*,*,#10316,.T.);
#10316 = EDGE_CURVE('',#10289,#10317,#10319,.T.);
#10317 = VERTEX_POINT('',#10318);
#10318 = CARTESIAN_POINT('',(31.115,3.1,6.4));
#10319 = SURFACE_CURVE('',#10320,(#10324,#10331),.PCURVE_S1.);
#10320 = LINE('',#10321,#10322);
#10321 = CARTESIAN_POINT('',(31.115,-3.6,6.4));
#10322 = VECTOR('',#10323,1.);
#10323 = DIRECTION('',(0.,1.,0.));
#10324 = PCURVE('',#6951,#10325);
#10325 = DEFINITIONAL_REPRESENTATION('',(#10326),#10330);
#10326 = LINE('',#10327,#10328);
#10327 = CARTESIAN_POINT('',(31.115,-3.6));
#10328 = VECTOR('',#10329,1.);
#10329 = DIRECTION('',(0.,1.));
#10330 = ( GEOMETRIC_REPRESENTATION_CONTEXT(2) 
PARAMETRIC_REPRESENTATION_CONTEXT() REPRESENTATION_CONTEXT('2D SPACE',''
  ) );
#10331 = PCURVE('',#10332,#10337);
#10332 = CYLINDRICAL_SURFACE('',#10333,0.5);
#10333 = AXIS2_PLACEMENT_3D('',#10334,#10335,#10336);
#10334 = CARTESIAN_POINT('',(31.115,-3.6,5.9));
#10335 = DIRECTION('',(0.,1.,0.));
#10336 = DIRECTION('',(0.,-0.,1.));
#10337 = DEFINITIONAL_REPRESENTATION('',(#10338),#10342);
#10338 = LINE('',#10339,#10340);
#10339 = CARTESIAN_POINT('',(0.,0.));
#10340 = VECTOR('',#10341,1.);
#10341 = DIRECTION('',(0.,1.));
#10342 = ( GEOMETRIC_REPRESENTATION_CONTEXT(2) 
PARAMETRIC_REPRESENTATION_CONTEXT() REPRESENTATION_CONTEXT('2D SPACE',''
  ) );
#10343 = ORIENTED_EDGE('',*,*,#10344,.F.);
#10344 = EDGE_CURVE('',#10345,#10317,#10347,.T.);
#10345 = VERTEX_POINT('',#10346);
#10346 = CARTESIAN_POINT('',(31.015,3.1,6.4));
#10347 = SURFACE_CURVE('',#10348,(#10352,#10359),.PCURVE_S1.);
#10348 = LINE('',#10349,#10350);
#10349 = CARTESIAN_POINT('',(30.515,3.1,6.4));
#10350 = VECTOR('',#10351,1.);
#10351 = DIRECTION('',(1.,0.,0.));
#10352 = PCURVE('',#6951,#10353);
#10353 = DEFINITIONAL_REPRESENTATION('',(#10354),#10358);
#10354 = LINE('',#10355,#10356);
#10355 = CARTESIAN_POINT('',(30.515,3.1));
#10356 = VECTOR('',#10357,1.);
#10357 = DIRECTION('',(1.,0.));
#10358 = ( GEOMETRIC_REPRESENTATION_CONTEXT(2) 
PARAMETRIC_REPRESENTATION_CONTEXT() REPRESENTATION_CONTEXT('2D SPACE',''
  ) );
#10359 = PCURVE('',#10360,#10365);
#10360 = CYLINDRICAL_SURFACE('',#10361,0.5);
#10361 = AXIS2_PLACEMENT_3D('',#10362,#10363,#10364);
#10362 = CARTESIAN_POINT('',(30.515,3.1,5.9));
#10363 = DIRECTION('',(1.,0.,0.));
#10364 = DIRECTION('',(0.,0.,1.));
#10365 = DEFINITIONAL_REPRESENTATION('',(#10366),#10370);
#10366 = LINE('',#10367,#10368);
#10367 = CARTESIAN_POINT('',(-0.,0.));
#10368 = VECTOR('',#10369,1.);
#10369 = DIRECTION('',(-0.,1.));
#10370 = ( GEOMETRIC_REPRESENTATION_CONTEXT(2) 
PARAMETRIC_REPRESENTATION_CONTEXT() REPRESENTATION_CONTEXT('2D SPACE',''
  ) );
#10371 = ORIENTED_EDGE('',*,*,#10372,.T.);
#10372 = EDGE_CURVE('',#10345,#9642,#10373,.T.);
#10373 = SURFACE_CURVE('',#10374,(#10379,#10390),.PCURVE_S1.);
#10374 = CIRCLE('',#10375,1.);
#10375 = AXIS2_PLACEMENT_3D('',#10376,#10377,#10378);
#10376 = CARTESIAN_POINT('',(31.015,4.1,6.4));
#10377 = DIRECTION('',(-0.,-0.,-1.));
#10378 = DIRECTION('',(0.,-1.,0.));
#10379 = PCURVE('',#6951,#10380);
#10380 = DEFINITIONAL_REPRESENTATION('',(#10381),#10389);
#10381 = ( BOUNDED_CURVE() B_SPLINE_CURVE(2,(#10382,#10383,#10384,#10385
    ,#10386,#10387,#10388),.UNSPECIFIED.,.T.,.F.) 
B_SPLINE_CURVE_WITH_KNOTS((1,2,2,2,2,1),(-2.094395102393,0.,
    2.094395102393,4.188790204786,6.28318530718,8.377580409573),
.UNSPECIFIED.) CURVE() GEOMETRIC_REPRESENTATION_ITEM() 
RATIONAL_B_SPLINE_CURVE((1.,0.5,1.,0.5,1.,0.5,1.)) REPRESENTATION_ITEM(
  '') );
#10382 = CARTESIAN_POINT('',(31.015,3.1));
#10383 = CARTESIAN_POINT('',(29.282949192431,3.1));
#10384 = CARTESIAN_POINT('',(30.148974596216,4.6));
#10385 = CARTESIAN_POINT('',(31.015,6.1));
#10386 = CARTESIAN_POINT('',(31.881025403784,4.6));
#10387 = CARTESIAN_POINT('',(32.747050807569,3.1));
#10388 = CARTESIAN_POINT('',(31.015,3.1));
#10389 = ( GEOMETRIC_REPRESENTATION_CONTEXT(2) 
PARAMETRIC_REPRESENTATION_CONTEXT() REPRESENTATION_CONTEXT('2D SPACE',''
  ) );
#10390 = PCURVE('',#9657,#10391);
#10391 = DEFINITIONAL_REPRESENTATION('',(#10392),#10396);
#10392 = LINE('',#10393,#10394);
#10393 = CARTESIAN_POINT('',(-0.,1.570796326795));
#10394 = VECTOR('',#10395,1.);
#10395 = DIRECTION('',(-1.,0.));
#10396 = ( GEOMETRIC_REPRESENTATION_CONTEXT(2) 
PARAMETRIC_REPRESENTATION_CONTEXT() REPRESENTATION_CONTEXT('2D SPACE',''
  ) );
#10397 = ORIENTED_EDGE('',*,*,#9668,.T.);
#10398 = ORIENTED_EDGE('',*,*,#10063,.T.);
#10399 = ORIENTED_EDGE('',*,*,#9244,.T.);
#10400 = ORIENTED_EDGE('',*,*,#10401,.F.);
#10401 = EDGE_CURVE('',#10402,#9245,#10404,.T.);
#10402 = VERTEX_POINT('',#10403);
#10403 = CARTESIAN_POINT('',(3.1,31.015,6.4));
#10404 = SURFACE_CURVE('',#10405,(#10410,#10417),.PCURVE_S1.);
#10405 = CIRCLE('',#10406,1.);
#10406 = AXIS2_PLACEMENT_3D('',#10407,#10408,#10409);
#10407 = CARTESIAN_POINT('',(4.1,31.015,6.4));
#10408 = DIRECTION('',(0.,0.,1.));
#10409 = DIRECTION('',(-1.,0.,0.));
#10410 = PCURVE('',#6951,#10411);
#10411 = DEFINITIONAL_REPRESENTATION('',(#10412),#10416);
#10412 = CIRCLE('',#10413,1.);
#10413 = AXIS2_PLACEMENT_2D('',#10414,#10415);
#10414 = CARTESIAN_POINT('',(4.1,31.015));
#10415 = DIRECTION('',(-1.,0.));
#10416 = ( GEOMETRIC_REPRESENTATION_CONTEXT(2) 
PARAMETRIC_REPRESENTATION_CONTEXT() REPRESENTATION_CONTEXT('2D SPACE',''
  ) );
#10417 = PCURVE('',#9281,#10418);
#10418 = DEFINITIONAL_REPRESENTATION('',(#10419),#10423);
#10419 = LINE('',#10420,#10421);
#10420 = CARTESIAN_POINT('',(0.,1.570796326795));
#10421 = VECTOR('',#10422,1.);
#10422 = DIRECTION('',(1.,0.));
#10423 = ( GEOMETRIC_REPRESENTATION_CONTEXT(2) 
PARAMETRIC_REPRESENTATION_CONTEXT() REPRESENTATION_CONTEXT('2D SPACE',''
  ) );
#10424 = ORIENTED_EDGE('',*,*,#10425,.T.);
#10425 = EDGE_CURVE('',#10402,#10426,#10428,.T.);
#10426 = VERTEX_POINT('',#10427);
#10427 = CARTESIAN_POINT('',(3.1,31.115,6.4));
#10428 = SURFACE_CURVE('',#10429,(#10433,#10440),.PCURVE_S1.);
#10429 = LINE('',#10430,#10431);
#10430 = CARTESIAN_POINT('',(3.1,30.515,6.4));
#10431 = VECTOR('',#10432,1.);
#10432 = DIRECTION('',(0.,1.,0.));
#10433 = PCURVE('',#6951,#10434);
#10434 = DEFINITIONAL_REPRESENTATION('',(#10435),#10439);
#10435 = LINE('',#10436,#10437);
#10436 = CARTESIAN_POINT('',(3.1,30.515));
#10437 = VECTOR('',#10438,1.);
#10438 = DIRECTION('',(0.,1.));
#10439 = ( GEOMETRIC_REPRESENTATION_CONTEXT(2) 
PARAMETRIC_REPRESENTATION_CONTEXT() REPRESENTATION_CONTEXT('2D SPACE',''
  ) );
#10440 = PCURVE('',#10441,#10446);
#10441 = CYLINDRICAL_SURFACE('',#10442,0.5);
#10442 = AXIS2_PLACEMENT_3D('',#10443,#10444,#10445);
#10443 = CARTESIAN_POINT('',(3.1,30.515,5.9));
#10444 = DIRECTION('',(0.,1.,0.));
#10445 = DIRECTION('',(0.,-0.,1.));
#10446 = DEFINITIONAL_REPRESENTATION('',(#10447),#10451);
#10447 = LINE('',#10448,#10449);
#10448 = CARTESIAN_POINT('',(0.,0.));
#10449 = VECTOR('',#10450,1.);
#10450 = DIRECTION('',(0.,1.));
#10451 = ( GEOMETRIC_REPRESENTATION_CONTEXT(2) 
PARAMETRIC_REPRESENTATION_CONTEXT() REPRESENTATION_CONTEXT('2D SPACE',''
  ) );
#10452 = ORIENTED_EDGE('',*,*,#10453,.F.);
#10453 = EDGE_CURVE('',#10454,#10426,#10456,.T.);
#10454 = VERTEX_POINT('',#10455);
#10455 = CARTESIAN_POINT('',(-3.1,31.115,6.4));
#10456 = SURFACE_CURVE('',#10457,(#10461,#10468),.PCURVE_S1.);
#10457 = LINE('',#10458,#10459);
#10458 = CARTESIAN_POINT('',(-3.6,31.115,6.4));
#10459 = VECTOR('',#10460,1.);
#10460 = DIRECTION('',(1.,0.,0.));
#10461 = PCURVE('',#6951,#10462);
#10462 = DEFINITIONAL_REPRESENTATION('',(#10463),#10467);
#10463 = LINE('',#10464,#10465);
#10464 = CARTESIAN_POINT('',(-3.6,31.115));
#10465 = VECTOR('',#10466,1.);
#10466 = DIRECTION('',(1.,0.));
#10467 = ( GEOMETRIC_REPRESENTATION_CONTEXT(2) 
PARAMETRIC_REPRESENTATION_CONTEXT() REPRESENTATION_CONTEXT('2D SPACE',''
  ) );
#10468 = PCURVE('',#10469,#10474);
#10469 = CYLINDRICAL_SURFACE('',#10470,0.5);
#10470 = AXIS2_PLACEMENT_3D('',#10471,#10472,#10473);
#10471 = CARTESIAN_POINT('',(-3.6,31.115,5.9));
#10472 = DIRECTION('',(1.,0.,0.));
#10473 = DIRECTION('',(0.,0.,1.));
#10474 = DEFINITIONAL_REPRESENTATION('',(#10475),#10479);
#10475 = LINE('',#10476,#10477);
#10476 = CARTESIAN_POINT('',(-0.,0.));
#10477 = VECTOR('',#10478,1.);
#10478 = DIRECTION('',(-0.,1.));
#10479 = ( GEOMETRIC_REPRESENTATION_CONTEXT(2) 
PARAMETRIC_REPRESENTATION_CONTEXT() REPRESENTATION_CONTEXT('2D SPACE',''
  ) );
#10480 = ORIENTED_EDGE('',*,*,#10481,.F.);
#10481 = EDGE_CURVE('',#10482,#10454,#10484,.T.);
#10482 = VERTEX_POINT('',#10483);
#10483 = CARTESIAN_POINT('',(-3.1,31.015,6.4));
#10484 = SURFACE_CURVE('',#10485,(#10489,#10496),.PCURVE_S1.);
#10485 = LINE('',#10486,#10487);
#10486 = CARTESIAN_POINT('',(-3.1,30.515,6.4));
#10487 = VECTOR('',#10488,1.);
#10488 = DIRECTION('',(0.,1.,0.));
#10489 = PCURVE('',#6951,#10490);
#10490 = DEFINITIONAL_REPRESENTATION('',(#10491),#10495);
#10491 = LINE('',#10492,#10493);
#10492 = CARTESIAN_POINT('',(-3.1,30.515));
#10493 = VECTOR('',#10494,1.);
#10494 = DIRECTION('',(0.,1.));
#10495 = ( GEOMETRIC_REPRESENTATION_CONTEXT(2) 
PARAMETRIC_REPRESENTATION_CONTEXT() REPRESENTATION_CONTEXT('2D SPACE',''
  ) );
#10496 = PCURVE('',#10497,#10502);
#10497 = CYLINDRICAL_SURFACE('',#10498,0.5);
#10498 = AXIS2_PLACEMENT_3D('',#10499,#10500,#10501);
#10499 = CARTESIAN_POINT('',(-3.1,30.515,5.9));
#10500 = DIRECTION('',(0.,1.,0.));
#10501 = DIRECTION('',(0.,-0.,1.));
#10502 = DEFINITIONAL_REPRESENTATION('',(#10503),#10507);
#10503 = LINE('',#10504,#10505);
#10504 = CARTESIAN_POINT('',(-0.,0.));
#10505 = VECTOR('',#10506,1.);
#10506 = DIRECTION('',(-0.,1.));
#10507 = ( GEOMETRIC_REPRESENTATION_CONTEXT(2) 
PARAMETRIC_REPRESENTATION_CONTEXT() REPRESENTATION_CONTEXT('2D SPACE',''
  ) );
#10508 = ORIENTED_EDGE('',*,*,#10509,.F.);
#10509 = EDGE_CURVE('',#9374,#10482,#10510,.T.);
#10510 = SURFACE_CURVE('',#10511,(#10516,#10523),.PCURVE_S1.);
#10511 = CIRCLE('',#10512,1.);
#10512 = AXIS2_PLACEMENT_3D('',#10513,#10514,#10515);
#10513 = CARTESIAN_POINT('',(-4.1,31.015,6.4));
#10514 = DIRECTION('',(0.,0.,1.));
#10515 = DIRECTION('',(0.,-1.,0.));
#10516 = PCURVE('',#6951,#10517);
#10517 = DEFINITIONAL_REPRESENTATION('',(#10518),#10522);
#10518 = CIRCLE('',#10519,1.);
#10519 = AXIS2_PLACEMENT_2D('',#10520,#10521);
#10520 = CARTESIAN_POINT('',(-4.1,31.015));
#10521 = DIRECTION('',(0.,-1.));
#10522 = ( GEOMETRIC_REPRESENTATION_CONTEXT(2) 
PARAMETRIC_REPRESENTATION_CONTEXT() REPRESENTATION_CONTEXT('2D SPACE',''
  ) );
#10523 = PCURVE('',#9410,#10524);
#10524 = DEFINITIONAL_REPRESENTATION('',(#10525),#10529);
#10525 = LINE('',#10526,#10527);
#10526 = CARTESIAN_POINT('',(0.,1.570796326795));
#10527 = VECTOR('',#10528,1.);
#10528 = DIRECTION('',(1.,0.));
#10529 = ( GEOMETRIC_REPRESENTATION_CONTEXT(2) 
PARAMETRIC_REPRESENTATION_CONTEXT() REPRESENTATION_CONTEXT('2D SPACE',''
  ) );
#10530 = ORIENTED_EDGE('',*,*,#9373,.F.);
#10531 = ORIENTED_EDGE('',*,*,#9144,.F.);
#10532 = ORIENTED_EDGE('',*,*,#8309,.F.);
#10533 = ORIENTED_EDGE('',*,*,#10534,.F.);
#10534 = EDGE_CURVE('',#10535,#8283,#10537,.T.);
#10535 = VERTEX_POINT('',#10536);
#10536 = CARTESIAN_POINT('',(-31.015,3.1,6.4));
#10537 = SURFACE_CURVE('',#10538,(#10543,#10550),.PCURVE_S1.);
#10538 = CIRCLE('',#10539,1.);
#10539 = AXIS2_PLACEMENT_3D('',#10540,#10541,#10542);
#10540 = CARTESIAN_POINT('',(-31.015,4.1,6.4));
#10541 = DIRECTION('',(0.,0.,1.));
#10542 = DIRECTION('',(0.,-1.,0.));
#10543 = PCURVE('',#6951,#10544);
#10544 = DEFINITIONAL_REPRESENTATION('',(#10545),#10549);
#10545 = CIRCLE('',#10546,1.);
#10546 = AXIS2_PLACEMENT_2D('',#10547,#10548);
#10547 = CARTESIAN_POINT('',(-31.015,4.1));
#10548 = DIRECTION('',(0.,-1.));
#10549 = ( GEOMETRIC_REPRESENTATION_CONTEXT(2) 
PARAMETRIC_REPRESENTATION_CONTEXT() REPRESENTATION_CONTEXT('2D SPACE',''
  ) );
#10550 = PCURVE('',#8298,#10551);
#10551 = DEFINITIONAL_REPRESENTATION('',(#10552),#10556);
#10552 = LINE('',#10553,#10554);
#10553 = CARTESIAN_POINT('',(0.,1.570796326795));
#10554 = VECTOR('',#10555,1.);
#10555 = DIRECTION('',(1.,0.));
#10556 = ( GEOMETRIC_REPRESENTATION_CONTEXT(2) 
PARAMETRIC_REPRESENTATION_CONTEXT() REPRESENTATION_CONTEXT('2D SPACE',''
  ) );
#10557 = ORIENTED_EDGE('',*,*,#10558,.F.);
#10558 = EDGE_CURVE('',#10559,#10535,#10561,.T.);
#10559 = VERTEX_POINT('',#10560);
#10560 = CARTESIAN_POINT('',(-31.115,3.1,6.4));
#10561 = SURFACE_CURVE('',#10562,(#10566,#10573),.PCURVE_S1.);
#10562 = LINE('',#10563,#10564);
#10563 = CARTESIAN_POINT('',(-31.615,3.1,6.4));
#10564 = VECTOR('',#10565,1.);
#10565 = DIRECTION('',(1.,0.,0.));
#10566 = PCURVE('',#6951,#10567);
#10567 = DEFINITIONAL_REPRESENTATION('',(#10568),#10572);
#10568 = LINE('',#10569,#10570);
#10569 = CARTESIAN_POINT('',(-31.615,3.1));
#10570 = VECTOR('',#10571,1.);
#10571 = DIRECTION('',(1.,0.));
#10572 = ( GEOMETRIC_REPRESENTATION_CONTEXT(2) 
PARAMETRIC_REPRESENTATION_CONTEXT() REPRESENTATION_CONTEXT('2D SPACE',''
  ) );
#10573 = PCURVE('',#10574,#10579);
#10574 = CYLINDRICAL_SURFACE('',#10575,0.5);
#10575 = AXIS2_PLACEMENT_3D('',#10576,#10577,#10578);
#10576 = CARTESIAN_POINT('',(-31.615,3.1,5.9));
#10577 = DIRECTION('',(1.,0.,0.));
#10578 = DIRECTION('',(0.,0.,1.));
#10579 = DEFINITIONAL_REPRESENTATION('',(#10580),#10584);
#10580 = LINE('',#10581,#10582);
#10581 = CARTESIAN_POINT('',(-0.,0.));
#10582 = VECTOR('',#10583,1.);
#10583 = DIRECTION('',(-0.,1.));
#10584 = ( GEOMETRIC_REPRESENTATION_CONTEXT(2) 
PARAMETRIC_REPRESENTATION_CONTEXT() REPRESENTATION_CONTEXT('2D SPACE',''
  ) );
#10585 = ORIENTED_EDGE('',*,*,#10586,.F.);
#10586 = EDGE_CURVE('',#10587,#10559,#10589,.T.);
#10587 = VERTEX_POINT('',#10588);
#10588 = CARTESIAN_POINT('',(-31.115,-3.1,6.4));
#10589 = SURFACE_CURVE('',#10590,(#10594,#10601),.PCURVE_S1.);
#10590 = LINE('',#10591,#10592);
#10591 = CARTESIAN_POINT('',(-31.115,-3.6,6.4));
#10592 = VECTOR('',#10593,1.);
#10593 = DIRECTION('',(0.,1.,0.));
#10594 = PCURVE('',#6951,#10595);
#10595 = DEFINITIONAL_REPRESENTATION('',(#10596),#10600);
#10596 = LINE('',#10597,#10598);
#10597 = CARTESIAN_POINT('',(-31.115,-3.6));
#10598 = VECTOR('',#10599,1.);
#10599 = DIRECTION('',(0.,1.));
#10600 = ( GEOMETRIC_REPRESENTATION_CONTEXT(2) 
PARAMETRIC_REPRESENTATION_CONTEXT() REPRESENTATION_CONTEXT('2D SPACE',''
  ) );
#10601 = PCURVE('',#10602,#10607);
#10602 = CYLINDRICAL_SURFACE('',#10603,0.5);
#10603 = AXIS2_PLACEMENT_3D('',#10604,#10605,#10606);
#10604 = CARTESIAN_POINT('',(-31.115,-3.6,5.9));
#10605 = DIRECTION('',(0.,1.,0.));
#10606 = DIRECTION('',(0.,-0.,1.));
#10607 = DEFINITIONAL_REPRESENTATION('',(#10608),#10612);
#10608 = LINE('',#10609,#10610);
#10609 = CARTESIAN_POINT('',(-0.,0.));
#10610 = VECTOR('',#10611,1.);
#10611 = DIRECTION('',(-0.,1.));
#10612 = ( GEOMETRIC_REPRESENTATION_CONTEXT(2) 
PARAMETRIC_REPRESENTATION_CONTEXT() REPRESENTATION_CONTEXT('2D SPACE',''
  ) );
#10613 = ORIENTED_EDGE('',*,*,#10614,.T.);
#10614 = EDGE_CURVE('',#10587,#10615,#10617,.T.);
#10615 = VERTEX_POINT('',#10616);
#10616 = CARTESIAN_POINT('',(-31.015,-3.1,6.4));
#10617 = SURFACE_CURVE('',#10618,(#10622,#10629),.PCURVE_S1.);
#10618 = LINE('',#10619,#10620);
#10619 = CARTESIAN_POINT('',(-31.615,-3.1,6.4));
#10620 = VECTOR('',#10621,1.);
#10621 = DIRECTION('',(1.,0.,0.));
#10622 = PCURVE('',#6951,#10623);
#10623 = DEFINITIONAL_REPRESENTATION('',(#10624),#10628);
#10624 = LINE('',#10625,#10626);
#10625 = CARTESIAN_POINT('',(-31.615,-3.1));
#10626 = VECTOR('',#10627,1.);
#10627 = DIRECTION('',(1.,0.));
#10628 = ( GEOMETRIC_REPRESENTATION_CONTEXT(2) 
PARAMETRIC_REPRESENTATION_CONTEXT() REPRESENTATION_CONTEXT('2D SPACE',''
  ) );
#10629 = PCURVE('',#10630,#10635);
#10630 = CYLINDRICAL_SURFACE('',#10631,0.5);
#10631 = AXIS2_PLACEMENT_3D('',#10632,#10633,#10634);
#10632 = CARTESIAN_POINT('',(-31.615,-3.1,5.9));
#10633 = DIRECTION('',(1.,0.,0.));
#10634 = DIRECTION('',(0.,0.,1.));
#10635 = DEFINITIONAL_REPRESENTATION('',(#10636),#10640);
#10636 = LINE('',#10637,#10638);
#10637 = CARTESIAN_POINT('',(0.,0.));
#10638 = VECTOR('',#10639,1.);
#10639 = DIRECTION('',(0.,1.));
#10640 = ( GEOMETRIC_REPRESENTATION_CONTEXT(2) 
PARAMETRIC_REPRESENTATION_CONTEXT() REPRESENTATION_CONTEXT('2D SPACE',''
  ) );
#10641 = ORIENTED_EDGE('',*,*,#10642,.T.);
#10642 = EDGE_CURVE('',#10615,#8433,#10643,.T.);
#10643 = SURFACE_CURVE('',#10644,(#10649,#10660),.PCURVE_S1.);
#10644 = CIRCLE('',#10645,1.);
#10645 = AXIS2_PLACEMENT_3D('',#10646,#10647,#10648);
#10646 = CARTESIAN_POINT('',(-31.015,-4.1,6.4));
#10647 = DIRECTION('',(0.,-0.,-1.));
#10648 = DIRECTION('',(0.,1.,-0.));
#10649 = PCURVE('',#6951,#10650);
#10650 = DEFINITIONAL_REPRESENTATION('',(#10651),#10659);
#10651 = ( BOUNDED_CURVE() B_SPLINE_CURVE(2,(#10652,#10653,#10654,#10655
    ,#10656,#10657,#10658),.UNSPECIFIED.,.T.,.F.) 
B_SPLINE_CURVE_WITH_KNOTS((1,2,2,2,2,1),(-2.094395102393,0.,
    2.094395102393,4.188790204786,6.28318530718,8.377580409573),
.UNSPECIFIED.) CURVE() GEOMETRIC_REPRESENTATION_ITEM() 
RATIONAL_B_SPLINE_CURVE((1.,0.5,1.,0.5,1.,0.5,1.)) REPRESENTATION_ITEM(
  '') );
#10652 = CARTESIAN_POINT('',(-31.015,-3.1));
#10653 = CARTESIAN_POINT('',(-29.28294919243,-3.1));
#10654 = CARTESIAN_POINT('',(-30.14897459621,-4.6));
#10655 = CARTESIAN_POINT('',(-31.015,-6.1));
#10656 = CARTESIAN_POINT('',(-31.88102540378,-4.6));
#10657 = CARTESIAN_POINT('',(-32.74705080756,-3.1));
#10658 = CARTESIAN_POINT('',(-31.015,-3.1));
#10659 = ( GEOMETRIC_REPRESENTATION_CONTEXT(2) 
PARAMETRIC_REPRESENTATION_CONTEXT() REPRESENTATION_CONTEXT('2D SPACE',''
  ) );
#10660 = PCURVE('',#8448,#10661);
#10661 = DEFINITIONAL_REPRESENTATION('',(#10662),#10666);
#10662 = LINE('',#10663,#10664);
#10663 = CARTESIAN_POINT('',(-0.,1.570796326795));
#10664 = VECTOR('',#10665,1.);
#10665 = DIRECTION('',(-1.,0.));
#10666 = ( GEOMETRIC_REPRESENTATION_CONTEXT(2) 
PARAMETRIC_REPRESENTATION_CONTEXT() REPRESENTATION_CONTEXT('2D SPACE',''
  ) );
#10667 = ADVANCED_FACE('',(#10668),#8298,.T.);
#10668 = FACE_BOUND('',#10669,.T.);
#10669 = EDGE_LOOP('',(#10670,#10690,#10691,#10692));
#10670 = ORIENTED_EDGE('',*,*,#10671,.F.);
#10671 = EDGE_CURVE('',#10535,#8379,#10672,.T.);
#10672 = SURFACE_CURVE('',#10673,(#10678,#10684),.PCURVE_S1.);
#10673 = CIRCLE('',#10674,0.5);
#10674 = AXIS2_PLACEMENT_3D('',#10675,#10676,#10677);
#10675 = CARTESIAN_POINT('',(-31.015,3.1,5.9));
#10676 = DIRECTION('',(-1.,0.,0.));
#10677 = DIRECTION('',(0.,-1.,0.));
#10678 = PCURVE('',#8298,#10679);
#10679 = DEFINITIONAL_REPRESENTATION('',(#10680),#10683);
#10680 = B_SPLINE_CURVE_WITH_KNOTS('',1,(#10681,#10682),.UNSPECIFIED.,
  .F.,.F.,(2,2),(1.570796326795,3.14159265359),
  .PIECEWISE_BEZIER_KNOTS.);
#10681 = CARTESIAN_POINT('',(0.,1.570796326795));
#10682 = CARTESIAN_POINT('',(0.,3.14159265359));
#10683 = ( GEOMETRIC_REPRESENTATION_CONTEXT(2) 
PARAMETRIC_REPRESENTATION_CONTEXT() REPRESENTATION_CONTEXT('2D SPACE',''
  ) );
#10684 = PCURVE('',#10574,#10685);
#10685 = DEFINITIONAL_REPRESENTATION('',(#10686),#10689);
#10686 = B_SPLINE_CURVE_WITH_KNOTS('',1,(#10687,#10688),.UNSPECIFIED.,
  .F.,.F.,(2,2),(1.570796326795,3.14159265359),
  .PIECEWISE_BEZIER_KNOTS.);
#10687 = CARTESIAN_POINT('',(0.,0.6));
#10688 = CARTESIAN_POINT('',(-1.570796326795,0.6));
#10689 = ( GEOMETRIC_REPRESENTATION_CONTEXT(2) 
PARAMETRIC_REPRESENTATION_CONTEXT() REPRESENTATION_CONTEXT('2D SPACE',''
  ) );
#10690 = ORIENTED_EDGE('',*,*,#10534,.T.);
#10691 = ORIENTED_EDGE('',*,*,#8282,.T.);
#10692 = ORIENTED_EDGE('',*,*,#8406,.F.);
#10693 = ADVANCED_FACE('',(#10694),#8394,.T.);
#10694 = FACE_BOUND('',#10695,.T.);
#10695 = EDGE_LOOP('',(#10696,#10697,#10720,#10748));
#10696 = ORIENTED_EDGE('',*,*,#8378,.F.);
#10697 = ORIENTED_EDGE('',*,*,#10698,.F.);
#10698 = EDGE_CURVE('',#10699,#8357,#10701,.T.);
#10699 = VERTEX_POINT('',#10700);
#10700 = CARTESIAN_POINT('',(-31.115,3.6,4.9));
#10701 = SURFACE_CURVE('',#10702,(#10706,#10713),.PCURVE_S1.);
#10702 = LINE('',#10703,#10704);
#10703 = CARTESIAN_POINT('',(-31.615,3.6,4.9));
#10704 = VECTOR('',#10705,1.);
#10705 = DIRECTION('',(1.,0.,0.));
#10706 = PCURVE('',#8394,#10707);
#10707 = DEFINITIONAL_REPRESENTATION('',(#10708),#10712);
#10708 = LINE('',#10709,#10710);
#10709 = CARTESIAN_POINT('',(0.5,0.));
#10710 = VECTOR('',#10711,1.);
#10711 = DIRECTION('',(0.,1.));
#10712 = ( GEOMETRIC_REPRESENTATION_CONTEXT(2) 
PARAMETRIC_REPRESENTATION_CONTEXT() REPRESENTATION_CONTEXT('2D SPACE',''
  ) );
#10713 = PCURVE('',#8524,#10714);
#10714 = DEFINITIONAL_REPRESENTATION('',(#10715),#10719);
#10715 = LINE('',#10716,#10717);
#10716 = CARTESIAN_POINT('',(-0.,0.));
#10717 = VECTOR('',#10718,1.);
#10718 = DIRECTION('',(-0.,1.));
#10719 = ( GEOMETRIC_REPRESENTATION_CONTEXT(2) 
PARAMETRIC_REPRESENTATION_CONTEXT() REPRESENTATION_CONTEXT('2D SPACE',''
  ) );
#10720 = ORIENTED_EDGE('',*,*,#10721,.T.);
#10721 = EDGE_CURVE('',#10699,#10722,#10724,.T.);
#10722 = VERTEX_POINT('',#10723);
#10723 = CARTESIAN_POINT('',(-31.115,3.6,5.9));
#10724 = SURFACE_CURVE('',#10725,(#10729,#10736),.PCURVE_S1.);
#10725 = LINE('',#10726,#10727);
#10726 = CARTESIAN_POINT('',(-31.115,3.6,4.4));
#10727 = VECTOR('',#10728,1.);
#10728 = DIRECTION('',(0.,0.,1.));
#10729 = PCURVE('',#8394,#10730);
#10730 = DEFINITIONAL_REPRESENTATION('',(#10731),#10735);
#10731 = LINE('',#10732,#10733);
#10732 = CARTESIAN_POINT('',(0.,0.5));
#10733 = VECTOR('',#10734,1.);
#10734 = DIRECTION('',(1.,0.));
#10735 = ( GEOMETRIC_REPRESENTATION_CONTEXT(2) 
PARAMETRIC_REPRESENTATION_CONTEXT() REPRESENTATION_CONTEXT('2D SPACE',''
  ) );
#10736 = PCURVE('',#10737,#10742);
#10737 = CYLINDRICAL_SURFACE('',#10738,0.5);
#10738 = AXIS2_PLACEMENT_3D('',#10739,#10740,#10741);
#10739 = CARTESIAN_POINT('',(-31.115,3.1,4.4));
#10740 = DIRECTION('',(0.,0.,1.));
#10741 = DIRECTION('',(0.,1.,0.));
#10742 = DEFINITIONAL_REPRESENTATION('',(#10743),#10747);
#10743 = LINE('',#10744,#10745);
#10744 = CARTESIAN_POINT('',(0.,0.));
#10745 = VECTOR('',#10746,1.);
#10746 = DIRECTION('',(0.,1.));
#10747 = ( GEOMETRIC_REPRESENTATION_CONTEXT(2) 
PARAMETRIC_REPRESENTATION_CONTEXT() REPRESENTATION_CONTEXT('2D SPACE',''
  ) );
#10748 = ORIENTED_EDGE('',*,*,#10749,.T.);
#10749 = EDGE_CURVE('',#10722,#8379,#10750,.T.);
#10750 = SURFACE_CURVE('',#10751,(#10755,#10762),.PCURVE_S1.);
#10751 = LINE('',#10752,#10753);
#10752 = CARTESIAN_POINT('',(-31.615,3.6,5.9));
#10753 = VECTOR('',#10754,1.);
#10754 = DIRECTION('',(1.,0.,0.));
#10755 = PCURVE('',#8394,#10756);
#10756 = DEFINITIONAL_REPRESENTATION('',(#10757),#10761);
#10757 = LINE('',#10758,#10759);
#10758 = CARTESIAN_POINT('',(1.5,0.));
#10759 = VECTOR('',#10760,1.);
#10760 = DIRECTION('',(0.,1.));
#10761 = ( GEOMETRIC_REPRESENTATION_CONTEXT(2) 
PARAMETRIC_REPRESENTATION_CONTEXT() REPRESENTATION_CONTEXT('2D SPACE',''
  ) );
#10762 = PCURVE('',#10574,#10763);
#10763 = DEFINITIONAL_REPRESENTATION('',(#10764),#10768);
#10764 = LINE('',#10765,#10766);
#10765 = CARTESIAN_POINT('',(-1.570796326795,0.));
#10766 = VECTOR('',#10767,1.);
#10767 = DIRECTION('',(-0.,1.));
#10768 = ( GEOMETRIC_REPRESENTATION_CONTEXT(2) 
PARAMETRIC_REPRESENTATION_CONTEXT() REPRESENTATION_CONTEXT('2D SPACE',''
  ) );
#10769 = ADVANCED_FACE('',(#10770),#8448,.T.);
#10770 = FACE_BOUND('',#10771,.F.);
#10771 = EDGE_LOOP('',(#10772,#10792,#10793,#10794));
#10772 = ORIENTED_EDGE('',*,*,#10773,.F.);
#10773 = EDGE_CURVE('',#10615,#8562,#10774,.T.);
#10774 = SURFACE_CURVE('',#10775,(#10780,#10786),.PCURVE_S1.);
#10775 = CIRCLE('',#10776,0.5);
#10776 = AXIS2_PLACEMENT_3D('',#10777,#10778,#10779);
#10777 = CARTESIAN_POINT('',(-31.015,-3.1,5.9));
#10778 = DIRECTION('',(1.,-0.,0.));
#10779 = DIRECTION('',(0.,1.,0.));
#10780 = PCURVE('',#8448,#10781);
#10781 = DEFINITIONAL_REPRESENTATION('',(#10782),#10785);
#10782 = B_SPLINE_CURVE_WITH_KNOTS('',1,(#10783,#10784),.UNSPECIFIED.,
  .F.,.F.,(2,2),(1.570796326795,3.14159265359),
  .PIECEWISE_BEZIER_KNOTS.);
#10783 = CARTESIAN_POINT('',(0.,1.570796326795));
#10784 = CARTESIAN_POINT('',(0.,3.14159265359));
#10785 = ( GEOMETRIC_REPRESENTATION_CONTEXT(2) 
PARAMETRIC_REPRESENTATION_CONTEXT() REPRESENTATION_CONTEXT('2D SPACE',''
  ) );
#10786 = PCURVE('',#10630,#10787);
#10787 = DEFINITIONAL_REPRESENTATION('',(#10788),#10791);
#10788 = B_SPLINE_CURVE_WITH_KNOTS('',1,(#10789,#10790),.UNSPECIFIED.,
  .F.,.F.,(2,2),(1.570796326795,3.14159265359),
  .PIECEWISE_BEZIER_KNOTS.);
#10789 = CARTESIAN_POINT('',(0.,0.6));
#10790 = CARTESIAN_POINT('',(1.570796326795,0.6));
#10791 = ( GEOMETRIC_REPRESENTATION_CONTEXT(2) 
PARAMETRIC_REPRESENTATION_CONTEXT() REPRESENTATION_CONTEXT('2D SPACE',''
  ) );
#10792 = ORIENTED_EDGE('',*,*,#10642,.T.);
#10793 = ORIENTED_EDGE('',*,*,#8432,.T.);
#10794 = ORIENTED_EDGE('',*,*,#8589,.F.);
#10795 = ADVANCED_FACE('',(#10796),#8524,.T.);
#10796 = FACE_BOUND('',#10797,.F.);
#10797 = EDGE_LOOP('',(#10798,#10799,#10828,#10849));
#10798 = ORIENTED_EDGE('',*,*,#10698,.F.);
#10799 = ORIENTED_EDGE('',*,*,#10800,.T.);
#10800 = EDGE_CURVE('',#10699,#10801,#10803,.T.);
#10801 = VERTEX_POINT('',#10802);
#10802 = CARTESIAN_POINT('',(-31.115,3.1,4.4));
#10803 = SURFACE_CURVE('',#10804,(#10809,#10816),.PCURVE_S1.);
#10804 = CIRCLE('',#10805,0.5);
#10805 = AXIS2_PLACEMENT_3D('',#10806,#10807,#10808);
#10806 = CARTESIAN_POINT('',(-31.115,3.1,4.9));
#10807 = DIRECTION('',(-1.,0.,0.));
#10808 = DIRECTION('',(0.,1.,0.));
#10809 = PCURVE('',#8524,#10810);
#10810 = DEFINITIONAL_REPRESENTATION('',(#10811),#10815);
#10811 = LINE('',#10812,#10813);
#10812 = CARTESIAN_POINT('',(-0.,0.5));
#10813 = VECTOR('',#10814,1.);
#10814 = DIRECTION('',(-1.,0.));
#10815 = ( GEOMETRIC_REPRESENTATION_CONTEXT(2) 
PARAMETRIC_REPRESENTATION_CONTEXT() REPRESENTATION_CONTEXT('2D SPACE',''
  ) );
#10816 = PCURVE('',#10817,#10822);
#10817 = SPHERICAL_SURFACE('',#10818,0.5);
#10818 = AXIS2_PLACEMENT_3D('',#10819,#10820,#10821);
#10819 = CARTESIAN_POINT('',(-31.115,3.1,4.9));
#10820 = DIRECTION('',(1.,0.,-0.));
#10821 = DIRECTION('',(0.,1.,0.));
#10822 = DEFINITIONAL_REPRESENTATION('',(#10823),#10827);
#10823 = LINE('',#10824,#10825);
#10824 = CARTESIAN_POINT('',(-0.,0.));
#10825 = VECTOR('',#10826,1.);
#10826 = DIRECTION('',(-1.,0.));
#10827 = ( GEOMETRIC_REPRESENTATION_CONTEXT(2) 
PARAMETRIC_REPRESENTATION_CONTEXT() REPRESENTATION_CONTEXT('2D SPACE',''
  ) );
#10828 = ORIENTED_EDGE('',*,*,#10829,.T.);
#10829 = EDGE_CURVE('',#10801,#8488,#10830,.T.);
#10830 = SURFACE_CURVE('',#10831,(#10835,#10842),.PCURVE_S1.);
#10831 = LINE('',#10832,#10833);
#10832 = CARTESIAN_POINT('',(-31.615,3.1,4.4));
#10833 = VECTOR('',#10834,1.);
#10834 = DIRECTION('',(1.,0.,0.));
#10835 = PCURVE('',#8524,#10836);
#10836 = DEFINITIONAL_REPRESENTATION('',(#10837),#10841);
#10837 = LINE('',#10838,#10839);
#10838 = CARTESIAN_POINT('',(-1.570796326795,0.));
#10839 = VECTOR('',#10840,1.);
#10840 = DIRECTION('',(-0.,1.));
#10841 = ( GEOMETRIC_REPRESENTATION_CONTEXT(2) 
PARAMETRIC_REPRESENTATION_CONTEXT() REPRESENTATION_CONTEXT('2D SPACE',''
  ) );
#10842 = PCURVE('',#8651,#10843);
#10843 = DEFINITIONAL_REPRESENTATION('',(#10844),#10848);
#10844 = LINE('',#10845,#10846);
#10845 = CARTESIAN_POINT('',(0.,6.7));
#10846 = VECTOR('',#10847,1.);
#10847 = DIRECTION('',(1.,0.));
#10848 = ( GEOMETRIC_REPRESENTATION_CONTEXT(2) 
PARAMETRIC_REPRESENTATION_CONTEXT() REPRESENTATION_CONTEXT('2D SPACE',''
  ) );
#10849 = ORIENTED_EDGE('',*,*,#8509,.F.);
#10850 = ADVANCED_FACE('',(#10851),#8577,.F.);
#10851 = FACE_BOUND('',#10852,.F.);
#10852 = EDGE_LOOP('',(#10853,#10854,#10877,#10905));
#10853 = ORIENTED_EDGE('',*,*,#8561,.F.);
#10854 = ORIENTED_EDGE('',*,*,#10855,.F.);
#10855 = EDGE_CURVE('',#10856,#8540,#10858,.T.);
#10856 = VERTEX_POINT('',#10857);
#10857 = CARTESIAN_POINT('',(-31.115,-3.6,4.9));
#10858 = SURFACE_CURVE('',#10859,(#10863,#10870),.PCURVE_S1.);
#10859 = LINE('',#10860,#10861);
#10860 = CARTESIAN_POINT('',(-31.615,-3.6,4.9));
#10861 = VECTOR('',#10862,1.);
#10862 = DIRECTION('',(1.,0.,0.));
#10863 = PCURVE('',#8577,#10864);
#10864 = DEFINITIONAL_REPRESENTATION('',(#10865),#10869);
#10865 = LINE('',#10866,#10867);
#10866 = CARTESIAN_POINT('',(0.5,0.));
#10867 = VECTOR('',#10868,1.);
#10868 = DIRECTION('',(0.,1.));
#10869 = ( GEOMETRIC_REPRESENTATION_CONTEXT(2) 
PARAMETRIC_REPRESENTATION_CONTEXT() REPRESENTATION_CONTEXT('2D SPACE',''
  ) );
#10870 = PCURVE('',#8686,#10871);
#10871 = DEFINITIONAL_REPRESENTATION('',(#10872),#10876);
#10872 = LINE('',#10873,#10874);
#10873 = CARTESIAN_POINT('',(-1.570796326795,0.));
#10874 = VECTOR('',#10875,1.);
#10875 = DIRECTION('',(-0.,1.));
#10876 = ( GEOMETRIC_REPRESENTATION_CONTEXT(2) 
PARAMETRIC_REPRESENTATION_CONTEXT() REPRESENTATION_CONTEXT('2D SPACE',''
  ) );
#10877 = ORIENTED_EDGE('',*,*,#10878,.T.);
#10878 = EDGE_CURVE('',#10856,#10879,#10881,.T.);
#10879 = VERTEX_POINT('',#10880);
#10880 = CARTESIAN_POINT('',(-31.115,-3.6,5.9));
#10881 = SURFACE_CURVE('',#10882,(#10886,#10893),.PCURVE_S1.);
#10882 = LINE('',#10883,#10884);
#10883 = CARTESIAN_POINT('',(-31.115,-3.6,4.4));
#10884 = VECTOR('',#10885,1.);
#10885 = DIRECTION('',(0.,0.,1.));
#10886 = PCURVE('',#8577,#10887);
#10887 = DEFINITIONAL_REPRESENTATION('',(#10888),#10892);
#10888 = LINE('',#10889,#10890);
#10889 = CARTESIAN_POINT('',(0.,0.5));
#10890 = VECTOR('',#10891,1.);
#10891 = DIRECTION('',(1.,0.));
#10892 = ( GEOMETRIC_REPRESENTATION_CONTEXT(2) 
PARAMETRIC_REPRESENTATION_CONTEXT() REPRESENTATION_CONTEXT('2D SPACE',''
  ) );
#10893 = PCURVE('',#10894,#10899);
#10894 = CYLINDRICAL_SURFACE('',#10895,0.5);
#10895 = AXIS2_PLACEMENT_3D('',#10896,#10897,#10898);
#10896 = CARTESIAN_POINT('',(-31.115,-3.1,4.4));
#10897 = DIRECTION('',(0.,0.,1.));
#10898 = DIRECTION('',(0.,-1.,0.));
#10899 = DEFINITIONAL_REPRESENTATION('',(#10900),#10904);
#10900 = LINE('',#10901,#10902);
#10901 = CARTESIAN_POINT('',(-0.,0.));
#10902 = VECTOR('',#10903,1.);
#10903 = DIRECTION('',(-0.,1.));
#10904 = ( GEOMETRIC_REPRESENTATION_CONTEXT(2) 
PARAMETRIC_REPRESENTATION_CONTEXT() REPRESENTATION_CONTEXT('2D SPACE',''
  ) );
#10905 = ORIENTED_EDGE('',*,*,#10906,.T.);
#10906 = EDGE_CURVE('',#10879,#8562,#10907,.T.);
#10907 = SURFACE_CURVE('',#10908,(#10912,#10919),.PCURVE_S1.);
#10908 = LINE('',#10909,#10910);
#10909 = CARTESIAN_POINT('',(-31.615,-3.6,5.9));
#10910 = VECTOR('',#10911,1.);
#10911 = DIRECTION('',(1.,0.,0.));
#10912 = PCURVE('',#8577,#10913);
#10913 = DEFINITIONAL_REPRESENTATION('',(#10914),#10918);
#10914 = LINE('',#10915,#10916);
#10915 = CARTESIAN_POINT('',(1.5,0.));
#10916 = VECTOR('',#10917,1.);
#10917 = DIRECTION('',(0.,1.));
#10918 = ( GEOMETRIC_REPRESENTATION_CONTEXT(2) 
PARAMETRIC_REPRESENTATION_CONTEXT() REPRESENTATION_CONTEXT('2D SPACE',''
  ) );
#10919 = PCURVE('',#10630,#10920);
#10920 = DEFINITIONAL_REPRESENTATION('',(#10921),#10925);
#10921 = LINE('',#10922,#10923);
#10922 = CARTESIAN_POINT('',(1.570796326795,0.));
#10923 = VECTOR('',#10924,1.);
#10924 = DIRECTION('',(0.,1.));
#10925 = ( GEOMETRIC_REPRESENTATION_CONTEXT(2) 
PARAMETRIC_REPRESENTATION_CONTEXT() REPRESENTATION_CONTEXT('2D SPACE',''
  ) );
#10926 = ADVANCED_FACE('',(#10927),#8651,.F.);
#10927 = FACE_BOUND('',#10928,.F.);
#10928 = EDGE_LOOP('',(#10929,#10930,#10931,#10959));
#10929 = ORIENTED_EDGE('',*,*,#8637,.T.);
#10930 = ORIENTED_EDGE('',*,*,#10829,.F.);
#10931 = ORIENTED_EDGE('',*,*,#10932,.F.);
#10932 = EDGE_CURVE('',#10933,#10801,#10935,.T.);
#10933 = VERTEX_POINT('',#10934);
#10934 = CARTESIAN_POINT('',(-31.115,-3.1,4.4));
#10935 = SURFACE_CURVE('',#10936,(#10940,#10947),.PCURVE_S1.);
#10936 = LINE('',#10937,#10938);
#10937 = CARTESIAN_POINT('',(-31.115,-3.6,4.4));
#10938 = VECTOR('',#10939,1.);
#10939 = DIRECTION('',(0.,1.,0.));
#10940 = PCURVE('',#8651,#10941);
#10941 = DEFINITIONAL_REPRESENTATION('',(#10942),#10946);
#10942 = LINE('',#10943,#10944);
#10943 = CARTESIAN_POINT('',(0.5,0.));
#10944 = VECTOR('',#10945,1.);
#10945 = DIRECTION('',(0.,1.));
#10946 = ( GEOMETRIC_REPRESENTATION_CONTEXT(2) 
PARAMETRIC_REPRESENTATION_CONTEXT() REPRESENTATION_CONTEXT('2D SPACE',''
  ) );
#10947 = PCURVE('',#10948,#10953);
#10948 = CYLINDRICAL_SURFACE('',#10949,0.5);
#10949 = AXIS2_PLACEMENT_3D('',#10950,#10951,#10952);
#10950 = CARTESIAN_POINT('',(-31.115,-3.6,4.9));
#10951 = DIRECTION('',(0.,1.,0.));
#10952 = DIRECTION('',(0.,0.,-1.));
#10953 = DEFINITIONAL_REPRESENTATION('',(#10954),#10958);
#10954 = LINE('',#10955,#10956);
#10955 = CARTESIAN_POINT('',(0.,0.));
#10956 = VECTOR('',#10957,1.);
#10957 = DIRECTION('',(0.,1.));
#10958 = ( GEOMETRIC_REPRESENTATION_CONTEXT(2) 
PARAMETRIC_REPRESENTATION_CONTEXT() REPRESENTATION_CONTEXT('2D SPACE',''
  ) );
#10959 = ORIENTED_EDGE('',*,*,#10960,.T.);
#10960 = EDGE_CURVE('',#10933,#8616,#10961,.T.);
#10961 = SURFACE_CURVE('',#10962,(#10966,#10973),.PCURVE_S1.);
#10962 = LINE('',#10963,#10964);
#10963 = CARTESIAN_POINT('',(-31.615,-3.1,4.4));
#10964 = VECTOR('',#10965,1.);
#10965 = DIRECTION('',(1.,0.,0.));
#10966 = PCURVE('',#8651,#10967);
#10967 = DEFINITIONAL_REPRESENTATION('',(#10968),#10972);
#10968 = LINE('',#10969,#10970);
#10969 = CARTESIAN_POINT('',(0.,0.5));
#10970 = VECTOR('',#10971,1.);
#10971 = DIRECTION('',(1.,0.));
#10972 = ( GEOMETRIC_REPRESENTATION_CONTEXT(2) 
PARAMETRIC_REPRESENTATION_CONTEXT() REPRESENTATION_CONTEXT('2D SPACE',''
  ) );
#10973 = PCURVE('',#8686,#10974);
#10974 = DEFINITIONAL_REPRESENTATION('',(#10975),#10979);
#10975 = LINE('',#10976,#10977);
#10976 = CARTESIAN_POINT('',(-0.,0.));
#10977 = VECTOR('',#10978,1.);
#10978 = DIRECTION('',(-0.,1.));
#10979 = ( GEOMETRIC_REPRESENTATION_CONTEXT(2) 
PARAMETRIC_REPRESENTATION_CONTEXT() REPRESENTATION_CONTEXT('2D SPACE',''
  ) );
#10980 = ADVANCED_FACE('',(#10981),#8686,.T.);
#10981 = FACE_BOUND('',#10982,.F.);
#10982 = EDGE_LOOP('',(#10983,#11008,#11009,#11010));
#10983 = ORIENTED_EDGE('',*,*,#10984,.F.);
#10984 = EDGE_CURVE('',#10856,#10933,#10985,.T.);
#10985 = SURFACE_CURVE('',#10986,(#10991,#10997),.PCURVE_S1.);
#10986 = CIRCLE('',#10987,0.5);
#10987 = AXIS2_PLACEMENT_3D('',#10988,#10989,#10990);
#10988 = CARTESIAN_POINT('',(-31.115,-3.1,4.9));
#10989 = DIRECTION('',(1.,-0.,0.));
#10990 = DIRECTION('',(0.,0.,-1.));
#10991 = PCURVE('',#8686,#10992);
#10992 = DEFINITIONAL_REPRESENTATION('',(#10993),#10996);
#10993 = B_SPLINE_CURVE_WITH_KNOTS('',1,(#10994,#10995),.UNSPECIFIED.,
  .F.,.F.,(2,2),(4.712388980385,6.28318530718),
  .PIECEWISE_BEZIER_KNOTS.);
#10994 = CARTESIAN_POINT('',(-1.570796326795,0.5));
#10995 = CARTESIAN_POINT('',(0.,0.5));
#10996 = ( GEOMETRIC_REPRESENTATION_CONTEXT(2) 
PARAMETRIC_REPRESENTATION_CONTEXT() REPRESENTATION_CONTEXT('2D SPACE',''
  ) );
#10997 = PCURVE('',#10998,#11003);
#10998 = SPHERICAL_SURFACE('',#10999,0.5);
#10999 = AXIS2_PLACEMENT_3D('',#11000,#11001,#11002);
#11000 = CARTESIAN_POINT('',(-31.115,-3.1,4.9));
#11001 = DIRECTION('',(0.,1.,0.));
#11002 = DIRECTION('',(0.,0.,-1.));
#11003 = DEFINITIONAL_REPRESENTATION('',(#11004),#11007);
#11004 = B_SPLINE_CURVE_WITH_KNOTS('',1,(#11005,#11006),.UNSPECIFIED.,
  .F.,.F.,(2,2),(4.712388980385,6.28318530718),
  .PIECEWISE_BEZIER_KNOTS.);
#11005 = CARTESIAN_POINT('',(0.,-1.570796326795));
#11006 = CARTESIAN_POINT('',(0.,0.));
#11007 = ( GEOMETRIC_REPRESENTATION_CONTEXT(2) 
PARAMETRIC_REPRESENTATION_CONTEXT() REPRESENTATION_CONTEXT('2D SPACE',''
  ) );
#11008 = ORIENTED_EDGE('',*,*,#10855,.T.);
#11009 = ORIENTED_EDGE('',*,*,#8671,.F.);
#11010 = ORIENTED_EDGE('',*,*,#10960,.F.);
#11011 = ADVANCED_FACE('',(#11012),#8717,.T.);
#11012 = FACE_BOUND('',#11013,.F.);
#11013 = EDGE_LOOP('',(#11014,#11034,#11035,#11036));
#11014 = ORIENTED_EDGE('',*,*,#11015,.F.);
#11015 = EDGE_CURVE('',#10208,#8798,#11016,.T.);
#11016 = SURFACE_CURVE('',#11017,(#11022,#11028),.PCURVE_S1.);
#11017 = CIRCLE('',#11018,0.5);
#11018 = AXIS2_PLACEMENT_3D('',#11019,#11020,#11021);
#11019 = CARTESIAN_POINT('',(3.1,-31.015,5.9));
#11020 = DIRECTION('',(0.,1.,-0.));
#11021 = DIRECTION('',(-1.,0.,0.));
#11022 = PCURVE('',#8717,#11023);
#11023 = DEFINITIONAL_REPRESENTATION('',(#11024),#11027);
#11024 = B_SPLINE_CURVE_WITH_KNOTS('',1,(#11025,#11026),.UNSPECIFIED.,
  .F.,.F.,(2,2),(1.570796326795,3.14159265359),
  .PIECEWISE_BEZIER_KNOTS.);
#11025 = CARTESIAN_POINT('',(0.,1.570796326795));
#11026 = CARTESIAN_POINT('',(0.,3.14159265359));
#11027 = ( GEOMETRIC_REPRESENTATION_CONTEXT(2) 
PARAMETRIC_REPRESENTATION_CONTEXT() REPRESENTATION_CONTEXT('2D SPACE',''
  ) );
#11028 = PCURVE('',#10223,#11029);
#11029 = DEFINITIONAL_REPRESENTATION('',(#11030),#11033);
#11030 = B_SPLINE_CURVE_WITH_KNOTS('',1,(#11031,#11032),.UNSPECIFIED.,
  .F.,.F.,(2,2),(1.570796326795,3.14159265359),
  .PIECEWISE_BEZIER_KNOTS.);
#11031 = CARTESIAN_POINT('',(0.,0.6));
#11032 = CARTESIAN_POINT('',(1.570796326795,0.6));
#11033 = ( GEOMETRIC_REPRESENTATION_CONTEXT(2) 
PARAMETRIC_REPRESENTATION_CONTEXT() REPRESENTATION_CONTEXT('2D SPACE',''
  ) );
#11034 = ORIENTED_EDGE('',*,*,#10235,.T.);
#11035 = ORIENTED_EDGE('',*,*,#8701,.T.);
#11036 = ORIENTED_EDGE('',*,*,#8825,.F.);
#11037 = ADVANCED_FACE('',(#11038),#8813,.T.);
#11038 = FACE_BOUND('',#11039,.T.);
#11039 = EDGE_LOOP('',(#11040,#11041,#11064,#11092));
#11040 = ORIENTED_EDGE('',*,*,#8797,.T.);
#11041 = ORIENTED_EDGE('',*,*,#11042,.F.);
#11042 = EDGE_CURVE('',#11043,#8798,#11045,.T.);
#11043 = VERTEX_POINT('',#11044);
#11044 = CARTESIAN_POINT('',(3.6,-31.115,5.9));
#11045 = SURFACE_CURVE('',#11046,(#11050,#11057),.PCURVE_S1.);
#11046 = LINE('',#11047,#11048);
#11047 = CARTESIAN_POINT('',(3.6,-31.615,5.9));
#11048 = VECTOR('',#11049,1.);
#11049 = DIRECTION('',(0.,1.,0.));
#11050 = PCURVE('',#8813,#11051);
#11051 = DEFINITIONAL_REPRESENTATION('',(#11052),#11056);
#11052 = LINE('',#11053,#11054);
#11053 = CARTESIAN_POINT('',(1.5,0.));
#11054 = VECTOR('',#11055,1.);
#11055 = DIRECTION('',(0.,-1.));
#11056 = ( GEOMETRIC_REPRESENTATION_CONTEXT(2) 
PARAMETRIC_REPRESENTATION_CONTEXT() REPRESENTATION_CONTEXT('2D SPACE',''
  ) );
#11057 = PCURVE('',#10223,#11058);
#11058 = DEFINITIONAL_REPRESENTATION('',(#11059),#11063);
#11059 = LINE('',#11060,#11061);
#11060 = CARTESIAN_POINT('',(1.570796326795,0.));
#11061 = VECTOR('',#11062,1.);
#11062 = DIRECTION('',(0.,1.));
#11063 = ( GEOMETRIC_REPRESENTATION_CONTEXT(2) 
PARAMETRIC_REPRESENTATION_CONTEXT() REPRESENTATION_CONTEXT('2D SPACE',''
  ) );
#11064 = ORIENTED_EDGE('',*,*,#11065,.F.);
#11065 = EDGE_CURVE('',#11066,#11043,#11068,.T.);
#11066 = VERTEX_POINT('',#11067);
#11067 = CARTESIAN_POINT('',(3.6,-31.115,4.9));
#11068 = SURFACE_CURVE('',#11069,(#11073,#11080),.PCURVE_S1.);
#11069 = LINE('',#11070,#11071);
#11070 = CARTESIAN_POINT('',(3.6,-31.115,4.4));
#11071 = VECTOR('',#11072,1.);
#11072 = DIRECTION('',(0.,0.,1.));
#11073 = PCURVE('',#8813,#11074);
#11074 = DEFINITIONAL_REPRESENTATION('',(#11075),#11079);
#11075 = LINE('',#11076,#11077);
#11076 = CARTESIAN_POINT('',(0.,-0.5));
#11077 = VECTOR('',#11078,1.);
#11078 = DIRECTION('',(1.,0.));
#11079 = ( GEOMETRIC_REPRESENTATION_CONTEXT(2) 
PARAMETRIC_REPRESENTATION_CONTEXT() REPRESENTATION_CONTEXT('2D SPACE',''
  ) );
#11080 = PCURVE('',#11081,#11086);
#11081 = CYLINDRICAL_SURFACE('',#11082,0.5);
#11082 = AXIS2_PLACEMENT_3D('',#11083,#11084,#11085);
#11083 = CARTESIAN_POINT('',(3.1,-31.115,4.4));
#11084 = DIRECTION('',(0.,0.,1.));
#11085 = DIRECTION('',(1.,0.,-0.));
#11086 = DEFINITIONAL_REPRESENTATION('',(#11087),#11091);
#11087 = LINE('',#11088,#11089);
#11088 = CARTESIAN_POINT('',(-0.,0.));
#11089 = VECTOR('',#11090,1.);
#11090 = DIRECTION('',(-0.,1.));
#11091 = ( GEOMETRIC_REPRESENTATION_CONTEXT(2) 
PARAMETRIC_REPRESENTATION_CONTEXT() REPRESENTATION_CONTEXT('2D SPACE',''
  ) );
#11092 = ORIENTED_EDGE('',*,*,#11093,.T.);
#11093 = EDGE_CURVE('',#11066,#8776,#11094,.T.);
#11094 = SURFACE_CURVE('',#11095,(#11099,#11106),.PCURVE_S1.);
#11095 = LINE('',#11096,#11097);
#11096 = CARTESIAN_POINT('',(3.6,-31.615,4.9));
#11097 = VECTOR('',#11098,1.);
#11098 = DIRECTION('',(0.,1.,0.));
#11099 = PCURVE('',#8813,#11100);
#11100 = DEFINITIONAL_REPRESENTATION('',(#11101),#11105);
#11101 = LINE('',#11102,#11103);
#11102 = CARTESIAN_POINT('',(0.5,0.));
#11103 = VECTOR('',#11104,1.);
#11104 = DIRECTION('',(0.,-1.));
#11105 = ( GEOMETRIC_REPRESENTATION_CONTEXT(2) 
PARAMETRIC_REPRESENTATION_CONTEXT() REPRESENTATION_CONTEXT('2D SPACE',''
  ) );
#11106 = PCURVE('',#8943,#11107);
#11107 = DEFINITIONAL_REPRESENTATION('',(#11108),#11112);
#11108 = LINE('',#11109,#11110);
#11109 = CARTESIAN_POINT('',(0.,0.));
#11110 = VECTOR('',#11111,1.);
#11111 = DIRECTION('',(0.,1.));
#11112 = ( GEOMETRIC_REPRESENTATION_CONTEXT(2) 
PARAMETRIC_REPRESENTATION_CONTEXT() REPRESENTATION_CONTEXT('2D SPACE',''
  ) );
#11113 = ADVANCED_FACE('',(#11114),#8889,.T.);
#11114 = FACE_BOUND('',#11115,.T.);
#11115 = EDGE_LOOP('',(#11116,#11136,#11137,#11138));
#11116 = ORIENTED_EDGE('',*,*,#11117,.F.);
#11117 = EDGE_CURVE('',#10128,#8981,#11118,.T.);
#11118 = SURFACE_CURVE('',#11119,(#11124,#11130),.PCURVE_S1.);
#11119 = CIRCLE('',#11120,0.5);
#11120 = AXIS2_PLACEMENT_3D('',#11121,#11122,#11123);
#11121 = CARTESIAN_POINT('',(-3.1,-31.015,5.9));
#11122 = DIRECTION('',(0.,-1.,0.));
#11123 = DIRECTION('',(1.,0.,0.));
#11124 = PCURVE('',#8889,#11125);
#11125 = DEFINITIONAL_REPRESENTATION('',(#11126),#11129);
#11126 = B_SPLINE_CURVE_WITH_KNOTS('',1,(#11127,#11128),.UNSPECIFIED.,
  .F.,.F.,(2,2),(1.570796326795,3.14159265359),
  .PIECEWISE_BEZIER_KNOTS.);
#11127 = CARTESIAN_POINT('',(0.,1.570796326795));
#11128 = CARTESIAN_POINT('',(0.,3.14159265359));
#11129 = ( GEOMETRIC_REPRESENTATION_CONTEXT(2) 
PARAMETRIC_REPRESENTATION_CONTEXT() REPRESENTATION_CONTEXT('2D SPACE',''
  ) );
#11130 = PCURVE('',#10167,#11131);
#11131 = DEFINITIONAL_REPRESENTATION('',(#11132),#11135);
#11132 = B_SPLINE_CURVE_WITH_KNOTS('',1,(#11133,#11134),.UNSPECIFIED.,
  .F.,.F.,(2,2),(1.570796326795,3.14159265359),
  .PIECEWISE_BEZIER_KNOTS.);
#11133 = CARTESIAN_POINT('',(0.,0.6));
#11134 = CARTESIAN_POINT('',(-1.570796326795,0.6));
#11135 = ( GEOMETRIC_REPRESENTATION_CONTEXT(2) 
PARAMETRIC_REPRESENTATION_CONTEXT() REPRESENTATION_CONTEXT('2D SPACE',''
  ) );
#11136 = ORIENTED_EDGE('',*,*,#10127,.T.);
#11137 = ORIENTED_EDGE('',*,*,#8875,.T.);
#11138 = ORIENTED_EDGE('',*,*,#9008,.F.);
#11139 = ADVANCED_FACE('',(#11140),#8943,.T.);
#11140 = FACE_BOUND('',#11141,.T.);
#11141 = EDGE_LOOP('',(#11142,#11169,#11190,#11191));
#11142 = ORIENTED_EDGE('',*,*,#11143,.F.);
#11143 = EDGE_CURVE('',#11144,#11066,#11146,.T.);
#11144 = VERTEX_POINT('',#11145);
#11145 = CARTESIAN_POINT('',(3.1,-31.115,4.4));
#11146 = SURFACE_CURVE('',#11147,(#11152,#11158),.PCURVE_S1.);
#11147 = CIRCLE('',#11148,0.5);
#11148 = AXIS2_PLACEMENT_3D('',#11149,#11150,#11151);
#11149 = CARTESIAN_POINT('',(3.1,-31.115,4.9));
#11150 = DIRECTION('',(0.,-1.,0.));
#11151 = DIRECTION('',(1.,0.,0.));
#11152 = PCURVE('',#8943,#11153);
#11153 = DEFINITIONAL_REPRESENTATION('',(#11154),#11157);
#11154 = B_SPLINE_CURVE_WITH_KNOTS('',1,(#11155,#11156),.UNSPECIFIED.,
  .F.,.F.,(2,2),(4.712388980385,6.28318530718),
  .PIECEWISE_BEZIER_KNOTS.);
#11155 = CARTESIAN_POINT('',(1.570796326795,0.5));
#11156 = CARTESIAN_POINT('',(0.,0.5));
#11157 = ( GEOMETRIC_REPRESENTATION_CONTEXT(2) 
PARAMETRIC_REPRESENTATION_CONTEXT() REPRESENTATION_CONTEXT('2D SPACE',''
  ) );
#11158 = PCURVE('',#11159,#11164);
#11159 = SPHERICAL_SURFACE('',#11160,0.5);
#11160 = AXIS2_PLACEMENT_3D('',#11161,#11162,#11163);
#11161 = CARTESIAN_POINT('',(3.1,-31.115,4.9));
#11162 = DIRECTION('',(0.,0.,1.));
#11163 = DIRECTION('',(1.,0.,-0.));
#11164 = DEFINITIONAL_REPRESENTATION('',(#11165),#11168);
#11165 = B_SPLINE_CURVE_WITH_KNOTS('',1,(#11166,#11167),.UNSPECIFIED.,
  .F.,.F.,(2,2),(4.712388980385,6.28318530718),
  .PIECEWISE_BEZIER_KNOTS.);
#11166 = CARTESIAN_POINT('',(0.,-1.570796326795));
#11167 = CARTESIAN_POINT('',(0.,0.));
#11168 = ( GEOMETRIC_REPRESENTATION_CONTEXT(2) 
PARAMETRIC_REPRESENTATION_CONTEXT() REPRESENTATION_CONTEXT('2D SPACE',''
  ) );
#11169 = ORIENTED_EDGE('',*,*,#11170,.T.);
#11170 = EDGE_CURVE('',#11144,#8907,#11171,.T.);
#11171 = SURFACE_CURVE('',#11172,(#11176,#11183),.PCURVE_S1.);
#11172 = LINE('',#11173,#11174);
#11173 = CARTESIAN_POINT('',(3.1,-31.615,4.4));
#11174 = VECTOR('',#11175,1.);
#11175 = DIRECTION('',(0.,1.,0.));
#11176 = PCURVE('',#8943,#11177);
#11177 = DEFINITIONAL_REPRESENTATION('',(#11178),#11182);
#11178 = LINE('',#11179,#11180);
#11179 = CARTESIAN_POINT('',(1.570796326795,0.));
#11180 = VECTOR('',#11181,1.);
#11181 = DIRECTION('',(0.,1.));
#11182 = ( GEOMETRIC_REPRESENTATION_CONTEXT(2) 
PARAMETRIC_REPRESENTATION_CONTEXT() REPRESENTATION_CONTEXT('2D SPACE',''
  ) );
#11183 = PCURVE('',#9070,#11184);
#11184 = DEFINITIONAL_REPRESENTATION('',(#11185),#11189);
#11185 = LINE('',#11186,#11187);
#11186 = CARTESIAN_POINT('',(6.7,0.));
#11187 = VECTOR('',#11188,1.);
#11188 = DIRECTION('',(0.,1.));
#11189 = ( GEOMETRIC_REPRESENTATION_CONTEXT(2) 
PARAMETRIC_REPRESENTATION_CONTEXT() REPRESENTATION_CONTEXT('2D SPACE',''
  ) );
#11190 = ORIENTED_EDGE('',*,*,#8928,.F.);
#11191 = ORIENTED_EDGE('',*,*,#11093,.F.);
#11192 = ADVANCED_FACE('',(#11193),#8996,.F.);
#11193 = FACE_BOUND('',#11194,.F.);
#11194 = EDGE_LOOP('',(#11195,#11196,#11219,#11247));
#11195 = ORIENTED_EDGE('',*,*,#8980,.T.);
#11196 = ORIENTED_EDGE('',*,*,#11197,.F.);
#11197 = EDGE_CURVE('',#11198,#8981,#11200,.T.);
#11198 = VERTEX_POINT('',#11199);
#11199 = CARTESIAN_POINT('',(-3.6,-31.115,5.9));
#11200 = SURFACE_CURVE('',#11201,(#11205,#11212),.PCURVE_S1.);
#11201 = LINE('',#11202,#11203);
#11202 = CARTESIAN_POINT('',(-3.6,-31.615,5.9));
#11203 = VECTOR('',#11204,1.);
#11204 = DIRECTION('',(0.,1.,0.));
#11205 = PCURVE('',#8996,#11206);
#11206 = DEFINITIONAL_REPRESENTATION('',(#11207),#11211);
#11207 = LINE('',#11208,#11209);
#11208 = CARTESIAN_POINT('',(1.5,0.));
#11209 = VECTOR('',#11210,1.);
#11210 = DIRECTION('',(0.,-1.));
#11211 = ( GEOMETRIC_REPRESENTATION_CONTEXT(2) 
PARAMETRIC_REPRESENTATION_CONTEXT() REPRESENTATION_CONTEXT('2D SPACE',''
  ) );
#11212 = PCURVE('',#10167,#11213);
#11213 = DEFINITIONAL_REPRESENTATION('',(#11214),#11218);
#11214 = LINE('',#11215,#11216);
#11215 = CARTESIAN_POINT('',(-1.570796326795,0.));
#11216 = VECTOR('',#11217,1.);
#11217 = DIRECTION('',(-0.,1.));
#11218 = ( GEOMETRIC_REPRESENTATION_CONTEXT(2) 
PARAMETRIC_REPRESENTATION_CONTEXT() REPRESENTATION_CONTEXT('2D SPACE',''
  ) );
#11219 = ORIENTED_EDGE('',*,*,#11220,.F.);
#11220 = EDGE_CURVE('',#11221,#11198,#11223,.T.);
#11221 = VERTEX_POINT('',#11222);
#11222 = CARTESIAN_POINT('',(-3.6,-31.115,4.9));
#11223 = SURFACE_CURVE('',#11224,(#11228,#11235),.PCURVE_S1.);
#11224 = LINE('',#11225,#11226);
#11225 = CARTESIAN_POINT('',(-3.6,-31.115,4.4));
#11226 = VECTOR('',#11227,1.);
#11227 = DIRECTION('',(0.,0.,1.));
#11228 = PCURVE('',#8996,#11229);
#11229 = DEFINITIONAL_REPRESENTATION('',(#11230),#11234);
#11230 = LINE('',#11231,#11232);
#11231 = CARTESIAN_POINT('',(0.,-0.5));
#11232 = VECTOR('',#11233,1.);
#11233 = DIRECTION('',(1.,0.));
#11234 = ( GEOMETRIC_REPRESENTATION_CONTEXT(2) 
PARAMETRIC_REPRESENTATION_CONTEXT() REPRESENTATION_CONTEXT('2D SPACE',''
  ) );
#11235 = PCURVE('',#11236,#11241);
#11236 = CYLINDRICAL_SURFACE('',#11237,0.5);
#11237 = AXIS2_PLACEMENT_3D('',#11238,#11239,#11240);
#11238 = CARTESIAN_POINT('',(-3.1,-31.115,4.4));
#11239 = DIRECTION('',(0.,0.,1.));
#11240 = DIRECTION('',(-1.,-0.,0.));
#11241 = DEFINITIONAL_REPRESENTATION('',(#11242),#11246);
#11242 = LINE('',#11243,#11244);
#11243 = CARTESIAN_POINT('',(0.,0.));
#11244 = VECTOR('',#11245,1.);
#11245 = DIRECTION('',(0.,1.));
#11246 = ( GEOMETRIC_REPRESENTATION_CONTEXT(2) 
PARAMETRIC_REPRESENTATION_CONTEXT() REPRESENTATION_CONTEXT('2D SPACE',''
  ) );
#11247 = ORIENTED_EDGE('',*,*,#11248,.T.);
#11248 = EDGE_CURVE('',#11221,#8959,#11249,.T.);
#11249 = SURFACE_CURVE('',#11250,(#11254,#11261),.PCURVE_S1.);
#11250 = LINE('',#11251,#11252);
#11251 = CARTESIAN_POINT('',(-3.6,-31.615,4.9));
#11252 = VECTOR('',#11253,1.);
#11253 = DIRECTION('',(0.,1.,0.));
#11254 = PCURVE('',#8996,#11255);
#11255 = DEFINITIONAL_REPRESENTATION('',(#11256),#11260);
#11256 = LINE('',#11257,#11258);
#11257 = CARTESIAN_POINT('',(0.5,0.));
#11258 = VECTOR('',#11259,1.);
#11259 = DIRECTION('',(0.,-1.));
#11260 = ( GEOMETRIC_REPRESENTATION_CONTEXT(2) 
PARAMETRIC_REPRESENTATION_CONTEXT() REPRESENTATION_CONTEXT('2D SPACE',''
  ) );
#11261 = PCURVE('',#9105,#11262);
#11262 = DEFINITIONAL_REPRESENTATION('',(#11263),#11267);
#11263 = LINE('',#11264,#11265);
#11264 = CARTESIAN_POINT('',(1.570796326795,0.));
#11265 = VECTOR('',#11266,1.);
#11266 = DIRECTION('',(0.,1.));
#11267 = ( GEOMETRIC_REPRESENTATION_CONTEXT(2) 
PARAMETRIC_REPRESENTATION_CONTEXT() REPRESENTATION_CONTEXT('2D SPACE',''
  ) );
#11268 = ADVANCED_FACE('',(#11269),#9070,.F.);
#11269 = FACE_BOUND('',#11270,.F.);
#11270 = EDGE_LOOP('',(#11271,#11272,#11295,#11321));
#11271 = ORIENTED_EDGE('',*,*,#9056,.F.);
#11272 = ORIENTED_EDGE('',*,*,#11273,.F.);
#11273 = EDGE_CURVE('',#11274,#9035,#11276,.T.);
#11274 = VERTEX_POINT('',#11275);
#11275 = CARTESIAN_POINT('',(-3.1,-31.115,4.4));
#11276 = SURFACE_CURVE('',#11277,(#11281,#11288),.PCURVE_S1.);
#11277 = LINE('',#11278,#11279);
#11278 = CARTESIAN_POINT('',(-3.1,-31.615,4.4));
#11279 = VECTOR('',#11280,1.);
#11280 = DIRECTION('',(0.,1.,0.));
#11281 = PCURVE('',#9070,#11282);
#11282 = DEFINITIONAL_REPRESENTATION('',(#11283),#11287);
#11283 = LINE('',#11284,#11285);
#11284 = CARTESIAN_POINT('',(0.5,0.));
#11285 = VECTOR('',#11286,1.);
#11286 = DIRECTION('',(0.,1.));
#11287 = ( GEOMETRIC_REPRESENTATION_CONTEXT(2) 
PARAMETRIC_REPRESENTATION_CONTEXT() REPRESENTATION_CONTEXT('2D SPACE',''
  ) );
#11288 = PCURVE('',#9105,#11289);
#11289 = DEFINITIONAL_REPRESENTATION('',(#11290),#11294);
#11290 = LINE('',#11291,#11292);
#11291 = CARTESIAN_POINT('',(0.,0.));
#11292 = VECTOR('',#11293,1.);
#11293 = DIRECTION('',(0.,1.));
#11294 = ( GEOMETRIC_REPRESENTATION_CONTEXT(2) 
PARAMETRIC_REPRESENTATION_CONTEXT() REPRESENTATION_CONTEXT('2D SPACE',''
  ) );
#11295 = ORIENTED_EDGE('',*,*,#11296,.T.);
#11296 = EDGE_CURVE('',#11274,#11144,#11297,.T.);
#11297 = SURFACE_CURVE('',#11298,(#11302,#11309),.PCURVE_S1.);
#11298 = LINE('',#11299,#11300);
#11299 = CARTESIAN_POINT('',(-3.6,-31.115,4.4));
#11300 = VECTOR('',#11301,1.);
#11301 = DIRECTION('',(1.,0.,0.));
#11302 = PCURVE('',#9070,#11303);
#11303 = DEFINITIONAL_REPRESENTATION('',(#11304),#11308);
#11304 = LINE('',#11305,#11306);
#11305 = CARTESIAN_POINT('',(0.,0.5));
#11306 = VECTOR('',#11307,1.);
#11307 = DIRECTION('',(1.,0.));
#11308 = ( GEOMETRIC_REPRESENTATION_CONTEXT(2) 
PARAMETRIC_REPRESENTATION_CONTEXT() REPRESENTATION_CONTEXT('2D SPACE',''
  ) );
#11309 = PCURVE('',#11310,#11315);
#11310 = CYLINDRICAL_SURFACE('',#11311,0.5);
#11311 = AXIS2_PLACEMENT_3D('',#11312,#11313,#11314);
#11312 = CARTESIAN_POINT('',(-3.6,-31.115,4.9));
#11313 = DIRECTION('',(1.,0.,0.));
#11314 = DIRECTION('',(0.,0.,-1.));
#11315 = DEFINITIONAL_REPRESENTATION('',(#11316),#11320);
#11316 = LINE('',#11317,#11318);
#11317 = CARTESIAN_POINT('',(-0.,0.));
#11318 = VECTOR('',#11319,1.);
#11319 = DIRECTION('',(-0.,1.));
#11320 = ( GEOMETRIC_REPRESENTATION_CONTEXT(2) 
PARAMETRIC_REPRESENTATION_CONTEXT() REPRESENTATION_CONTEXT('2D SPACE',''
  ) );
#11321 = ORIENTED_EDGE('',*,*,#11170,.T.);
#11322 = ADVANCED_FACE('',(#11323),#9105,.T.);
#11323 = FACE_BOUND('',#11324,.T.);
#11324 = EDGE_LOOP('',(#11325,#11326,#11353,#11354));
#11325 = ORIENTED_EDGE('',*,*,#11273,.F.);
#11326 = ORIENTED_EDGE('',*,*,#11327,.T.);
#11327 = EDGE_CURVE('',#11274,#11221,#11328,.T.);
#11328 = SURFACE_CURVE('',#11329,(#11334,#11341),.PCURVE_S1.);
#11329 = CIRCLE('',#11330,0.5);
#11330 = AXIS2_PLACEMENT_3D('',#11331,#11332,#11333);
#11331 = CARTESIAN_POINT('',(-3.1,-31.115,4.9));
#11332 = DIRECTION('',(0.,1.,0.));
#11333 = DIRECTION('',(0.,0.,-1.));
#11334 = PCURVE('',#9105,#11335);
#11335 = DEFINITIONAL_REPRESENTATION('',(#11336),#11340);
#11336 = LINE('',#11337,#11338);
#11337 = CARTESIAN_POINT('',(0.,0.5));
#11338 = VECTOR('',#11339,1.);
#11339 = DIRECTION('',(1.,0.));
#11340 = ( GEOMETRIC_REPRESENTATION_CONTEXT(2) 
PARAMETRIC_REPRESENTATION_CONTEXT() REPRESENTATION_CONTEXT('2D SPACE',''
  ) );
#11341 = PCURVE('',#11342,#11347);
#11342 = SPHERICAL_SURFACE('',#11343,0.5);
#11343 = AXIS2_PLACEMENT_3D('',#11344,#11345,#11346);
#11344 = CARTESIAN_POINT('',(-3.1,-31.115,4.9));
#11345 = DIRECTION('',(0.,1.,0.));
#11346 = DIRECTION('',(0.,0.,-1.));
#11347 = DEFINITIONAL_REPRESENTATION('',(#11348),#11352);
#11348 = LINE('',#11349,#11350);
#11349 = CARTESIAN_POINT('',(0.,0.));
#11350 = VECTOR('',#11351,1.);
#11351 = DIRECTION('',(1.,0.));
#11352 = ( GEOMETRIC_REPRESENTATION_CONTEXT(2) 
PARAMETRIC_REPRESENTATION_CONTEXT() REPRESENTATION_CONTEXT('2D SPACE',''
  ) );
#11353 = ORIENTED_EDGE('',*,*,#11248,.T.);
#11354 = ORIENTED_EDGE('',*,*,#9090,.F.);
#11355 = ADVANCED_FACE('',(#11356),#9281,.T.);
#11356 = FACE_BOUND('',#11357,.T.);
#11357 = EDGE_LOOP('',(#11358,#11378,#11379,#11380));
#11358 = ORIENTED_EDGE('',*,*,#11359,.F.);
#11359 = EDGE_CURVE('',#10402,#9319,#11360,.T.);
#11360 = SURFACE_CURVE('',#11361,(#11366,#11372),.PCURVE_S1.);
#11361 = CIRCLE('',#11362,0.5);
#11362 = AXIS2_PLACEMENT_3D('',#11363,#11364,#11365);
#11363 = CARTESIAN_POINT('',(3.1,31.015,5.9));
#11364 = DIRECTION('',(0.,1.,-0.));
#11365 = DIRECTION('',(-1.,0.,0.));
#11366 = PCURVE('',#9281,#11367);
#11367 = DEFINITIONAL_REPRESENTATION('',(#11368),#11371);
#11368 = B_SPLINE_CURVE_WITH_KNOTS('',1,(#11369,#11370),.UNSPECIFIED.,
  .F.,.F.,(2,2),(1.570796326795,3.14159265359),
  .PIECEWISE_BEZIER_KNOTS.);
#11369 = CARTESIAN_POINT('',(0.,1.570796326795));
#11370 = CARTESIAN_POINT('',(0.,3.14159265359));
#11371 = ( GEOMETRIC_REPRESENTATION_CONTEXT(2) 
PARAMETRIC_REPRESENTATION_CONTEXT() REPRESENTATION_CONTEXT('2D SPACE',''
  ) );
#11372 = PCURVE('',#10441,#11373);
#11373 = DEFINITIONAL_REPRESENTATION('',(#11374),#11377);
#11374 = B_SPLINE_CURVE_WITH_KNOTS('',1,(#11375,#11376),.UNSPECIFIED.,
  .F.,.F.,(2,2),(1.570796326795,3.14159265359),
  .PIECEWISE_BEZIER_KNOTS.);
#11375 = CARTESIAN_POINT('',(0.,0.5));
#11376 = CARTESIAN_POINT('',(1.570796326795,0.5));
#11377 = ( GEOMETRIC_REPRESENTATION_CONTEXT(2) 
PARAMETRIC_REPRESENTATION_CONTEXT() REPRESENTATION_CONTEXT('2D SPACE',''
  ) );
#11378 = ORIENTED_EDGE('',*,*,#10401,.T.);
#11379 = ORIENTED_EDGE('',*,*,#9267,.T.);
#11380 = ORIENTED_EDGE('',*,*,#9346,.F.);
#11381 = ADVANCED_FACE('',(#11382),#9334,.T.);
#11382 = FACE_BOUND('',#11383,.T.);
#11383 = EDGE_LOOP('',(#11384,#11385,#11408,#11436));
#11384 = ORIENTED_EDGE('',*,*,#9318,.F.);
#11385 = ORIENTED_EDGE('',*,*,#11386,.T.);
#11386 = EDGE_CURVE('',#9297,#11387,#11389,.T.);
#11387 = VERTEX_POINT('',#11388);
#11388 = CARTESIAN_POINT('',(3.6,31.115,4.9));
#11389 = SURFACE_CURVE('',#11390,(#11394,#11401),.PCURVE_S1.);
#11390 = LINE('',#11391,#11392);
#11391 = CARTESIAN_POINT('',(3.6,30.515,4.9));
#11392 = VECTOR('',#11393,1.);
#11393 = DIRECTION('',(0.,1.,0.));
#11394 = PCURVE('',#9334,#11395);
#11395 = DEFINITIONAL_REPRESENTATION('',(#11396),#11400);
#11396 = LINE('',#11397,#11398);
#11397 = CARTESIAN_POINT('',(0.5,0.));
#11398 = VECTOR('',#11399,1.);
#11399 = DIRECTION('',(0.,-1.));
#11400 = ( GEOMETRIC_REPRESENTATION_CONTEXT(2) 
PARAMETRIC_REPRESENTATION_CONTEXT() REPRESENTATION_CONTEXT('2D SPACE',''
  ) );
#11401 = PCURVE('',#9464,#11402);
#11402 = DEFINITIONAL_REPRESENTATION('',(#11403),#11407);
#11403 = LINE('',#11404,#11405);
#11404 = CARTESIAN_POINT('',(0.,0.));
#11405 = VECTOR('',#11406,1.);
#11406 = DIRECTION('',(0.,1.));
#11407 = ( GEOMETRIC_REPRESENTATION_CONTEXT(2) 
PARAMETRIC_REPRESENTATION_CONTEXT() REPRESENTATION_CONTEXT('2D SPACE',''
  ) );
#11408 = ORIENTED_EDGE('',*,*,#11409,.T.);
#11409 = EDGE_CURVE('',#11387,#11410,#11412,.T.);
#11410 = VERTEX_POINT('',#11411);
#11411 = CARTESIAN_POINT('',(3.6,31.115,5.9));
#11412 = SURFACE_CURVE('',#11413,(#11417,#11424),.PCURVE_S1.);
#11413 = LINE('',#11414,#11415);
#11414 = CARTESIAN_POINT('',(3.6,31.115,4.4));
#11415 = VECTOR('',#11416,1.);
#11416 = DIRECTION('',(0.,0.,1.));
#11417 = PCURVE('',#9334,#11418);
#11418 = DEFINITIONAL_REPRESENTATION('',(#11419),#11423);
#11419 = LINE('',#11420,#11421);
#11420 = CARTESIAN_POINT('',(0.,-0.6));
#11421 = VECTOR('',#11422,1.);
#11422 = DIRECTION('',(1.,0.));
#11423 = ( GEOMETRIC_REPRESENTATION_CONTEXT(2) 
PARAMETRIC_REPRESENTATION_CONTEXT() REPRESENTATION_CONTEXT('2D SPACE',''
  ) );
#11424 = PCURVE('',#11425,#11430);
#11425 = CYLINDRICAL_SURFACE('',#11426,0.5);
#11426 = AXIS2_PLACEMENT_3D('',#11427,#11428,#11429);
#11427 = CARTESIAN_POINT('',(3.1,31.115,4.4));
#11428 = DIRECTION('',(0.,0.,1.));
#11429 = DIRECTION('',(1.,0.,-0.));
#11430 = DEFINITIONAL_REPRESENTATION('',(#11431),#11435);
#11431 = LINE('',#11432,#11433);
#11432 = CARTESIAN_POINT('',(0.,0.));
#11433 = VECTOR('',#11434,1.);
#11434 = DIRECTION('',(0.,1.));
#11435 = ( GEOMETRIC_REPRESENTATION_CONTEXT(2) 
PARAMETRIC_REPRESENTATION_CONTEXT() REPRESENTATION_CONTEXT('2D SPACE',''
  ) );
#11436 = ORIENTED_EDGE('',*,*,#11437,.F.);
#11437 = EDGE_CURVE('',#9319,#11410,#11438,.T.);
#11438 = SURFACE_CURVE('',#11439,(#11443,#11450),.PCURVE_S1.);
#11439 = LINE('',#11440,#11441);
#11440 = CARTESIAN_POINT('',(3.6,30.515,5.9));
#11441 = VECTOR('',#11442,1.);
#11442 = DIRECTION('',(0.,1.,0.));
#11443 = PCURVE('',#9334,#11444);
#11444 = DEFINITIONAL_REPRESENTATION('',(#11445),#11449);
#11445 = LINE('',#11446,#11447);
#11446 = CARTESIAN_POINT('',(1.5,0.));
#11447 = VECTOR('',#11448,1.);
#11448 = DIRECTION('',(0.,-1.));
#11449 = ( GEOMETRIC_REPRESENTATION_CONTEXT(2) 
PARAMETRIC_REPRESENTATION_CONTEXT() REPRESENTATION_CONTEXT('2D SPACE',''
  ) );
#11450 = PCURVE('',#10441,#11451);
#11451 = DEFINITIONAL_REPRESENTATION('',(#11452),#11456);
#11452 = LINE('',#11453,#11454);
#11453 = CARTESIAN_POINT('',(1.570796326795,0.));
#11454 = VECTOR('',#11455,1.);
#11455 = DIRECTION('',(0.,1.));
#11456 = ( GEOMETRIC_REPRESENTATION_CONTEXT(2) 
PARAMETRIC_REPRESENTATION_CONTEXT() REPRESENTATION_CONTEXT('2D SPACE',''
  ) );
#11457 = ADVANCED_FACE('',(#11458),#9410,.T.);
#11458 = FACE_BOUND('',#11459,.T.);
#11459 = EDGE_LOOP('',(#11460,#11461,#11462,#11482));
#11460 = ORIENTED_EDGE('',*,*,#9396,.F.);
#11461 = ORIENTED_EDGE('',*,*,#10509,.T.);
#11462 = ORIENTED_EDGE('',*,*,#11463,.T.);
#11463 = EDGE_CURVE('',#10482,#9502,#11464,.T.);
#11464 = SURFACE_CURVE('',#11465,(#11470,#11476),.PCURVE_S1.);
#11465 = CIRCLE('',#11466,0.5);
#11466 = AXIS2_PLACEMENT_3D('',#11467,#11468,#11469);
#11467 = CARTESIAN_POINT('',(-3.1,31.015,5.9));
#11468 = DIRECTION('',(-6.123233995737E-17,-1.,0.));
#11469 = DIRECTION('',(1.,-6.123233995737E-17,0.));
#11470 = PCURVE('',#9410,#11471);
#11471 = DEFINITIONAL_REPRESENTATION('',(#11472),#11475);
#11472 = B_SPLINE_CURVE_WITH_KNOTS('',1,(#11473,#11474),.UNSPECIFIED.,
  .F.,.F.,(2,2),(1.570796326795,3.14159265359),
  .PIECEWISE_BEZIER_KNOTS.);
#11473 = CARTESIAN_POINT('',(1.570796326795,1.570796326795));
#11474 = CARTESIAN_POINT('',(1.570796326795,3.14159265359));
#11475 = ( GEOMETRIC_REPRESENTATION_CONTEXT(2) 
PARAMETRIC_REPRESENTATION_CONTEXT() REPRESENTATION_CONTEXT('2D SPACE',''
  ) );
#11476 = PCURVE('',#10497,#11477);
#11477 = DEFINITIONAL_REPRESENTATION('',(#11478),#11481);
#11478 = B_SPLINE_CURVE_WITH_KNOTS('',1,(#11479,#11480),.UNSPECIFIED.,
  .F.,.F.,(2,2),(1.570796326795,3.14159265359),
  .PIECEWISE_BEZIER_KNOTS.);
#11479 = CARTESIAN_POINT('',(0.,0.5));
#11480 = CARTESIAN_POINT('',(-1.570796326795,0.5));
#11481 = ( GEOMETRIC_REPRESENTATION_CONTEXT(2) 
PARAMETRIC_REPRESENTATION_CONTEXT() REPRESENTATION_CONTEXT('2D SPACE',''
  ) );
#11482 = ORIENTED_EDGE('',*,*,#9529,.F.);
#11483 = ADVANCED_FACE('',(#11484),#9464,.T.);
#11484 = FACE_BOUND('',#11485,.T.);
#11485 = EDGE_LOOP('',(#11486,#11487,#11488,#11511));
#11486 = ORIENTED_EDGE('',*,*,#11386,.F.);
#11487 = ORIENTED_EDGE('',*,*,#9449,.T.);
#11488 = ORIENTED_EDGE('',*,*,#11489,.T.);
#11489 = EDGE_CURVE('',#9428,#11490,#11492,.T.);
#11490 = VERTEX_POINT('',#11491);
#11491 = CARTESIAN_POINT('',(3.1,31.115,4.4));
#11492 = SURFACE_CURVE('',#11493,(#11497,#11504),.PCURVE_S1.);
#11493 = LINE('',#11494,#11495);
#11494 = CARTESIAN_POINT('',(3.1,30.515,4.4));
#11495 = VECTOR('',#11496,1.);
#11496 = DIRECTION('',(0.,1.,0.));
#11497 = PCURVE('',#9464,#11498);
#11498 = DEFINITIONAL_REPRESENTATION('',(#11499),#11503);
#11499 = LINE('',#11500,#11501);
#11500 = CARTESIAN_POINT('',(1.570796326795,0.));
#11501 = VECTOR('',#11502,1.);
#11502 = DIRECTION('',(0.,1.));
#11503 = ( GEOMETRIC_REPRESENTATION_CONTEXT(2) 
PARAMETRIC_REPRESENTATION_CONTEXT() REPRESENTATION_CONTEXT('2D SPACE',''
  ) );
#11504 = PCURVE('',#9591,#11505);
#11505 = DEFINITIONAL_REPRESENTATION('',(#11506),#11510);
#11506 = LINE('',#11507,#11508);
#11507 = CARTESIAN_POINT('',(6.7,0.));
#11508 = VECTOR('',#11509,1.);
#11509 = DIRECTION('',(0.,1.));
#11510 = ( GEOMETRIC_REPRESENTATION_CONTEXT(2) 
PARAMETRIC_REPRESENTATION_CONTEXT() REPRESENTATION_CONTEXT('2D SPACE',''
  ) );
#11511 = ORIENTED_EDGE('',*,*,#11512,.T.);
#11512 = EDGE_CURVE('',#11490,#11387,#11513,.T.);
#11513 = SURFACE_CURVE('',#11514,(#11519,#11525),.PCURVE_S1.);
#11514 = CIRCLE('',#11515,0.5);
#11515 = AXIS2_PLACEMENT_3D('',#11516,#11517,#11518);
#11516 = CARTESIAN_POINT('',(3.1,31.115,4.9));
#11517 = DIRECTION('',(0.,-1.,0.));
#11518 = DIRECTION('',(1.,0.,0.));
#11519 = PCURVE('',#9464,#11520);
#11520 = DEFINITIONAL_REPRESENTATION('',(#11521),#11524);
#11521 = B_SPLINE_CURVE_WITH_KNOTS('',1,(#11522,#11523),.UNSPECIFIED.,
  .F.,.F.,(2,2),(4.712388980385,6.28318530718),
  .PIECEWISE_BEZIER_KNOTS.);
#11522 = CARTESIAN_POINT('',(1.570796326795,0.6));
#11523 = CARTESIAN_POINT('',(0.,0.6));
#11524 = ( GEOMETRIC_REPRESENTATION_CONTEXT(2) 
PARAMETRIC_REPRESENTATION_CONTEXT() REPRESENTATION_CONTEXT('2D SPACE',''
  ) );
#11525 = PCURVE('',#11526,#11531);
#11526 = SPHERICAL_SURFACE('',#11527,0.5);
#11527 = AXIS2_PLACEMENT_3D('',#11528,#11529,#11530);
#11528 = CARTESIAN_POINT('',(3.1,31.115,4.9));
#11529 = DIRECTION('',(0.,0.,1.));
#11530 = DIRECTION('',(1.,0.,-0.));
#11531 = DEFINITIONAL_REPRESENTATION('',(#11532),#11535);
#11532 = B_SPLINE_CURVE_WITH_KNOTS('',1,(#11533,#11534),.UNSPECIFIED.,
  .F.,.F.,(2,2),(4.712388980385,6.28318530718),
  .PIECEWISE_BEZIER_KNOTS.);
#11533 = CARTESIAN_POINT('',(0.,-1.570796326795));
#11534 = CARTESIAN_POINT('',(0.,0.));
#11535 = ( GEOMETRIC_REPRESENTATION_CONTEXT(2) 
PARAMETRIC_REPRESENTATION_CONTEXT() REPRESENTATION_CONTEXT('2D SPACE',''
  ) );
#11536 = ADVANCED_FACE('',(#11537),#9517,.F.);
#11537 = FACE_BOUND('',#11538,.F.);
#11538 = EDGE_LOOP('',(#11539,#11540,#11563,#11591));
#11539 = ORIENTED_EDGE('',*,*,#9501,.F.);
#11540 = ORIENTED_EDGE('',*,*,#11541,.T.);
#11541 = EDGE_CURVE('',#9480,#11542,#11544,.T.);
#11542 = VERTEX_POINT('',#11543);
#11543 = CARTESIAN_POINT('',(-3.6,31.115,4.9));
#11544 = SURFACE_CURVE('',#11545,(#11549,#11556),.PCURVE_S1.);
#11545 = LINE('',#11546,#11547);
#11546 = CARTESIAN_POINT('',(-3.6,30.515,4.9));
#11547 = VECTOR('',#11548,1.);
#11548 = DIRECTION('',(0.,1.,0.));
#11549 = PCURVE('',#9517,#11550);
#11550 = DEFINITIONAL_REPRESENTATION('',(#11551),#11555);
#11551 = LINE('',#11552,#11553);
#11552 = CARTESIAN_POINT('',(0.5,0.));
#11553 = VECTOR('',#11554,1.);
#11554 = DIRECTION('',(0.,-1.));
#11555 = ( GEOMETRIC_REPRESENTATION_CONTEXT(2) 
PARAMETRIC_REPRESENTATION_CONTEXT() REPRESENTATION_CONTEXT('2D SPACE',''
  ) );
#11556 = PCURVE('',#9626,#11557);
#11557 = DEFINITIONAL_REPRESENTATION('',(#11558),#11562);
#11558 = LINE('',#11559,#11560);
#11559 = CARTESIAN_POINT('',(1.570796326795,0.));
#11560 = VECTOR('',#11561,1.);
#11561 = DIRECTION('',(0.,1.));
#11562 = ( GEOMETRIC_REPRESENTATION_CONTEXT(2) 
PARAMETRIC_REPRESENTATION_CONTEXT() REPRESENTATION_CONTEXT('2D SPACE',''
  ) );
#11563 = ORIENTED_EDGE('',*,*,#11564,.T.);
#11564 = EDGE_CURVE('',#11542,#11565,#11567,.T.);
#11565 = VERTEX_POINT('',#11566);
#11566 = CARTESIAN_POINT('',(-3.6,31.115,5.9));
#11567 = SURFACE_CURVE('',#11568,(#11572,#11579),.PCURVE_S1.);
#11568 = LINE('',#11569,#11570);
#11569 = CARTESIAN_POINT('',(-3.6,31.115,4.4));
#11570 = VECTOR('',#11571,1.);
#11571 = DIRECTION('',(0.,0.,1.));
#11572 = PCURVE('',#9517,#11573);
#11573 = DEFINITIONAL_REPRESENTATION('',(#11574),#11578);
#11574 = LINE('',#11575,#11576);
#11575 = CARTESIAN_POINT('',(0.,-0.6));
#11576 = VECTOR('',#11577,1.);
#11577 = DIRECTION('',(1.,0.));
#11578 = ( GEOMETRIC_REPRESENTATION_CONTEXT(2) 
PARAMETRIC_REPRESENTATION_CONTEXT() REPRESENTATION_CONTEXT('2D SPACE',''
  ) );
#11579 = PCURVE('',#11580,#11585);
#11580 = CYLINDRICAL_SURFACE('',#11581,0.5);
#11581 = AXIS2_PLACEMENT_3D('',#11582,#11583,#11584);
#11582 = CARTESIAN_POINT('',(-3.1,31.115,4.4));
#11583 = DIRECTION('',(0.,0.,1.));
#11584 = DIRECTION('',(-1.,-0.,0.));
#11585 = DEFINITIONAL_REPRESENTATION('',(#11586),#11590);
#11586 = LINE('',#11587,#11588);
#11587 = CARTESIAN_POINT('',(-0.,0.));
#11588 = VECTOR('',#11589,1.);
#11589 = DIRECTION('',(-0.,1.));
#11590 = ( GEOMETRIC_REPRESENTATION_CONTEXT(2) 
PARAMETRIC_REPRESENTATION_CONTEXT() REPRESENTATION_CONTEXT('2D SPACE',''
  ) );
#11591 = ORIENTED_EDGE('',*,*,#11592,.F.);
#11592 = EDGE_CURVE('',#9502,#11565,#11593,.T.);
#11593 = SURFACE_CURVE('',#11594,(#11598,#11605),.PCURVE_S1.);
#11594 = LINE('',#11595,#11596);
#11595 = CARTESIAN_POINT('',(-3.6,30.515,5.9));
#11596 = VECTOR('',#11597,1.);
#11597 = DIRECTION('',(0.,1.,0.));
#11598 = PCURVE('',#9517,#11599);
#11599 = DEFINITIONAL_REPRESENTATION('',(#11600),#11604);
#11600 = LINE('',#11601,#11602);
#11601 = CARTESIAN_POINT('',(1.5,0.));
#11602 = VECTOR('',#11603,1.);
#11603 = DIRECTION('',(0.,-1.));
#11604 = ( GEOMETRIC_REPRESENTATION_CONTEXT(2) 
PARAMETRIC_REPRESENTATION_CONTEXT() REPRESENTATION_CONTEXT('2D SPACE',''
  ) );
#11605 = PCURVE('',#10497,#11606);
#11606 = DEFINITIONAL_REPRESENTATION('',(#11607),#11611);
#11607 = LINE('',#11608,#11609);
#11608 = CARTESIAN_POINT('',(-1.570796326795,0.));
#11609 = VECTOR('',#11610,1.);
#11610 = DIRECTION('',(-0.,1.));
#11611 = ( GEOMETRIC_REPRESENTATION_CONTEXT(2) 
PARAMETRIC_REPRESENTATION_CONTEXT() REPRESENTATION_CONTEXT('2D SPACE',''
  ) );
#11612 = ADVANCED_FACE('',(#11613),#9591,.F.);
#11613 = FACE_BOUND('',#11614,.F.);
#11614 = EDGE_LOOP('',(#11615,#11616,#11617,#11645));
#11615 = ORIENTED_EDGE('',*,*,#9577,.T.);
#11616 = ORIENTED_EDGE('',*,*,#11489,.T.);
#11617 = ORIENTED_EDGE('',*,*,#11618,.F.);
#11618 = EDGE_CURVE('',#11619,#11490,#11621,.T.);
#11619 = VERTEX_POINT('',#11620);
#11620 = CARTESIAN_POINT('',(-3.1,31.115,4.4));
#11621 = SURFACE_CURVE('',#11622,(#11626,#11633),.PCURVE_S1.);
#11622 = LINE('',#11623,#11624);
#11623 = CARTESIAN_POINT('',(-3.6,31.115,4.4));
#11624 = VECTOR('',#11625,1.);
#11625 = DIRECTION('',(1.,0.,0.));
#11626 = PCURVE('',#9591,#11627);
#11627 = DEFINITIONAL_REPRESENTATION('',(#11628),#11632);
#11628 = LINE('',#11629,#11630);
#11629 = CARTESIAN_POINT('',(0.,0.6));
#11630 = VECTOR('',#11631,1.);
#11631 = DIRECTION('',(1.,0.));
#11632 = ( GEOMETRIC_REPRESENTATION_CONTEXT(2) 
PARAMETRIC_REPRESENTATION_CONTEXT() REPRESENTATION_CONTEXT('2D SPACE',''
  ) );
#11633 = PCURVE('',#11634,#11639);
#11634 = CYLINDRICAL_SURFACE('',#11635,0.5);
#11635 = AXIS2_PLACEMENT_3D('',#11636,#11637,#11638);
#11636 = CARTESIAN_POINT('',(-3.6,31.115,4.9));
#11637 = DIRECTION('',(1.,0.,0.));
#11638 = DIRECTION('',(0.,0.,-1.));
#11639 = DEFINITIONAL_REPRESENTATION('',(#11640),#11644);
#11640 = LINE('',#11641,#11642);
#11641 = CARTESIAN_POINT('',(0.,0.));
#11642 = VECTOR('',#11643,1.);
#11643 = DIRECTION('',(0.,1.));
#11644 = ( GEOMETRIC_REPRESENTATION_CONTEXT(2) 
PARAMETRIC_REPRESENTATION_CONTEXT() REPRESENTATION_CONTEXT('2D SPACE',''
  ) );
#11645 = ORIENTED_EDGE('',*,*,#11646,.F.);
#11646 = EDGE_CURVE('',#9556,#11619,#11647,.T.);
#11647 = SURFACE_CURVE('',#11648,(#11652,#11659),.PCURVE_S1.);
#11648 = LINE('',#11649,#11650);
#11649 = CARTESIAN_POINT('',(-3.1,30.515,4.4));
#11650 = VECTOR('',#11651,1.);
#11651 = DIRECTION('',(0.,1.,0.));
#11652 = PCURVE('',#9591,#11653);
#11653 = DEFINITIONAL_REPRESENTATION('',(#11654),#11658);
#11654 = LINE('',#11655,#11656);
#11655 = CARTESIAN_POINT('',(0.5,0.));
#11656 = VECTOR('',#11657,1.);
#11657 = DIRECTION('',(0.,1.));
#11658 = ( GEOMETRIC_REPRESENTATION_CONTEXT(2) 
PARAMETRIC_REPRESENTATION_CONTEXT() REPRESENTATION_CONTEXT('2D SPACE',''
  ) );
#11659 = PCURVE('',#9626,#11660);
#11660 = DEFINITIONAL_REPRESENTATION('',(#11661),#11665);
#11661 = LINE('',#11662,#11663);
#11662 = CARTESIAN_POINT('',(0.,0.));
#11663 = VECTOR('',#11664,1.);
#11664 = DIRECTION('',(0.,1.));
#11665 = ( GEOMETRIC_REPRESENTATION_CONTEXT(2) 
PARAMETRIC_REPRESENTATION_CONTEXT() REPRESENTATION_CONTEXT('2D SPACE',''
  ) );
#11666 = ADVANCED_FACE('',(#11667),#9626,.T.);
#11667 = FACE_BOUND('',#11668,.T.);
#11668 = EDGE_LOOP('',(#11669,#11670,#11671,#11672));
#11669 = ORIENTED_EDGE('',*,*,#11646,.F.);
#11670 = ORIENTED_EDGE('',*,*,#9611,.T.);
#11671 = ORIENTED_EDGE('',*,*,#11541,.T.);
#11672 = ORIENTED_EDGE('',*,*,#11673,.F.);
#11673 = EDGE_CURVE('',#11619,#11542,#11674,.T.);
#11674 = SURFACE_CURVE('',#11675,(#11680,#11687),.PCURVE_S1.);
#11675 = CIRCLE('',#11676,0.5);
#11676 = AXIS2_PLACEMENT_3D('',#11677,#11678,#11679);
#11677 = CARTESIAN_POINT('',(-3.1,31.115,4.9));
#11678 = DIRECTION('',(0.,1.,0.));
#11679 = DIRECTION('',(0.,0.,-1.));
#11680 = PCURVE('',#9626,#11681);
#11681 = DEFINITIONAL_REPRESENTATION('',(#11682),#11686);
#11682 = LINE('',#11683,#11684);
#11683 = CARTESIAN_POINT('',(0.,0.6));
#11684 = VECTOR('',#11685,1.);
#11685 = DIRECTION('',(1.,0.));
#11686 = ( GEOMETRIC_REPRESENTATION_CONTEXT(2) 
PARAMETRIC_REPRESENTATION_CONTEXT() REPRESENTATION_CONTEXT('2D SPACE',''
  ) );
#11687 = PCURVE('',#11688,#11693);
#11688 = SPHERICAL_SURFACE('',#11689,0.5);
#11689 = AXIS2_PLACEMENT_3D('',#11690,#11691,#11692);
#11690 = CARTESIAN_POINT('',(-3.1,31.115,4.9));
#11691 = DIRECTION('',(-0.,-1.,-0.));
#11692 = DIRECTION('',(0.,0.,-1.));
#11693 = DEFINITIONAL_REPRESENTATION('',(#11694),#11698);
#11694 = LINE('',#11695,#11696);
#11695 = CARTESIAN_POINT('',(-0.,0.));
#11696 = VECTOR('',#11697,1.);
#11697 = DIRECTION('',(-1.,0.));
#11698 = ( GEOMETRIC_REPRESENTATION_CONTEXT(2) 
PARAMETRIC_REPRESENTATION_CONTEXT() REPRESENTATION_CONTEXT('2D SPACE',''
  ) );
#11699 = ADVANCED_FACE('',(#11700),#9657,.T.);
#11700 = FACE_BOUND('',#11701,.F.);
#11701 = EDGE_LOOP('',(#11702,#11722,#11723,#11724));
#11702 = ORIENTED_EDGE('',*,*,#11703,.F.);
#11703 = EDGE_CURVE('',#10345,#9738,#11704,.T.);
#11704 = SURFACE_CURVE('',#11705,(#11710,#11716),.PCURVE_S1.);
#11705 = CIRCLE('',#11706,0.5);
#11706 = AXIS2_PLACEMENT_3D('',#11707,#11708,#11709);
#11707 = CARTESIAN_POINT('',(31.015,3.1,5.9));
#11708 = DIRECTION('',(-1.,0.,0.));
#11709 = DIRECTION('',(0.,-1.,0.));
#11710 = PCURVE('',#9657,#11711);
#11711 = DEFINITIONAL_REPRESENTATION('',(#11712),#11715);
#11712 = B_SPLINE_CURVE_WITH_KNOTS('',1,(#11713,#11714),.UNSPECIFIED.,
  .F.,.F.,(2,2),(1.570796326795,3.14159265359),
  .PIECEWISE_BEZIER_KNOTS.);
#11713 = CARTESIAN_POINT('',(0.,1.570796326795));
#11714 = CARTESIAN_POINT('',(0.,3.14159265359));
#11715 = ( GEOMETRIC_REPRESENTATION_CONTEXT(2) 
PARAMETRIC_REPRESENTATION_CONTEXT() REPRESENTATION_CONTEXT('2D SPACE',''
  ) );
#11716 = PCURVE('',#10360,#11717);
#11717 = DEFINITIONAL_REPRESENTATION('',(#11718),#11721);
#11718 = B_SPLINE_CURVE_WITH_KNOTS('',1,(#11719,#11720),.UNSPECIFIED.,
  .F.,.F.,(2,2),(1.570796326795,3.14159265359),
  .PIECEWISE_BEZIER_KNOTS.);
#11719 = CARTESIAN_POINT('',(0.,0.5));
#11720 = CARTESIAN_POINT('',(-1.570796326795,0.5));
#11721 = ( GEOMETRIC_REPRESENTATION_CONTEXT(2) 
PARAMETRIC_REPRESENTATION_CONTEXT() REPRESENTATION_CONTEXT('2D SPACE',''
  ) );
#11722 = ORIENTED_EDGE('',*,*,#10372,.T.);
#11723 = ORIENTED_EDGE('',*,*,#9641,.T.);
#11724 = ORIENTED_EDGE('',*,*,#9765,.F.);
#11725 = ADVANCED_FACE('',(#11726),#9753,.T.);
#11726 = FACE_BOUND('',#11727,.T.);
#11727 = EDGE_LOOP('',(#11728,#11729,#11752,#11780));
#11728 = ORIENTED_EDGE('',*,*,#9737,.T.);
#11729 = ORIENTED_EDGE('',*,*,#11730,.T.);
#11730 = EDGE_CURVE('',#9738,#11731,#11733,.T.);
#11731 = VERTEX_POINT('',#11732);
#11732 = CARTESIAN_POINT('',(31.115,3.6,5.9));
#11733 = SURFACE_CURVE('',#11734,(#11738,#11745),.PCURVE_S1.);
#11734 = LINE('',#11735,#11736);
#11735 = CARTESIAN_POINT('',(30.515,3.6,5.9));
#11736 = VECTOR('',#11737,1.);
#11737 = DIRECTION('',(1.,0.,0.));
#11738 = PCURVE('',#9753,#11739);
#11739 = DEFINITIONAL_REPRESENTATION('',(#11740),#11744);
#11740 = LINE('',#11741,#11742);
#11741 = CARTESIAN_POINT('',(1.5,0.));
#11742 = VECTOR('',#11743,1.);
#11743 = DIRECTION('',(0.,1.));
#11744 = ( GEOMETRIC_REPRESENTATION_CONTEXT(2) 
PARAMETRIC_REPRESENTATION_CONTEXT() REPRESENTATION_CONTEXT('2D SPACE',''
  ) );
#11745 = PCURVE('',#10360,#11746);
#11746 = DEFINITIONAL_REPRESENTATION('',(#11747),#11751);
#11747 = LINE('',#11748,#11749);
#11748 = CARTESIAN_POINT('',(-1.570796326795,0.));
#11749 = VECTOR('',#11750,1.);
#11750 = DIRECTION('',(-0.,1.));
#11751 = ( GEOMETRIC_REPRESENTATION_CONTEXT(2) 
PARAMETRIC_REPRESENTATION_CONTEXT() REPRESENTATION_CONTEXT('2D SPACE',''
  ) );
#11752 = ORIENTED_EDGE('',*,*,#11753,.F.);
#11753 = EDGE_CURVE('',#11754,#11731,#11756,.T.);
#11754 = VERTEX_POINT('',#11755);
#11755 = CARTESIAN_POINT('',(31.115,3.6,4.9));
#11756 = SURFACE_CURVE('',#11757,(#11761,#11768),.PCURVE_S1.);
#11757 = LINE('',#11758,#11759);
#11758 = CARTESIAN_POINT('',(31.115,3.6,4.4));
#11759 = VECTOR('',#11760,1.);
#11760 = DIRECTION('',(0.,0.,1.));
#11761 = PCURVE('',#9753,#11762);
#11762 = DEFINITIONAL_REPRESENTATION('',(#11763),#11767);
#11763 = LINE('',#11764,#11765);
#11764 = CARTESIAN_POINT('',(0.,0.6));
#11765 = VECTOR('',#11766,1.);
#11766 = DIRECTION('',(1.,0.));
#11767 = ( GEOMETRIC_REPRESENTATION_CONTEXT(2) 
PARAMETRIC_REPRESENTATION_CONTEXT() REPRESENTATION_CONTEXT('2D SPACE',''
  ) );
#11768 = PCURVE('',#11769,#11774);
#11769 = CYLINDRICAL_SURFACE('',#11770,0.5);
#11770 = AXIS2_PLACEMENT_3D('',#11771,#11772,#11773);
#11771 = CARTESIAN_POINT('',(31.115,3.1,4.4));
#11772 = DIRECTION('',(0.,0.,1.));
#11773 = DIRECTION('',(0.,1.,0.));
#11774 = DEFINITIONAL_REPRESENTATION('',(#11775),#11779);
#11775 = LINE('',#11776,#11777);
#11776 = CARTESIAN_POINT('',(-0.,0.));
#11777 = VECTOR('',#11778,1.);
#11778 = DIRECTION('',(-0.,1.));
#11779 = ( GEOMETRIC_REPRESENTATION_CONTEXT(2) 
PARAMETRIC_REPRESENTATION_CONTEXT() REPRESENTATION_CONTEXT('2D SPACE',''
  ) );
#11780 = ORIENTED_EDGE('',*,*,#11781,.F.);
#11781 = EDGE_CURVE('',#9716,#11754,#11782,.T.);
#11782 = SURFACE_CURVE('',#11783,(#11787,#11794),.PCURVE_S1.);
#11783 = LINE('',#11784,#11785);
#11784 = CARTESIAN_POINT('',(30.515,3.6,4.9));
#11785 = VECTOR('',#11786,1.);
#11786 = DIRECTION('',(1.,0.,0.));
#11787 = PCURVE('',#9753,#11788);
#11788 = DEFINITIONAL_REPRESENTATION('',(#11789),#11793);
#11789 = LINE('',#11790,#11791);
#11790 = CARTESIAN_POINT('',(0.5,0.));
#11791 = VECTOR('',#11792,1.);
#11792 = DIRECTION('',(0.,1.));
#11793 = ( GEOMETRIC_REPRESENTATION_CONTEXT(2) 
PARAMETRIC_REPRESENTATION_CONTEXT() REPRESENTATION_CONTEXT('2D SPACE',''
  ) );
#11794 = PCURVE('',#9883,#11795);
#11795 = DEFINITIONAL_REPRESENTATION('',(#11796),#11800);
#11796 = LINE('',#11797,#11798);
#11797 = CARTESIAN_POINT('',(-0.,0.));
#11798 = VECTOR('',#11799,1.);
#11799 = DIRECTION('',(-0.,1.));
#11800 = ( GEOMETRIC_REPRESENTATION_CONTEXT(2) 
PARAMETRIC_REPRESENTATION_CONTEXT() REPRESENTATION_CONTEXT('2D SPACE',''
  ) );
#11801 = ADVANCED_FACE('',(#11802),#9829,.T.);
#11802 = FACE_BOUND('',#11803,.T.);
#11803 = EDGE_LOOP('',(#11804,#11824,#11825,#11826));
#11804 = ORIENTED_EDGE('',*,*,#11805,.F.);
#11805 = EDGE_CURVE('',#10265,#9921,#11806,.T.);
#11806 = SURFACE_CURVE('',#11807,(#11812,#11818),.PCURVE_S1.);
#11807 = CIRCLE('',#11808,0.5);
#11808 = AXIS2_PLACEMENT_3D('',#11809,#11810,#11811);
#11809 = CARTESIAN_POINT('',(31.015,-3.1,5.9));
#11810 = DIRECTION('',(1.,0.,0.));
#11811 = DIRECTION('',(-0.,1.,0.));
#11812 = PCURVE('',#9829,#11813);
#11813 = DEFINITIONAL_REPRESENTATION('',(#11814),#11817);
#11814 = B_SPLINE_CURVE_WITH_KNOTS('',1,(#11815,#11816),.UNSPECIFIED.,
  .F.,.F.,(2,2),(1.570796326795,3.14159265359),
  .PIECEWISE_BEZIER_KNOTS.);
#11815 = CARTESIAN_POINT('',(0.,1.570796326795));
#11816 = CARTESIAN_POINT('',(0.,3.14159265359));
#11817 = ( GEOMETRIC_REPRESENTATION_CONTEXT(2) 
PARAMETRIC_REPRESENTATION_CONTEXT() REPRESENTATION_CONTEXT('2D SPACE',''
  ) );
#11818 = PCURVE('',#10304,#11819);
#11819 = DEFINITIONAL_REPRESENTATION('',(#11820),#11823);
#11820 = B_SPLINE_CURVE_WITH_KNOTS('',1,(#11821,#11822),.UNSPECIFIED.,
  .F.,.F.,(2,2),(1.570796326795,3.14159265359),
  .PIECEWISE_BEZIER_KNOTS.);
#11821 = CARTESIAN_POINT('',(0.,0.5));
#11822 = CARTESIAN_POINT('',(1.570796326795,0.5));
#11823 = ( GEOMETRIC_REPRESENTATION_CONTEXT(2) 
PARAMETRIC_REPRESENTATION_CONTEXT() REPRESENTATION_CONTEXT('2D SPACE',''
  ) );
#11824 = ORIENTED_EDGE('',*,*,#10264,.T.);
#11825 = ORIENTED_EDGE('',*,*,#9815,.T.);
#11826 = ORIENTED_EDGE('',*,*,#9948,.F.);
#11827 = ADVANCED_FACE('',(#11828),#9883,.T.);
#11828 = FACE_BOUND('',#11829,.F.);
#11829 = EDGE_LOOP('',(#11830,#11831,#11832,#11855));
#11830 = ORIENTED_EDGE('',*,*,#11781,.F.);
#11831 = ORIENTED_EDGE('',*,*,#9868,.T.);
#11832 = ORIENTED_EDGE('',*,*,#11833,.T.);
#11833 = EDGE_CURVE('',#9847,#11834,#11836,.T.);
#11834 = VERTEX_POINT('',#11835);
#11835 = CARTESIAN_POINT('',(31.115,3.1,4.4));
#11836 = SURFACE_CURVE('',#11837,(#11841,#11848),.PCURVE_S1.);
#11837 = LINE('',#11838,#11839);
#11838 = CARTESIAN_POINT('',(30.515,3.1,4.4));
#11839 = VECTOR('',#11840,1.);
#11840 = DIRECTION('',(1.,0.,0.));
#11841 = PCURVE('',#9883,#11842);
#11842 = DEFINITIONAL_REPRESENTATION('',(#11843),#11847);
#11843 = LINE('',#11844,#11845);
#11844 = CARTESIAN_POINT('',(-1.570796326795,0.));
#11845 = VECTOR('',#11846,1.);
#11846 = DIRECTION('',(-0.,1.));
#11847 = ( GEOMETRIC_REPRESENTATION_CONTEXT(2) 
PARAMETRIC_REPRESENTATION_CONTEXT() REPRESENTATION_CONTEXT('2D SPACE',''
  ) );
#11848 = PCURVE('',#10010,#11849);
#11849 = DEFINITIONAL_REPRESENTATION('',(#11850),#11854);
#11850 = LINE('',#11851,#11852);
#11851 = CARTESIAN_POINT('',(0.,6.7));
#11852 = VECTOR('',#11853,1.);
#11853 = DIRECTION('',(1.,0.));
#11854 = ( GEOMETRIC_REPRESENTATION_CONTEXT(2) 
PARAMETRIC_REPRESENTATION_CONTEXT() REPRESENTATION_CONTEXT('2D SPACE',''
  ) );
#11855 = ORIENTED_EDGE('',*,*,#11856,.F.);
#11856 = EDGE_CURVE('',#11754,#11834,#11857,.T.);
#11857 = SURFACE_CURVE('',#11858,(#11863,#11870),.PCURVE_S1.);
#11858 = CIRCLE('',#11859,0.5);
#11859 = AXIS2_PLACEMENT_3D('',#11860,#11861,#11862);
#11860 = CARTESIAN_POINT('',(31.115,3.1,4.9));
#11861 = DIRECTION('',(-1.,0.,0.));
#11862 = DIRECTION('',(0.,1.,0.));
#11863 = PCURVE('',#9883,#11864);
#11864 = DEFINITIONAL_REPRESENTATION('',(#11865),#11869);
#11865 = LINE('',#11866,#11867);
#11866 = CARTESIAN_POINT('',(-0.,0.6));
#11867 = VECTOR('',#11868,1.);
#11868 = DIRECTION('',(-1.,0.));
#11869 = ( GEOMETRIC_REPRESENTATION_CONTEXT(2) 
PARAMETRIC_REPRESENTATION_CONTEXT() REPRESENTATION_CONTEXT('2D SPACE',''
  ) );
#11870 = PCURVE('',#11871,#11876);
#11871 = SPHERICAL_SURFACE('',#11872,0.5);
#11872 = AXIS2_PLACEMENT_3D('',#11873,#11874,#11875);
#11873 = CARTESIAN_POINT('',(31.115,3.1,4.9));
#11874 = DIRECTION('',(-1.,-0.,0.));
#11875 = DIRECTION('',(0.,1.,0.));
#11876 = DEFINITIONAL_REPRESENTATION('',(#11877),#11881);
#11877 = LINE('',#11878,#11879);
#11878 = CARTESIAN_POINT('',(0.,0.));
#11879 = VECTOR('',#11880,1.);
#11880 = DIRECTION('',(1.,0.));
#11881 = ( GEOMETRIC_REPRESENTATION_CONTEXT(2) 
PARAMETRIC_REPRESENTATION_CONTEXT() REPRESENTATION_CONTEXT('2D SPACE',''
  ) );
#11882 = ADVANCED_FACE('',(#11883),#9936,.F.);
#11883 = FACE_BOUND('',#11884,.F.);
#11884 = EDGE_LOOP('',(#11885,#11886,#11909,#11937));
#11885 = ORIENTED_EDGE('',*,*,#9920,.T.);
#11886 = ORIENTED_EDGE('',*,*,#11887,.T.);
#11887 = EDGE_CURVE('',#9921,#11888,#11890,.T.);
#11888 = VERTEX_POINT('',#11889);
#11889 = CARTESIAN_POINT('',(31.115,-3.6,5.9));
#11890 = SURFACE_CURVE('',#11891,(#11895,#11902),.PCURVE_S1.);
#11891 = LINE('',#11892,#11893);
#11892 = CARTESIAN_POINT('',(30.515,-3.6,5.9));
#11893 = VECTOR('',#11894,1.);
#11894 = DIRECTION('',(1.,0.,0.));
#11895 = PCURVE('',#9936,#11896);
#11896 = DEFINITIONAL_REPRESENTATION('',(#11897),#11901);
#11897 = LINE('',#11898,#11899);
#11898 = CARTESIAN_POINT('',(1.5,0.));
#11899 = VECTOR('',#11900,1.);
#11900 = DIRECTION('',(0.,1.));
#11901 = ( GEOMETRIC_REPRESENTATION_CONTEXT(2) 
PARAMETRIC_REPRESENTATION_CONTEXT() REPRESENTATION_CONTEXT('2D SPACE',''
  ) );
#11902 = PCURVE('',#10304,#11903);
#11903 = DEFINITIONAL_REPRESENTATION('',(#11904),#11908);
#11904 = LINE('',#11905,#11906);
#11905 = CARTESIAN_POINT('',(1.570796326795,0.));
#11906 = VECTOR('',#11907,1.);
#11907 = DIRECTION('',(0.,1.));
#11908 = ( GEOMETRIC_REPRESENTATION_CONTEXT(2) 
PARAMETRIC_REPRESENTATION_CONTEXT() REPRESENTATION_CONTEXT('2D SPACE',''
  ) );
#11909 = ORIENTED_EDGE('',*,*,#11910,.F.);
#11910 = EDGE_CURVE('',#11911,#11888,#11913,.T.);
#11911 = VERTEX_POINT('',#11912);
#11912 = CARTESIAN_POINT('',(31.115,-3.6,4.9));
#11913 = SURFACE_CURVE('',#11914,(#11918,#11925),.PCURVE_S1.);
#11914 = LINE('',#11915,#11916);
#11915 = CARTESIAN_POINT('',(31.115,-3.6,4.4));
#11916 = VECTOR('',#11917,1.);
#11917 = DIRECTION('',(0.,0.,1.));
#11918 = PCURVE('',#9936,#11919);
#11919 = DEFINITIONAL_REPRESENTATION('',(#11920),#11924);
#11920 = LINE('',#11921,#11922);
#11921 = CARTESIAN_POINT('',(0.,0.6));
#11922 = VECTOR('',#11923,1.);
#11923 = DIRECTION('',(1.,0.));
#11924 = ( GEOMETRIC_REPRESENTATION_CONTEXT(2) 
PARAMETRIC_REPRESENTATION_CONTEXT() REPRESENTATION_CONTEXT('2D SPACE',''
  ) );
#11925 = PCURVE('',#11926,#11931);
#11926 = CYLINDRICAL_SURFACE('',#11927,0.5);
#11927 = AXIS2_PLACEMENT_3D('',#11928,#11929,#11930);
#11928 = CARTESIAN_POINT('',(31.115,-3.1,4.4));
#11929 = DIRECTION('',(0.,0.,1.));
#11930 = DIRECTION('',(0.,-1.,0.));
#11931 = DEFINITIONAL_REPRESENTATION('',(#11932),#11936);
#11932 = LINE('',#11933,#11934);
#11933 = CARTESIAN_POINT('',(0.,0.));
#11934 = VECTOR('',#11935,1.);
#11935 = DIRECTION('',(0.,1.));
#11936 = ( GEOMETRIC_REPRESENTATION_CONTEXT(2) 
PARAMETRIC_REPRESENTATION_CONTEXT() REPRESENTATION_CONTEXT('2D SPACE',''
  ) );
#11937 = ORIENTED_EDGE('',*,*,#11938,.F.);
#11938 = EDGE_CURVE('',#9899,#11911,#11939,.T.);
#11939 = SURFACE_CURVE('',#11940,(#11944,#11951),.PCURVE_S1.);
#11940 = LINE('',#11941,#11942);
#11941 = CARTESIAN_POINT('',(30.515,-3.6,4.9));
#11942 = VECTOR('',#11943,1.);
#11943 = DIRECTION('',(1.,0.,0.));
#11944 = PCURVE('',#9936,#11945);
#11945 = DEFINITIONAL_REPRESENTATION('',(#11946),#11950);
#11946 = LINE('',#11947,#11948);
#11947 = CARTESIAN_POINT('',(0.5,0.));
#11948 = VECTOR('',#11949,1.);
#11949 = DIRECTION('',(0.,1.));
#11950 = ( GEOMETRIC_REPRESENTATION_CONTEXT(2) 
PARAMETRIC_REPRESENTATION_CONTEXT() REPRESENTATION_CONTEXT('2D SPACE',''
  ) );
#11951 = PCURVE('',#10045,#11952);
#11952 = DEFINITIONAL_REPRESENTATION('',(#11953),#11957);
#11953 = LINE('',#11954,#11955);
#11954 = CARTESIAN_POINT('',(-1.570796326795,0.));
#11955 = VECTOR('',#11956,1.);
#11956 = DIRECTION('',(-0.,1.));
#11957 = ( GEOMETRIC_REPRESENTATION_CONTEXT(2) 
PARAMETRIC_REPRESENTATION_CONTEXT() REPRESENTATION_CONTEXT('2D SPACE',''
  ) );
#11958 = ADVANCED_FACE('',(#11959),#10010,.F.);
#11959 = FACE_BOUND('',#11960,.F.);
#11960 = EDGE_LOOP('',(#11961,#11962,#11985,#12011));
#11961 = ORIENTED_EDGE('',*,*,#9996,.F.);
#11962 = ORIENTED_EDGE('',*,*,#11963,.T.);
#11963 = EDGE_CURVE('',#9975,#11964,#11966,.T.);
#11964 = VERTEX_POINT('',#11965);
#11965 = CARTESIAN_POINT('',(31.115,-3.1,4.4));
#11966 = SURFACE_CURVE('',#11967,(#11971,#11978),.PCURVE_S1.);
#11967 = LINE('',#11968,#11969);
#11968 = CARTESIAN_POINT('',(30.515,-3.1,4.4));
#11969 = VECTOR('',#11970,1.);
#11970 = DIRECTION('',(1.,0.,0.));
#11971 = PCURVE('',#10010,#11972);
#11972 = DEFINITIONAL_REPRESENTATION('',(#11973),#11977);
#11973 = LINE('',#11974,#11975);
#11974 = CARTESIAN_POINT('',(0.,0.5));
#11975 = VECTOR('',#11976,1.);
#11976 = DIRECTION('',(1.,0.));
#11977 = ( GEOMETRIC_REPRESENTATION_CONTEXT(2) 
PARAMETRIC_REPRESENTATION_CONTEXT() REPRESENTATION_CONTEXT('2D SPACE',''
  ) );
#11978 = PCURVE('',#10045,#11979);
#11979 = DEFINITIONAL_REPRESENTATION('',(#11980),#11984);
#11980 = LINE('',#11981,#11982);
#11981 = CARTESIAN_POINT('',(-0.,0.));
#11982 = VECTOR('',#11983,1.);
#11983 = DIRECTION('',(-0.,1.));
#11984 = ( GEOMETRIC_REPRESENTATION_CONTEXT(2) 
PARAMETRIC_REPRESENTATION_CONTEXT() REPRESENTATION_CONTEXT('2D SPACE',''
  ) );
#11985 = ORIENTED_EDGE('',*,*,#11986,.T.);
#11986 = EDGE_CURVE('',#11964,#11834,#11987,.T.);
#11987 = SURFACE_CURVE('',#11988,(#11992,#11999),.PCURVE_S1.);
#11988 = LINE('',#11989,#11990);
#11989 = CARTESIAN_POINT('',(31.115,-3.6,4.4));
#11990 = VECTOR('',#11991,1.);
#11991 = DIRECTION('',(0.,1.,0.));
#11992 = PCURVE('',#10010,#11993);
#11993 = DEFINITIONAL_REPRESENTATION('',(#11994),#11998);
#11994 = LINE('',#11995,#11996);
#11995 = CARTESIAN_POINT('',(0.6,0.));
#11996 = VECTOR('',#11997,1.);
#11997 = DIRECTION('',(0.,1.));
#11998 = ( GEOMETRIC_REPRESENTATION_CONTEXT(2) 
PARAMETRIC_REPRESENTATION_CONTEXT() REPRESENTATION_CONTEXT('2D SPACE',''
  ) );
#11999 = PCURVE('',#12000,#12005);
#12000 = CYLINDRICAL_SURFACE('',#12001,0.5);
#12001 = AXIS2_PLACEMENT_3D('',#12002,#12003,#12004);
#12002 = CARTESIAN_POINT('',(31.115,-3.6,4.9));
#12003 = DIRECTION('',(0.,1.,0.));
#12004 = DIRECTION('',(0.,0.,-1.));
#12005 = DEFINITIONAL_REPRESENTATION('',(#12006),#12010);
#12006 = LINE('',#12007,#12008);
#12007 = CARTESIAN_POINT('',(-0.,0.));
#12008 = VECTOR('',#12009,1.);
#12009 = DIRECTION('',(-0.,1.));
#12010 = ( GEOMETRIC_REPRESENTATION_CONTEXT(2) 
PARAMETRIC_REPRESENTATION_CONTEXT() REPRESENTATION_CONTEXT('2D SPACE',''
  ) );
#12011 = ORIENTED_EDGE('',*,*,#11833,.F.);
#12012 = ADVANCED_FACE('',(#12013),#10045,.T.);
#12013 = FACE_BOUND('',#12014,.F.);
#12014 = EDGE_LOOP('',(#12015,#12016,#12017,#12018));
#12015 = ORIENTED_EDGE('',*,*,#11963,.F.);
#12016 = ORIENTED_EDGE('',*,*,#10030,.T.);
#12017 = ORIENTED_EDGE('',*,*,#11938,.T.);
#12018 = ORIENTED_EDGE('',*,*,#12019,.T.);
#12019 = EDGE_CURVE('',#11911,#11964,#12020,.T.);
#12020 = SURFACE_CURVE('',#12021,(#12026,#12032),.PCURVE_S1.);
#12021 = CIRCLE('',#12022,0.5);
#12022 = AXIS2_PLACEMENT_3D('',#12023,#12024,#12025);
#12023 = CARTESIAN_POINT('',(31.115,-3.1,4.9));
#12024 = DIRECTION('',(1.,-0.,0.));
#12025 = DIRECTION('',(0.,0.,-1.));
#12026 = PCURVE('',#10045,#12027);
#12027 = DEFINITIONAL_REPRESENTATION('',(#12028),#12031);
#12028 = B_SPLINE_CURVE_WITH_KNOTS('',1,(#12029,#12030),.UNSPECIFIED.,
  .F.,.F.,(2,2),(4.712388980385,6.28318530718),
  .PIECEWISE_BEZIER_KNOTS.);
#12029 = CARTESIAN_POINT('',(-1.570796326795,0.6));
#12030 = CARTESIAN_POINT('',(0.,0.6));
#12031 = ( GEOMETRIC_REPRESENTATION_CONTEXT(2) 
PARAMETRIC_REPRESENTATION_CONTEXT() REPRESENTATION_CONTEXT('2D SPACE',''
  ) );
#12032 = PCURVE('',#12033,#12038);
#12033 = SPHERICAL_SURFACE('',#12034,0.5);
#12034 = AXIS2_PLACEMENT_3D('',#12035,#12036,#12037);
#12035 = CARTESIAN_POINT('',(31.115,-3.1,4.9));
#12036 = DIRECTION('',(0.,1.,0.));
#12037 = DIRECTION('',(0.,0.,-1.));
#12038 = DEFINITIONAL_REPRESENTATION('',(#12039),#12042);
#12039 = B_SPLINE_CURVE_WITH_KNOTS('',1,(#12040,#12041),.UNSPECIFIED.,
  .F.,.F.,(2,2),(4.712388980385,6.28318530718),
  .PIECEWISE_BEZIER_KNOTS.);
#12040 = CARTESIAN_POINT('',(0.,-1.570796326795));
#12041 = CARTESIAN_POINT('',(0.,0.));
#12042 = ( GEOMETRIC_REPRESENTATION_CONTEXT(2) 
PARAMETRIC_REPRESENTATION_CONTEXT() REPRESENTATION_CONTEXT('2D SPACE',''
  ) );
#12043 = ADVANCED_FACE('',(#12044),#10630,.T.);
#12044 = FACE_BOUND('',#12045,.T.);
#12045 = EDGE_LOOP('',(#12046,#12047,#12074,#12075));
#12046 = ORIENTED_EDGE('',*,*,#10614,.F.);
#12047 = ORIENTED_EDGE('',*,*,#12048,.T.);
#12048 = EDGE_CURVE('',#10587,#10879,#12049,.T.);
#12049 = SURFACE_CURVE('',#12050,(#12055,#12062),.PCURVE_S1.);
#12050 = CIRCLE('',#12051,0.5);
#12051 = AXIS2_PLACEMENT_3D('',#12052,#12053,#12054);
#12052 = CARTESIAN_POINT('',(-31.115,-3.1,5.9));
#12053 = DIRECTION('',(1.,0.,-0.));
#12054 = DIRECTION('',(0.,0.,1.));
#12055 = PCURVE('',#10630,#12056);
#12056 = DEFINITIONAL_REPRESENTATION('',(#12057),#12061);
#12057 = LINE('',#12058,#12059);
#12058 = CARTESIAN_POINT('',(0.,0.5));
#12059 = VECTOR('',#12060,1.);
#12060 = DIRECTION('',(1.,0.));
#12061 = ( GEOMETRIC_REPRESENTATION_CONTEXT(2) 
PARAMETRIC_REPRESENTATION_CONTEXT() REPRESENTATION_CONTEXT('2D SPACE',''
  ) );
#12062 = PCURVE('',#12063,#12068);
#12063 = SPHERICAL_SURFACE('',#12064,0.5);
#12064 = AXIS2_PLACEMENT_3D('',#12065,#12066,#12067);
#12065 = CARTESIAN_POINT('',(-31.115,-3.1,5.9));
#12066 = DIRECTION('',(1.,0.,-0.));
#12067 = DIRECTION('',(0.,0.,1.));
#12068 = DEFINITIONAL_REPRESENTATION('',(#12069),#12073);
#12069 = LINE('',#12070,#12071);
#12070 = CARTESIAN_POINT('',(0.,0.));
#12071 = VECTOR('',#12072,1.);
#12072 = DIRECTION('',(1.,0.));
#12073 = ( GEOMETRIC_REPRESENTATION_CONTEXT(2) 
PARAMETRIC_REPRESENTATION_CONTEXT() REPRESENTATION_CONTEXT('2D SPACE',''
  ) );
#12074 = ORIENTED_EDGE('',*,*,#10906,.T.);
#12075 = ORIENTED_EDGE('',*,*,#10773,.F.);
#12076 = ADVANCED_FACE('',(#12077),#10602,.T.);
#12077 = FACE_BOUND('',#12078,.F.);
#12078 = EDGE_LOOP('',(#12079,#12101,#12129,#12156));
#12079 = ORIENTED_EDGE('',*,*,#12080,.F.);
#12080 = EDGE_CURVE('',#12081,#10587,#12083,.T.);
#12081 = VERTEX_POINT('',#12082);
#12082 = CARTESIAN_POINT('',(-31.615,-3.1,5.9));
#12083 = SURFACE_CURVE('',#12084,(#12089,#12095),.PCURVE_S1.);
#12084 = CIRCLE('',#12085,0.5);
#12085 = AXIS2_PLACEMENT_3D('',#12086,#12087,#12088);
#12086 = CARTESIAN_POINT('',(-31.115,-3.1,5.9));
#12087 = DIRECTION('',(-0.,1.,0.));
#12088 = DIRECTION('',(0.,0.,1.));
#12089 = PCURVE('',#10602,#12090);
#12090 = DEFINITIONAL_REPRESENTATION('',(#12091),#12094);
#12091 = B_SPLINE_CURVE_WITH_KNOTS('',1,(#12092,#12093),.UNSPECIFIED.,
  .F.,.F.,(2,2),(4.712388980385,6.28318530718),
  .PIECEWISE_BEZIER_KNOTS.);
#12092 = CARTESIAN_POINT('',(-1.570796326795,0.5));
#12093 = CARTESIAN_POINT('',(0.,0.5));
#12094 = ( GEOMETRIC_REPRESENTATION_CONTEXT(2) 
PARAMETRIC_REPRESENTATION_CONTEXT() REPRESENTATION_CONTEXT('2D SPACE',''
  ) );
#12095 = PCURVE('',#12063,#12096);
#12096 = DEFINITIONAL_REPRESENTATION('',(#12097),#12100);
#12097 = B_SPLINE_CURVE_WITH_KNOTS('',1,(#12098,#12099),.UNSPECIFIED.,
  .F.,.F.,(2,2),(4.712388980385,6.28318530718),
  .PIECEWISE_BEZIER_KNOTS.);
#12098 = CARTESIAN_POINT('',(0.,-1.570796326795));
#12099 = CARTESIAN_POINT('',(0.,0.));
#12100 = ( GEOMETRIC_REPRESENTATION_CONTEXT(2) 
PARAMETRIC_REPRESENTATION_CONTEXT() REPRESENTATION_CONTEXT('2D SPACE',''
  ) );
#12101 = ORIENTED_EDGE('',*,*,#12102,.T.);
#12102 = EDGE_CURVE('',#12081,#12103,#12105,.T.);
#12103 = VERTEX_POINT('',#12104);
#12104 = CARTESIAN_POINT('',(-31.615,3.1,5.9));
#12105 = SURFACE_CURVE('',#12106,(#12110,#12117),.PCURVE_S1.);
#12106 = LINE('',#12107,#12108);
#12107 = CARTESIAN_POINT('',(-31.615,-3.6,5.9));
#12108 = VECTOR('',#12109,1.);
#12109 = DIRECTION('',(0.,1.,0.));
#12110 = PCURVE('',#10602,#12111);
#12111 = DEFINITIONAL_REPRESENTATION('',(#12112),#12116);
#12112 = LINE('',#12113,#12114);
#12113 = CARTESIAN_POINT('',(-1.570796326795,0.));
#12114 = VECTOR('',#12115,1.);
#12115 = DIRECTION('',(-0.,1.));
#12116 = ( GEOMETRIC_REPRESENTATION_CONTEXT(2) 
PARAMETRIC_REPRESENTATION_CONTEXT() REPRESENTATION_CONTEXT('2D SPACE',''
  ) );
#12117 = PCURVE('',#12118,#12123);
#12118 = PLANE('',#12119);
#12119 = AXIS2_PLACEMENT_3D('',#12120,#12121,#12122);
#12120 = CARTESIAN_POINT('',(-31.615,-3.6,4.4));
#12121 = DIRECTION('',(1.,0.,0.));
#12122 = DIRECTION('',(0.,0.,1.));
#12123 = DEFINITIONAL_REPRESENTATION('',(#12124),#12128);
#12124 = LINE('',#12125,#12126);
#12125 = CARTESIAN_POINT('',(1.5,0.));
#12126 = VECTOR('',#12127,1.);
#12127 = DIRECTION('',(0.,-1.));
#12128 = ( GEOMETRIC_REPRESENTATION_CONTEXT(2) 
PARAMETRIC_REPRESENTATION_CONTEXT() REPRESENTATION_CONTEXT('2D SPACE',''
  ) );
#12129 = ORIENTED_EDGE('',*,*,#12130,.F.);
#12130 = EDGE_CURVE('',#10559,#12103,#12131,.T.);
#12131 = SURFACE_CURVE('',#12132,(#12137,#12144),.PCURVE_S1.);
#12132 = CIRCLE('',#12133,0.5);
#12133 = AXIS2_PLACEMENT_3D('',#12134,#12135,#12136);
#12134 = CARTESIAN_POINT('',(-31.115,3.1,5.9));
#12135 = DIRECTION('',(0.,-1.,0.));
#12136 = DIRECTION('',(0.,0.,1.));
#12137 = PCURVE('',#10602,#12138);
#12138 = DEFINITIONAL_REPRESENTATION('',(#12139),#12143);
#12139 = LINE('',#12140,#12141);
#12140 = CARTESIAN_POINT('',(-0.,6.7));
#12141 = VECTOR('',#12142,1.);
#12142 = DIRECTION('',(-1.,0.));
#12143 = ( GEOMETRIC_REPRESENTATION_CONTEXT(2) 
PARAMETRIC_REPRESENTATION_CONTEXT() REPRESENTATION_CONTEXT('2D SPACE',''
  ) );
#12144 = PCURVE('',#12145,#12150);
#12145 = SPHERICAL_SURFACE('',#12146,0.5);
#12146 = AXIS2_PLACEMENT_3D('',#12147,#12148,#12149);
#12147 = CARTESIAN_POINT('',(-31.115,3.1,5.9));
#12148 = DIRECTION('',(-0.,-1.,-0.));
#12149 = DIRECTION('',(0.,0.,1.));
#12150 = DEFINITIONAL_REPRESENTATION('',(#12151),#12155);
#12151 = LINE('',#12152,#12153);
#12152 = CARTESIAN_POINT('',(0.,0.));
#12153 = VECTOR('',#12154,1.);
#12154 = DIRECTION('',(1.,0.));
#12155 = ( GEOMETRIC_REPRESENTATION_CONTEXT(2) 
PARAMETRIC_REPRESENTATION_CONTEXT() REPRESENTATION_CONTEXT('2D SPACE',''
  ) );
#12156 = ORIENTED_EDGE('',*,*,#10586,.F.);
#12157 = ADVANCED_FACE('',(#12158),#10574,.T.);
#12158 = FACE_BOUND('',#12159,.F.);
#12159 = EDGE_LOOP('',(#12160,#12180,#12181,#12182));
#12160 = ORIENTED_EDGE('',*,*,#12161,.F.);
#12161 = EDGE_CURVE('',#10722,#10559,#12162,.T.);
#12162 = SURFACE_CURVE('',#12163,(#12168,#12174),.PCURVE_S1.);
#12163 = CIRCLE('',#12164,0.5);
#12164 = AXIS2_PLACEMENT_3D('',#12165,#12166,#12167);
#12165 = CARTESIAN_POINT('',(-31.115,3.1,5.9));
#12166 = DIRECTION('',(1.,0.,-0.));
#12167 = DIRECTION('',(0.,0.,1.));
#12168 = PCURVE('',#10574,#12169);
#12169 = DEFINITIONAL_REPRESENTATION('',(#12170),#12173);
#12170 = B_SPLINE_CURVE_WITH_KNOTS('',1,(#12171,#12172),.UNSPECIFIED.,
  .F.,.F.,(2,2),(4.712388980385,6.28318530718),
  .PIECEWISE_BEZIER_KNOTS.);
#12171 = CARTESIAN_POINT('',(-1.570796326795,0.5));
#12172 = CARTESIAN_POINT('',(0.,0.5));
#12173 = ( GEOMETRIC_REPRESENTATION_CONTEXT(2) 
PARAMETRIC_REPRESENTATION_CONTEXT() REPRESENTATION_CONTEXT('2D SPACE',''
  ) );
#12174 = PCURVE('',#12145,#12175);
#12175 = DEFINITIONAL_REPRESENTATION('',(#12176),#12179);
#12176 = B_SPLINE_CURVE_WITH_KNOTS('',1,(#12177,#12178),.UNSPECIFIED.,
  .F.,.F.,(2,2),(4.712388980385,6.28318530718),
  .PIECEWISE_BEZIER_KNOTS.);
#12177 = CARTESIAN_POINT('',(0.,-1.570796326795));
#12178 = CARTESIAN_POINT('',(0.,0.));
#12179 = ( GEOMETRIC_REPRESENTATION_CONTEXT(2) 
PARAMETRIC_REPRESENTATION_CONTEXT() REPRESENTATION_CONTEXT('2D SPACE',''
  ) );
#12180 = ORIENTED_EDGE('',*,*,#10749,.T.);
#12181 = ORIENTED_EDGE('',*,*,#10671,.F.);
#12182 = ORIENTED_EDGE('',*,*,#10558,.F.);
#12183 = ADVANCED_FACE('',(#12184),#10167,.T.);
#12184 = FACE_BOUND('',#12185,.F.);
#12185 = EDGE_LOOP('',(#12186,#12187,#12214,#12215));
#12186 = ORIENTED_EDGE('',*,*,#10151,.F.);
#12187 = ORIENTED_EDGE('',*,*,#12188,.T.);
#12188 = EDGE_CURVE('',#10152,#11198,#12189,.T.);
#12189 = SURFACE_CURVE('',#12190,(#12195,#12202),.PCURVE_S1.);
#12190 = CIRCLE('',#12191,0.5);
#12191 = AXIS2_PLACEMENT_3D('',#12192,#12193,#12194);
#12192 = CARTESIAN_POINT('',(-3.1,-31.115,5.9));
#12193 = DIRECTION('',(-0.,-1.,0.));
#12194 = DIRECTION('',(0.,-0.,1.));
#12195 = PCURVE('',#10167,#12196);
#12196 = DEFINITIONAL_REPRESENTATION('',(#12197),#12201);
#12197 = LINE('',#12198,#12199);
#12198 = CARTESIAN_POINT('',(-0.,0.5));
#12199 = VECTOR('',#12200,1.);
#12200 = DIRECTION('',(-1.,0.));
#12201 = ( GEOMETRIC_REPRESENTATION_CONTEXT(2) 
PARAMETRIC_REPRESENTATION_CONTEXT() REPRESENTATION_CONTEXT('2D SPACE',''
  ) );
#12202 = PCURVE('',#12203,#12208);
#12203 = SPHERICAL_SURFACE('',#12204,0.5);
#12204 = AXIS2_PLACEMENT_3D('',#12205,#12206,#12207);
#12205 = CARTESIAN_POINT('',(-3.1,-31.115,5.9));
#12206 = DIRECTION('',(0.,1.,0.));
#12207 = DIRECTION('',(0.,-0.,1.));
#12208 = DEFINITIONAL_REPRESENTATION('',(#12209),#12213);
#12209 = LINE('',#12210,#12211);
#12210 = CARTESIAN_POINT('',(-0.,0.));
#12211 = VECTOR('',#12212,1.);
#12212 = DIRECTION('',(-1.,0.));
#12213 = ( GEOMETRIC_REPRESENTATION_CONTEXT(2) 
PARAMETRIC_REPRESENTATION_CONTEXT() REPRESENTATION_CONTEXT('2D SPACE',''
  ) );
#12214 = ORIENTED_EDGE('',*,*,#11197,.T.);
#12215 = ORIENTED_EDGE('',*,*,#11117,.F.);
#12216 = ADVANCED_FACE('',(#12217),#10195,.T.);
#12217 = FACE_BOUND('',#12218,.T.);
#12218 = EDGE_LOOP('',(#12219,#12241,#12269,#12296));
#12219 = ORIENTED_EDGE('',*,*,#12220,.F.);
#12220 = EDGE_CURVE('',#12221,#10152,#12223,.T.);
#12221 = VERTEX_POINT('',#12222);
#12222 = CARTESIAN_POINT('',(-3.1,-31.615,5.9));
#12223 = SURFACE_CURVE('',#12224,(#12229,#12235),.PCURVE_S1.);
#12224 = CIRCLE('',#12225,0.5);
#12225 = AXIS2_PLACEMENT_3D('',#12226,#12227,#12228);
#12226 = CARTESIAN_POINT('',(-3.1,-31.115,5.9));
#12227 = DIRECTION('',(-1.,0.,0.));
#12228 = DIRECTION('',(0.,0.,1.));
#12229 = PCURVE('',#10195,#12230);
#12230 = DEFINITIONAL_REPRESENTATION('',(#12231),#12234);
#12231 = B_SPLINE_CURVE_WITH_KNOTS('',1,(#12232,#12233),.UNSPECIFIED.,
  .F.,.F.,(2,2),(4.712388980385,6.28318530718),
  .PIECEWISE_BEZIER_KNOTS.);
#12232 = CARTESIAN_POINT('',(1.570796326795,0.5));
#12233 = CARTESIAN_POINT('',(0.,0.5));
#12234 = ( GEOMETRIC_REPRESENTATION_CONTEXT(2) 
PARAMETRIC_REPRESENTATION_CONTEXT() REPRESENTATION_CONTEXT('2D SPACE',''
  ) );
#12235 = PCURVE('',#12203,#12236);
#12236 = DEFINITIONAL_REPRESENTATION('',(#12237),#12240);
#12237 = B_SPLINE_CURVE_WITH_KNOTS('',1,(#12238,#12239),.UNSPECIFIED.,
  .F.,.F.,(2,2),(4.712388980385,6.28318530718),
  .PIECEWISE_BEZIER_KNOTS.);
#12238 = CARTESIAN_POINT('',(0.,-1.570796326795));
#12239 = CARTESIAN_POINT('',(0.,0.));
#12240 = ( GEOMETRIC_REPRESENTATION_CONTEXT(2) 
PARAMETRIC_REPRESENTATION_CONTEXT() REPRESENTATION_CONTEXT('2D SPACE',''
  ) );
#12241 = ORIENTED_EDGE('',*,*,#12242,.T.);
#12242 = EDGE_CURVE('',#12221,#12243,#12245,.T.);
#12243 = VERTEX_POINT('',#12244);
#12244 = CARTESIAN_POINT('',(3.1,-31.615,5.9));
#12245 = SURFACE_CURVE('',#12246,(#12250,#12257),.PCURVE_S1.);
#12246 = LINE('',#12247,#12248);
#12247 = CARTESIAN_POINT('',(-3.6,-31.615,5.9));
#12248 = VECTOR('',#12249,1.);
#12249 = DIRECTION('',(1.,0.,0.));
#12250 = PCURVE('',#10195,#12251);
#12251 = DEFINITIONAL_REPRESENTATION('',(#12252),#12256);
#12252 = LINE('',#12253,#12254);
#12253 = CARTESIAN_POINT('',(1.570796326795,0.));
#12254 = VECTOR('',#12255,1.);
#12255 = DIRECTION('',(0.,1.));
#12256 = ( GEOMETRIC_REPRESENTATION_CONTEXT(2) 
PARAMETRIC_REPRESENTATION_CONTEXT() REPRESENTATION_CONTEXT('2D SPACE',''
  ) );
#12257 = PCURVE('',#12258,#12263);
#12258 = PLANE('',#12259);
#12259 = AXIS2_PLACEMENT_3D('',#12260,#12261,#12262);
#12260 = CARTESIAN_POINT('',(-3.6,-31.615,4.4));
#12261 = DIRECTION('',(0.,1.,0.));
#12262 = DIRECTION('',(0.,0.,1.));
#12263 = DEFINITIONAL_REPRESENTATION('',(#12264),#12268);
#12264 = LINE('',#12265,#12266);
#12265 = CARTESIAN_POINT('',(1.5,0.));
#12266 = VECTOR('',#12267,1.);
#12267 = DIRECTION('',(0.,1.));
#12268 = ( GEOMETRIC_REPRESENTATION_CONTEXT(2) 
PARAMETRIC_REPRESENTATION_CONTEXT() REPRESENTATION_CONTEXT('2D SPACE',''
  ) );
#12269 = ORIENTED_EDGE('',*,*,#12270,.F.);
#12270 = EDGE_CURVE('',#10180,#12243,#12271,.T.);
#12271 = SURFACE_CURVE('',#12272,(#12277,#12284),.PCURVE_S1.);
#12272 = CIRCLE('',#12273,0.5);
#12273 = AXIS2_PLACEMENT_3D('',#12274,#12275,#12276);
#12274 = CARTESIAN_POINT('',(3.1,-31.115,5.9));
#12275 = DIRECTION('',(1.,0.,-0.));
#12276 = DIRECTION('',(0.,0.,1.));
#12277 = PCURVE('',#10195,#12278);
#12278 = DEFINITIONAL_REPRESENTATION('',(#12279),#12283);
#12279 = LINE('',#12280,#12281);
#12280 = CARTESIAN_POINT('',(0.,6.7));
#12281 = VECTOR('',#12282,1.);
#12282 = DIRECTION('',(1.,0.));
#12283 = ( GEOMETRIC_REPRESENTATION_CONTEXT(2) 
PARAMETRIC_REPRESENTATION_CONTEXT() REPRESENTATION_CONTEXT('2D SPACE',''
  ) );
#12284 = PCURVE('',#12285,#12290);
#12285 = SPHERICAL_SURFACE('',#12286,0.5);
#12286 = AXIS2_PLACEMENT_3D('',#12287,#12288,#12289);
#12287 = CARTESIAN_POINT('',(3.1,-31.115,5.9));
#12288 = DIRECTION('',(-1.,-0.,0.));
#12289 = DIRECTION('',(0.,0.,1.));
#12290 = DEFINITIONAL_REPRESENTATION('',(#12291),#12295);
#12291 = LINE('',#12292,#12293);
#12292 = CARTESIAN_POINT('',(-0.,0.));
#12293 = VECTOR('',#12294,1.);
#12294 = DIRECTION('',(-1.,0.));
#12295 = ( GEOMETRIC_REPRESENTATION_CONTEXT(2) 
PARAMETRIC_REPRESENTATION_CONTEXT() REPRESENTATION_CONTEXT('2D SPACE',''
  ) );
#12296 = ORIENTED_EDGE('',*,*,#10179,.F.);
#12297 = ADVANCED_FACE('',(#12298),#10223,.T.);
#12298 = FACE_BOUND('',#12299,.T.);
#12299 = EDGE_LOOP('',(#12300,#12320,#12321,#12322));
#12300 = ORIENTED_EDGE('',*,*,#12301,.F.);
#12301 = EDGE_CURVE('',#11043,#10180,#12302,.T.);
#12302 = SURFACE_CURVE('',#12303,(#12308,#12314),.PCURVE_S1.);
#12303 = CIRCLE('',#12304,0.5);
#12304 = AXIS2_PLACEMENT_3D('',#12305,#12306,#12307);
#12305 = CARTESIAN_POINT('',(3.1,-31.115,5.9));
#12306 = DIRECTION('',(0.,-1.,0.));
#12307 = DIRECTION('',(0.,0.,1.));
#12308 = PCURVE('',#10223,#12309);
#12309 = DEFINITIONAL_REPRESENTATION('',(#12310),#12313);
#12310 = B_SPLINE_CURVE_WITH_KNOTS('',1,(#12311,#12312),.UNSPECIFIED.,
  .F.,.F.,(2,2),(4.712388980385,6.28318530718),
  .PIECEWISE_BEZIER_KNOTS.);
#12311 = CARTESIAN_POINT('',(1.570796326795,0.5));
#12312 = CARTESIAN_POINT('',(0.,0.5));
#12313 = ( GEOMETRIC_REPRESENTATION_CONTEXT(2) 
PARAMETRIC_REPRESENTATION_CONTEXT() REPRESENTATION_CONTEXT('2D SPACE',''
  ) );
#12314 = PCURVE('',#12285,#12315);
#12315 = DEFINITIONAL_REPRESENTATION('',(#12316),#12319);
#12316 = B_SPLINE_CURVE_WITH_KNOTS('',1,(#12317,#12318),.UNSPECIFIED.,
  .F.,.F.,(2,2),(4.712388980385,6.28318530718),
  .PIECEWISE_BEZIER_KNOTS.);
#12317 = CARTESIAN_POINT('',(0.,-1.570796326795));
#12318 = CARTESIAN_POINT('',(0.,0.));
#12319 = ( GEOMETRIC_REPRESENTATION_CONTEXT(2) 
PARAMETRIC_REPRESENTATION_CONTEXT() REPRESENTATION_CONTEXT('2D SPACE',''
  ) );
#12320 = ORIENTED_EDGE('',*,*,#11042,.T.);
#12321 = ORIENTED_EDGE('',*,*,#11015,.F.);
#12322 = ORIENTED_EDGE('',*,*,#10207,.F.);
#12323 = ADVANCED_FACE('',(#12324),#10497,.T.);
#12324 = FACE_BOUND('',#12325,.F.);
#12325 = EDGE_LOOP('',(#12326,#12327,#12328,#12355));
#12326 = ORIENTED_EDGE('',*,*,#11463,.T.);
#12327 = ORIENTED_EDGE('',*,*,#11592,.T.);
#12328 = ORIENTED_EDGE('',*,*,#12329,.F.);
#12329 = EDGE_CURVE('',#10454,#11565,#12330,.T.);
#12330 = SURFACE_CURVE('',#12331,(#12336,#12343),.PCURVE_S1.);
#12331 = CIRCLE('',#12332,0.5);
#12332 = AXIS2_PLACEMENT_3D('',#12333,#12334,#12335);
#12333 = CARTESIAN_POINT('',(-3.1,31.115,5.9));
#12334 = DIRECTION('',(0.,-1.,0.));
#12335 = DIRECTION('',(0.,0.,1.));
#12336 = PCURVE('',#10497,#12337);
#12337 = DEFINITIONAL_REPRESENTATION('',(#12338),#12342);
#12338 = LINE('',#12339,#12340);
#12339 = CARTESIAN_POINT('',(-0.,0.6));
#12340 = VECTOR('',#12341,1.);
#12341 = DIRECTION('',(-1.,0.));
#12342 = ( GEOMETRIC_REPRESENTATION_CONTEXT(2) 
PARAMETRIC_REPRESENTATION_CONTEXT() REPRESENTATION_CONTEXT('2D SPACE',''
  ) );
#12343 = PCURVE('',#12344,#12349);
#12344 = SPHERICAL_SURFACE('',#12345,0.5);
#12345 = AXIS2_PLACEMENT_3D('',#12346,#12347,#12348);
#12346 = CARTESIAN_POINT('',(-3.1,31.115,5.9));
#12347 = DIRECTION('',(-0.,-1.,-0.));
#12348 = DIRECTION('',(0.,0.,1.));
#12349 = DEFINITIONAL_REPRESENTATION('',(#12350),#12354);
#12350 = LINE('',#12351,#12352);
#12351 = CARTESIAN_POINT('',(0.,0.));
#12352 = VECTOR('',#12353,1.);
#12353 = DIRECTION('',(1.,0.));
#12354 = ( GEOMETRIC_REPRESENTATION_CONTEXT(2) 
PARAMETRIC_REPRESENTATION_CONTEXT() REPRESENTATION_CONTEXT('2D SPACE',''
  ) );
#12355 = ORIENTED_EDGE('',*,*,#10481,.F.);
#12356 = ADVANCED_FACE('',(#12357),#10469,.T.);
#12357 = FACE_BOUND('',#12358,.F.);
#12358 = EDGE_LOOP('',(#12359,#12381,#12409,#12436));
#12359 = ORIENTED_EDGE('',*,*,#12360,.F.);
#12360 = EDGE_CURVE('',#12361,#10454,#12363,.T.);
#12361 = VERTEX_POINT('',#12362);
#12362 = CARTESIAN_POINT('',(-3.1,31.615,5.9));
#12363 = SURFACE_CURVE('',#12364,(#12369,#12375),.PCURVE_S1.);
#12364 = CIRCLE('',#12365,0.5);
#12365 = AXIS2_PLACEMENT_3D('',#12366,#12367,#12368);
#12366 = CARTESIAN_POINT('',(-3.1,31.115,5.9));
#12367 = DIRECTION('',(1.,0.,-0.));
#12368 = DIRECTION('',(0.,0.,1.));
#12369 = PCURVE('',#10469,#12370);
#12370 = DEFINITIONAL_REPRESENTATION('',(#12371),#12374);
#12371 = B_SPLINE_CURVE_WITH_KNOTS('',1,(#12372,#12373),.UNSPECIFIED.,
  .F.,.F.,(2,2),(4.712388980385,6.28318530718),
  .PIECEWISE_BEZIER_KNOTS.);
#12372 = CARTESIAN_POINT('',(-1.570796326795,0.5));
#12373 = CARTESIAN_POINT('',(0.,0.5));
#12374 = ( GEOMETRIC_REPRESENTATION_CONTEXT(2) 
PARAMETRIC_REPRESENTATION_CONTEXT() REPRESENTATION_CONTEXT('2D SPACE',''
  ) );
#12375 = PCURVE('',#12344,#12376);
#12376 = DEFINITIONAL_REPRESENTATION('',(#12377),#12380);
#12377 = B_SPLINE_CURVE_WITH_KNOTS('',1,(#12378,#12379),.UNSPECIFIED.,
  .F.,.F.,(2,2),(4.712388980385,6.28318530718),
  .PIECEWISE_BEZIER_KNOTS.);
#12378 = CARTESIAN_POINT('',(0.,-1.570796326795));
#12379 = CARTESIAN_POINT('',(0.,0.));
#12380 = ( GEOMETRIC_REPRESENTATION_CONTEXT(2) 
PARAMETRIC_REPRESENTATION_CONTEXT() REPRESENTATION_CONTEXT('2D SPACE',''
  ) );
#12381 = ORIENTED_EDGE('',*,*,#12382,.T.);
#12382 = EDGE_CURVE('',#12361,#12383,#12385,.T.);
#12383 = VERTEX_POINT('',#12384);
#12384 = CARTESIAN_POINT('',(3.1,31.615,5.9));
#12385 = SURFACE_CURVE('',#12386,(#12390,#12397),.PCURVE_S1.);
#12386 = LINE('',#12387,#12388);
#12387 = CARTESIAN_POINT('',(-3.6,31.615,5.9));
#12388 = VECTOR('',#12389,1.);
#12389 = DIRECTION('',(1.,0.,0.));
#12390 = PCURVE('',#10469,#12391);
#12391 = DEFINITIONAL_REPRESENTATION('',(#12392),#12396);
#12392 = LINE('',#12393,#12394);
#12393 = CARTESIAN_POINT('',(-1.570796326795,0.));
#12394 = VECTOR('',#12395,1.);
#12395 = DIRECTION('',(-0.,1.));
#12396 = ( GEOMETRIC_REPRESENTATION_CONTEXT(2) 
PARAMETRIC_REPRESENTATION_CONTEXT() REPRESENTATION_CONTEXT('2D SPACE',''
  ) );
#12397 = PCURVE('',#12398,#12403);
#12398 = PLANE('',#12399);
#12399 = AXIS2_PLACEMENT_3D('',#12400,#12401,#12402);
#12400 = CARTESIAN_POINT('',(-3.6,31.615,4.4));
#12401 = DIRECTION('',(0.,1.,0.));
#12402 = DIRECTION('',(0.,0.,1.));
#12403 = DEFINITIONAL_REPRESENTATION('',(#12404),#12408);
#12404 = LINE('',#12405,#12406);
#12405 = CARTESIAN_POINT('',(1.5,0.));
#12406 = VECTOR('',#12407,1.);
#12407 = DIRECTION('',(0.,1.));
#12408 = ( GEOMETRIC_REPRESENTATION_CONTEXT(2) 
PARAMETRIC_REPRESENTATION_CONTEXT() REPRESENTATION_CONTEXT('2D SPACE',''
  ) );
#12409 = ORIENTED_EDGE('',*,*,#12410,.F.);
#12410 = EDGE_CURVE('',#10426,#12383,#12411,.T.);
#12411 = SURFACE_CURVE('',#12412,(#12417,#12424),.PCURVE_S1.);
#12412 = CIRCLE('',#12413,0.5);
#12413 = AXIS2_PLACEMENT_3D('',#12414,#12415,#12416);
#12414 = CARTESIAN_POINT('',(3.1,31.115,5.9));
#12415 = DIRECTION('',(-1.,-0.,0.));
#12416 = DIRECTION('',(0.,0.,1.));
#12417 = PCURVE('',#10469,#12418);
#12418 = DEFINITIONAL_REPRESENTATION('',(#12419),#12423);
#12419 = LINE('',#12420,#12421);
#12420 = CARTESIAN_POINT('',(-0.,6.7));
#12421 = VECTOR('',#12422,1.);
#12422 = DIRECTION('',(-1.,0.));
#12423 = ( GEOMETRIC_REPRESENTATION_CONTEXT(2) 
PARAMETRIC_REPRESENTATION_CONTEXT() REPRESENTATION_CONTEXT('2D SPACE',''
  ) );
#12424 = PCURVE('',#12425,#12430);
#12425 = SPHERICAL_SURFACE('',#12426,0.5);
#12426 = AXIS2_PLACEMENT_3D('',#12427,#12428,#12429);
#12427 = CARTESIAN_POINT('',(3.1,31.115,5.9));
#12428 = DIRECTION('',(-1.,-0.,0.));
#12429 = DIRECTION('',(0.,0.,1.));
#12430 = DEFINITIONAL_REPRESENTATION('',(#12431),#12435);
#12431 = LINE('',#12432,#12433);
#12432 = CARTESIAN_POINT('',(0.,0.));
#12433 = VECTOR('',#12434,1.);
#12434 = DIRECTION('',(1.,0.));
#12435 = ( GEOMETRIC_REPRESENTATION_CONTEXT(2) 
PARAMETRIC_REPRESENTATION_CONTEXT() REPRESENTATION_CONTEXT('2D SPACE',''
  ) );
#12436 = ORIENTED_EDGE('',*,*,#10453,.F.);
#12437 = ADVANCED_FACE('',(#12438),#10441,.T.);
#12438 = FACE_BOUND('',#12439,.T.);
#12439 = EDGE_LOOP('',(#12440,#12441,#12442,#12462));
#12440 = ORIENTED_EDGE('',*,*,#11359,.T.);
#12441 = ORIENTED_EDGE('',*,*,#11437,.T.);
#12442 = ORIENTED_EDGE('',*,*,#12443,.T.);
#12443 = EDGE_CURVE('',#11410,#10426,#12444,.T.);
#12444 = SURFACE_CURVE('',#12445,(#12450,#12456),.PCURVE_S1.);
#12445 = CIRCLE('',#12446,0.5);
#12446 = AXIS2_PLACEMENT_3D('',#12447,#12448,#12449);
#12447 = CARTESIAN_POINT('',(3.1,31.115,5.9));
#12448 = DIRECTION('',(0.,-1.,0.));
#12449 = DIRECTION('',(0.,0.,1.));
#12450 = PCURVE('',#10441,#12451);
#12451 = DEFINITIONAL_REPRESENTATION('',(#12452),#12455);
#12452 = B_SPLINE_CURVE_WITH_KNOTS('',1,(#12453,#12454),.UNSPECIFIED.,
  .F.,.F.,(2,2),(4.712388980385,6.28318530718),
  .PIECEWISE_BEZIER_KNOTS.);
#12453 = CARTESIAN_POINT('',(1.570796326795,0.6));
#12454 = CARTESIAN_POINT('',(0.,0.6));
#12455 = ( GEOMETRIC_REPRESENTATION_CONTEXT(2) 
PARAMETRIC_REPRESENTATION_CONTEXT() REPRESENTATION_CONTEXT('2D SPACE',''
  ) );
#12456 = PCURVE('',#12425,#12457);
#12457 = DEFINITIONAL_REPRESENTATION('',(#12458),#12461);
#12458 = B_SPLINE_CURVE_WITH_KNOTS('',1,(#12459,#12460),.UNSPECIFIED.,
  .F.,.F.,(2,2),(4.712388980385,6.28318530718),
  .PIECEWISE_BEZIER_KNOTS.);
#12459 = CARTESIAN_POINT('',(0.,-1.570796326795));
#12460 = CARTESIAN_POINT('',(0.,0.));
#12461 = ( GEOMETRIC_REPRESENTATION_CONTEXT(2) 
PARAMETRIC_REPRESENTATION_CONTEXT() REPRESENTATION_CONTEXT('2D SPACE',''
  ) );
#12462 = ORIENTED_EDGE('',*,*,#10425,.F.);
#12463 = ADVANCED_FACE('',(#12464),#10304,.T.);
#12464 = FACE_BOUND('',#12465,.T.);
#12465 = EDGE_LOOP('',(#12466,#12467,#12468,#12495));
#12466 = ORIENTED_EDGE('',*,*,#11805,.T.);
#12467 = ORIENTED_EDGE('',*,*,#11887,.T.);
#12468 = ORIENTED_EDGE('',*,*,#12469,.F.);
#12469 = EDGE_CURVE('',#10289,#11888,#12470,.T.);
#12470 = SURFACE_CURVE('',#12471,(#12476,#12483),.PCURVE_S1.);
#12471 = CIRCLE('',#12472,0.5);
#12472 = AXIS2_PLACEMENT_3D('',#12473,#12474,#12475);
#12473 = CARTESIAN_POINT('',(31.115,-3.1,5.9));
#12474 = DIRECTION('',(1.,0.,-0.));
#12475 = DIRECTION('',(0.,0.,1.));
#12476 = PCURVE('',#10304,#12477);
#12477 = DEFINITIONAL_REPRESENTATION('',(#12478),#12482);
#12478 = LINE('',#12479,#12480);
#12479 = CARTESIAN_POINT('',(0.,0.6));
#12480 = VECTOR('',#12481,1.);
#12481 = DIRECTION('',(1.,0.));
#12482 = ( GEOMETRIC_REPRESENTATION_CONTEXT(2) 
PARAMETRIC_REPRESENTATION_CONTEXT() REPRESENTATION_CONTEXT('2D SPACE',''
  ) );
#12483 = PCURVE('',#12484,#12489);
#12484 = SPHERICAL_SURFACE('',#12485,0.5);
#12485 = AXIS2_PLACEMENT_3D('',#12486,#12487,#12488);
#12486 = CARTESIAN_POINT('',(31.115,-3.1,5.9));
#12487 = DIRECTION('',(-1.,-0.,0.));
#12488 = DIRECTION('',(0.,0.,1.));
#12489 = DEFINITIONAL_REPRESENTATION('',(#12490),#12494);
#12490 = LINE('',#12491,#12492);
#12491 = CARTESIAN_POINT('',(-0.,0.));
#12492 = VECTOR('',#12493,1.);
#12493 = DIRECTION('',(-1.,0.));
#12494 = ( GEOMETRIC_REPRESENTATION_CONTEXT(2) 
PARAMETRIC_REPRESENTATION_CONTEXT() REPRESENTATION_CONTEXT('2D SPACE',''
  ) );
#12495 = ORIENTED_EDGE('',*,*,#10288,.F.);
#12496 = ADVANCED_FACE('',(#12497),#10332,.T.);
#12497 = FACE_BOUND('',#12498,.T.);
#12498 = EDGE_LOOP('',(#12499,#12521,#12549,#12576));
#12499 = ORIENTED_EDGE('',*,*,#12500,.F.);
#12500 = EDGE_CURVE('',#12501,#10289,#12503,.T.);
#12501 = VERTEX_POINT('',#12502);
#12502 = CARTESIAN_POINT('',(31.615,-3.1,5.9));
#12503 = SURFACE_CURVE('',#12504,(#12509,#12515),.PCURVE_S1.);
#12504 = CIRCLE('',#12505,0.5);
#12505 = AXIS2_PLACEMENT_3D('',#12506,#12507,#12508);
#12506 = CARTESIAN_POINT('',(31.115,-3.1,5.9));
#12507 = DIRECTION('',(0.,-1.,0.));
#12508 = DIRECTION('',(0.,0.,1.));
#12509 = PCURVE('',#10332,#12510);
#12510 = DEFINITIONAL_REPRESENTATION('',(#12511),#12514);
#12511 = B_SPLINE_CURVE_WITH_KNOTS('',1,(#12512,#12513),.UNSPECIFIED.,
  .F.,.F.,(2,2),(4.712388980385,6.28318530718),
  .PIECEWISE_BEZIER_KNOTS.);
#12512 = CARTESIAN_POINT('',(1.570796326795,0.5));
#12513 = CARTESIAN_POINT('',(0.,0.5));
#12514 = ( GEOMETRIC_REPRESENTATION_CONTEXT(2) 
PARAMETRIC_REPRESENTATION_CONTEXT() REPRESENTATION_CONTEXT('2D SPACE',''
  ) );
#12515 = PCURVE('',#12484,#12516);
#12516 = DEFINITIONAL_REPRESENTATION('',(#12517),#12520);
#12517 = B_SPLINE_CURVE_WITH_KNOTS('',1,(#12518,#12519),.UNSPECIFIED.,
  .F.,.F.,(2,2),(4.712388980385,6.28318530718),
  .PIECEWISE_BEZIER_KNOTS.);
#12518 = CARTESIAN_POINT('',(0.,-1.570796326795));
#12519 = CARTESIAN_POINT('',(0.,0.));
#12520 = ( GEOMETRIC_REPRESENTATION_CONTEXT(2) 
PARAMETRIC_REPRESENTATION_CONTEXT() REPRESENTATION_CONTEXT('2D SPACE',''
  ) );
#12521 = ORIENTED_EDGE('',*,*,#12522,.T.);
#12522 = EDGE_CURVE('',#12501,#12523,#12525,.T.);
#12523 = VERTEX_POINT('',#12524);
#12524 = CARTESIAN_POINT('',(31.615,3.1,5.9));
#12525 = SURFACE_CURVE('',#12526,(#12530,#12537),.PCURVE_S1.);
#12526 = LINE('',#12527,#12528);
#12527 = CARTESIAN_POINT('',(31.615,-3.6,5.9));
#12528 = VECTOR('',#12529,1.);
#12529 = DIRECTION('',(0.,1.,0.));
#12530 = PCURVE('',#10332,#12531);
#12531 = DEFINITIONAL_REPRESENTATION('',(#12532),#12536);
#12532 = LINE('',#12533,#12534);
#12533 = CARTESIAN_POINT('',(1.570796326795,0.));
#12534 = VECTOR('',#12535,1.);
#12535 = DIRECTION('',(0.,1.));
#12536 = ( GEOMETRIC_REPRESENTATION_CONTEXT(2) 
PARAMETRIC_REPRESENTATION_CONTEXT() REPRESENTATION_CONTEXT('2D SPACE',''
  ) );
#12537 = PCURVE('',#12538,#12543);
#12538 = PLANE('',#12539);
#12539 = AXIS2_PLACEMENT_3D('',#12540,#12541,#12542);
#12540 = CARTESIAN_POINT('',(31.615,-3.6,4.4));
#12541 = DIRECTION('',(1.,0.,0.));
#12542 = DIRECTION('',(0.,0.,1.));
#12543 = DEFINITIONAL_REPRESENTATION('',(#12544),#12548);
#12544 = LINE('',#12545,#12546);
#12545 = CARTESIAN_POINT('',(1.5,0.));
#12546 = VECTOR('',#12547,1.);
#12547 = DIRECTION('',(0.,-1.));
#12548 = ( GEOMETRIC_REPRESENTATION_CONTEXT(2) 
PARAMETRIC_REPRESENTATION_CONTEXT() REPRESENTATION_CONTEXT('2D SPACE',''
  ) );
#12549 = ORIENTED_EDGE('',*,*,#12550,.F.);
#12550 = EDGE_CURVE('',#10317,#12523,#12551,.T.);
#12551 = SURFACE_CURVE('',#12552,(#12557,#12564),.PCURVE_S1.);
#12552 = CIRCLE('',#12553,0.5);
#12553 = AXIS2_PLACEMENT_3D('',#12554,#12555,#12556);
#12554 = CARTESIAN_POINT('',(31.115,3.1,5.9));
#12555 = DIRECTION('',(0.,1.,0.));
#12556 = DIRECTION('',(0.,-0.,1.));
#12557 = PCURVE('',#10332,#12558);
#12558 = DEFINITIONAL_REPRESENTATION('',(#12559),#12563);
#12559 = LINE('',#12560,#12561);
#12560 = CARTESIAN_POINT('',(0.,6.7));
#12561 = VECTOR('',#12562,1.);
#12562 = DIRECTION('',(1.,0.));
#12563 = ( GEOMETRIC_REPRESENTATION_CONTEXT(2) 
PARAMETRIC_REPRESENTATION_CONTEXT() REPRESENTATION_CONTEXT('2D SPACE',''
  ) );
#12564 = PCURVE('',#12565,#12570);
#12565 = SPHERICAL_SURFACE('',#12566,0.5);
#12566 = AXIS2_PLACEMENT_3D('',#12567,#12568,#12569);
#12567 = CARTESIAN_POINT('',(31.115,3.1,5.9));
#12568 = DIRECTION('',(-0.,-1.,-0.));
#12569 = DIRECTION('',(0.,0.,1.));
#12570 = DEFINITIONAL_REPRESENTATION('',(#12571),#12575);
#12571 = LINE('',#12572,#12573);
#12572 = CARTESIAN_POINT('',(-0.,0.));
#12573 = VECTOR('',#12574,1.);
#12574 = DIRECTION('',(-1.,0.));
#12575 = ( GEOMETRIC_REPRESENTATION_CONTEXT(2) 
PARAMETRIC_REPRESENTATION_CONTEXT() REPRESENTATION_CONTEXT('2D SPACE',''
  ) );
#12576 = ORIENTED_EDGE('',*,*,#10316,.F.);
#12577 = ADVANCED_FACE('',(#12578),#10360,.T.);
#12578 = FACE_BOUND('',#12579,.F.);
#12579 = EDGE_LOOP('',(#12580,#12581,#12582,#12602));
#12580 = ORIENTED_EDGE('',*,*,#11703,.T.);
#12581 = ORIENTED_EDGE('',*,*,#11730,.T.);
#12582 = ORIENTED_EDGE('',*,*,#12583,.T.);
#12583 = EDGE_CURVE('',#11731,#10317,#12584,.T.);
#12584 = SURFACE_CURVE('',#12585,(#12590,#12596),.PCURVE_S1.);
#12585 = CIRCLE('',#12586,0.5);
#12586 = AXIS2_PLACEMENT_3D('',#12587,#12588,#12589);
#12587 = CARTESIAN_POINT('',(31.115,3.1,5.9));
#12588 = DIRECTION('',(1.,0.,-0.));
#12589 = DIRECTION('',(0.,0.,1.));
#12590 = PCURVE('',#10360,#12591);
#12591 = DEFINITIONAL_REPRESENTATION('',(#12592),#12595);
#12592 = B_SPLINE_CURVE_WITH_KNOTS('',1,(#12593,#12594),.UNSPECIFIED.,
  .F.,.F.,(2,2),(4.712388980385,6.28318530718),
  .PIECEWISE_BEZIER_KNOTS.);
#12593 = CARTESIAN_POINT('',(-1.570796326795,0.6));
#12594 = CARTESIAN_POINT('',(0.,0.6));
#12595 = ( GEOMETRIC_REPRESENTATION_CONTEXT(2) 
PARAMETRIC_REPRESENTATION_CONTEXT() REPRESENTATION_CONTEXT('2D SPACE',''
  ) );
#12596 = PCURVE('',#12565,#12597);
#12597 = DEFINITIONAL_REPRESENTATION('',(#12598),#12601);
#12598 = B_SPLINE_CURVE_WITH_KNOTS('',1,(#12599,#12600),.UNSPECIFIED.,
  .F.,.F.,(2,2),(4.712388980385,6.28318530718),
  .PIECEWISE_BEZIER_KNOTS.);
#12599 = CARTESIAN_POINT('',(0.,-1.570796326795));
#12600 = CARTESIAN_POINT('',(0.,0.));
#12601 = ( GEOMETRIC_REPRESENTATION_CONTEXT(2) 
PARAMETRIC_REPRESENTATION_CONTEXT() REPRESENTATION_CONTEXT('2D SPACE',''
  ) );
#12602 = ORIENTED_EDGE('',*,*,#10344,.F.);
#12603 = ADVANCED_FACE('',(#12604),#10737,.T.);
#12604 = FACE_BOUND('',#12605,.T.);
#12605 = EDGE_LOOP('',(#12606,#12628,#12649,#12669));
#12606 = ORIENTED_EDGE('',*,*,#12607,.F.);
#12607 = EDGE_CURVE('',#12608,#10699,#12610,.T.);
#12608 = VERTEX_POINT('',#12609);
#12609 = CARTESIAN_POINT('',(-31.615,3.1,4.9));
#12610 = SURFACE_CURVE('',#12611,(#12616,#12622),.PCURVE_S1.);
#12611 = CIRCLE('',#12612,0.5);
#12612 = AXIS2_PLACEMENT_3D('',#12613,#12614,#12615);
#12613 = CARTESIAN_POINT('',(-31.115,3.1,4.9));
#12614 = DIRECTION('',(-0.,0.,-1.));
#12615 = DIRECTION('',(0.,1.,0.));
#12616 = PCURVE('',#10737,#12617);
#12617 = DEFINITIONAL_REPRESENTATION('',(#12618),#12621);
#12618 = B_SPLINE_CURVE_WITH_KNOTS('',1,(#12619,#12620),.UNSPECIFIED.,
  .F.,.F.,(2,2),(4.712388980385,6.28318530718),
  .PIECEWISE_BEZIER_KNOTS.);
#12619 = CARTESIAN_POINT('',(1.570796326795,0.5));
#12620 = CARTESIAN_POINT('',(0.,0.5));
#12621 = ( GEOMETRIC_REPRESENTATION_CONTEXT(2) 
PARAMETRIC_REPRESENTATION_CONTEXT() REPRESENTATION_CONTEXT('2D SPACE',''
  ) );
#12622 = PCURVE('',#10817,#12623);
#12623 = DEFINITIONAL_REPRESENTATION('',(#12624),#12627);
#12624 = B_SPLINE_CURVE_WITH_KNOTS('',1,(#12625,#12626),.UNSPECIFIED.,
  .F.,.F.,(2,2),(4.712388980385,6.28318530718),
  .PIECEWISE_BEZIER_KNOTS.);
#12625 = CARTESIAN_POINT('',(0.,-1.570796326795));
#12626 = CARTESIAN_POINT('',(0.,0.));
#12627 = ( GEOMETRIC_REPRESENTATION_CONTEXT(2) 
PARAMETRIC_REPRESENTATION_CONTEXT() REPRESENTATION_CONTEXT('2D SPACE',''
  ) );
#12628 = ORIENTED_EDGE('',*,*,#12629,.T.);
#12629 = EDGE_CURVE('',#12608,#12103,#12630,.T.);
#12630 = SURFACE_CURVE('',#12631,(#12635,#12642),.PCURVE_S1.);
#12631 = LINE('',#12632,#12633);
#12632 = CARTESIAN_POINT('',(-31.615,3.1,4.4));
#12633 = VECTOR('',#12634,1.);
#12634 = DIRECTION('',(0.,0.,1.));
#12635 = PCURVE('',#10737,#12636);
#12636 = DEFINITIONAL_REPRESENTATION('',(#12637),#12641);
#12637 = LINE('',#12638,#12639);
#12638 = CARTESIAN_POINT('',(1.570796326795,0.));
#12639 = VECTOR('',#12640,1.);
#12640 = DIRECTION('',(0.,1.));
#12641 = ( GEOMETRIC_REPRESENTATION_CONTEXT(2) 
PARAMETRIC_REPRESENTATION_CONTEXT() REPRESENTATION_CONTEXT('2D SPACE',''
  ) );
#12642 = PCURVE('',#12118,#12643);
#12643 = DEFINITIONAL_REPRESENTATION('',(#12644),#12648);
#12644 = LINE('',#12645,#12646);
#12645 = CARTESIAN_POINT('',(0.,-6.7));
#12646 = VECTOR('',#12647,1.);
#12647 = DIRECTION('',(1.,0.));
#12648 = ( GEOMETRIC_REPRESENTATION_CONTEXT(2) 
PARAMETRIC_REPRESENTATION_CONTEXT() REPRESENTATION_CONTEXT('2D SPACE',''
  ) );
#12649 = ORIENTED_EDGE('',*,*,#12650,.F.);
#12650 = EDGE_CURVE('',#10722,#12103,#12651,.T.);
#12651 = SURFACE_CURVE('',#12652,(#12657,#12663),.PCURVE_S1.);
#12652 = CIRCLE('',#12653,0.5);
#12653 = AXIS2_PLACEMENT_3D('',#12654,#12655,#12656);
#12654 = CARTESIAN_POINT('',(-31.115,3.1,5.9));
#12655 = DIRECTION('',(6.123233995737E-17,0.,1.));
#12656 = DIRECTION('',(-1.,0.,6.123233995737E-17));
#12657 = PCURVE('',#10737,#12658);
#12658 = DEFINITIONAL_REPRESENTATION('',(#12659),#12662);
#12659 = B_SPLINE_CURVE_WITH_KNOTS('',1,(#12660,#12661),.UNSPECIFIED.,
  .F.,.F.,(2,2),(4.712388980385,6.28318530718),
  .PIECEWISE_BEZIER_KNOTS.);
#12660 = CARTESIAN_POINT('',(0.,1.5));
#12661 = CARTESIAN_POINT('',(1.570796326795,1.5));
#12662 = ( GEOMETRIC_REPRESENTATION_CONTEXT(2) 
PARAMETRIC_REPRESENTATION_CONTEXT() REPRESENTATION_CONTEXT('2D SPACE',''
  ) );
#12663 = PCURVE('',#12145,#12664);
#12664 = DEFINITIONAL_REPRESENTATION('',(#12665),#12668);
#12665 = B_SPLINE_CURVE_WITH_KNOTS('',1,(#12666,#12667),.UNSPECIFIED.,
  .F.,.F.,(2,2),(4.712388980385,6.28318530718),
  .PIECEWISE_BEZIER_KNOTS.);
#12666 = CARTESIAN_POINT('',(1.570796326795,-1.570796326795));
#12667 = CARTESIAN_POINT('',(1.570796326795,0.));
#12668 = ( GEOMETRIC_REPRESENTATION_CONTEXT(2) 
PARAMETRIC_REPRESENTATION_CONTEXT() REPRESENTATION_CONTEXT('2D SPACE',''
  ) );
#12669 = ORIENTED_EDGE('',*,*,#10721,.F.);
#12670 = ADVANCED_FACE('',(#12671),#10817,.T.);
#12671 = FACE_BOUND('',#12672,.F.);
#12672 = EDGE_LOOP('',(#12673,#12674,#12694));
#12673 = ORIENTED_EDGE('',*,*,#12607,.F.);
#12674 = ORIENTED_EDGE('',*,*,#12675,.T.);
#12675 = EDGE_CURVE('',#12608,#10801,#12676,.T.);
#12676 = SURFACE_CURVE('',#12677,(#12682,#12688),.PCURVE_S1.);
#12677 = CIRCLE('',#12678,0.5);
#12678 = AXIS2_PLACEMENT_3D('',#12679,#12680,#12681);
#12679 = CARTESIAN_POINT('',(-31.115,3.1,4.9));
#12680 = DIRECTION('',(0.,-1.,-6.123233995737E-17));
#12681 = DIRECTION('',(0.,6.123233995737E-17,-1.));
#12682 = PCURVE('',#10817,#12683);
#12683 = DEFINITIONAL_REPRESENTATION('',(#12684),#12687);
#12684 = B_SPLINE_CURVE_WITH_KNOTS('',1,(#12685,#12686),.UNSPECIFIED.,
  .F.,.F.,(2,2),(4.712388980385,6.28318530718),
  .PIECEWISE_BEZIER_KNOTS.);
#12685 = CARTESIAN_POINT('',(-1.570796326795,-1.570796326795));
#12686 = CARTESIAN_POINT('',(-1.570796326795,0.));
#12687 = ( GEOMETRIC_REPRESENTATION_CONTEXT(2) 
PARAMETRIC_REPRESENTATION_CONTEXT() REPRESENTATION_CONTEXT('2D SPACE',''
  ) );
#12688 = PCURVE('',#10948,#12689);
#12689 = DEFINITIONAL_REPRESENTATION('',(#12690),#12693);
#12690 = B_SPLINE_CURVE_WITH_KNOTS('',1,(#12691,#12692),.UNSPECIFIED.,
  .F.,.F.,(2,2),(4.712388980385,6.28318530718),
  .PIECEWISE_BEZIER_KNOTS.);
#12691 = CARTESIAN_POINT('',(1.570796326795,6.7));
#12692 = CARTESIAN_POINT('',(0.,6.7));
#12693 = ( GEOMETRIC_REPRESENTATION_CONTEXT(2) 
PARAMETRIC_REPRESENTATION_CONTEXT() REPRESENTATION_CONTEXT('2D SPACE',''
  ) );
#12694 = ORIENTED_EDGE('',*,*,#10800,.F.);
#12695 = ADVANCED_FACE('',(#12696),#10894,.T.);
#12696 = FACE_BOUND('',#12697,.F.);
#12697 = EDGE_LOOP('',(#12698,#12720,#12741,#12761));
#12698 = ORIENTED_EDGE('',*,*,#12699,.T.);
#12699 = EDGE_CURVE('',#10856,#12700,#12702,.T.);
#12700 = VERTEX_POINT('',#12701);
#12701 = CARTESIAN_POINT('',(-31.615,-3.1,4.9));
#12702 = SURFACE_CURVE('',#12703,(#12708,#12714),.PCURVE_S1.);
#12703 = CIRCLE('',#12704,0.5);
#12704 = AXIS2_PLACEMENT_3D('',#12705,#12706,#12707);
#12705 = CARTESIAN_POINT('',(-31.115,-3.1,4.9));
#12706 = DIRECTION('',(6.123233995737E-17,0.,-1.));
#12707 = DIRECTION('',(-1.,0.,-6.123233995737E-17));
#12708 = PCURVE('',#10894,#12709);
#12709 = DEFINITIONAL_REPRESENTATION('',(#12710),#12713);
#12710 = B_SPLINE_CURVE_WITH_KNOTS('',1,(#12711,#12712),.UNSPECIFIED.,
  .F.,.F.,(2,2),(4.712388980385,6.28318530718),
  .PIECEWISE_BEZIER_KNOTS.);
#12711 = CARTESIAN_POINT('',(0.,0.5));
#12712 = CARTESIAN_POINT('',(-1.570796326795,0.5));
#12713 = ( GEOMETRIC_REPRESENTATION_CONTEXT(2) 
PARAMETRIC_REPRESENTATION_CONTEXT() REPRESENTATION_CONTEXT('2D SPACE',''
  ) );
#12714 = PCURVE('',#10998,#12715);
#12715 = DEFINITIONAL_REPRESENTATION('',(#12716),#12719);
#12716 = B_SPLINE_CURVE_WITH_KNOTS('',1,(#12717,#12718),.UNSPECIFIED.,
  .F.,.F.,(2,2),(4.712388980385,6.28318530718),
  .PIECEWISE_BEZIER_KNOTS.);
#12717 = CARTESIAN_POINT('',(1.570796326795,-1.570796326795));
#12718 = CARTESIAN_POINT('',(1.570796326795,0.));
#12719 = ( GEOMETRIC_REPRESENTATION_CONTEXT(2) 
PARAMETRIC_REPRESENTATION_CONTEXT() REPRESENTATION_CONTEXT('2D SPACE',''
  ) );
#12720 = ORIENTED_EDGE('',*,*,#12721,.T.);
#12721 = EDGE_CURVE('',#12700,#12081,#12722,.T.);
#12722 = SURFACE_CURVE('',#12723,(#12727,#12734),.PCURVE_S1.);
#12723 = LINE('',#12724,#12725);
#12724 = CARTESIAN_POINT('',(-31.615,-3.1,4.4));
#12725 = VECTOR('',#12726,1.);
#12726 = DIRECTION('',(0.,0.,1.));
#12727 = PCURVE('',#10894,#12728);
#12728 = DEFINITIONAL_REPRESENTATION('',(#12729),#12733);
#12729 = LINE('',#12730,#12731);
#12730 = CARTESIAN_POINT('',(-1.570796326795,0.));
#12731 = VECTOR('',#12732,1.);
#12732 = DIRECTION('',(-0.,1.));
#12733 = ( GEOMETRIC_REPRESENTATION_CONTEXT(2) 
PARAMETRIC_REPRESENTATION_CONTEXT() REPRESENTATION_CONTEXT('2D SPACE',''
  ) );
#12734 = PCURVE('',#12118,#12735);
#12735 = DEFINITIONAL_REPRESENTATION('',(#12736),#12740);
#12736 = LINE('',#12737,#12738);
#12737 = CARTESIAN_POINT('',(0.,-0.5));
#12738 = VECTOR('',#12739,1.);
#12739 = DIRECTION('',(1.,0.));
#12740 = ( GEOMETRIC_REPRESENTATION_CONTEXT(2) 
PARAMETRIC_REPRESENTATION_CONTEXT() REPRESENTATION_CONTEXT('2D SPACE',''
  ) );
#12741 = ORIENTED_EDGE('',*,*,#12742,.T.);
#12742 = EDGE_CURVE('',#12081,#10879,#12743,.T.);
#12743 = SURFACE_CURVE('',#12744,(#12749,#12755),.PCURVE_S1.);
#12744 = CIRCLE('',#12745,0.5);
#12745 = AXIS2_PLACEMENT_3D('',#12746,#12747,#12748);
#12746 = CARTESIAN_POINT('',(-31.115,-3.1,5.9));
#12747 = DIRECTION('',(0.,6.123233995737E-17,1.));
#12748 = DIRECTION('',(0.,-1.,6.123233995737E-17));
#12749 = PCURVE('',#10894,#12750);
#12750 = DEFINITIONAL_REPRESENTATION('',(#12751),#12754);
#12751 = B_SPLINE_CURVE_WITH_KNOTS('',1,(#12752,#12753),.UNSPECIFIED.,
  .F.,.F.,(2,2),(4.712388980385,6.28318530718),
  .PIECEWISE_BEZIER_KNOTS.);
#12752 = CARTESIAN_POINT('',(-1.570796326795,1.5));
#12753 = CARTESIAN_POINT('',(0.,1.5));
#12754 = ( GEOMETRIC_REPRESENTATION_CONTEXT(2) 
PARAMETRIC_REPRESENTATION_CONTEXT() REPRESENTATION_CONTEXT('2D SPACE',''
  ) );
#12755 = PCURVE('',#12063,#12756);
#12756 = DEFINITIONAL_REPRESENTATION('',(#12757),#12760);
#12757 = B_SPLINE_CURVE_WITH_KNOTS('',1,(#12758,#12759),.UNSPECIFIED.,
  .F.,.F.,(2,2),(4.712388980385,6.28318530718),
  .PIECEWISE_BEZIER_KNOTS.);
#12758 = CARTESIAN_POINT('',(1.570796326795,-1.570796326795));
#12759 = CARTESIAN_POINT('',(1.570796326795,0.));
#12760 = ( GEOMETRIC_REPRESENTATION_CONTEXT(2) 
PARAMETRIC_REPRESENTATION_CONTEXT() REPRESENTATION_CONTEXT('2D SPACE',''
  ) );
#12761 = ORIENTED_EDGE('',*,*,#10878,.F.);
#12762 = ADVANCED_FACE('',(#12763),#10948,.T.);
#12763 = FACE_BOUND('',#12764,.T.);
#12764 = EDGE_LOOP('',(#12765,#12766,#12788,#12809));
#12765 = ORIENTED_EDGE('',*,*,#10932,.F.);
#12766 = ORIENTED_EDGE('',*,*,#12767,.T.);
#12767 = EDGE_CURVE('',#10933,#12700,#12768,.T.);
#12768 = SURFACE_CURVE('',#12769,(#12774,#12781),.PCURVE_S1.);
#12769 = CIRCLE('',#12770,0.5);
#12770 = AXIS2_PLACEMENT_3D('',#12771,#12772,#12773);
#12771 = CARTESIAN_POINT('',(-31.115,-3.1,4.9));
#12772 = DIRECTION('',(0.,1.,0.));
#12773 = DIRECTION('',(0.,0.,-1.));
#12774 = PCURVE('',#10948,#12775);
#12775 = DEFINITIONAL_REPRESENTATION('',(#12776),#12780);
#12776 = LINE('',#12777,#12778);
#12777 = CARTESIAN_POINT('',(0.,0.5));
#12778 = VECTOR('',#12779,1.);
#12779 = DIRECTION('',(1.,0.));
#12780 = ( GEOMETRIC_REPRESENTATION_CONTEXT(2) 
PARAMETRIC_REPRESENTATION_CONTEXT() REPRESENTATION_CONTEXT('2D SPACE',''
  ) );
#12781 = PCURVE('',#10998,#12782);
#12782 = DEFINITIONAL_REPRESENTATION('',(#12783),#12787);
#12783 = LINE('',#12784,#12785);
#12784 = CARTESIAN_POINT('',(0.,0.));
#12785 = VECTOR('',#12786,1.);
#12786 = DIRECTION('',(1.,0.));
#12787 = ( GEOMETRIC_REPRESENTATION_CONTEXT(2) 
PARAMETRIC_REPRESENTATION_CONTEXT() REPRESENTATION_CONTEXT('2D SPACE',''
  ) );
#12788 = ORIENTED_EDGE('',*,*,#12789,.T.);
#12789 = EDGE_CURVE('',#12700,#12608,#12790,.T.);
#12790 = SURFACE_CURVE('',#12791,(#12795,#12802),.PCURVE_S1.);
#12791 = LINE('',#12792,#12793);
#12792 = CARTESIAN_POINT('',(-31.615,-3.6,4.9));
#12793 = VECTOR('',#12794,1.);
#12794 = DIRECTION('',(0.,1.,0.));
#12795 = PCURVE('',#10948,#12796);
#12796 = DEFINITIONAL_REPRESENTATION('',(#12797),#12801);
#12797 = LINE('',#12798,#12799);
#12798 = CARTESIAN_POINT('',(1.570796326795,0.));
#12799 = VECTOR('',#12800,1.);
#12800 = DIRECTION('',(0.,1.));
#12801 = ( GEOMETRIC_REPRESENTATION_CONTEXT(2) 
PARAMETRIC_REPRESENTATION_CONTEXT() REPRESENTATION_CONTEXT('2D SPACE',''
  ) );
#12802 = PCURVE('',#12118,#12803);
#12803 = DEFINITIONAL_REPRESENTATION('',(#12804),#12808);
#12804 = LINE('',#12805,#12806);
#12805 = CARTESIAN_POINT('',(0.5,0.));
#12806 = VECTOR('',#12807,1.);
#12807 = DIRECTION('',(0.,-1.));
#12808 = ( GEOMETRIC_REPRESENTATION_CONTEXT(2) 
PARAMETRIC_REPRESENTATION_CONTEXT() REPRESENTATION_CONTEXT('2D SPACE',''
  ) );
#12809 = ORIENTED_EDGE('',*,*,#12675,.T.);
#12810 = ADVANCED_FACE('',(#12811),#10998,.T.);
#12811 = FACE_BOUND('',#12812,.T.);
#12812 = EDGE_LOOP('',(#12813,#12814,#12815));
#12813 = ORIENTED_EDGE('',*,*,#10984,.F.);
#12814 = ORIENTED_EDGE('',*,*,#12699,.T.);
#12815 = ORIENTED_EDGE('',*,*,#12767,.F.);
#12816 = ADVANCED_FACE('',(#12817),#11081,.T.);
#12817 = FACE_BOUND('',#12818,.F.);
#12818 = EDGE_LOOP('',(#12819,#12820,#12844,#12865));
#12819 = ORIENTED_EDGE('',*,*,#11065,.F.);
#12820 = ORIENTED_EDGE('',*,*,#12821,.T.);
#12821 = EDGE_CURVE('',#11066,#12822,#12824,.T.);
#12822 = VERTEX_POINT('',#12823);
#12823 = CARTESIAN_POINT('',(3.1,-31.615,4.9));
#12824 = SURFACE_CURVE('',#12825,(#12830,#12837),.PCURVE_S1.);
#12825 = CIRCLE('',#12826,0.5);
#12826 = AXIS2_PLACEMENT_3D('',#12827,#12828,#12829);
#12827 = CARTESIAN_POINT('',(3.1,-31.115,4.9));
#12828 = DIRECTION('',(0.,-0.,-1.));
#12829 = DIRECTION('',(1.,0.,-0.));
#12830 = PCURVE('',#11081,#12831);
#12831 = DEFINITIONAL_REPRESENTATION('',(#12832),#12836);
#12832 = LINE('',#12833,#12834);
#12833 = CARTESIAN_POINT('',(-0.,0.5));
#12834 = VECTOR('',#12835,1.);
#12835 = DIRECTION('',(-1.,0.));
#12836 = ( GEOMETRIC_REPRESENTATION_CONTEXT(2) 
PARAMETRIC_REPRESENTATION_CONTEXT() REPRESENTATION_CONTEXT('2D SPACE',''
  ) );
#12837 = PCURVE('',#11159,#12838);
#12838 = DEFINITIONAL_REPRESENTATION('',(#12839),#12843);
#12839 = LINE('',#12840,#12841);
#12840 = CARTESIAN_POINT('',(-0.,0.));
#12841 = VECTOR('',#12842,1.);
#12842 = DIRECTION('',(-1.,0.));
#12843 = ( GEOMETRIC_REPRESENTATION_CONTEXT(2) 
PARAMETRIC_REPRESENTATION_CONTEXT() REPRESENTATION_CONTEXT('2D SPACE',''
  ) );
#12844 = ORIENTED_EDGE('',*,*,#12845,.T.);
#12845 = EDGE_CURVE('',#12822,#12243,#12846,.T.);
#12846 = SURFACE_CURVE('',#12847,(#12851,#12858),.PCURVE_S1.);
#12847 = LINE('',#12848,#12849);
#12848 = CARTESIAN_POINT('',(3.1,-31.615,4.4));
#12849 = VECTOR('',#12850,1.);
#12850 = DIRECTION('',(0.,0.,1.));
#12851 = PCURVE('',#11081,#12852);
#12852 = DEFINITIONAL_REPRESENTATION('',(#12853),#12857);
#12853 = LINE('',#12854,#12855);
#12854 = CARTESIAN_POINT('',(-1.570796326795,0.));
#12855 = VECTOR('',#12856,1.);
#12856 = DIRECTION('',(-0.,1.));
#12857 = ( GEOMETRIC_REPRESENTATION_CONTEXT(2) 
PARAMETRIC_REPRESENTATION_CONTEXT() REPRESENTATION_CONTEXT('2D SPACE',''
  ) );
#12858 = PCURVE('',#12258,#12859);
#12859 = DEFINITIONAL_REPRESENTATION('',(#12860),#12864);
#12860 = LINE('',#12861,#12862);
#12861 = CARTESIAN_POINT('',(0.,6.7));
#12862 = VECTOR('',#12863,1.);
#12863 = DIRECTION('',(1.,0.));
#12864 = ( GEOMETRIC_REPRESENTATION_CONTEXT(2) 
PARAMETRIC_REPRESENTATION_CONTEXT() REPRESENTATION_CONTEXT('2D SPACE',''
  ) );
#12865 = ORIENTED_EDGE('',*,*,#12866,.F.);
#12866 = EDGE_CURVE('',#11043,#12243,#12867,.T.);
#12867 = SURFACE_CURVE('',#12868,(#12873,#12879),.PCURVE_S1.);
#12868 = CIRCLE('',#12869,0.5);
#12869 = AXIS2_PLACEMENT_3D('',#12870,#12871,#12872);
#12870 = CARTESIAN_POINT('',(3.1,-31.115,5.9));
#12871 = DIRECTION('',(0.,-6.123233995737E-17,-1.));
#12872 = DIRECTION('',(0.,-1.,6.123233995737E-17));
#12873 = PCURVE('',#11081,#12874);
#12874 = DEFINITIONAL_REPRESENTATION('',(#12875),#12878);
#12875 = B_SPLINE_CURVE_WITH_KNOTS('',1,(#12876,#12877),.UNSPECIFIED.,
  .F.,.F.,(2,2),(4.712388980385,6.28318530718),
  .PIECEWISE_BEZIER_KNOTS.);
#12876 = CARTESIAN_POINT('',(0.,1.5));
#12877 = CARTESIAN_POINT('',(-1.570796326795,1.5));
#12878 = ( GEOMETRIC_REPRESENTATION_CONTEXT(2) 
PARAMETRIC_REPRESENTATION_CONTEXT() REPRESENTATION_CONTEXT('2D SPACE',''
  ) );
#12879 = PCURVE('',#12285,#12880);
#12880 = DEFINITIONAL_REPRESENTATION('',(#12881),#12884);
#12881 = B_SPLINE_CURVE_WITH_KNOTS('',1,(#12882,#12883),.UNSPECIFIED.,
  .F.,.F.,(2,2),(4.712388980385,6.28318530718),
  .PIECEWISE_BEZIER_KNOTS.);
#12882 = CARTESIAN_POINT('',(-1.570796326795,-1.570796326795));
#12883 = CARTESIAN_POINT('',(-1.570796326795,0.));
#12884 = ( GEOMETRIC_REPRESENTATION_CONTEXT(2) 
PARAMETRIC_REPRESENTATION_CONTEXT() REPRESENTATION_CONTEXT('2D SPACE',''
  ) );
#12885 = ADVANCED_FACE('',(#12886),#11159,.T.);
#12886 = FACE_BOUND('',#12887,.F.);
#12887 = EDGE_LOOP('',(#12888,#12889,#12909));
#12888 = ORIENTED_EDGE('',*,*,#11143,.F.);
#12889 = ORIENTED_EDGE('',*,*,#12890,.T.);
#12890 = EDGE_CURVE('',#11144,#12822,#12891,.T.);
#12891 = SURFACE_CURVE('',#12892,(#12897,#12903),.PCURVE_S1.);
#12892 = CIRCLE('',#12893,0.5);
#12893 = AXIS2_PLACEMENT_3D('',#12894,#12895,#12896);
#12894 = CARTESIAN_POINT('',(3.1,-31.115,4.9));
#12895 = DIRECTION('',(-1.,-6.123233995737E-17,0.));
#12896 = DIRECTION('',(6.123233995737E-17,-1.,-0.));
#12897 = PCURVE('',#11159,#12898);
#12898 = DEFINITIONAL_REPRESENTATION('',(#12899),#12902);
#12899 = B_SPLINE_CURVE_WITH_KNOTS('',1,(#12900,#12901),.UNSPECIFIED.,
  .F.,.F.,(2,2),(4.712388980385,6.28318530718),
  .PIECEWISE_BEZIER_KNOTS.);
#12900 = CARTESIAN_POINT('',(-1.570796326795,-1.570796326795));
#12901 = CARTESIAN_POINT('',(-1.570796326795,0.));
#12902 = ( GEOMETRIC_REPRESENTATION_CONTEXT(2) 
PARAMETRIC_REPRESENTATION_CONTEXT() REPRESENTATION_CONTEXT('2D SPACE',''
  ) );
#12903 = PCURVE('',#11310,#12904);
#12904 = DEFINITIONAL_REPRESENTATION('',(#12905),#12908);
#12905 = B_SPLINE_CURVE_WITH_KNOTS('',1,(#12906,#12907),.UNSPECIFIED.,
  .F.,.F.,(2,2),(4.712388980385,6.28318530718),
  .PIECEWISE_BEZIER_KNOTS.);
#12906 = CARTESIAN_POINT('',(0.,6.7));
#12907 = CARTESIAN_POINT('',(-1.570796326795,6.7));
#12908 = ( GEOMETRIC_REPRESENTATION_CONTEXT(2) 
PARAMETRIC_REPRESENTATION_CONTEXT() REPRESENTATION_CONTEXT('2D SPACE',''
  ) );
#12909 = ORIENTED_EDGE('',*,*,#12821,.F.);
#12910 = ADVANCED_FACE('',(#12911),#11236,.T.);
#12911 = FACE_BOUND('',#12912,.T.);
#12912 = EDGE_LOOP('',(#12913,#12935,#12956,#12976));
#12913 = ORIENTED_EDGE('',*,*,#12914,.F.);
#12914 = EDGE_CURVE('',#12915,#11221,#12917,.T.);
#12915 = VERTEX_POINT('',#12916);
#12916 = CARTESIAN_POINT('',(-3.1,-31.615,4.9));
#12917 = SURFACE_CURVE('',#12918,(#12923,#12929),.PCURVE_S1.);
#12918 = CIRCLE('',#12919,0.5);
#12919 = AXIS2_PLACEMENT_3D('',#12920,#12921,#12922);
#12920 = CARTESIAN_POINT('',(-3.1,-31.115,4.9));
#12921 = DIRECTION('',(6.123233995737E-17,0.,-1.));
#12922 = DIRECTION('',(-1.,0.,-6.123233995737E-17));
#12923 = PCURVE('',#11236,#12924);
#12924 = DEFINITIONAL_REPRESENTATION('',(#12925),#12928);
#12925 = B_SPLINE_CURVE_WITH_KNOTS('',1,(#12926,#12927),.UNSPECIFIED.,
  .F.,.F.,(2,2),(4.712388980385,6.28318530718),
  .PIECEWISE_BEZIER_KNOTS.);
#12926 = CARTESIAN_POINT('',(1.570796326795,0.5));
#12927 = CARTESIAN_POINT('',(0.,0.5));
#12928 = ( GEOMETRIC_REPRESENTATION_CONTEXT(2) 
PARAMETRIC_REPRESENTATION_CONTEXT() REPRESENTATION_CONTEXT('2D SPACE',''
  ) );
#12929 = PCURVE('',#11342,#12930);
#12930 = DEFINITIONAL_REPRESENTATION('',(#12931),#12934);
#12931 = B_SPLINE_CURVE_WITH_KNOTS('',1,(#12932,#12933),.UNSPECIFIED.,
  .F.,.F.,(2,2),(4.712388980385,6.28318530718),
  .PIECEWISE_BEZIER_KNOTS.);
#12932 = CARTESIAN_POINT('',(1.570796326795,-1.570796326795));
#12933 = CARTESIAN_POINT('',(1.570796326795,0.));
#12934 = ( GEOMETRIC_REPRESENTATION_CONTEXT(2) 
PARAMETRIC_REPRESENTATION_CONTEXT() REPRESENTATION_CONTEXT('2D SPACE',''
  ) );
#12935 = ORIENTED_EDGE('',*,*,#12936,.T.);
#12936 = EDGE_CURVE('',#12915,#12221,#12937,.T.);
#12937 = SURFACE_CURVE('',#12938,(#12942,#12949),.PCURVE_S1.);
#12938 = LINE('',#12939,#12940);
#12939 = CARTESIAN_POINT('',(-3.1,-31.615,4.4));
#12940 = VECTOR('',#12941,1.);
#12941 = DIRECTION('',(0.,0.,1.));
#12942 = PCURVE('',#11236,#12943);
#12943 = DEFINITIONAL_REPRESENTATION('',(#12944),#12948);
#12944 = LINE('',#12945,#12946);
#12945 = CARTESIAN_POINT('',(1.570796326795,0.));
#12946 = VECTOR('',#12947,1.);
#12947 = DIRECTION('',(0.,1.));
#12948 = ( GEOMETRIC_REPRESENTATION_CONTEXT(2) 
PARAMETRIC_REPRESENTATION_CONTEXT() REPRESENTATION_CONTEXT('2D SPACE',''
  ) );
#12949 = PCURVE('',#12258,#12950);
#12950 = DEFINITIONAL_REPRESENTATION('',(#12951),#12955);
#12951 = LINE('',#12952,#12953);
#12952 = CARTESIAN_POINT('',(0.,0.5));
#12953 = VECTOR('',#12954,1.);
#12954 = DIRECTION('',(1.,0.));
#12955 = ( GEOMETRIC_REPRESENTATION_CONTEXT(2) 
PARAMETRIC_REPRESENTATION_CONTEXT() REPRESENTATION_CONTEXT('2D SPACE',''
  ) );
#12956 = ORIENTED_EDGE('',*,*,#12957,.T.);
#12957 = EDGE_CURVE('',#12221,#11198,#12958,.T.);
#12958 = SURFACE_CURVE('',#12959,(#12964,#12970),.PCURVE_S1.);
#12959 = CIRCLE('',#12960,0.5);
#12960 = AXIS2_PLACEMENT_3D('',#12961,#12962,#12963);
#12961 = CARTESIAN_POINT('',(-3.1,-31.115,5.9));
#12962 = DIRECTION('',(-6.123233995737E-17,0.,-1.));
#12963 = DIRECTION('',(-1.,-0.,6.123233995737E-17));
#12964 = PCURVE('',#11236,#12965);
#12965 = DEFINITIONAL_REPRESENTATION('',(#12966),#12969);
#12966 = B_SPLINE_CURVE_WITH_KNOTS('',1,(#12967,#12968),.UNSPECIFIED.,
  .F.,.F.,(2,2),(4.712388980385,6.28318530718),
  .PIECEWISE_BEZIER_KNOTS.);
#12967 = CARTESIAN_POINT('',(1.570796326795,1.5));
#12968 = CARTESIAN_POINT('',(0.,1.5));
#12969 = ( GEOMETRIC_REPRESENTATION_CONTEXT(2) 
PARAMETRIC_REPRESENTATION_CONTEXT() REPRESENTATION_CONTEXT('2D SPACE',''
  ) );
#12970 = PCURVE('',#12203,#12971);
#12971 = DEFINITIONAL_REPRESENTATION('',(#12972),#12975);
#12972 = B_SPLINE_CURVE_WITH_KNOTS('',1,(#12973,#12974),.UNSPECIFIED.,
  .F.,.F.,(2,2),(4.712388980385,6.28318530718),
  .PIECEWISE_BEZIER_KNOTS.);
#12973 = CARTESIAN_POINT('',(-1.570796326795,-1.570796326795));
#12974 = CARTESIAN_POINT('',(-1.570796326795,0.));
#12975 = ( GEOMETRIC_REPRESENTATION_CONTEXT(2) 
PARAMETRIC_REPRESENTATION_CONTEXT() REPRESENTATION_CONTEXT('2D SPACE',''
  ) );
#12976 = ORIENTED_EDGE('',*,*,#11220,.F.);
#12977 = ADVANCED_FACE('',(#12978),#11310,.T.);
#12978 = FACE_BOUND('',#12979,.F.);
#12979 = EDGE_LOOP('',(#12980,#13000,#13021,#13022));
#12980 = ORIENTED_EDGE('',*,*,#12981,.F.);
#12981 = EDGE_CURVE('',#12915,#11274,#12982,.T.);
#12982 = SURFACE_CURVE('',#12983,(#12988,#12994),.PCURVE_S1.);
#12983 = CIRCLE('',#12984,0.5);
#12984 = AXIS2_PLACEMENT_3D('',#12985,#12986,#12987);
#12985 = CARTESIAN_POINT('',(-3.1,-31.115,4.9));
#12986 = DIRECTION('',(1.,-0.,0.));
#12987 = DIRECTION('',(0.,0.,-1.));
#12988 = PCURVE('',#11310,#12989);
#12989 = DEFINITIONAL_REPRESENTATION('',(#12990),#12993);
#12990 = B_SPLINE_CURVE_WITH_KNOTS('',1,(#12991,#12992),.UNSPECIFIED.,
  .F.,.F.,(2,2),(4.712388980385,6.28318530718),
  .PIECEWISE_BEZIER_KNOTS.);
#12991 = CARTESIAN_POINT('',(-1.570796326795,0.5));
#12992 = CARTESIAN_POINT('',(0.,0.5));
#12993 = ( GEOMETRIC_REPRESENTATION_CONTEXT(2) 
PARAMETRIC_REPRESENTATION_CONTEXT() REPRESENTATION_CONTEXT('2D SPACE',''
  ) );
#12994 = PCURVE('',#11342,#12995);
#12995 = DEFINITIONAL_REPRESENTATION('',(#12996),#12999);
#12996 = B_SPLINE_CURVE_WITH_KNOTS('',1,(#12997,#12998),.UNSPECIFIED.,
  .F.,.F.,(2,2),(4.712388980385,6.28318530718),
  .PIECEWISE_BEZIER_KNOTS.);
#12997 = CARTESIAN_POINT('',(0.,-1.570796326795));
#12998 = CARTESIAN_POINT('',(0.,0.));
#12999 = ( GEOMETRIC_REPRESENTATION_CONTEXT(2) 
PARAMETRIC_REPRESENTATION_CONTEXT() REPRESENTATION_CONTEXT('2D SPACE',''
  ) );
#13000 = ORIENTED_EDGE('',*,*,#13001,.T.);
#13001 = EDGE_CURVE('',#12915,#12822,#13002,.T.);
#13002 = SURFACE_CURVE('',#13003,(#13007,#13014),.PCURVE_S1.);
#13003 = LINE('',#13004,#13005);
#13004 = CARTESIAN_POINT('',(-3.6,-31.615,4.9));
#13005 = VECTOR('',#13006,1.);
#13006 = DIRECTION('',(1.,0.,0.));
#13007 = PCURVE('',#11310,#13008);
#13008 = DEFINITIONAL_REPRESENTATION('',(#13009),#13013);
#13009 = LINE('',#13010,#13011);
#13010 = CARTESIAN_POINT('',(-1.570796326795,0.));
#13011 = VECTOR('',#13012,1.);
#13012 = DIRECTION('',(-0.,1.));
#13013 = ( GEOMETRIC_REPRESENTATION_CONTEXT(2) 
PARAMETRIC_REPRESENTATION_CONTEXT() REPRESENTATION_CONTEXT('2D SPACE',''
  ) );
#13014 = PCURVE('',#12258,#13015);
#13015 = DEFINITIONAL_REPRESENTATION('',(#13016),#13020);
#13016 = LINE('',#13017,#13018);
#13017 = CARTESIAN_POINT('',(0.5,0.));
#13018 = VECTOR('',#13019,1.);
#13019 = DIRECTION('',(0.,1.));
#13020 = ( GEOMETRIC_REPRESENTATION_CONTEXT(2) 
PARAMETRIC_REPRESENTATION_CONTEXT() REPRESENTATION_CONTEXT('2D SPACE',''
  ) );
#13021 = ORIENTED_EDGE('',*,*,#12890,.F.);
#13022 = ORIENTED_EDGE('',*,*,#11296,.F.);
#13023 = ADVANCED_FACE('',(#13024),#11342,.T.);
#13024 = FACE_BOUND('',#13025,.T.);
#13025 = EDGE_LOOP('',(#13026,#13027,#13028));
#13026 = ORIENTED_EDGE('',*,*,#12981,.F.);
#13027 = ORIENTED_EDGE('',*,*,#12914,.T.);
#13028 = ORIENTED_EDGE('',*,*,#11327,.F.);
#13029 = ADVANCED_FACE('',(#13030),#11425,.T.);
#13030 = FACE_BOUND('',#13031,.T.);
#13031 = EDGE_LOOP('',(#13032,#13033,#13057,#13078));
#13032 = ORIENTED_EDGE('',*,*,#11409,.F.);
#13033 = ORIENTED_EDGE('',*,*,#13034,.T.);
#13034 = EDGE_CURVE('',#11387,#13035,#13037,.T.);
#13035 = VERTEX_POINT('',#13036);
#13036 = CARTESIAN_POINT('',(3.1,31.615,4.9));
#13037 = SURFACE_CURVE('',#13038,(#13043,#13050),.PCURVE_S1.);
#13038 = CIRCLE('',#13039,0.5);
#13039 = AXIS2_PLACEMENT_3D('',#13040,#13041,#13042);
#13040 = CARTESIAN_POINT('',(3.1,31.115,4.9));
#13041 = DIRECTION('',(0.,0.,1.));
#13042 = DIRECTION('',(1.,0.,-0.));
#13043 = PCURVE('',#11425,#13044);
#13044 = DEFINITIONAL_REPRESENTATION('',(#13045),#13049);
#13045 = LINE('',#13046,#13047);
#13046 = CARTESIAN_POINT('',(0.,0.5));
#13047 = VECTOR('',#13048,1.);
#13048 = DIRECTION('',(1.,0.));
#13049 = ( GEOMETRIC_REPRESENTATION_CONTEXT(2) 
PARAMETRIC_REPRESENTATION_CONTEXT() REPRESENTATION_CONTEXT('2D SPACE',''
  ) );
#13050 = PCURVE('',#11526,#13051);
#13051 = DEFINITIONAL_REPRESENTATION('',(#13052),#13056);
#13052 = LINE('',#13053,#13054);
#13053 = CARTESIAN_POINT('',(0.,0.));
#13054 = VECTOR('',#13055,1.);
#13055 = DIRECTION('',(1.,0.));
#13056 = ( GEOMETRIC_REPRESENTATION_CONTEXT(2) 
PARAMETRIC_REPRESENTATION_CONTEXT() REPRESENTATION_CONTEXT('2D SPACE',''
  ) );
#13057 = ORIENTED_EDGE('',*,*,#13058,.T.);
#13058 = EDGE_CURVE('',#13035,#12383,#13059,.T.);
#13059 = SURFACE_CURVE('',#13060,(#13064,#13071),.PCURVE_S1.);
#13060 = LINE('',#13061,#13062);
#13061 = CARTESIAN_POINT('',(3.1,31.615,4.4));
#13062 = VECTOR('',#13063,1.);
#13063 = DIRECTION('',(0.,0.,1.));
#13064 = PCURVE('',#11425,#13065);
#13065 = DEFINITIONAL_REPRESENTATION('',(#13066),#13070);
#13066 = LINE('',#13067,#13068);
#13067 = CARTESIAN_POINT('',(1.570796326795,0.));
#13068 = VECTOR('',#13069,1.);
#13069 = DIRECTION('',(0.,1.));
#13070 = ( GEOMETRIC_REPRESENTATION_CONTEXT(2) 
PARAMETRIC_REPRESENTATION_CONTEXT() REPRESENTATION_CONTEXT('2D SPACE',''
  ) );
#13071 = PCURVE('',#12398,#13072);
#13072 = DEFINITIONAL_REPRESENTATION('',(#13073),#13077);
#13073 = LINE('',#13074,#13075);
#13074 = CARTESIAN_POINT('',(0.,6.7));
#13075 = VECTOR('',#13076,1.);
#13076 = DIRECTION('',(1.,0.));
#13077 = ( GEOMETRIC_REPRESENTATION_CONTEXT(2) 
PARAMETRIC_REPRESENTATION_CONTEXT() REPRESENTATION_CONTEXT('2D SPACE',''
  ) );
#13078 = ORIENTED_EDGE('',*,*,#13079,.F.);
#13079 = EDGE_CURVE('',#11410,#12383,#13080,.T.);
#13080 = SURFACE_CURVE('',#13081,(#13086,#13092),.PCURVE_S1.);
#13081 = CIRCLE('',#13082,0.5);
#13082 = AXIS2_PLACEMENT_3D('',#13083,#13084,#13085);
#13083 = CARTESIAN_POINT('',(3.1,31.115,5.9));
#13084 = DIRECTION('',(0.,-6.123233995737E-17,1.));
#13085 = DIRECTION('',(0.,1.,6.123233995737E-17));
#13086 = PCURVE('',#11425,#13087);
#13087 = DEFINITIONAL_REPRESENTATION('',(#13088),#13091);
#13088 = B_SPLINE_CURVE_WITH_KNOTS('',1,(#13089,#13090),.UNSPECIFIED.,
  .F.,.F.,(2,2),(4.712388980385,6.28318530718),
  .PIECEWISE_BEZIER_KNOTS.);
#13089 = CARTESIAN_POINT('',(0.,1.5));
#13090 = CARTESIAN_POINT('',(1.570796326795,1.5));
#13091 = ( GEOMETRIC_REPRESENTATION_CONTEXT(2) 
PARAMETRIC_REPRESENTATION_CONTEXT() REPRESENTATION_CONTEXT('2D SPACE',''
  ) );
#13092 = PCURVE('',#12425,#13093);
#13093 = DEFINITIONAL_REPRESENTATION('',(#13094),#13097);
#13094 = B_SPLINE_CURVE_WITH_KNOTS('',1,(#13095,#13096),.UNSPECIFIED.,
  .F.,.F.,(2,2),(4.712388980385,6.28318530718),
  .PIECEWISE_BEZIER_KNOTS.);
#13095 = CARTESIAN_POINT('',(1.570796326795,-1.570796326795));
#13096 = CARTESIAN_POINT('',(1.570796326795,0.));
#13097 = ( GEOMETRIC_REPRESENTATION_CONTEXT(2) 
PARAMETRIC_REPRESENTATION_CONTEXT() REPRESENTATION_CONTEXT('2D SPACE',''
  ) );
#13098 = ADVANCED_FACE('',(#13099),#11526,.T.);
#13099 = FACE_BOUND('',#13100,.T.);
#13100 = EDGE_LOOP('',(#13101,#13102,#13122));
#13101 = ORIENTED_EDGE('',*,*,#11512,.F.);
#13102 = ORIENTED_EDGE('',*,*,#13103,.T.);
#13103 = EDGE_CURVE('',#11490,#13035,#13104,.T.);
#13104 = SURFACE_CURVE('',#13105,(#13110,#13116),.PCURVE_S1.);
#13105 = CIRCLE('',#13106,0.5);
#13106 = AXIS2_PLACEMENT_3D('',#13107,#13108,#13109);
#13107 = CARTESIAN_POINT('',(3.1,31.115,4.9));
#13108 = DIRECTION('',(1.,-6.123233995737E-17,0.));
#13109 = DIRECTION('',(6.123233995737E-17,1.,0.));
#13110 = PCURVE('',#11526,#13111);
#13111 = DEFINITIONAL_REPRESENTATION('',(#13112),#13115);
#13112 = B_SPLINE_CURVE_WITH_KNOTS('',1,(#13113,#13114),.UNSPECIFIED.,
  .F.,.F.,(2,2),(4.712388980385,6.28318530718),
  .PIECEWISE_BEZIER_KNOTS.);
#13113 = CARTESIAN_POINT('',(1.570796326795,-1.570796326795));
#13114 = CARTESIAN_POINT('',(1.570796326795,0.));
#13115 = ( GEOMETRIC_REPRESENTATION_CONTEXT(2) 
PARAMETRIC_REPRESENTATION_CONTEXT() REPRESENTATION_CONTEXT('2D SPACE',''
  ) );
#13116 = PCURVE('',#11634,#13117);
#13117 = DEFINITIONAL_REPRESENTATION('',(#13118),#13121);
#13118 = B_SPLINE_CURVE_WITH_KNOTS('',1,(#13119,#13120),.UNSPECIFIED.,
  .F.,.F.,(2,2),(4.712388980385,6.28318530718),
  .PIECEWISE_BEZIER_KNOTS.);
#13119 = CARTESIAN_POINT('',(0.,6.7));
#13120 = CARTESIAN_POINT('',(1.570796326795,6.7));
#13121 = ( GEOMETRIC_REPRESENTATION_CONTEXT(2) 
PARAMETRIC_REPRESENTATION_CONTEXT() REPRESENTATION_CONTEXT('2D SPACE',''
  ) );
#13122 = ORIENTED_EDGE('',*,*,#13034,.F.);
#13123 = ADVANCED_FACE('',(#13124),#11580,.T.);
#13124 = FACE_BOUND('',#13125,.F.);
#13125 = EDGE_LOOP('',(#13126,#13148,#13169,#13189));
#13126 = ORIENTED_EDGE('',*,*,#13127,.F.);
#13127 = EDGE_CURVE('',#13128,#11542,#13130,.T.);
#13128 = VERTEX_POINT('',#13129);
#13129 = CARTESIAN_POINT('',(-3.1,31.615,4.9));
#13130 = SURFACE_CURVE('',#13131,(#13136,#13142),.PCURVE_S1.);
#13131 = CIRCLE('',#13132,0.5);
#13132 = AXIS2_PLACEMENT_3D('',#13133,#13134,#13135);
#13133 = CARTESIAN_POINT('',(-3.1,31.115,4.9));
#13134 = DIRECTION('',(-6.123233995737E-17,0.,1.));
#13135 = DIRECTION('',(-1.,0.,-6.123233995737E-17));
#13136 = PCURVE('',#11580,#13137);
#13137 = DEFINITIONAL_REPRESENTATION('',(#13138),#13141);
#13138 = B_SPLINE_CURVE_WITH_KNOTS('',1,(#13139,#13140),.UNSPECIFIED.,
  .F.,.F.,(2,2),(4.712388980385,6.28318530718),
  .PIECEWISE_BEZIER_KNOTS.);
#13139 = CARTESIAN_POINT('',(-1.570796326795,0.5));
#13140 = CARTESIAN_POINT('',(0.,0.5));
#13141 = ( GEOMETRIC_REPRESENTATION_CONTEXT(2) 
PARAMETRIC_REPRESENTATION_CONTEXT() REPRESENTATION_CONTEXT('2D SPACE',''
  ) );
#13142 = PCURVE('',#11688,#13143);
#13143 = DEFINITIONAL_REPRESENTATION('',(#13144),#13147);
#13144 = B_SPLINE_CURVE_WITH_KNOTS('',1,(#13145,#13146),.UNSPECIFIED.,
  .F.,.F.,(2,2),(4.712388980385,6.28318530718),
  .PIECEWISE_BEZIER_KNOTS.);
#13145 = CARTESIAN_POINT('',(-1.570796326795,-1.570796326795));
#13146 = CARTESIAN_POINT('',(-1.570796326795,0.));
#13147 = ( GEOMETRIC_REPRESENTATION_CONTEXT(2) 
PARAMETRIC_REPRESENTATION_CONTEXT() REPRESENTATION_CONTEXT('2D SPACE',''
  ) );
#13148 = ORIENTED_EDGE('',*,*,#13149,.T.);
#13149 = EDGE_CURVE('',#13128,#12361,#13150,.T.);
#13150 = SURFACE_CURVE('',#13151,(#13155,#13162),.PCURVE_S1.);
#13151 = LINE('',#13152,#13153);
#13152 = CARTESIAN_POINT('',(-3.1,31.615,4.4));
#13153 = VECTOR('',#13154,1.);
#13154 = DIRECTION('',(0.,0.,1.));
#13155 = PCURVE('',#11580,#13156);
#13156 = DEFINITIONAL_REPRESENTATION('',(#13157),#13161);
#13157 = LINE('',#13158,#13159);
#13158 = CARTESIAN_POINT('',(-1.570796326795,0.));
#13159 = VECTOR('',#13160,1.);
#13160 = DIRECTION('',(-0.,1.));
#13161 = ( GEOMETRIC_REPRESENTATION_CONTEXT(2) 
PARAMETRIC_REPRESENTATION_CONTEXT() REPRESENTATION_CONTEXT('2D SPACE',''
  ) );
#13162 = PCURVE('',#12398,#13163);
#13163 = DEFINITIONAL_REPRESENTATION('',(#13164),#13168);
#13164 = LINE('',#13165,#13166);
#13165 = CARTESIAN_POINT('',(0.,0.5));
#13166 = VECTOR('',#13167,1.);
#13167 = DIRECTION('',(1.,0.));
#13168 = ( GEOMETRIC_REPRESENTATION_CONTEXT(2) 
PARAMETRIC_REPRESENTATION_CONTEXT() REPRESENTATION_CONTEXT('2D SPACE',''
  ) );
#13169 = ORIENTED_EDGE('',*,*,#13170,.T.);
#13170 = EDGE_CURVE('',#12361,#11565,#13171,.T.);
#13171 = SURFACE_CURVE('',#13172,(#13177,#13183),.PCURVE_S1.);
#13172 = CIRCLE('',#13173,0.5);
#13173 = AXIS2_PLACEMENT_3D('',#13174,#13175,#13176);
#13174 = CARTESIAN_POINT('',(-3.1,31.115,5.9));
#13175 = DIRECTION('',(6.123233995737E-17,0.,1.));
#13176 = DIRECTION('',(-1.,0.,6.123233995737E-17));
#13177 = PCURVE('',#11580,#13178);
#13178 = DEFINITIONAL_REPRESENTATION('',(#13179),#13182);
#13179 = B_SPLINE_CURVE_WITH_KNOTS('',1,(#13180,#13181),.UNSPECIFIED.,
  .F.,.F.,(2,2),(4.712388980385,6.28318530718),
  .PIECEWISE_BEZIER_KNOTS.);
#13180 = CARTESIAN_POINT('',(-1.570796326795,1.5));
#13181 = CARTESIAN_POINT('',(0.,1.5));
#13182 = ( GEOMETRIC_REPRESENTATION_CONTEXT(2) 
PARAMETRIC_REPRESENTATION_CONTEXT() REPRESENTATION_CONTEXT('2D SPACE',''
  ) );
#13183 = PCURVE('',#12344,#13184);
#13184 = DEFINITIONAL_REPRESENTATION('',(#13185),#13188);
#13185 = B_SPLINE_CURVE_WITH_KNOTS('',1,(#13186,#13187),.UNSPECIFIED.,
  .F.,.F.,(2,2),(4.712388980385,6.28318530718),
  .PIECEWISE_BEZIER_KNOTS.);
#13186 = CARTESIAN_POINT('',(1.570796326795,-1.570796326795));
#13187 = CARTESIAN_POINT('',(1.570796326795,0.));
#13188 = ( GEOMETRIC_REPRESENTATION_CONTEXT(2) 
PARAMETRIC_REPRESENTATION_CONTEXT() REPRESENTATION_CONTEXT('2D SPACE',''
  ) );
#13189 = ORIENTED_EDGE('',*,*,#11564,.F.);
#13190 = ADVANCED_FACE('',(#13191),#11634,.T.);
#13191 = FACE_BOUND('',#13192,.T.);
#13192 = EDGE_LOOP('',(#13193,#13213,#13234,#13235));
#13193 = ORIENTED_EDGE('',*,*,#13194,.F.);
#13194 = EDGE_CURVE('',#13128,#11619,#13195,.T.);
#13195 = SURFACE_CURVE('',#13196,(#13201,#13207),.PCURVE_S1.);
#13196 = CIRCLE('',#13197,0.5);
#13197 = AXIS2_PLACEMENT_3D('',#13198,#13199,#13200);
#13198 = CARTESIAN_POINT('',(-3.1,31.115,4.9));
#13199 = DIRECTION('',(-1.,0.,0.));
#13200 = DIRECTION('',(0.,0.,-1.));
#13201 = PCURVE('',#11634,#13202);
#13202 = DEFINITIONAL_REPRESENTATION('',(#13203),#13206);
#13203 = B_SPLINE_CURVE_WITH_KNOTS('',1,(#13204,#13205),.UNSPECIFIED.,
  .F.,.F.,(2,2),(4.712388980385,6.28318530718),
  .PIECEWISE_BEZIER_KNOTS.);
#13204 = CARTESIAN_POINT('',(1.570796326795,0.5));
#13205 = CARTESIAN_POINT('',(0.,0.5));
#13206 = ( GEOMETRIC_REPRESENTATION_CONTEXT(2) 
PARAMETRIC_REPRESENTATION_CONTEXT() REPRESENTATION_CONTEXT('2D SPACE',''
  ) );
#13207 = PCURVE('',#11688,#13208);
#13208 = DEFINITIONAL_REPRESENTATION('',(#13209),#13212);
#13209 = B_SPLINE_CURVE_WITH_KNOTS('',1,(#13210,#13211),.UNSPECIFIED.,
  .F.,.F.,(2,2),(4.712388980385,6.28318530718),
  .PIECEWISE_BEZIER_KNOTS.);
#13210 = CARTESIAN_POINT('',(0.,-1.570796326795));
#13211 = CARTESIAN_POINT('',(0.,0.));
#13212 = ( GEOMETRIC_REPRESENTATION_CONTEXT(2) 
PARAMETRIC_REPRESENTATION_CONTEXT() REPRESENTATION_CONTEXT('2D SPACE',''
  ) );
#13213 = ORIENTED_EDGE('',*,*,#13214,.T.);
#13214 = EDGE_CURVE('',#13128,#13035,#13215,.T.);
#13215 = SURFACE_CURVE('',#13216,(#13220,#13227),.PCURVE_S1.);
#13216 = LINE('',#13217,#13218);
#13217 = CARTESIAN_POINT('',(-3.6,31.615,4.9));
#13218 = VECTOR('',#13219,1.);
#13219 = DIRECTION('',(1.,0.,0.));
#13220 = PCURVE('',#11634,#13221);
#13221 = DEFINITIONAL_REPRESENTATION('',(#13222),#13226);
#13222 = LINE('',#13223,#13224);
#13223 = CARTESIAN_POINT('',(1.570796326795,0.));
#13224 = VECTOR('',#13225,1.);
#13225 = DIRECTION('',(0.,1.));
#13226 = ( GEOMETRIC_REPRESENTATION_CONTEXT(2) 
PARAMETRIC_REPRESENTATION_CONTEXT() REPRESENTATION_CONTEXT('2D SPACE',''
  ) );
#13227 = PCURVE('',#12398,#13228);
#13228 = DEFINITIONAL_REPRESENTATION('',(#13229),#13233);
#13229 = LINE('',#13230,#13231);
#13230 = CARTESIAN_POINT('',(0.5,0.));
#13231 = VECTOR('',#13232,1.);
#13232 = DIRECTION('',(0.,1.));
#13233 = ( GEOMETRIC_REPRESENTATION_CONTEXT(2) 
PARAMETRIC_REPRESENTATION_CONTEXT() REPRESENTATION_CONTEXT('2D SPACE',''
  ) );
#13234 = ORIENTED_EDGE('',*,*,#13103,.F.);
#13235 = ORIENTED_EDGE('',*,*,#11618,.F.);
#13236 = ADVANCED_FACE('',(#13237),#11688,.T.);
#13237 = FACE_BOUND('',#13238,.F.);
#13238 = EDGE_LOOP('',(#13239,#13240,#13241));
#13239 = ORIENTED_EDGE('',*,*,#13194,.F.);
#13240 = ORIENTED_EDGE('',*,*,#13127,.T.);
#13241 = ORIENTED_EDGE('',*,*,#11673,.F.);
#13242 = ADVANCED_FACE('',(#13243),#11769,.T.);
#13243 = FACE_BOUND('',#13244,.F.);
#13244 = EDGE_LOOP('',(#13245,#13267,#13288,#13308));
#13245 = ORIENTED_EDGE('',*,*,#13246,.F.);
#13246 = EDGE_CURVE('',#13247,#11754,#13249,.T.);
#13247 = VERTEX_POINT('',#13248);
#13248 = CARTESIAN_POINT('',(31.615,3.1,4.9));
#13249 = SURFACE_CURVE('',#13250,(#13255,#13261),.PCURVE_S1.);
#13250 = CIRCLE('',#13251,0.5);
#13251 = AXIS2_PLACEMENT_3D('',#13252,#13253,#13254);
#13252 = CARTESIAN_POINT('',(31.115,3.1,4.9));
#13253 = DIRECTION('',(0.,-0.,1.));
#13254 = DIRECTION('',(0.,1.,0.));
#13255 = PCURVE('',#11769,#13256);
#13256 = DEFINITIONAL_REPRESENTATION('',(#13257),#13260);
#13257 = B_SPLINE_CURVE_WITH_KNOTS('',1,(#13258,#13259),.UNSPECIFIED.,
  .F.,.F.,(2,2),(4.712388980385,6.28318530718),
  .PIECEWISE_BEZIER_KNOTS.);
#13258 = CARTESIAN_POINT('',(-1.570796326795,0.5));
#13259 = CARTESIAN_POINT('',(0.,0.5));
#13260 = ( GEOMETRIC_REPRESENTATION_CONTEXT(2) 
PARAMETRIC_REPRESENTATION_CONTEXT() REPRESENTATION_CONTEXT('2D SPACE',''
  ) );
#13261 = PCURVE('',#11871,#13262);
#13262 = DEFINITIONAL_REPRESENTATION('',(#13263),#13266);
#13263 = B_SPLINE_CURVE_WITH_KNOTS('',1,(#13264,#13265),.UNSPECIFIED.,
  .F.,.F.,(2,2),(4.712388980385,6.28318530718),
  .PIECEWISE_BEZIER_KNOTS.);
#13264 = CARTESIAN_POINT('',(0.,-1.570796326795));
#13265 = CARTESIAN_POINT('',(0.,0.));
#13266 = ( GEOMETRIC_REPRESENTATION_CONTEXT(2) 
PARAMETRIC_REPRESENTATION_CONTEXT() REPRESENTATION_CONTEXT('2D SPACE',''
  ) );
#13267 = ORIENTED_EDGE('',*,*,#13268,.T.);
#13268 = EDGE_CURVE('',#13247,#12523,#13269,.T.);
#13269 = SURFACE_CURVE('',#13270,(#13274,#13281),.PCURVE_S1.);
#13270 = LINE('',#13271,#13272);
#13271 = CARTESIAN_POINT('',(31.615,3.1,4.4));
#13272 = VECTOR('',#13273,1.);
#13273 = DIRECTION('',(0.,0.,1.));
#13274 = PCURVE('',#11769,#13275);
#13275 = DEFINITIONAL_REPRESENTATION('',(#13276),#13280);
#13276 = LINE('',#13277,#13278);
#13277 = CARTESIAN_POINT('',(-1.570796326795,0.));
#13278 = VECTOR('',#13279,1.);
#13279 = DIRECTION('',(-0.,1.));
#13280 = ( GEOMETRIC_REPRESENTATION_CONTEXT(2) 
PARAMETRIC_REPRESENTATION_CONTEXT() REPRESENTATION_CONTEXT('2D SPACE',''
  ) );
#13281 = PCURVE('',#12538,#13282);
#13282 = DEFINITIONAL_REPRESENTATION('',(#13283),#13287);
#13283 = LINE('',#13284,#13285);
#13284 = CARTESIAN_POINT('',(0.,-6.7));
#13285 = VECTOR('',#13286,1.);
#13286 = DIRECTION('',(1.,0.));
#13287 = ( GEOMETRIC_REPRESENTATION_CONTEXT(2) 
PARAMETRIC_REPRESENTATION_CONTEXT() REPRESENTATION_CONTEXT('2D SPACE',''
  ) );
#13288 = ORIENTED_EDGE('',*,*,#13289,.F.);
#13289 = EDGE_CURVE('',#11731,#12523,#13290,.T.);
#13290 = SURFACE_CURVE('',#13291,(#13296,#13302),.PCURVE_S1.);
#13291 = CIRCLE('',#13292,0.5);
#13292 = AXIS2_PLACEMENT_3D('',#13293,#13294,#13295);
#13293 = CARTESIAN_POINT('',(31.115,3.1,5.9));
#13294 = DIRECTION('',(6.123233995737E-17,0.,-1.));
#13295 = DIRECTION('',(1.,0.,6.123233995737E-17));
#13296 = PCURVE('',#11769,#13297);
#13297 = DEFINITIONAL_REPRESENTATION('',(#13298),#13301);
#13298 = B_SPLINE_CURVE_WITH_KNOTS('',1,(#13299,#13300),.UNSPECIFIED.,
  .F.,.F.,(2,2),(4.712388980385,6.28318530718),
  .PIECEWISE_BEZIER_KNOTS.);
#13299 = CARTESIAN_POINT('',(0.,1.5));
#13300 = CARTESIAN_POINT('',(-1.570796326795,1.5));
#13301 = ( GEOMETRIC_REPRESENTATION_CONTEXT(2) 
PARAMETRIC_REPRESENTATION_CONTEXT() REPRESENTATION_CONTEXT('2D SPACE',''
  ) );
#13302 = PCURVE('',#12565,#13303);
#13303 = DEFINITIONAL_REPRESENTATION('',(#13304),#13307);
#13304 = B_SPLINE_CURVE_WITH_KNOTS('',1,(#13305,#13306),.UNSPECIFIED.,
  .F.,.F.,(2,2),(4.712388980385,6.28318530718),
  .PIECEWISE_BEZIER_KNOTS.);
#13305 = CARTESIAN_POINT('',(-1.570796326795,-1.570796326795));
#13306 = CARTESIAN_POINT('',(-1.570796326795,0.));
#13307 = ( GEOMETRIC_REPRESENTATION_CONTEXT(2) 
PARAMETRIC_REPRESENTATION_CONTEXT() REPRESENTATION_CONTEXT('2D SPACE',''
  ) );
#13308 = ORIENTED_EDGE('',*,*,#11753,.F.);
#13309 = ADVANCED_FACE('',(#13310),#11871,.T.);
#13310 = FACE_BOUND('',#13311,.T.);
#13311 = EDGE_LOOP('',(#13312,#13313,#13333));
#13312 = ORIENTED_EDGE('',*,*,#13246,.F.);
#13313 = ORIENTED_EDGE('',*,*,#13314,.T.);
#13314 = EDGE_CURVE('',#13247,#11834,#13315,.T.);
#13315 = SURFACE_CURVE('',#13316,(#13321,#13327),.PCURVE_S1.);
#13316 = CIRCLE('',#13317,0.5);
#13317 = AXIS2_PLACEMENT_3D('',#13318,#13319,#13320);
#13318 = CARTESIAN_POINT('',(31.115,3.1,4.9));
#13319 = DIRECTION('',(0.,1.,6.123233995737E-17));
#13320 = DIRECTION('',(0.,6.123233995737E-17,-1.));
#13321 = PCURVE('',#11871,#13322);
#13322 = DEFINITIONAL_REPRESENTATION('',(#13323),#13326);
#13323 = B_SPLINE_CURVE_WITH_KNOTS('',1,(#13324,#13325),.UNSPECIFIED.,
  .F.,.F.,(2,2),(4.712388980385,6.28318530718),
  .PIECEWISE_BEZIER_KNOTS.);
#13324 = CARTESIAN_POINT('',(1.570796326795,-1.570796326795));
#13325 = CARTESIAN_POINT('',(1.570796326795,0.));
#13326 = ( GEOMETRIC_REPRESENTATION_CONTEXT(2) 
PARAMETRIC_REPRESENTATION_CONTEXT() REPRESENTATION_CONTEXT('2D SPACE',''
  ) );
#13327 = PCURVE('',#12000,#13328);
#13328 = DEFINITIONAL_REPRESENTATION('',(#13329),#13332);
#13329 = B_SPLINE_CURVE_WITH_KNOTS('',1,(#13330,#13331),.UNSPECIFIED.,
  .F.,.F.,(2,2),(4.712388980385,6.28318530718),
  .PIECEWISE_BEZIER_KNOTS.);
#13330 = CARTESIAN_POINT('',(-1.570796326795,6.7));
#13331 = CARTESIAN_POINT('',(0.,6.7));
#13332 = ( GEOMETRIC_REPRESENTATION_CONTEXT(2) 
PARAMETRIC_REPRESENTATION_CONTEXT() REPRESENTATION_CONTEXT('2D SPACE',''
  ) );
#13333 = ORIENTED_EDGE('',*,*,#11856,.F.);
#13334 = ADVANCED_FACE('',(#13335),#11926,.T.);
#13335 = FACE_BOUND('',#13336,.T.);
#13336 = EDGE_LOOP('',(#13337,#13359,#13380,#13400));
#13337 = ORIENTED_EDGE('',*,*,#13338,.T.);
#13338 = EDGE_CURVE('',#11911,#13339,#13341,.T.);
#13339 = VERTEX_POINT('',#13340);
#13340 = CARTESIAN_POINT('',(31.615,-3.1,4.9));
#13341 = SURFACE_CURVE('',#13342,(#13347,#13353),.PCURVE_S1.);
#13342 = CIRCLE('',#13343,0.5);
#13343 = AXIS2_PLACEMENT_3D('',#13344,#13345,#13346);
#13344 = CARTESIAN_POINT('',(31.115,-3.1,4.9));
#13345 = DIRECTION('',(6.123233995737E-17,-0.,1.));
#13346 = DIRECTION('',(1.,0.,-6.123233995737E-17));
#13347 = PCURVE('',#11926,#13348);
#13348 = DEFINITIONAL_REPRESENTATION('',(#13349),#13352);
#13349 = B_SPLINE_CURVE_WITH_KNOTS('',1,(#13350,#13351),.UNSPECIFIED.,
  .F.,.F.,(2,2),(4.712388980385,6.28318530718),
  .PIECEWISE_BEZIER_KNOTS.);
#13350 = CARTESIAN_POINT('',(0.,0.5));
#13351 = CARTESIAN_POINT('',(1.570796326795,0.5));
#13352 = ( GEOMETRIC_REPRESENTATION_CONTEXT(2) 
PARAMETRIC_REPRESENTATION_CONTEXT() REPRESENTATION_CONTEXT('2D SPACE',''
  ) );
#13353 = PCURVE('',#12033,#13354);
#13354 = DEFINITIONAL_REPRESENTATION('',(#13355),#13358);
#13355 = B_SPLINE_CURVE_WITH_KNOTS('',1,(#13356,#13357),.UNSPECIFIED.,
  .F.,.F.,(2,2),(4.712388980385,6.28318530718),
  .PIECEWISE_BEZIER_KNOTS.);
#13356 = CARTESIAN_POINT('',(-1.570796326795,-1.570796326795));
#13357 = CARTESIAN_POINT('',(-1.570796326795,0.));
#13358 = ( GEOMETRIC_REPRESENTATION_CONTEXT(2) 
PARAMETRIC_REPRESENTATION_CONTEXT() REPRESENTATION_CONTEXT('2D SPACE',''
  ) );
#13359 = ORIENTED_EDGE('',*,*,#13360,.T.);
#13360 = EDGE_CURVE('',#13339,#12501,#13361,.T.);
#13361 = SURFACE_CURVE('',#13362,(#13366,#13373),.PCURVE_S1.);
#13362 = LINE('',#13363,#13364);
#13363 = CARTESIAN_POINT('',(31.615,-3.1,4.4));
#13364 = VECTOR('',#13365,1.);
#13365 = DIRECTION('',(0.,0.,1.));
#13366 = PCURVE('',#11926,#13367);
#13367 = DEFINITIONAL_REPRESENTATION('',(#13368),#13372);
#13368 = LINE('',#13369,#13370);
#13369 = CARTESIAN_POINT('',(1.570796326795,0.));
#13370 = VECTOR('',#13371,1.);
#13371 = DIRECTION('',(0.,1.));
#13372 = ( GEOMETRIC_REPRESENTATION_CONTEXT(2) 
PARAMETRIC_REPRESENTATION_CONTEXT() REPRESENTATION_CONTEXT('2D SPACE',''
  ) );
#13373 = PCURVE('',#12538,#13374);
#13374 = DEFINITIONAL_REPRESENTATION('',(#13375),#13379);
#13375 = LINE('',#13376,#13377);
#13376 = CARTESIAN_POINT('',(0.,-0.5));
#13377 = VECTOR('',#13378,1.);
#13378 = DIRECTION('',(1.,0.));
#13379 = ( GEOMETRIC_REPRESENTATION_CONTEXT(2) 
PARAMETRIC_REPRESENTATION_CONTEXT() REPRESENTATION_CONTEXT('2D SPACE',''
  ) );
#13380 = ORIENTED_EDGE('',*,*,#13381,.T.);
#13381 = EDGE_CURVE('',#12501,#11888,#13382,.T.);
#13382 = SURFACE_CURVE('',#13383,(#13388,#13394),.PCURVE_S1.);
#13383 = CIRCLE('',#13384,0.5);
#13384 = AXIS2_PLACEMENT_3D('',#13385,#13386,#13387);
#13385 = CARTESIAN_POINT('',(31.115,-3.1,5.9));
#13386 = DIRECTION('',(0.,-6.123233995737E-17,-1.));
#13387 = DIRECTION('',(0.,-1.,6.123233995737E-17));
#13388 = PCURVE('',#11926,#13389);
#13389 = DEFINITIONAL_REPRESENTATION('',(#13390),#13393);
#13390 = B_SPLINE_CURVE_WITH_KNOTS('',1,(#13391,#13392),.UNSPECIFIED.,
  .F.,.F.,(2,2),(4.712388980385,6.28318530718),
  .PIECEWISE_BEZIER_KNOTS.);
#13391 = CARTESIAN_POINT('',(1.570796326795,1.5));
#13392 = CARTESIAN_POINT('',(0.,1.5));
#13393 = ( GEOMETRIC_REPRESENTATION_CONTEXT(2) 
PARAMETRIC_REPRESENTATION_CONTEXT() REPRESENTATION_CONTEXT('2D SPACE',''
  ) );
#13394 = PCURVE('',#12484,#13395);
#13395 = DEFINITIONAL_REPRESENTATION('',(#13396),#13399);
#13396 = B_SPLINE_CURVE_WITH_KNOTS('',1,(#13397,#13398),.UNSPECIFIED.,
  .F.,.F.,(2,2),(4.712388980385,6.28318530718),
  .PIECEWISE_BEZIER_KNOTS.);
#13397 = CARTESIAN_POINT('',(-1.570796326795,-1.570796326795));
#13398 = CARTESIAN_POINT('',(-1.570796326795,0.));
#13399 = ( GEOMETRIC_REPRESENTATION_CONTEXT(2) 
PARAMETRIC_REPRESENTATION_CONTEXT() REPRESENTATION_CONTEXT('2D SPACE',''
  ) );
#13400 = ORIENTED_EDGE('',*,*,#11910,.F.);
#13401 = ADVANCED_FACE('',(#13402),#12000,.T.);
#13402 = FACE_BOUND('',#13403,.F.);
#13403 = EDGE_LOOP('',(#13404,#13405,#13427,#13448));
#13404 = ORIENTED_EDGE('',*,*,#11986,.F.);
#13405 = ORIENTED_EDGE('',*,*,#13406,.T.);
#13406 = EDGE_CURVE('',#11964,#13339,#13407,.T.);
#13407 = SURFACE_CURVE('',#13408,(#13413,#13420),.PCURVE_S1.);
#13408 = CIRCLE('',#13409,0.5);
#13409 = AXIS2_PLACEMENT_3D('',#13410,#13411,#13412);
#13410 = CARTESIAN_POINT('',(31.115,-3.1,4.9));
#13411 = DIRECTION('',(0.,-1.,-0.));
#13412 = DIRECTION('',(0.,0.,-1.));
#13413 = PCURVE('',#12000,#13414);
#13414 = DEFINITIONAL_REPRESENTATION('',(#13415),#13419);
#13415 = LINE('',#13416,#13417);
#13416 = CARTESIAN_POINT('',(-0.,0.5));
#13417 = VECTOR('',#13418,1.);
#13418 = DIRECTION('',(-1.,0.));
#13419 = ( GEOMETRIC_REPRESENTATION_CONTEXT(2) 
PARAMETRIC_REPRESENTATION_CONTEXT() REPRESENTATION_CONTEXT('2D SPACE',''
  ) );
#13420 = PCURVE('',#12033,#13421);
#13421 = DEFINITIONAL_REPRESENTATION('',(#13422),#13426);
#13422 = LINE('',#13423,#13424);
#13423 = CARTESIAN_POINT('',(-0.,0.));
#13424 = VECTOR('',#13425,1.);
#13425 = DIRECTION('',(-1.,0.));
#13426 = ( GEOMETRIC_REPRESENTATION_CONTEXT(2) 
PARAMETRIC_REPRESENTATION_CONTEXT() REPRESENTATION_CONTEXT('2D SPACE',''
  ) );
#13427 = ORIENTED_EDGE('',*,*,#13428,.T.);
#13428 = EDGE_CURVE('',#13339,#13247,#13429,.T.);
#13429 = SURFACE_CURVE('',#13430,(#13434,#13441),.PCURVE_S1.);
#13430 = LINE('',#13431,#13432);
#13431 = CARTESIAN_POINT('',(31.615,-3.6,4.9));
#13432 = VECTOR('',#13433,1.);
#13433 = DIRECTION('',(0.,1.,0.));
#13434 = PCURVE('',#12000,#13435);
#13435 = DEFINITIONAL_REPRESENTATION('',(#13436),#13440);
#13436 = LINE('',#13437,#13438);
#13437 = CARTESIAN_POINT('',(-1.570796326795,0.));
#13438 = VECTOR('',#13439,1.);
#13439 = DIRECTION('',(-0.,1.));
#13440 = ( GEOMETRIC_REPRESENTATION_CONTEXT(2) 
PARAMETRIC_REPRESENTATION_CONTEXT() REPRESENTATION_CONTEXT('2D SPACE',''
  ) );
#13441 = PCURVE('',#12538,#13442);
#13442 = DEFINITIONAL_REPRESENTATION('',(#13443),#13447);
#13443 = LINE('',#13444,#13445);
#13444 = CARTESIAN_POINT('',(0.5,0.));
#13445 = VECTOR('',#13446,1.);
#13446 = DIRECTION('',(0.,-1.));
#13447 = ( GEOMETRIC_REPRESENTATION_CONTEXT(2) 
PARAMETRIC_REPRESENTATION_CONTEXT() REPRESENTATION_CONTEXT('2D SPACE',''
  ) );
#13448 = ORIENTED_EDGE('',*,*,#13314,.T.);
#13449 = ADVANCED_FACE('',(#13450),#12033,.T.);
#13450 = FACE_BOUND('',#13451,.F.);
#13451 = EDGE_LOOP('',(#13452,#13453,#13454));
#13452 = ORIENTED_EDGE('',*,*,#12019,.F.);
#13453 = ORIENTED_EDGE('',*,*,#13338,.T.);
#13454 = ORIENTED_EDGE('',*,*,#13406,.F.);
#13455 = ADVANCED_FACE('',(#13456),#12063,.T.);
#13456 = FACE_BOUND('',#13457,.T.);
#13457 = EDGE_LOOP('',(#13458,#13459,#13460));
#13458 = ORIENTED_EDGE('',*,*,#12080,.F.);
#13459 = ORIENTED_EDGE('',*,*,#12742,.T.);
#13460 = ORIENTED_EDGE('',*,*,#12048,.F.);
#13461 = ADVANCED_FACE('',(#13462),#12118,.F.);
#13462 = FACE_BOUND('',#13463,.F.);
#13463 = EDGE_LOOP('',(#13464,#13465,#13466,#13467));
#13464 = ORIENTED_EDGE('',*,*,#12102,.F.);
#13465 = ORIENTED_EDGE('',*,*,#12721,.F.);
#13466 = ORIENTED_EDGE('',*,*,#12789,.T.);
#13467 = ORIENTED_EDGE('',*,*,#12629,.T.);
#13468 = ADVANCED_FACE('',(#13469),#12145,.T.);
#13469 = FACE_BOUND('',#13470,.T.);
#13470 = EDGE_LOOP('',(#13471,#13472,#13473));
#13471 = ORIENTED_EDGE('',*,*,#12161,.F.);
#13472 = ORIENTED_EDGE('',*,*,#12650,.T.);
#13473 = ORIENTED_EDGE('',*,*,#12130,.F.);
#13474 = ADVANCED_FACE('',(#13475),#12203,.T.);
#13475 = FACE_BOUND('',#13476,.F.);
#13476 = EDGE_LOOP('',(#13477,#13478,#13479));
#13477 = ORIENTED_EDGE('',*,*,#12220,.F.);
#13478 = ORIENTED_EDGE('',*,*,#12957,.T.);
#13479 = ORIENTED_EDGE('',*,*,#12188,.F.);
#13480 = ADVANCED_FACE('',(#13481),#12258,.F.);
#13481 = FACE_BOUND('',#13482,.F.);
#13482 = EDGE_LOOP('',(#13483,#13484,#13485,#13486));
#13483 = ORIENTED_EDGE('',*,*,#12242,.T.);
#13484 = ORIENTED_EDGE('',*,*,#12845,.F.);
#13485 = ORIENTED_EDGE('',*,*,#13001,.F.);
#13486 = ORIENTED_EDGE('',*,*,#12936,.T.);
#13487 = ADVANCED_FACE('',(#13488),#12285,.T.);
#13488 = FACE_BOUND('',#13489,.F.);
#13489 = EDGE_LOOP('',(#13490,#13491,#13492));
#13490 = ORIENTED_EDGE('',*,*,#12301,.F.);
#13491 = ORIENTED_EDGE('',*,*,#12866,.T.);
#13492 = ORIENTED_EDGE('',*,*,#12270,.F.);
#13493 = ADVANCED_FACE('',(#13494),#12344,.T.);
#13494 = FACE_BOUND('',#13495,.T.);
#13495 = EDGE_LOOP('',(#13496,#13497,#13498));
#13496 = ORIENTED_EDGE('',*,*,#12360,.F.);
#13497 = ORIENTED_EDGE('',*,*,#13170,.T.);
#13498 = ORIENTED_EDGE('',*,*,#12329,.F.);
#13499 = ADVANCED_FACE('',(#13500),#12398,.T.);
#13500 = FACE_BOUND('',#13501,.T.);
#13501 = EDGE_LOOP('',(#13502,#13503,#13504,#13505));
#13502 = ORIENTED_EDGE('',*,*,#12382,.T.);
#13503 = ORIENTED_EDGE('',*,*,#13058,.F.);
#13504 = ORIENTED_EDGE('',*,*,#13214,.F.);
#13505 = ORIENTED_EDGE('',*,*,#13149,.T.);
#13506 = ADVANCED_FACE('',(#13507),#12425,.T.);
#13507 = FACE_BOUND('',#13508,.T.);
#13508 = EDGE_LOOP('',(#13509,#13510,#13511));
#13509 = ORIENTED_EDGE('',*,*,#12443,.F.);
#13510 = ORIENTED_EDGE('',*,*,#13079,.T.);
#13511 = ORIENTED_EDGE('',*,*,#12410,.F.);
#13512 = ADVANCED_FACE('',(#13513),#12484,.T.);
#13513 = FACE_BOUND('',#13514,.F.);
#13514 = EDGE_LOOP('',(#13515,#13516,#13517));
#13515 = ORIENTED_EDGE('',*,*,#12500,.F.);
#13516 = ORIENTED_EDGE('',*,*,#13381,.T.);
#13517 = ORIENTED_EDGE('',*,*,#12469,.F.);
#13518 = ADVANCED_FACE('',(#13519),#12538,.T.);
#13519 = FACE_BOUND('',#13520,.T.);
#13520 = EDGE_LOOP('',(#13521,#13522,#13523,#13524));
#13521 = ORIENTED_EDGE('',*,*,#12522,.F.);
#13522 = ORIENTED_EDGE('',*,*,#13360,.F.);
#13523 = ORIENTED_EDGE('',*,*,#13428,.T.);
#13524 = ORIENTED_EDGE('',*,*,#13268,.T.);
#13525 = ADVANCED_FACE('',(#13526),#12565,.T.);
#13526 = FACE_BOUND('',#13527,.F.);
#13527 = EDGE_LOOP('',(#13528,#13529,#13530));
#13528 = ORIENTED_EDGE('',*,*,#12583,.F.);
#13529 = ORIENTED_EDGE('',*,*,#13289,.T.);
#13530 = ORIENTED_EDGE('',*,*,#12550,.F.);
#13531 = ( GEOMETRIC_REPRESENTATION_CONTEXT(3) 
GLOBAL_UNCERTAINTY_ASSIGNED_CONTEXT((#13535)) 
GLOBAL_UNIT_ASSIGNED_CONTEXT((#13532,#13533,#13534)) 
REPRESENTATION_CONTEXT('Context #1',
  '3D Context with UNIT and UNCERTAINTY') );
#13532 = ( LENGTH_UNIT() NAMED_UNIT(*) SI_UNIT(.MILLI.,.METRE.) );
#13533 = ( NAMED_UNIT(*) PLANE_ANGLE_UNIT() SI_UNIT($,.RADIAN.) );
#13534 = ( NAMED_UNIT(*) SI_UNIT($,.STERADIAN.) SOLID_ANGLE_UNIT() );
#13535 = UNCERTAINTY_MEASURE_WITH_UNIT(LENGTH_MEASURE(1.E-07),#13532,
  'distance_accuracy_value','confusion accuracy');
#13536 = PRODUCT_RELATED_PRODUCT_CATEGORY('part',$,(#7));
ENDSEC;
END-ISO-10303-21;
