{
  "params": {
    "step_path": "refs/BirdDog_MAKI-Live_3D-file.step",
    "out_dir": "models/maki_case",
    "front_overlap_mm": 0.1,
    "rear_overlap_mm": 0.1,
    "device_clearance_mm": 0.2,
    "shell_thickness_mm": 2.1,
    "bumper_extra_mm": 0.55,
    "bumper_band_depth_mm": 12.0,
    "end_clearance_mm": 0.2,
    "side_feature_clearance_mm": 0.35,
    "cutout_extra_mm": 0.25,
    "front_recess_depth_mm": 1.2,
    "front_recess_inset_mm": 3.0,
    "archive_legacy_separate_tpu_parts": true
  },
  "report": {
    "derived": {
      "shell_depth_mm": 120.72,
      "cap_thickness_mm": 2.4,
      "fusion_overlap_mm": {
        "front": 0.1,
        "rear": 0.1
      }
    },
    "sources": {
      "liner_report": {
        "mesh_bounds_mm": {
          "min": [
            -28.496482849121094,
            -28.496482849121094,
            -120.0999984741211
          ],
          "max": [
            28.496482849121094,
            28.496482849121094,
            5.626166512229247e-06
          ],
          "extents": [
            56.99296569824219,
            56.99296569824219,
            120.1000041002876
          ]
        },
        "profile_raw_mm": {
          "width": 55.978282586149206,
          "height": 55.978282270829695
        },
        "profile_scale": {
          "sx": 1.0180733914495106,
          "sy": 1.0180733971842062,
          "sz": 1.001831772624493
        },
        "step_side_features": {
          "vents_detected": 30,
          "vents_applied": 30,
          "tripod_detected": true,
          "tripod_applied": {
            "side": "neg",
            "x": 0.34221829986430846,
            "z": 52.70126909246757,
            "diameter": 9.751206546731504
          }
        },
        "derived": {
          "open_sleeve": true,
          "inner_depth_mm": 120.72,
          "shell_depth_mm": 120.72,
          "band_depth_mm": 12.0,
          "corner_radius_mm": {
            "base_section": 16.7871568579467,
            "inner": 16.9871568579467,
            "outer": 19.087156857946702,
            "bumper_outer": 19.637156857946703
          },
          "dimensions_mm": {
            "inner_w": 57.39,
            "inner_h": 57.39,
            "outer_w": 61.59,
            "outer_h": 61.59,
            "bumper_outer_w": 62.690000000000005,
            "bumper_outer_h": 62.690000000000005
          },
          "machined_finish_mm": {
            "liner_axis_y_fillet": 0.0
          }
        }
      },
      "caps_report_tpu_profile": {
        "mesh_bounds_mm": {
          "min": [
            -28.496482849121094,
            -28.496482849121094,
            -120.0999984741211
          ],
          "max": [
            28.496482849121094,
            28.496482849121094,
            5.626166512229247e-06
          ],
          "extents": [
            56.99296569824219,
            56.99296569824219,
            120.1000041002876
          ]
        },
        "profile_raw_mm": {
          "width": 55.978282586149206,
          "height": 55.978282270829695
        },
        "profile_scale": {
          "sx": 1.0180733914495106,
          "sy": 1.0180733971842062
        },
        "derived": {
          "sleeve_outer_w_mm": 61.59,
          "sleeve_outer_h_mm": 61.59,
          "plate_w_mm": 62.690000000000005,
          "plate_h_mm": 62.690000000000005,
          "inner_w_mm": 57.39,
          "inner_h_mm": 57.39,
          "plug_w_mm": 56.79,
          "plug_h_mm": 56.79,
          "corner_radius_mm": {
            "base_section": 16.7871568579467,
            "inner": 16.9871568579467,
            "sleeve_outer": 19.087156857946702,
            "plate_outer": 19.637156857946703,
            "plug": 16.6871568579467
          },
          "front_bezel_mm": {
            "recess_depth": 1.2,
            "recess_inset": 3.0
          }
        },
        "cutouts": {
          "front_count": 14,
          "rear_count": 4,
          "front": [
            {
              "x": 6.112600315865084e-13,
              "y": 0.0,
              "shape": "circle",
              "d": 54.25685382529972
            },
            {
              "x": -16.900018298061877,
              "y": -2.0361467943682183,
              "shape": "circle",
              "d": 2.8049686761306623
            },
            {
              "x": 13.234954088843638,
              "y": 14.558449579734352,
              "shape": "circle",
              "d": 2.8049686761306734
            },
            {
              "x": -16.900629142096747,
              "y": 13.031287765727456,
              "shape": "slot",
              "w": 5.3607284258910015,
              "h": 3.1197452927973024
            },
            {
              "x": 16.900629142096747,
              "y": 13.031287765727456,
              "shape": "slot",
              "w": 5.3607284258910015,
              "h": 3.1197452927973024
            },
            {
              "x": 21.379541220439723,
              "y": -12.216880766210474,
              "shape": "circle",
              "d": 1.9873787000293461
            },
            {
              "x": 21.88857791616448,
              "y": 11.198807369026268,
              "shape": "circle",
              "d": 1.7829812060040655
            },
            {
              "x": 9.366275201335498,
              "y": 21.37954134086721,
              "shape": "circle",
              "d": 2.6005711821040673
            },
            {
              "x": -23.21207332504884,
              "y": 4.581330287328928,
              "shape": "circle",
              "d": 1.7829812060040655
            },
            {
              "x": -23.21207332504884,
              "y": -5.090366985922151,
              "shape": "circle",
              "d": 2.600571182104069
            },
            {
              "x": -4.072293565798042,
              "y": -16.187367015228983,
              "shape": "circle",
              "d": 2.6005711821050865
            },
            {
              "x": 4.072293565798042,
              "y": -16.187367015228983,
              "shape": "circle",
              "d": 2.6005711821050865
            },
            {
              "x": -13.438568767133539,
              "y": -14.76206425917099,
              "shape": "circle",
              "d": 2.187850106280003
            },
            {
              "x": 13.743990784568393,
              "y": -14.76206425917099,
              "shape": "circle",
              "d": 1.7829812060040655
            }
          ],
          "rear": [
            {
              "x": -17.816284350366434,
              "y": -23.212073455799903,
              "shape": "circle",
              "d": 1.7318818324977485
            },
            {
              "x": 17.816284350366434,
              "y": -23.212073455799903,
              "shape": "circle",
              "d": 1.7318818324977485
            },
            {
              "x": -20.36146782899021,
              "y": 21.37954134086833,
              "shape": "circle",
              "d": 1.7318818324977485
            },
            {
              "x": 20.36146782899021,
              "y": 21.37954134086833,
              "shape": "circle",
              "d": 1.7318818324977485
            }
          ]
        }
      }
    }
  }
}