{
  "params": {
    "step_path": "refs/BirdDog_MAKI-Live_3D-file.step",
    "nominal_width_mm": 56.99,
    "nominal_height_mm": 56.99,
    "nominal_length_mm": 120.32,
    "clearance_mm": 2.3,
    "wall_mm": 2.5,
    "front_wall_mm": 4.0,
    "lens_center_y_mm": 4.5,
    "lens_diameter_mm": 30.0,
    "front_bezel_extra_mm": 1.0,
    "front_bezel_height_mm": 1.1,
    "tripod_center_from_front_mm": 48.0,
    "tripod_open_w_mm": 20.0,
    "tripod_open_h_mm": 18.0,
    "tripod_hole_diameter_mm": 10.0,
    "use_step_side_features": true,
    "vent_count": 10,
    "vent_slot_w_mm": 16.0,
    "vent_slot_h_mm": 2.6,
    "vent_pitch_mm": 5.8,
    "vent_start_from_front_mm": 66.0,
    "vent_rows_per_panel": 8,
    "enforce_tripanel_vent_layout": true,
    "tripanel_fallback_x_offset_mm": 16.0,
    "vent_cut_depth_mm": 12.0,
    "section_z_ratio": 0.5,
    "profile_simplify_tol_mm": 0.08,
    "offset_resolution": 64,
    "side_feature_clearance_mm": 0.3
  },
  "report": {
    "mesh_bounds_mm": {
      "min": [
        -28.496482849121094,
        -28.496482849121094,
        -120.0999984741211
      ],
      "max": [
        28.496482849121094,
        28.496482849121094,
        5.626166512229247e-06
      ],
      "extents": [
        56.99296569824219,
        56.99296569824219,
        120.1000041002876
      ]
    },
    "profile_raw_mm": {
      "width": 55.978282586149206,
      "height": 55.978282270829695
    },
    "profile_scale": {
      "sx": 1.0180733914495106,
      "sy": 1.0180733971842062,
      "sz": 1.001831772624493
    },
    "step_side_features": {
      "vents_detected": 30,
      "vents_applied": 24,
      "tripanel_vent_layout_enforced": true,
      "tripod_detected": true,
      "tripod_applied": {
        "side": "neg",
        "x": 0.34221829986430846,
        "z": 52.70126909246757,
        "diameter": 9.701206546731505
      }
    },
    "derived": {
      "inner_depth_mm": 122.61999999999999,
      "shell_depth_mm": 122.61999999999999,
      "open_sleeve": true,
      "corner_radius_mm": {
        "base_section": 16.7871568579467,
        "inner": 19.087156857946702,
        "outer": 21.587156857946702
      },
      "machined_finish_mm": {
        "sleeve_axis_y_fillet": 0.8
      },
      "outer_bounds_xy_mm": {
        "min_x": -33.295,
        "max_x": 33.295,
        "min_y": -33.295,
        "max_y": 33.295
      }
    }
  }
}