{
  "profile": "asa",
  "params": {
    "step_path": "refs/BirdDog_MAKI-Live_3D-file.step",
    "nominal_width_mm": 56.99,
    "nominal_height_mm": 56.99,
    "nominal_length_mm": 120.32,
    "sleeve_clearance_mm": 2.3,
    "sleeve_wall_mm": 3.0,
    "cap_thickness_mm": 3.0,
    "plug_depth_mm": 1.8,
    "plug_clearance_mm": 0.28,
    "cap_plate_extra_mm": 0.0,
    "cutout_extra_mm": 1.5,
    "front_recess_depth_mm": 1.2,
    "front_recess_inset_mm": 3.0,
    "front_window_mm": 16.0,
    "rear_window_mm": 16.0,
    "end_plane_tol_mm": 3.0,
    "max_cutout_ratio_xy": 0.8,
    "include_major_front_aperture": true,
    "rear_min_cutout_dim_mm": 4.0,
    "rear_min_cutout_area_mm2": 8.0,
    "section_z_ratio": 0.5,
    "offset_resolution": 64
  },
  "report": {
    "mesh_bounds_mm": {
      "min": [
        -28.496482849121094,
        -28.496482849121094,
        -120.0999984741211
      ],
      "max": [
        28.496482849121094,
        28.496482849121094,
        5.626166512229247e-06
      ],
      "extents": [
        56.99296569824219,
        56.99296569824219,
        120.1000041002876
      ]
    },
    "profile_raw_mm": {
      "width": 55.978282586149206,
      "height": 55.978282270829695
    },
    "profile_scale": {
      "sx": 1.0180733914495106,
      "sy": 1.0180733971842062
    },
    "derived": {
      "sleeve_outer_w_mm": 67.59,
      "sleeve_outer_h_mm": 67.59,
      "plate_w_mm": 67.59,
      "plate_h_mm": 67.59,
      "inner_w_mm": 61.59,
      "inner_h_mm": 61.59,
      "plug_w_mm": 61.03,
      "plug_h_mm": 61.03,
      "corner_radius_mm": {
        "base_section": 16.7871568579467,
        "inner": 19.087156857946702,
        "sleeve_outer": 22.087156857946702,
        "plate_outer": 22.087156857946702,
        "plug": 18.8071568579467
      },
      "front_bezel_mm": {
        "recess_depth": 1.2,
        "recess_inset": 3.0
      }
    },
    "cutouts": {
      "end_planes": {
        "front_plane_z_mm": -5.717472393966527e-21,
        "rear_plane_z_mm": -120.1,
        "end_plane_tol_mm": 3.0
      },
      "front_count": 17,
      "rear_count": 5,
      "front": [
        {
          "x": -7.811514384424715e-11,
          "y": -19.352797965697548,
          "shape": "slot",
          "w": 9.831535722922817,
          "h": 7.72834082213098
        },
        {
          "x": 6.112600315865084e-13,
          "y": 0.0,
          "shape": "circle",
          "d": 55.50685382529972
        },
        {
          "x": -11.223597046786166,
          "y": -19.32623427676953,
          "shape": "circle",
          "d": 2.748620578003938
        },
        {
          "x": 11.223594080190805,
          "y": -19.326248595435782,
          "shape": "circle",
          "d": 2.7486471479898515
        },
        {
          "x": -16.900018298061877,
          "y": -2.0361467943682183,
          "shape": "circle",
          "d": 4.054968676130662
        },
        {
          "x": 13.234954088843638,
          "y": 14.558449579734352,
          "shape": "circle",
          "d": 4.054968676130674
        },
        {
          "x": -16.900629142096747,
          "y": 13.031287765727456,
          "shape": "slot",
          "w": 6.6107284258910015,
          "h": 4.369745292797303
        },
        {
          "x": 16.900629142096747,
          "y": 13.031287765727456,
          "shape": "slot",
          "w": 6.6107284258910015,
          "h": 4.369745292797303
        },
        {
          "x": 21.379541220439723,
          "y": -12.216880766210474,
          "shape": "circle",
          "d": 3.237378700029346
        },
        {
          "x": 21.88857791616448,
          "y": 11.198807369026268,
          "shape": "circle",
          "d": 3.0329812060040657
        },
        {
          "x": 9.366275201335498,
          "y": 21.37954134086721,
          "shape": "circle",
          "d": 3.8505711821040673
        },
        {
          "x": -23.21207332504884,
          "y": 4.581330287328928,
          "shape": "circle",
          "d": 3.0329812060040657
        },
        {
          "x": -23.21207332504884,
          "y": -5.090366985922151,
          "shape": "circle",
          "d": 3.850571182104069
        },
        {
          "x": -4.072293565798042,
          "y": -16.187367015228983,
          "shape": "circle",
          "d": 3.8505711821050865
        },
        {
          "x": 4.072293565798042,
          "y": -16.187367015228983,
          "shape": "circle",
          "d": 3.8505711821050865
        },
        {
          "x": -13.438568767133539,
          "y": -14.76206425917099,
          "shape": "circle",
          "d": 3.437850106280003
        },
        {
          "x": 13.743990784568393,
          "y": -14.76206425917099,
          "shape": "circle",
          "d": 3.0329812060040657
        }
      ],
      "rear": [
        {
          "x": -13.235031666191315,
          "y": -14.629714688771369,
          "shape": "slot",
          "w": 11.014710141794895,
          "h": 5.150566808219859
        },
        {
          "x": 0.0,
          "y": 5.090366985921031,
          "shape": "circle",
          "d": 14.172644630381871
        },
        {
          "x": -1.1441851463002206e-05,
          "y": 20.628002280723283,
          "shape": "rect",
          "w": 11.627269844771115,
          "h": 3.5079733357352163
        },
        {
          "x": -13.234954088843638,
          "y": -7.8086229564028615,
          "shape": "circle",
          "d": 5.128055519763194
        },
        {
          "x": 13.235196501812592,
          "y": -12.859300198961902,
          "shape": "slot",
          "w": 17.188907939858467,
          "h": 7.685436971003212
        }
      ]
    }
  },
  "include_front_cap": false
}