ISO-10303-21;
HEADER;
FILE_DESCRIPTION(('Open CASCADE Model'),'2;1');
FILE_NAME('ASA_Shell','2026-03-18T21:13:36',('Author'),('Open CASCADE'),
  'Open CASCADE STEP processor 7.8','build123d','Unknown');
FILE_SCHEMA(('AUTOMOTIVE_DESIGN { 1 0 10303 214 1 1 1 1 }'));
ENDSEC;
DATA;
#1 = APPLICATION_PROTOCOL_DEFINITION('international standard',
  'automotive_design',2000,#2);
#2 = APPLICATION_CONTEXT(
  'core data for automotive mechanical design processes');
#3 = SHAPE_DEFINITION_REPRESENTATION(#4,#10);
#4 = PRODUCT_DEFINITION_SHAPE('','',#5);
#5 = PRODUCT_DEFINITION('design','',#6,#9);
#6 = PRODUCT_DEFINITION_FORMATION('','',#7);
#7 = PRODUCT('ASA_Shell','ASA_Shell','',(#8));
#8 = PRODUCT_CONTEXT('',#2,'mechanical');
#9 = PRODUCT_DEFINITION_CONTEXT('part definition',#2,'design');
#10 = ADVANCED_BREP_SHAPE_REPRESENTATION('',(#11,#15),#14901);
#11 = AXIS2_PLACEMENT_3D('',#12,#13,#14);
#12 = CARTESIAN_POINT('',(0.,0.,0.));
#13 = DIRECTION('',(0.,0.,1.));
#14 = DIRECTION('',(1.,0.,-0.));
#15 = MANIFOLD_SOLID_BREP('',#16);
#16 = CLOSED_SHELL('',(#17,#137,#1420,#1469,#2821,#2848,#2981,#3008,
    #3035,#3062,#3195,#3222,#3355,#3382,#3495,#4208,#4233,#4260,#4285,
    #4310,#4317,#4362,#4389,#4414,#4441,#4448,#5045,#5070,#5095,#5102,
    #5147,#5174,#5199,#5226,#5233,#5278,#5303,#5330,#5355,#5382,#6095,
    #6154,#6392,#6562,#6647,#6727,#6888,#6971,#7588,#7712,#7740,#8348,
    #8472,#8500,#9135,#9259,#9287,#9422,#9524,#9552,#9599,#9626,#9653,
    #9660,#9736,#9841,#9890,#9963,#10095,#10144,#10239,#10266,#10398,
    #10447,#10542,#10569,#10616,#10643,#10670,#10677,#10724,#10751,
    #10778,#10785,#10832,#10859,#10886,#10893,#10940,#10967,#10994,
    #11001,#11048,#11075,#11102,#11109,#11156,#11183,#11210,#11217,
    #11264,#11291,#11385,#11392,#11439,#11466,#11493,#11500,#11547,
    #11574,#11601,#11608,#11655,#11682,#11709,#11716,#11763,#11790,
    #11817,#11824,#11871,#11898,#11925,#11932,#11979,#12006,#12033,
    #12040,#12087,#12114,#12141,#12148,#12195,#12222,#12249,#12256,
    #12303,#12330,#12357,#12364,#12411,#12438,#12465,#12472,#12486,
    #12614,#12655,#12714,#13017,#13079,#13111,#13267,#13299,#13376,
    #13442,#13598,#13603,#13652,#13701,#13728,#13733,#13738,#13743,
    #13770,#13797,#13804,#13851,#13858,#13865,#13892,#13919,#13926,
    #13933,#13940,#14015,#14225,#14300,#14333,#14376,#14431,#14505,
    #14538,#14606,#14649,#14704,#14771,#14804,#14810,#14835,#14863,
    #14869,#14894));
#17 = ADVANCED_FACE('',(#18),#32,.T.);
#18 = FACE_BOUND('',#19,.T.);
#19 = EDGE_LOOP('',(#20,#55,#83,#111));
#20 = ORIENTED_EDGE('',*,*,#21,.F.);
#21 = EDGE_CURVE('',#22,#24,#26,.T.);
#22 = VERTEX_POINT('',#23);
#23 = CARTESIAN_POINT('',(-34.5,-21.9,0.));
#24 = VERTEX_POINT('',#25);
#25 = CARTESIAN_POINT('',(-34.5,-16.676,0.));
#26 = SURFACE_CURVE('',#27,(#31,#43),.PCURVE_S1.);
#27 = LINE('',#28,#29);
#28 = CARTESIAN_POINT('',(-34.5,0.,0.));
#29 = VECTOR('',#30,1.);
#30 = DIRECTION('',(0.,1.,0.));
#31 = PCURVE('',#32,#37);
#32 = PLANE('',#33);
#33 = AXIS2_PLACEMENT_3D('',#34,#35,#36);
#34 = CARTESIAN_POINT('',(-34.5,-21.9,0.));
#35 = DIRECTION('',(-1.,0.,0.));
#36 = DIRECTION('',(0.,1.,0.));
#37 = DEFINITIONAL_REPRESENTATION('',(#38),#42);
#38 = LINE('',#39,#40);
#39 = CARTESIAN_POINT('',(21.9,0.));
#40 = VECTOR('',#41,1.);
#41 = DIRECTION('',(1.,0.));
#42 = ( GEOMETRIC_REPRESENTATION_CONTEXT(2) 
PARAMETRIC_REPRESENTATION_CONTEXT() REPRESENTATION_CONTEXT('2D SPACE',''
  ) );
#43 = PCURVE('',#44,#49);
#44 = PLANE('',#45);
#45 = AXIS2_PLACEMENT_3D('',#46,#47,#48);
#46 = CARTESIAN_POINT('',(0.,0.,0.));
#47 = DIRECTION('',(0.,0.,1.));
#48 = DIRECTION('',(1.,0.,0.));
#49 = DEFINITIONAL_REPRESENTATION('',(#50),#54);
#50 = LINE('',#51,#52);
#51 = CARTESIAN_POINT('',(-34.5,0.));
#52 = VECTOR('',#53,1.);
#53 = DIRECTION('',(0.,1.));
#54 = ( GEOMETRIC_REPRESENTATION_CONTEXT(2) 
PARAMETRIC_REPRESENTATION_CONTEXT() REPRESENTATION_CONTEXT('2D SPACE',''
  ) );
#55 = ORIENTED_EDGE('',*,*,#56,.T.);
#56 = EDGE_CURVE('',#22,#57,#59,.T.);
#57 = VERTEX_POINT('',#58);
#58 = CARTESIAN_POINT('',(-34.5,-21.9,77.4));
#59 = SURFACE_CURVE('',#60,(#64,#71),.PCURVE_S1.);
#60 = LINE('',#61,#62);
#61 = CARTESIAN_POINT('',(-34.5,-21.9,0.));
#62 = VECTOR('',#63,1.);
#63 = DIRECTION('',(0.,0.,1.));
#64 = PCURVE('',#32,#65);
#65 = DEFINITIONAL_REPRESENTATION('',(#66),#70);
#66 = LINE('',#67,#68);
#67 = CARTESIAN_POINT('',(0.,0.));
#68 = VECTOR('',#69,1.);
#69 = DIRECTION('',(0.,-1.));
#70 = ( GEOMETRIC_REPRESENTATION_CONTEXT(2) 
PARAMETRIC_REPRESENTATION_CONTEXT() REPRESENTATION_CONTEXT('2D SPACE',''
  ) );
#71 = PCURVE('',#72,#77);
#72 = CYLINDRICAL_SURFACE('',#73,8.);
#73 = AXIS2_PLACEMENT_3D('',#74,#75,#76);
#74 = CARTESIAN_POINT('',(-26.5,-21.9,0.));
#75 = DIRECTION('',(-0.,-0.,-1.));
#76 = DIRECTION('',(1.,0.,0.));
#77 = DEFINITIONAL_REPRESENTATION('',(#78),#82);
#78 = LINE('',#79,#80);
#79 = CARTESIAN_POINT('',(-3.14159265359,0.));
#80 = VECTOR('',#81,1.);
#81 = DIRECTION('',(-0.,-1.));
#82 = ( GEOMETRIC_REPRESENTATION_CONTEXT(2) 
PARAMETRIC_REPRESENTATION_CONTEXT() REPRESENTATION_CONTEXT('2D SPACE',''
  ) );
#83 = ORIENTED_EDGE('',*,*,#84,.T.);
#84 = EDGE_CURVE('',#57,#85,#87,.T.);
#85 = VERTEX_POINT('',#86);
#86 = CARTESIAN_POINT('',(-34.5,-16.676,77.4));
#87 = SURFACE_CURVE('',#88,(#92,#99),.PCURVE_S1.);
#88 = LINE('',#89,#90);
#89 = CARTESIAN_POINT('',(-34.5,0.,77.4));
#90 = VECTOR('',#91,1.);
#91 = DIRECTION('',(0.,1.,0.));
#92 = PCURVE('',#32,#93);
#93 = DEFINITIONAL_REPRESENTATION('',(#94),#98);
#94 = LINE('',#95,#96);
#95 = CARTESIAN_POINT('',(21.9,-77.4));
#96 = VECTOR('',#97,1.);
#97 = DIRECTION('',(1.,0.));
#98 = ( GEOMETRIC_REPRESENTATION_CONTEXT(2) 
PARAMETRIC_REPRESENTATION_CONTEXT() REPRESENTATION_CONTEXT('2D SPACE',''
  ) );
#99 = PCURVE('',#100,#105);
#100 = PLANE('',#101);
#101 = AXIS2_PLACEMENT_3D('',#102,#103,#104);
#102 = CARTESIAN_POINT('',(0.,0.,77.4));
#103 = DIRECTION('',(0.,0.,1.));
#104 = DIRECTION('',(1.,0.,0.));
#105 = DEFINITIONAL_REPRESENTATION('',(#106),#110);
#106 = LINE('',#107,#108);
#107 = CARTESIAN_POINT('',(-34.5,0.));
#108 = VECTOR('',#109,1.);
#109 = DIRECTION('',(0.,1.));
#110 = ( GEOMETRIC_REPRESENTATION_CONTEXT(2) 
PARAMETRIC_REPRESENTATION_CONTEXT() REPRESENTATION_CONTEXT('2D SPACE',''
  ) );
#111 = ORIENTED_EDGE('',*,*,#112,.F.);
#112 = EDGE_CURVE('',#24,#85,#113,.T.);
#113 = SURFACE_CURVE('',#114,(#118,#125),.PCURVE_S1.);
#114 = LINE('',#115,#116);
#115 = CARTESIAN_POINT('',(-34.5,-16.676,0.));
#116 = VECTOR('',#117,1.);
#117 = DIRECTION('',(0.,0.,1.));
#118 = PCURVE('',#32,#119);
#119 = DEFINITIONAL_REPRESENTATION('',(#120),#124);
#120 = LINE('',#121,#122);
#121 = CARTESIAN_POINT('',(5.224,0.));
#122 = VECTOR('',#123,1.);
#123 = DIRECTION('',(0.,-1.));
#124 = ( GEOMETRIC_REPRESENTATION_CONTEXT(2) 
PARAMETRIC_REPRESENTATION_CONTEXT() REPRESENTATION_CONTEXT('2D SPACE',''
  ) );
#125 = PCURVE('',#126,#131);
#126 = PLANE('',#127);
#127 = AXIS2_PLACEMENT_3D('',#128,#129,#130);
#128 = CARTESIAN_POINT('',(-42.5,-16.676,0.));
#129 = DIRECTION('',(0.,1.,0.));
#130 = DIRECTION('',(0.,0.,1.));
#131 = DEFINITIONAL_REPRESENTATION('',(#132),#136);
#132 = LINE('',#133,#134);
#133 = CARTESIAN_POINT('',(0.,8.));
#134 = VECTOR('',#135,1.);
#135 = DIRECTION('',(1.,0.));
#136 = ( GEOMETRIC_REPRESENTATION_CONTEXT(2) 
PARAMETRIC_REPRESENTATION_CONTEXT() REPRESENTATION_CONTEXT('2D SPACE',''
  ) );
#137 = ADVANCED_FACE('',(#138,#441,#616,#764,#877,#1025,#1200,#1235),#44
  ,.F.);
#138 = FACE_BOUND('',#139,.F.);
#139 = EDGE_LOOP('',(#140,#141,#165,#193,#222,#250,#278,#306,#335,#363,
    #392,#420));
#140 = ORIENTED_EDGE('',*,*,#21,.F.);
#141 = ORIENTED_EDGE('',*,*,#142,.T.);
#142 = EDGE_CURVE('',#22,#143,#145,.T.);
#143 = VERTEX_POINT('',#144);
#144 = CARTESIAN_POINT('',(-26.5,-29.9,0.));
#145 = SURFACE_CURVE('',#146,(#151,#158),.PCURVE_S1.);
#146 = CIRCLE('',#147,8.);
#147 = AXIS2_PLACEMENT_3D('',#148,#149,#150);
#148 = CARTESIAN_POINT('',(-26.5,-21.9,0.));
#149 = DIRECTION('',(0.,0.,1.));
#150 = DIRECTION('',(1.,0.,0.));
#151 = PCURVE('',#44,#152);
#152 = DEFINITIONAL_REPRESENTATION('',(#153),#157);
#153 = CIRCLE('',#154,8.);
#154 = AXIS2_PLACEMENT_2D('',#155,#156);
#155 = CARTESIAN_POINT('',(-26.5,-21.9));
#156 = DIRECTION('',(1.,0.));
#157 = ( GEOMETRIC_REPRESENTATION_CONTEXT(2) 
PARAMETRIC_REPRESENTATION_CONTEXT() REPRESENTATION_CONTEXT('2D SPACE',''
  ) );
#158 = PCURVE('',#72,#159);
#159 = DEFINITIONAL_REPRESENTATION('',(#160),#164);
#160 = LINE('',#161,#162);
#161 = CARTESIAN_POINT('',(-0.,0.));
#162 = VECTOR('',#163,1.);
#163 = DIRECTION('',(-1.,0.));
#164 = ( GEOMETRIC_REPRESENTATION_CONTEXT(2) 
PARAMETRIC_REPRESENTATION_CONTEXT() REPRESENTATION_CONTEXT('2D SPACE',''
  ) );
#165 = ORIENTED_EDGE('',*,*,#166,.T.);
#166 = EDGE_CURVE('',#143,#167,#169,.T.);
#167 = VERTEX_POINT('',#168);
#168 = CARTESIAN_POINT('',(26.5,-29.9,0.));
#169 = SURFACE_CURVE('',#170,(#174,#181),.PCURVE_S1.);
#170 = LINE('',#171,#172);
#171 = CARTESIAN_POINT('',(0.,-29.9,0.));
#172 = VECTOR('',#173,1.);
#173 = DIRECTION('',(1.,0.,0.));
#174 = PCURVE('',#44,#175);
#175 = DEFINITIONAL_REPRESENTATION('',(#176),#180);
#176 = LINE('',#177,#178);
#177 = CARTESIAN_POINT('',(0.,-29.9));
#178 = VECTOR('',#179,1.);
#179 = DIRECTION('',(1.,0.));
#180 = ( GEOMETRIC_REPRESENTATION_CONTEXT(2) 
PARAMETRIC_REPRESENTATION_CONTEXT() REPRESENTATION_CONTEXT('2D SPACE',''
  ) );
#181 = PCURVE('',#182,#187);
#182 = PLANE('',#183);
#183 = AXIS2_PLACEMENT_3D('',#184,#185,#186);
#184 = CARTESIAN_POINT('',(-26.5,-29.9,0.));
#185 = DIRECTION('',(0.,1.,0.));
#186 = DIRECTION('',(1.,0.,0.));
#187 = DEFINITIONAL_REPRESENTATION('',(#188),#192);
#188 = LINE('',#189,#190);
#189 = CARTESIAN_POINT('',(26.5,0.));
#190 = VECTOR('',#191,1.);
#191 = DIRECTION('',(1.,0.));
#192 = ( GEOMETRIC_REPRESENTATION_CONTEXT(2) 
PARAMETRIC_REPRESENTATION_CONTEXT() REPRESENTATION_CONTEXT('2D SPACE',''
  ) );
#193 = ORIENTED_EDGE('',*,*,#194,.T.);
#194 = EDGE_CURVE('',#167,#195,#197,.T.);
#195 = VERTEX_POINT('',#196);
#196 = CARTESIAN_POINT('',(34.5,-21.9,0.));
#197 = SURFACE_CURVE('',#198,(#203,#210),.PCURVE_S1.);
#198 = CIRCLE('',#199,8.);
#199 = AXIS2_PLACEMENT_3D('',#200,#201,#202);
#200 = CARTESIAN_POINT('',(26.5,-21.9,0.));
#201 = DIRECTION('',(0.,0.,1.));
#202 = DIRECTION('',(1.,0.,0.));
#203 = PCURVE('',#44,#204);
#204 = DEFINITIONAL_REPRESENTATION('',(#205),#209);
#205 = CIRCLE('',#206,8.);
#206 = AXIS2_PLACEMENT_2D('',#207,#208);
#207 = CARTESIAN_POINT('',(26.5,-21.9));
#208 = DIRECTION('',(1.,0.));
#209 = ( GEOMETRIC_REPRESENTATION_CONTEXT(2) 
PARAMETRIC_REPRESENTATION_CONTEXT() REPRESENTATION_CONTEXT('2D SPACE',''
  ) );
#210 = PCURVE('',#211,#216);
#211 = CYLINDRICAL_SURFACE('',#212,8.);
#212 = AXIS2_PLACEMENT_3D('',#213,#214,#215);
#213 = CARTESIAN_POINT('',(26.5,-21.9,0.));
#214 = DIRECTION('',(-0.,-0.,-1.));
#215 = DIRECTION('',(1.,0.,0.));
#216 = DEFINITIONAL_REPRESENTATION('',(#217),#221);
#217 = LINE('',#218,#219);
#218 = CARTESIAN_POINT('',(-0.,0.));
#219 = VECTOR('',#220,1.);
#220 = DIRECTION('',(-1.,0.));
#221 = ( GEOMETRIC_REPRESENTATION_CONTEXT(2) 
PARAMETRIC_REPRESENTATION_CONTEXT() REPRESENTATION_CONTEXT('2D SPACE',''
  ) );
#222 = ORIENTED_EDGE('',*,*,#223,.T.);
#223 = EDGE_CURVE('',#195,#224,#226,.T.);
#224 = VERTEX_POINT('',#225);
#225 = CARTESIAN_POINT('',(34.5,-16.676,0.));
#226 = SURFACE_CURVE('',#227,(#231,#238),.PCURVE_S1.);
#227 = LINE('',#228,#229);
#228 = CARTESIAN_POINT('',(34.5,0.,0.));
#229 = VECTOR('',#230,1.);
#230 = DIRECTION('',(0.,1.,0.));
#231 = PCURVE('',#44,#232);
#232 = DEFINITIONAL_REPRESENTATION('',(#233),#237);
#233 = LINE('',#234,#235);
#234 = CARTESIAN_POINT('',(34.5,0.));
#235 = VECTOR('',#236,1.);
#236 = DIRECTION('',(0.,1.));
#237 = ( GEOMETRIC_REPRESENTATION_CONTEXT(2) 
PARAMETRIC_REPRESENTATION_CONTEXT() REPRESENTATION_CONTEXT('2D SPACE',''
  ) );
#238 = PCURVE('',#239,#244);
#239 = PLANE('',#240);
#240 = AXIS2_PLACEMENT_3D('',#241,#242,#243);
#241 = CARTESIAN_POINT('',(34.5,-21.9,0.));
#242 = DIRECTION('',(-1.,0.,0.));
#243 = DIRECTION('',(0.,1.,0.));
#244 = DEFINITIONAL_REPRESENTATION('',(#245),#249);
#245 = LINE('',#246,#247);
#246 = CARTESIAN_POINT('',(21.9,0.));
#247 = VECTOR('',#248,1.);
#248 = DIRECTION('',(1.,0.));
#249 = ( GEOMETRIC_REPRESENTATION_CONTEXT(2) 
PARAMETRIC_REPRESENTATION_CONTEXT() REPRESENTATION_CONTEXT('2D SPACE',''
  ) );
#250 = ORIENTED_EDGE('',*,*,#251,.T.);
#251 = EDGE_CURVE('',#224,#252,#254,.T.);
#252 = VERTEX_POINT('',#253);
#253 = CARTESIAN_POINT('',(42.5,-16.676,0.));
#254 = SURFACE_CURVE('',#255,(#259,#266),.PCURVE_S1.);
#255 = LINE('',#256,#257);
#256 = CARTESIAN_POINT('',(34.5,-16.676,0.));
#257 = VECTOR('',#258,1.);
#258 = DIRECTION('',(1.,0.,0.));
#259 = PCURVE('',#44,#260);
#260 = DEFINITIONAL_REPRESENTATION('',(#261),#265);
#261 = LINE('',#262,#263);
#262 = CARTESIAN_POINT('',(34.5,-16.676));
#263 = VECTOR('',#264,1.);
#264 = DIRECTION('',(1.,0.));
#265 = ( GEOMETRIC_REPRESENTATION_CONTEXT(2) 
PARAMETRIC_REPRESENTATION_CONTEXT() REPRESENTATION_CONTEXT('2D SPACE',''
  ) );
#266 = PCURVE('',#267,#272);
#267 = PLANE('',#268);
#268 = AXIS2_PLACEMENT_3D('',#269,#270,#271);
#269 = CARTESIAN_POINT('',(34.5,-16.676,0.));
#270 = DIRECTION('',(0.,1.,0.));
#271 = DIRECTION('',(0.,0.,1.));
#272 = DEFINITIONAL_REPRESENTATION('',(#273),#277);
#273 = LINE('',#274,#275);
#274 = CARTESIAN_POINT('',(0.,0.));
#275 = VECTOR('',#276,1.);
#276 = DIRECTION('',(0.,1.));
#277 = ( GEOMETRIC_REPRESENTATION_CONTEXT(2) 
PARAMETRIC_REPRESENTATION_CONTEXT() REPRESENTATION_CONTEXT('2D SPACE',''
  ) );
#278 = ORIENTED_EDGE('',*,*,#279,.F.);
#279 = EDGE_CURVE('',#280,#252,#282,.T.);
#280 = VERTEX_POINT('',#281);
#281 = CARTESIAN_POINT('',(42.5,21.9,0.));
#282 = SURFACE_CURVE('',#283,(#287,#294),.PCURVE_S1.);
#283 = LINE('',#284,#285);
#284 = CARTESIAN_POINT('',(42.5,21.9,0.));
#285 = VECTOR('',#286,1.);
#286 = DIRECTION('',(0.,-1.,0.));
#287 = PCURVE('',#44,#288);
#288 = DEFINITIONAL_REPRESENTATION('',(#289),#293);
#289 = LINE('',#290,#291);
#290 = CARTESIAN_POINT('',(42.5,21.9));
#291 = VECTOR('',#292,1.);
#292 = DIRECTION('',(0.,-1.));
#293 = ( GEOMETRIC_REPRESENTATION_CONTEXT(2) 
PARAMETRIC_REPRESENTATION_CONTEXT() REPRESENTATION_CONTEXT('2D SPACE',''
  ) );
#294 = PCURVE('',#295,#300);
#295 = PLANE('',#296);
#296 = AXIS2_PLACEMENT_3D('',#297,#298,#299);
#297 = CARTESIAN_POINT('',(42.5,-16.676,0.));
#298 = DIRECTION('',(1.,0.,0.));
#299 = DIRECTION('',(0.,0.,1.));
#300 = DEFINITIONAL_REPRESENTATION('',(#301),#305);
#301 = LINE('',#302,#303);
#302 = CARTESIAN_POINT('',(0.,-38.576));
#303 = VECTOR('',#304,1.);
#304 = DIRECTION('',(0.,1.));
#305 = ( GEOMETRIC_REPRESENTATION_CONTEXT(2) 
PARAMETRIC_REPRESENTATION_CONTEXT() REPRESENTATION_CONTEXT('2D SPACE',''
  ) );
#306 = ORIENTED_EDGE('',*,*,#307,.T.);
#307 = EDGE_CURVE('',#280,#308,#310,.T.);
#308 = VERTEX_POINT('',#309);
#309 = CARTESIAN_POINT('',(26.5,37.9,0.));
#310 = SURFACE_CURVE('',#311,(#316,#323),.PCURVE_S1.);
#311 = CIRCLE('',#312,16.);
#312 = AXIS2_PLACEMENT_3D('',#313,#314,#315);
#313 = CARTESIAN_POINT('',(26.5,21.9,0.));
#314 = DIRECTION('',(0.,0.,1.));
#315 = DIRECTION('',(1.,0.,0.));
#316 = PCURVE('',#44,#317);
#317 = DEFINITIONAL_REPRESENTATION('',(#318),#322);
#318 = CIRCLE('',#319,16.);
#319 = AXIS2_PLACEMENT_2D('',#320,#321);
#320 = CARTESIAN_POINT('',(26.5,21.9));
#321 = DIRECTION('',(1.,0.));
#322 = ( GEOMETRIC_REPRESENTATION_CONTEXT(2) 
PARAMETRIC_REPRESENTATION_CONTEXT() REPRESENTATION_CONTEXT('2D SPACE',''
  ) );
#323 = PCURVE('',#324,#329);
#324 = CYLINDRICAL_SURFACE('',#325,16.);
#325 = AXIS2_PLACEMENT_3D('',#326,#327,#328);
#326 = CARTESIAN_POINT('',(26.5,21.9,0.));
#327 = DIRECTION('',(-0.,-0.,-1.));
#328 = DIRECTION('',(1.,0.,0.));
#329 = DEFINITIONAL_REPRESENTATION('',(#330),#334);
#330 = LINE('',#331,#332);
#331 = CARTESIAN_POINT('',(-0.,0.));
#332 = VECTOR('',#333,1.);
#333 = DIRECTION('',(-1.,0.));
#334 = ( GEOMETRIC_REPRESENTATION_CONTEXT(2) 
PARAMETRIC_REPRESENTATION_CONTEXT() REPRESENTATION_CONTEXT('2D SPACE',''
  ) );
#335 = ORIENTED_EDGE('',*,*,#336,.F.);
#336 = EDGE_CURVE('',#337,#308,#339,.T.);
#337 = VERTEX_POINT('',#338);
#338 = CARTESIAN_POINT('',(-26.5,37.9,0.));
#339 = SURFACE_CURVE('',#340,(#344,#351),.PCURVE_S1.);
#340 = LINE('',#341,#342);
#341 = CARTESIAN_POINT('',(0.,37.9,0.));
#342 = VECTOR('',#343,1.);
#343 = DIRECTION('',(1.,0.,0.));
#344 = PCURVE('',#44,#345);
#345 = DEFINITIONAL_REPRESENTATION('',(#346),#350);
#346 = LINE('',#347,#348);
#347 = CARTESIAN_POINT('',(0.,37.9));
#348 = VECTOR('',#349,1.);
#349 = DIRECTION('',(1.,0.));
#350 = ( GEOMETRIC_REPRESENTATION_CONTEXT(2) 
PARAMETRIC_REPRESENTATION_CONTEXT() REPRESENTATION_CONTEXT('2D SPACE',''
  ) );
#351 = PCURVE('',#352,#357);
#352 = PLANE('',#353);
#353 = AXIS2_PLACEMENT_3D('',#354,#355,#356);
#354 = CARTESIAN_POINT('',(-26.5,37.9,0.));
#355 = DIRECTION('',(0.,1.,0.));
#356 = DIRECTION('',(1.,0.,0.));
#357 = DEFINITIONAL_REPRESENTATION('',(#358),#362);
#358 = LINE('',#359,#360);
#359 = CARTESIAN_POINT('',(26.5,0.));
#360 = VECTOR('',#361,1.);
#361 = DIRECTION('',(1.,0.));
#362 = ( GEOMETRIC_REPRESENTATION_CONTEXT(2) 
PARAMETRIC_REPRESENTATION_CONTEXT() REPRESENTATION_CONTEXT('2D SPACE',''
  ) );
#363 = ORIENTED_EDGE('',*,*,#364,.T.);
#364 = EDGE_CURVE('',#337,#365,#367,.T.);
#365 = VERTEX_POINT('',#366);
#366 = CARTESIAN_POINT('',(-42.5,21.9,0.));
#367 = SURFACE_CURVE('',#368,(#373,#380),.PCURVE_S1.);
#368 = CIRCLE('',#369,16.);
#369 = AXIS2_PLACEMENT_3D('',#370,#371,#372);
#370 = CARTESIAN_POINT('',(-26.5,21.9,0.));
#371 = DIRECTION('',(0.,0.,1.));
#372 = DIRECTION('',(1.,0.,0.));
#373 = PCURVE('',#44,#374);
#374 = DEFINITIONAL_REPRESENTATION('',(#375),#379);
#375 = CIRCLE('',#376,16.);
#376 = AXIS2_PLACEMENT_2D('',#377,#378);
#377 = CARTESIAN_POINT('',(-26.5,21.9));
#378 = DIRECTION('',(1.,0.));
#379 = ( GEOMETRIC_REPRESENTATION_CONTEXT(2) 
PARAMETRIC_REPRESENTATION_CONTEXT() REPRESENTATION_CONTEXT('2D SPACE',''
  ) );
#380 = PCURVE('',#381,#386);
#381 = CYLINDRICAL_SURFACE('',#382,16.);
#382 = AXIS2_PLACEMENT_3D('',#383,#384,#385);
#383 = CARTESIAN_POINT('',(-26.5,21.9,0.));
#384 = DIRECTION('',(-0.,-0.,-1.));
#385 = DIRECTION('',(1.,0.,0.));
#386 = DEFINITIONAL_REPRESENTATION('',(#387),#391);
#387 = LINE('',#388,#389);
#388 = CARTESIAN_POINT('',(-0.,0.));
#389 = VECTOR('',#390,1.);
#390 = DIRECTION('',(-1.,0.));
#391 = ( GEOMETRIC_REPRESENTATION_CONTEXT(2) 
PARAMETRIC_REPRESENTATION_CONTEXT() REPRESENTATION_CONTEXT('2D SPACE',''
  ) );
#392 = ORIENTED_EDGE('',*,*,#393,.T.);
#393 = EDGE_CURVE('',#365,#394,#396,.T.);
#394 = VERTEX_POINT('',#395);
#395 = CARTESIAN_POINT('',(-42.5,-16.676,0.));
#396 = SURFACE_CURVE('',#397,(#401,#408),.PCURVE_S1.);
#397 = LINE('',#398,#399);
#398 = CARTESIAN_POINT('',(-42.5,21.9,0.));
#399 = VECTOR('',#400,1.);
#400 = DIRECTION('',(0.,-1.,0.));
#401 = PCURVE('',#44,#402);
#402 = DEFINITIONAL_REPRESENTATION('',(#403),#407);
#403 = LINE('',#404,#405);
#404 = CARTESIAN_POINT('',(-42.5,21.9));
#405 = VECTOR('',#406,1.);
#406 = DIRECTION('',(0.,-1.));
#407 = ( GEOMETRIC_REPRESENTATION_CONTEXT(2) 
PARAMETRIC_REPRESENTATION_CONTEXT() REPRESENTATION_CONTEXT('2D SPACE',''
  ) );
#408 = PCURVE('',#409,#414);
#409 = PLANE('',#410);
#410 = AXIS2_PLACEMENT_3D('',#411,#412,#413);
#411 = CARTESIAN_POINT('',(-42.5,-16.676,0.));
#412 = DIRECTION('',(1.,0.,0.));
#413 = DIRECTION('',(0.,0.,1.));
#414 = DEFINITIONAL_REPRESENTATION('',(#415),#419);
#415 = LINE('',#416,#417);
#416 = CARTESIAN_POINT('',(0.,-38.576));
#417 = VECTOR('',#418,1.);
#418 = DIRECTION('',(0.,1.));
#419 = ( GEOMETRIC_REPRESENTATION_CONTEXT(2) 
PARAMETRIC_REPRESENTATION_CONTEXT() REPRESENTATION_CONTEXT('2D SPACE',''
  ) );
#420 = ORIENTED_EDGE('',*,*,#421,.T.);
#421 = EDGE_CURVE('',#394,#24,#422,.T.);
#422 = SURFACE_CURVE('',#423,(#427,#434),.PCURVE_S1.);
#423 = LINE('',#424,#425);
#424 = CARTESIAN_POINT('',(-42.5,-16.676,0.));
#425 = VECTOR('',#426,1.);
#426 = DIRECTION('',(1.,0.,0.));
#427 = PCURVE('',#44,#428);
#428 = DEFINITIONAL_REPRESENTATION('',(#429),#433);
#429 = LINE('',#430,#431);
#430 = CARTESIAN_POINT('',(-42.5,-16.676));
#431 = VECTOR('',#432,1.);
#432 = DIRECTION('',(1.,0.));
#433 = ( GEOMETRIC_REPRESENTATION_CONTEXT(2) 
PARAMETRIC_REPRESENTATION_CONTEXT() REPRESENTATION_CONTEXT('2D SPACE',''
  ) );
#434 = PCURVE('',#126,#435);
#435 = DEFINITIONAL_REPRESENTATION('',(#436),#440);
#436 = LINE('',#437,#438);
#437 = CARTESIAN_POINT('',(0.,0.));
#438 = VECTOR('',#439,1.);
#439 = DIRECTION('',(0.,1.));
#440 = ( GEOMETRIC_REPRESENTATION_CONTEXT(2) 
PARAMETRIC_REPRESENTATION_CONTEXT() REPRESENTATION_CONTEXT('2D SPACE',''
  ) );
#441 = FACE_BOUND('',#442,.F.);
#442 = EDGE_LOOP('',(#443,#473,#501,#528,#561,#589));
#443 = ORIENTED_EDGE('',*,*,#444,.F.);
#444 = EDGE_CURVE('',#445,#447,#449,.T.);
#445 = VERTEX_POINT('',#446);
#446 = CARTESIAN_POINT('',(-34.5,-13.676,0.));
#447 = VERTEX_POINT('',#448);
#448 = CARTESIAN_POINT('',(-34.5,21.9,0.));
#449 = SURFACE_CURVE('',#450,(#454,#461),.PCURVE_S1.);
#450 = LINE('',#451,#452);
#451 = CARTESIAN_POINT('',(-34.5,0.,0.));
#452 = VECTOR('',#453,1.);
#453 = DIRECTION('',(0.,1.,0.));
#454 = PCURVE('',#44,#455);
#455 = DEFINITIONAL_REPRESENTATION('',(#456),#460);
#456 = LINE('',#457,#458);
#457 = CARTESIAN_POINT('',(-34.5,0.));
#458 = VECTOR('',#459,1.);
#459 = DIRECTION('',(0.,1.));
#460 = ( GEOMETRIC_REPRESENTATION_CONTEXT(2) 
PARAMETRIC_REPRESENTATION_CONTEXT() REPRESENTATION_CONTEXT('2D SPACE',''
  ) );
#461 = PCURVE('',#462,#467);
#462 = PLANE('',#463);
#463 = AXIS2_PLACEMENT_3D('',#464,#465,#466);
#464 = CARTESIAN_POINT('',(-34.5,-21.9,0.));
#465 = DIRECTION('',(-1.,0.,0.));
#466 = DIRECTION('',(0.,1.,0.));
#467 = DEFINITIONAL_REPRESENTATION('',(#468),#472);
#468 = LINE('',#469,#470);
#469 = CARTESIAN_POINT('',(21.9,0.));
#470 = VECTOR('',#471,1.);
#471 = DIRECTION('',(1.,0.));
#472 = ( GEOMETRIC_REPRESENTATION_CONTEXT(2) 
PARAMETRIC_REPRESENTATION_CONTEXT() REPRESENTATION_CONTEXT('2D SPACE',''
  ) );
#473 = ORIENTED_EDGE('',*,*,#474,.F.);
#474 = EDGE_CURVE('',#475,#445,#477,.T.);
#475 = VERTEX_POINT('',#476);
#476 = CARTESIAN_POINT('',(-40.5,-13.676,0.));
#477 = SURFACE_CURVE('',#478,(#482,#489),.PCURVE_S1.);
#478 = LINE('',#479,#480);
#479 = CARTESIAN_POINT('',(-42.5,-13.676,0.));
#480 = VECTOR('',#481,1.);
#481 = DIRECTION('',(1.,0.,0.));
#482 = PCURVE('',#44,#483);
#483 = DEFINITIONAL_REPRESENTATION('',(#484),#488);
#484 = LINE('',#485,#486);
#485 = CARTESIAN_POINT('',(-42.5,-13.676));
#486 = VECTOR('',#487,1.);
#487 = DIRECTION('',(1.,0.));
#488 = ( GEOMETRIC_REPRESENTATION_CONTEXT(2) 
PARAMETRIC_REPRESENTATION_CONTEXT() REPRESENTATION_CONTEXT('2D SPACE',''
  ) );
#489 = PCURVE('',#490,#495);
#490 = PLANE('',#491);
#491 = AXIS2_PLACEMENT_3D('',#492,#493,#494);
#492 = CARTESIAN_POINT('',(-42.5,-13.676,0.));
#493 = DIRECTION('',(0.,1.,0.));
#494 = DIRECTION('',(0.,0.,1.));
#495 = DEFINITIONAL_REPRESENTATION('',(#496),#500);
#496 = LINE('',#497,#498);
#497 = CARTESIAN_POINT('',(0.,0.));
#498 = VECTOR('',#499,1.);
#499 = DIRECTION('',(0.,1.));
#500 = ( GEOMETRIC_REPRESENTATION_CONTEXT(2) 
PARAMETRIC_REPRESENTATION_CONTEXT() REPRESENTATION_CONTEXT('2D SPACE',''
  ) );
#501 = ORIENTED_EDGE('',*,*,#502,.F.);
#502 = EDGE_CURVE('',#503,#475,#505,.T.);
#503 = VERTEX_POINT('',#504);
#504 = CARTESIAN_POINT('',(-40.5,21.9,0.));
#505 = SURFACE_CURVE('',#506,(#510,#517),.PCURVE_S1.);
#506 = LINE('',#507,#508);
#507 = CARTESIAN_POINT('',(-40.5,-10.95,0.));
#508 = VECTOR('',#509,1.);
#509 = DIRECTION('',(0.,-1.,0.));
#510 = PCURVE('',#44,#511);
#511 = DEFINITIONAL_REPRESENTATION('',(#512),#516);
#512 = LINE('',#513,#514);
#513 = CARTESIAN_POINT('',(-40.5,-10.95));
#514 = VECTOR('',#515,1.);
#515 = DIRECTION('',(0.,-1.));
#516 = ( GEOMETRIC_REPRESENTATION_CONTEXT(2) 
PARAMETRIC_REPRESENTATION_CONTEXT() REPRESENTATION_CONTEXT('2D SPACE',''
  ) );
#517 = PCURVE('',#518,#523);
#518 = PLANE('',#519);
#519 = AXIS2_PLACEMENT_3D('',#520,#521,#522);
#520 = CARTESIAN_POINT('',(-40.5,-21.9,-0.1));
#521 = DIRECTION('',(-1.,0.,0.));
#522 = DIRECTION('',(0.,1.,0.));
#523 = DEFINITIONAL_REPRESENTATION('',(#524),#527);
#524 = B_SPLINE_CURVE_WITH_KNOTS('',1,(#525,#526),.UNSPECIFIED.,.F.,.F.,
  (2,2),(-32.85,10.95),.PIECEWISE_BEZIER_KNOTS.);
#525 = CARTESIAN_POINT('',(43.8,-0.1));
#526 = CARTESIAN_POINT('',(0.,-0.1));
#527 = ( GEOMETRIC_REPRESENTATION_CONTEXT(2) 
PARAMETRIC_REPRESENTATION_CONTEXT() REPRESENTATION_CONTEXT('2D SPACE',''
  ) );
#528 = ORIENTED_EDGE('',*,*,#529,.T.);
#529 = EDGE_CURVE('',#503,#530,#532,.T.);
#530 = VERTEX_POINT('',#531);
#531 = CARTESIAN_POINT('',(-40.48713694792,22.5,0.));
#532 = SURFACE_CURVE('',#533,(#538,#549),.PCURVE_S1.);
#533 = CIRCLE('',#534,14.);
#534 = AXIS2_PLACEMENT_3D('',#535,#536,#537);
#535 = CARTESIAN_POINT('',(-26.5,21.9,0.));
#536 = DIRECTION('',(0.,0.,-1.));
#537 = DIRECTION('',(1.,0.,0.));
#538 = PCURVE('',#44,#539);
#539 = DEFINITIONAL_REPRESENTATION('',(#540),#548);
#540 = ( BOUNDED_CURVE() B_SPLINE_CURVE(2,(#541,#542,#543,#544,#545,#546
,#547),.UNSPECIFIED.,.T.,.F.) B_SPLINE_CURVE_WITH_KNOTS((1,2,2,2,2,1),(
    -2.094395102393,0.,2.094395102393,4.188790204786,6.28318530718,
8.377580409573),.UNSPECIFIED.) CURVE() GEOMETRIC_REPRESENTATION_ITEM() 
RATIONAL_B_SPLINE_CURVE((1.,0.5,1.,0.5,1.,0.5,1.)) REPRESENTATION_ITEM(
  '') );
#541 = CARTESIAN_POINT('',(-12.5,21.9));
#542 = CARTESIAN_POINT('',(-12.5,-2.348711305964));
#543 = CARTESIAN_POINT('',(-33.5,9.775644347018));
#544 = CARTESIAN_POINT('',(-54.5,21.9));
#545 = CARTESIAN_POINT('',(-33.5,34.024355652982));
#546 = CARTESIAN_POINT('',(-12.5,46.148711305964));
#547 = CARTESIAN_POINT('',(-12.5,21.9));
#548 = ( GEOMETRIC_REPRESENTATION_CONTEXT(2) 
PARAMETRIC_REPRESENTATION_CONTEXT() REPRESENTATION_CONTEXT('2D SPACE',''
  ) );
#549 = PCURVE('',#550,#555);
#550 = CYLINDRICAL_SURFACE('',#551,14.);
#551 = AXIS2_PLACEMENT_3D('',#552,#553,#554);
#552 = CARTESIAN_POINT('',(-26.5,21.9,-0.1));
#553 = DIRECTION('',(-0.,-0.,-1.));
#554 = DIRECTION('',(1.,0.,0.));
#555 = DEFINITIONAL_REPRESENTATION('',(#556),#560);
#556 = LINE('',#557,#558);
#557 = CARTESIAN_POINT('',(-6.28318530718,-0.1));
#558 = VECTOR('',#559,1.);
#559 = DIRECTION('',(1.,-0.));
#560 = ( GEOMETRIC_REPRESENTATION_CONTEXT(2) 
PARAMETRIC_REPRESENTATION_CONTEXT() REPRESENTATION_CONTEXT('2D SPACE',''
  ) );
#561 = ORIENTED_EDGE('',*,*,#562,.T.);
#562 = EDGE_CURVE('',#530,#563,#565,.T.);
#563 = VERTEX_POINT('',#564);
#564 = CARTESIAN_POINT('',(-34.47746827007,22.5,0.));
#565 = SURFACE_CURVE('',#566,(#570,#577),.PCURVE_S1.);
#566 = LINE('',#567,#568);
#567 = CARTESIAN_POINT('',(-41.5,22.5,0.));
#568 = VECTOR('',#569,1.);
#569 = DIRECTION('',(1.,0.,0.));
#570 = PCURVE('',#44,#571);
#571 = DEFINITIONAL_REPRESENTATION('',(#572),#576);
#572 = LINE('',#573,#574);
#573 = CARTESIAN_POINT('',(-41.5,22.5));
#574 = VECTOR('',#575,1.);
#575 = DIRECTION('',(1.,0.));
#576 = ( GEOMETRIC_REPRESENTATION_CONTEXT(2) 
PARAMETRIC_REPRESENTATION_CONTEXT() REPRESENTATION_CONTEXT('2D SPACE',''
  ) );
#577 = PCURVE('',#578,#583);
#578 = PLANE('',#579);
#579 = AXIS2_PLACEMENT_3D('',#580,#581,#582);
#580 = CARTESIAN_POINT('',(-41.5,22.5,0.));
#581 = DIRECTION('',(0.,1.,0.));
#582 = DIRECTION('',(0.,0.,1.));
#583 = DEFINITIONAL_REPRESENTATION('',(#584),#588);
#584 = LINE('',#585,#586);
#585 = CARTESIAN_POINT('',(0.,0.));
#586 = VECTOR('',#587,1.);
#587 = DIRECTION('',(0.,1.));
#588 = ( GEOMETRIC_REPRESENTATION_CONTEXT(2) 
PARAMETRIC_REPRESENTATION_CONTEXT() REPRESENTATION_CONTEXT('2D SPACE',''
  ) );
#589 = ORIENTED_EDGE('',*,*,#590,.T.);
#590 = EDGE_CURVE('',#563,#447,#591,.T.);
#591 = SURFACE_CURVE('',#592,(#597,#604),.PCURVE_S1.);
#592 = CIRCLE('',#593,8.);
#593 = AXIS2_PLACEMENT_3D('',#594,#595,#596);
#594 = CARTESIAN_POINT('',(-26.5,21.9,0.));
#595 = DIRECTION('',(0.,0.,1.));
#596 = DIRECTION('',(1.,0.,0.));
#597 = PCURVE('',#44,#598);
#598 = DEFINITIONAL_REPRESENTATION('',(#599),#603);
#599 = CIRCLE('',#600,8.);
#600 = AXIS2_PLACEMENT_2D('',#601,#602);
#601 = CARTESIAN_POINT('',(-26.5,21.9));
#602 = DIRECTION('',(1.,0.));
#603 = ( GEOMETRIC_REPRESENTATION_CONTEXT(2) 
PARAMETRIC_REPRESENTATION_CONTEXT() REPRESENTATION_CONTEXT('2D SPACE',''
  ) );
#604 = PCURVE('',#605,#610);
#605 = CYLINDRICAL_SURFACE('',#606,8.);
#606 = AXIS2_PLACEMENT_3D('',#607,#608,#609);
#607 = CARTESIAN_POINT('',(-26.5,21.9,0.));
#608 = DIRECTION('',(-0.,-0.,-1.));
#609 = DIRECTION('',(1.,0.,0.));
#610 = DEFINITIONAL_REPRESENTATION('',(#611),#615);
#611 = LINE('',#612,#613);
#612 = CARTESIAN_POINT('',(-0.,0.));
#613 = VECTOR('',#614,1.);
#614 = DIRECTION('',(-1.,0.));
#615 = ( GEOMETRIC_REPRESENTATION_CONTEXT(2) 
PARAMETRIC_REPRESENTATION_CONTEXT() REPRESENTATION_CONTEXT('2D SPACE',''
  ) );
#616 = FACE_BOUND('',#617,.F.);
#617 = EDGE_LOOP('',(#618,#649,#677,#705,#738));
#618 = ORIENTED_EDGE('',*,*,#619,.T.);
#619 = EDGE_CURVE('',#620,#622,#624,.T.);
#620 = VERTEX_POINT('',#621);
#621 = CARTESIAN_POINT('',(-26.5,29.9,0.));
#622 = VERTEX_POINT('',#623);
#623 = CARTESIAN_POINT('',(-33.5,25.772983346208,0.));
#624 = SURFACE_CURVE('',#625,(#630,#637),.PCURVE_S1.);
#625 = CIRCLE('',#626,8.);
#626 = AXIS2_PLACEMENT_3D('',#627,#628,#629);
#627 = CARTESIAN_POINT('',(-26.5,21.9,0.));
#628 = DIRECTION('',(0.,0.,1.));
#629 = DIRECTION('',(1.,0.,0.));
#630 = PCURVE('',#44,#631);
#631 = DEFINITIONAL_REPRESENTATION('',(#632),#636);
#632 = CIRCLE('',#633,8.);
#633 = AXIS2_PLACEMENT_2D('',#634,#635);
#634 = CARTESIAN_POINT('',(-26.5,21.9));
#635 = DIRECTION('',(1.,0.));
#636 = ( GEOMETRIC_REPRESENTATION_CONTEXT(2) 
PARAMETRIC_REPRESENTATION_CONTEXT() REPRESENTATION_CONTEXT('2D SPACE',''
  ) );
#637 = PCURVE('',#638,#643);
#638 = CYLINDRICAL_SURFACE('',#639,8.);
#639 = AXIS2_PLACEMENT_3D('',#640,#641,#642);
#640 = CARTESIAN_POINT('',(-26.5,21.9,0.));
#641 = DIRECTION('',(-0.,-0.,-1.));
#642 = DIRECTION('',(1.,0.,0.));
#643 = DEFINITIONAL_REPRESENTATION('',(#644),#648);
#644 = LINE('',#645,#646);
#645 = CARTESIAN_POINT('',(-0.,0.));
#646 = VECTOR('',#647,1.);
#647 = DIRECTION('',(-1.,0.));
#648 = ( GEOMETRIC_REPRESENTATION_CONTEXT(2) 
PARAMETRIC_REPRESENTATION_CONTEXT() REPRESENTATION_CONTEXT('2D SPACE',''
  ) );
#649 = ORIENTED_EDGE('',*,*,#650,.T.);
#650 = EDGE_CURVE('',#622,#651,#653,.T.);
#651 = VERTEX_POINT('',#652);
#652 = CARTESIAN_POINT('',(-33.5,26.5,0.));
#653 = SURFACE_CURVE('',#654,(#658,#665),.PCURVE_S1.);
#654 = LINE('',#655,#656);
#655 = CARTESIAN_POINT('',(-33.5,22.5,0.));
#656 = VECTOR('',#657,1.);
#657 = DIRECTION('',(0.,1.,0.));
#658 = PCURVE('',#44,#659);
#659 = DEFINITIONAL_REPRESENTATION('',(#660),#664);
#660 = LINE('',#661,#662);
#661 = CARTESIAN_POINT('',(-33.5,22.5));
#662 = VECTOR('',#663,1.);
#663 = DIRECTION('',(0.,1.));
#664 = ( GEOMETRIC_REPRESENTATION_CONTEXT(2) 
PARAMETRIC_REPRESENTATION_CONTEXT() REPRESENTATION_CONTEXT('2D SPACE',''
  ) );
#665 = PCURVE('',#666,#671);
#666 = PLANE('',#667);
#667 = AXIS2_PLACEMENT_3D('',#668,#669,#670);
#668 = CARTESIAN_POINT('',(-33.5,22.5,0.));
#669 = DIRECTION('',(1.,0.,0.));
#670 = DIRECTION('',(0.,0.,1.));
#671 = DEFINITIONAL_REPRESENTATION('',(#672),#676);
#672 = LINE('',#673,#674);
#673 = CARTESIAN_POINT('',(0.,0.));
#674 = VECTOR('',#675,1.);
#675 = DIRECTION('',(0.,-1.));
#676 = ( GEOMETRIC_REPRESENTATION_CONTEXT(2) 
PARAMETRIC_REPRESENTATION_CONTEXT() REPRESENTATION_CONTEXT('2D SPACE',''
  ) );
#677 = ORIENTED_EDGE('',*,*,#678,.F.);
#678 = EDGE_CURVE('',#679,#651,#681,.T.);
#679 = VERTEX_POINT('',#680);
#680 = CARTESIAN_POINT('',(-39.72270774085,26.5,0.));
#681 = SURFACE_CURVE('',#682,(#686,#693),.PCURVE_S1.);
#682 = LINE('',#683,#684);
#683 = CARTESIAN_POINT('',(-41.5,26.5,0.));
#684 = VECTOR('',#685,1.);
#685 = DIRECTION('',(1.,0.,0.));
#686 = PCURVE('',#44,#687);
#687 = DEFINITIONAL_REPRESENTATION('',(#688),#692);
#688 = LINE('',#689,#690);
#689 = CARTESIAN_POINT('',(-41.5,26.5));
#690 = VECTOR('',#691,1.);
#691 = DIRECTION('',(1.,0.));
#692 = ( GEOMETRIC_REPRESENTATION_CONTEXT(2) 
PARAMETRIC_REPRESENTATION_CONTEXT() REPRESENTATION_CONTEXT('2D SPACE',''
  ) );
#693 = PCURVE('',#694,#699);
#694 = PLANE('',#695);
#695 = AXIS2_PLACEMENT_3D('',#696,#697,#698);
#696 = CARTESIAN_POINT('',(-41.5,26.5,0.));
#697 = DIRECTION('',(0.,1.,0.));
#698 = DIRECTION('',(0.,0.,1.));
#699 = DEFINITIONAL_REPRESENTATION('',(#700),#704);
#700 = LINE('',#701,#702);
#701 = CARTESIAN_POINT('',(0.,0.));
#702 = VECTOR('',#703,1.);
#703 = DIRECTION('',(0.,1.));
#704 = ( GEOMETRIC_REPRESENTATION_CONTEXT(2) 
PARAMETRIC_REPRESENTATION_CONTEXT() REPRESENTATION_CONTEXT('2D SPACE',''
  ) );
#705 = ORIENTED_EDGE('',*,*,#706,.T.);
#706 = EDGE_CURVE('',#679,#707,#709,.T.);
#707 = VERTEX_POINT('',#708);
#708 = CARTESIAN_POINT('',(-26.5,35.9,0.));
#709 = SURFACE_CURVE('',#710,(#715,#726),.PCURVE_S1.);
#710 = CIRCLE('',#711,14.);
#711 = AXIS2_PLACEMENT_3D('',#712,#713,#714);
#712 = CARTESIAN_POINT('',(-26.5,21.9,0.));
#713 = DIRECTION('',(0.,0.,-1.));
#714 = DIRECTION('',(1.,0.,0.));
#715 = PCURVE('',#44,#716);
#716 = DEFINITIONAL_REPRESENTATION('',(#717),#725);
#717 = ( BOUNDED_CURVE() B_SPLINE_CURVE(2,(#718,#719,#720,#721,#722,#723
,#724),.UNSPECIFIED.,.T.,.F.) B_SPLINE_CURVE_WITH_KNOTS((1,2,2,2,2,1),(
    -2.094395102393,0.,2.094395102393,4.188790204786,6.28318530718,
8.377580409573),.UNSPECIFIED.) CURVE() GEOMETRIC_REPRESENTATION_ITEM() 
RATIONAL_B_SPLINE_CURVE((1.,0.5,1.,0.5,1.,0.5,1.)) REPRESENTATION_ITEM(
  '') );
#718 = CARTESIAN_POINT('',(-12.5,21.9));
#719 = CARTESIAN_POINT('',(-12.5,-2.348711305964));
#720 = CARTESIAN_POINT('',(-33.5,9.775644347018));
#721 = CARTESIAN_POINT('',(-54.5,21.9));
#722 = CARTESIAN_POINT('',(-33.5,34.024355652982));
#723 = CARTESIAN_POINT('',(-12.5,46.148711305964));
#724 = CARTESIAN_POINT('',(-12.5,21.9));
#725 = ( GEOMETRIC_REPRESENTATION_CONTEXT(2) 
PARAMETRIC_REPRESENTATION_CONTEXT() REPRESENTATION_CONTEXT('2D SPACE',''
  ) );
#726 = PCURVE('',#727,#732);
#727 = CYLINDRICAL_SURFACE('',#728,14.);
#728 = AXIS2_PLACEMENT_3D('',#729,#730,#731);
#729 = CARTESIAN_POINT('',(-26.5,21.9,-0.1));
#730 = DIRECTION('',(-0.,-0.,-1.));
#731 = DIRECTION('',(1.,0.,0.));
#732 = DEFINITIONAL_REPRESENTATION('',(#733),#737);
#733 = LINE('',#734,#735);
#734 = CARTESIAN_POINT('',(-6.28318530718,-0.1));
#735 = VECTOR('',#736,1.);
#736 = DIRECTION('',(1.,-0.));
#737 = ( GEOMETRIC_REPRESENTATION_CONTEXT(2) 
PARAMETRIC_REPRESENTATION_CONTEXT() REPRESENTATION_CONTEXT('2D SPACE',''
  ) );
#738 = ORIENTED_EDGE('',*,*,#739,.F.);
#739 = EDGE_CURVE('',#620,#707,#740,.T.);
#740 = SURFACE_CURVE('',#741,(#745,#752),.PCURVE_S1.);
#741 = LINE('',#742,#743);
#742 = CARTESIAN_POINT('',(-26.5,28.9,0.));
#743 = VECTOR('',#744,1.);
#744 = DIRECTION('',(0.,1.,0.));
#745 = PCURVE('',#44,#746);
#746 = DEFINITIONAL_REPRESENTATION('',(#747),#751);
#747 = LINE('',#748,#749);
#748 = CARTESIAN_POINT('',(-26.5,28.9));
#749 = VECTOR('',#750,1.);
#750 = DIRECTION('',(0.,1.));
#751 = ( GEOMETRIC_REPRESENTATION_CONTEXT(2) 
PARAMETRIC_REPRESENTATION_CONTEXT() REPRESENTATION_CONTEXT('2D SPACE',''
  ) );
#752 = PCURVE('',#753,#758);
#753 = PLANE('',#754);
#754 = AXIS2_PLACEMENT_3D('',#755,#756,#757);
#755 = CARTESIAN_POINT('',(-26.5,28.9,0.));
#756 = DIRECTION('',(1.,0.,0.));
#757 = DIRECTION('',(0.,0.,1.));
#758 = DEFINITIONAL_REPRESENTATION('',(#759),#763);
#759 = LINE('',#760,#761);
#760 = CARTESIAN_POINT('',(0.,0.));
#761 = VECTOR('',#762,1.);
#762 = DIRECTION('',(0.,-1.));
#763 = ( GEOMETRIC_REPRESENTATION_CONTEXT(2) 
PARAMETRIC_REPRESENTATION_CONTEXT() REPRESENTATION_CONTEXT('2D SPACE',''
  ) );
#764 = FACE_BOUND('',#765,.F.);
#765 = EDGE_LOOP('',(#766,#796,#824,#851));
#766 = ORIENTED_EDGE('',*,*,#767,.F.);
#767 = EDGE_CURVE('',#768,#770,#772,.T.);
#768 = VERTEX_POINT('',#769);
#769 = CARTESIAN_POINT('',(-22.5,29.9,0.));
#770 = VERTEX_POINT('',#771);
#771 = CARTESIAN_POINT('',(22.5,29.9,0.));
#772 = SURFACE_CURVE('',#773,(#777,#784),.PCURVE_S1.);
#773 = LINE('',#774,#775);
#774 = CARTESIAN_POINT('',(0.,29.9,0.));
#775 = VECTOR('',#776,1.);
#776 = DIRECTION('',(1.,0.,0.));
#777 = PCURVE('',#44,#778);
#778 = DEFINITIONAL_REPRESENTATION('',(#779),#783);
#779 = LINE('',#780,#781);
#780 = CARTESIAN_POINT('',(0.,29.9));
#781 = VECTOR('',#782,1.);
#782 = DIRECTION('',(1.,0.));
#783 = ( GEOMETRIC_REPRESENTATION_CONTEXT(2) 
PARAMETRIC_REPRESENTATION_CONTEXT() REPRESENTATION_CONTEXT('2D SPACE',''
  ) );
#784 = PCURVE('',#785,#790);
#785 = PLANE('',#786);
#786 = AXIS2_PLACEMENT_3D('',#787,#788,#789);
#787 = CARTESIAN_POINT('',(-26.5,29.9,0.));
#788 = DIRECTION('',(0.,1.,0.));
#789 = DIRECTION('',(1.,0.,0.));
#790 = DEFINITIONAL_REPRESENTATION('',(#791),#795);
#791 = LINE('',#792,#793);
#792 = CARTESIAN_POINT('',(26.5,0.));
#793 = VECTOR('',#794,1.);
#794 = DIRECTION('',(1.,0.));
#795 = ( GEOMETRIC_REPRESENTATION_CONTEXT(2) 
PARAMETRIC_REPRESENTATION_CONTEXT() REPRESENTATION_CONTEXT('2D SPACE',''
  ) );
#796 = ORIENTED_EDGE('',*,*,#797,.T.);
#797 = EDGE_CURVE('',#768,#798,#800,.T.);
#798 = VERTEX_POINT('',#799);
#799 = CARTESIAN_POINT('',(-22.5,35.9,0.));
#800 = SURFACE_CURVE('',#801,(#805,#812),.PCURVE_S1.);
#801 = LINE('',#802,#803);
#802 = CARTESIAN_POINT('',(-22.5,28.9,0.));
#803 = VECTOR('',#804,1.);
#804 = DIRECTION('',(0.,1.,0.));
#805 = PCURVE('',#44,#806);
#806 = DEFINITIONAL_REPRESENTATION('',(#807),#811);
#807 = LINE('',#808,#809);
#808 = CARTESIAN_POINT('',(-22.5,28.9));
#809 = VECTOR('',#810,1.);
#810 = DIRECTION('',(0.,1.));
#811 = ( GEOMETRIC_REPRESENTATION_CONTEXT(2) 
PARAMETRIC_REPRESENTATION_CONTEXT() REPRESENTATION_CONTEXT('2D SPACE',''
  ) );
#812 = PCURVE('',#813,#818);
#813 = PLANE('',#814);
#814 = AXIS2_PLACEMENT_3D('',#815,#816,#817);
#815 = CARTESIAN_POINT('',(-22.5,28.9,0.));
#816 = DIRECTION('',(1.,0.,0.));
#817 = DIRECTION('',(0.,0.,1.));
#818 = DEFINITIONAL_REPRESENTATION('',(#819),#823);
#819 = LINE('',#820,#821);
#820 = CARTESIAN_POINT('',(0.,0.));
#821 = VECTOR('',#822,1.);
#822 = DIRECTION('',(0.,-1.));
#823 = ( GEOMETRIC_REPRESENTATION_CONTEXT(2) 
PARAMETRIC_REPRESENTATION_CONTEXT() REPRESENTATION_CONTEXT('2D SPACE',''
  ) );
#824 = ORIENTED_EDGE('',*,*,#825,.F.);
#825 = EDGE_CURVE('',#826,#798,#828,.T.);
#826 = VERTEX_POINT('',#827);
#827 = CARTESIAN_POINT('',(22.5,35.9,0.));
#828 = SURFACE_CURVE('',#829,(#833,#840),.PCURVE_S1.);
#829 = LINE('',#830,#831);
#830 = CARTESIAN_POINT('',(-13.25,35.9,0.));
#831 = VECTOR('',#832,1.);
#832 = DIRECTION('',(-1.,0.,0.));
#833 = PCURVE('',#44,#834);
#834 = DEFINITIONAL_REPRESENTATION('',(#835),#839);
#835 = LINE('',#836,#837);
#836 = CARTESIAN_POINT('',(-13.25,35.9));
#837 = VECTOR('',#838,1.);
#838 = DIRECTION('',(-1.,0.));
#839 = ( GEOMETRIC_REPRESENTATION_CONTEXT(2) 
PARAMETRIC_REPRESENTATION_CONTEXT() REPRESENTATION_CONTEXT('2D SPACE',''
  ) );
#840 = PCURVE('',#841,#846);
#841 = PLANE('',#842);
#842 = AXIS2_PLACEMENT_3D('',#843,#844,#845);
#843 = CARTESIAN_POINT('',(-26.5,35.9,-0.1));
#844 = DIRECTION('',(0.,1.,0.));
#845 = DIRECTION('',(1.,0.,0.));
#846 = DEFINITIONAL_REPRESENTATION('',(#847),#850);
#847 = B_SPLINE_CURVE_WITH_KNOTS('',1,(#848,#849),.UNSPECIFIED.,.F.,.F.,
  (2,2),(-39.75,13.25),.PIECEWISE_BEZIER_KNOTS.);
#848 = CARTESIAN_POINT('',(53.,-0.1));
#849 = CARTESIAN_POINT('',(0.,-0.1));
#850 = ( GEOMETRIC_REPRESENTATION_CONTEXT(2) 
PARAMETRIC_REPRESENTATION_CONTEXT() REPRESENTATION_CONTEXT('2D SPACE',''
  ) );
#851 = ORIENTED_EDGE('',*,*,#852,.F.);
#852 = EDGE_CURVE('',#770,#826,#853,.T.);
#853 = SURFACE_CURVE('',#854,(#858,#865),.PCURVE_S1.);
#854 = LINE('',#855,#856);
#855 = CARTESIAN_POINT('',(22.5,28.9,0.));
#856 = VECTOR('',#857,1.);
#857 = DIRECTION('',(0.,1.,0.));
#858 = PCURVE('',#44,#859);
#859 = DEFINITIONAL_REPRESENTATION('',(#860),#864);
#860 = LINE('',#861,#862);
#861 = CARTESIAN_POINT('',(22.5,28.9));
#862 = VECTOR('',#863,1.);
#863 = DIRECTION('',(0.,1.));
#864 = ( GEOMETRIC_REPRESENTATION_CONTEXT(2) 
PARAMETRIC_REPRESENTATION_CONTEXT() REPRESENTATION_CONTEXT('2D SPACE',''
  ) );
#865 = PCURVE('',#866,#871);
#866 = PLANE('',#867);
#867 = AXIS2_PLACEMENT_3D('',#868,#869,#870);
#868 = CARTESIAN_POINT('',(22.5,28.9,0.));
#869 = DIRECTION('',(1.,0.,0.));
#870 = DIRECTION('',(0.,0.,1.));
#871 = DEFINITIONAL_REPRESENTATION('',(#872),#876);
#872 = LINE('',#873,#874);
#873 = CARTESIAN_POINT('',(0.,0.));
#874 = VECTOR('',#875,1.);
#875 = DIRECTION('',(0.,-1.));
#876 = ( GEOMETRIC_REPRESENTATION_CONTEXT(2) 
PARAMETRIC_REPRESENTATION_CONTEXT() REPRESENTATION_CONTEXT('2D SPACE',''
  ) );
#877 = FACE_BOUND('',#878,.F.);
#878 = EDGE_LOOP('',(#879,#910,#938,#971,#999));
#879 = ORIENTED_EDGE('',*,*,#880,.T.);
#880 = EDGE_CURVE('',#881,#883,#885,.T.);
#881 = VERTEX_POINT('',#882);
#882 = CARTESIAN_POINT('',(33.5,25.772983346208,0.));
#883 = VERTEX_POINT('',#884);
#884 = CARTESIAN_POINT('',(26.5,29.9,0.));
#885 = SURFACE_CURVE('',#886,(#891,#898),.PCURVE_S1.);
#886 = CIRCLE('',#887,8.);
#887 = AXIS2_PLACEMENT_3D('',#888,#889,#890);
#888 = CARTESIAN_POINT('',(26.5,21.9,0.));
#889 = DIRECTION('',(0.,0.,1.));
#890 = DIRECTION('',(1.,0.,0.));
#891 = PCURVE('',#44,#892);
#892 = DEFINITIONAL_REPRESENTATION('',(#893),#897);
#893 = CIRCLE('',#894,8.);
#894 = AXIS2_PLACEMENT_2D('',#895,#896);
#895 = CARTESIAN_POINT('',(26.5,21.9));
#896 = DIRECTION('',(1.,0.));
#897 = ( GEOMETRIC_REPRESENTATION_CONTEXT(2) 
PARAMETRIC_REPRESENTATION_CONTEXT() REPRESENTATION_CONTEXT('2D SPACE',''
  ) );
#898 = PCURVE('',#899,#904);
#899 = CYLINDRICAL_SURFACE('',#900,8.);
#900 = AXIS2_PLACEMENT_3D('',#901,#902,#903);
#901 = CARTESIAN_POINT('',(26.5,21.9,0.));
#902 = DIRECTION('',(-0.,-0.,-1.));
#903 = DIRECTION('',(1.,0.,0.));
#904 = DEFINITIONAL_REPRESENTATION('',(#905),#909);
#905 = LINE('',#906,#907);
#906 = CARTESIAN_POINT('',(-0.,0.));
#907 = VECTOR('',#908,1.);
#908 = DIRECTION('',(-1.,0.));
#909 = ( GEOMETRIC_REPRESENTATION_CONTEXT(2) 
PARAMETRIC_REPRESENTATION_CONTEXT() REPRESENTATION_CONTEXT('2D SPACE',''
  ) );
#910 = ORIENTED_EDGE('',*,*,#911,.T.);
#911 = EDGE_CURVE('',#883,#912,#914,.T.);
#912 = VERTEX_POINT('',#913);
#913 = CARTESIAN_POINT('',(26.5,35.9,0.));
#914 = SURFACE_CURVE('',#915,(#919,#926),.PCURVE_S1.);
#915 = LINE('',#916,#917);
#916 = CARTESIAN_POINT('',(26.5,28.9,0.));
#917 = VECTOR('',#918,1.);
#918 = DIRECTION('',(0.,1.,0.));
#919 = PCURVE('',#44,#920);
#920 = DEFINITIONAL_REPRESENTATION('',(#921),#925);
#921 = LINE('',#922,#923);
#922 = CARTESIAN_POINT('',(26.5,28.9));
#923 = VECTOR('',#924,1.);
#924 = DIRECTION('',(0.,1.));
#925 = ( GEOMETRIC_REPRESENTATION_CONTEXT(2) 
PARAMETRIC_REPRESENTATION_CONTEXT() REPRESENTATION_CONTEXT('2D SPACE',''
  ) );
#926 = PCURVE('',#927,#932);
#927 = PLANE('',#928);
#928 = AXIS2_PLACEMENT_3D('',#929,#930,#931);
#929 = CARTESIAN_POINT('',(26.5,28.9,0.));
#930 = DIRECTION('',(1.,0.,0.));
#931 = DIRECTION('',(0.,0.,1.));
#932 = DEFINITIONAL_REPRESENTATION('',(#933),#937);
#933 = LINE('',#934,#935);
#934 = CARTESIAN_POINT('',(0.,0.));
#935 = VECTOR('',#936,1.);
#936 = DIRECTION('',(0.,-1.));
#937 = ( GEOMETRIC_REPRESENTATION_CONTEXT(2) 
PARAMETRIC_REPRESENTATION_CONTEXT() REPRESENTATION_CONTEXT('2D SPACE',''
  ) );
#938 = ORIENTED_EDGE('',*,*,#939,.T.);
#939 = EDGE_CURVE('',#912,#940,#942,.T.);
#940 = VERTEX_POINT('',#941);
#941 = CARTESIAN_POINT('',(39.722707740852,26.5,0.));
#942 = SURFACE_CURVE('',#943,(#948,#959),.PCURVE_S1.);
#943 = CIRCLE('',#944,14.);
#944 = AXIS2_PLACEMENT_3D('',#945,#946,#947);
#945 = CARTESIAN_POINT('',(26.5,21.9,0.));
#946 = DIRECTION('',(0.,0.,-1.));
#947 = DIRECTION('',(1.,0.,0.));
#948 = PCURVE('',#44,#949);
#949 = DEFINITIONAL_REPRESENTATION('',(#950),#958);
#950 = ( BOUNDED_CURVE() B_SPLINE_CURVE(2,(#951,#952,#953,#954,#955,#956
,#957),.UNSPECIFIED.,.T.,.F.) B_SPLINE_CURVE_WITH_KNOTS((1,2,2,2,2,1),(
    -2.094395102393,0.,2.094395102393,4.188790204786,6.28318530718,
8.377580409573),.UNSPECIFIED.) CURVE() GEOMETRIC_REPRESENTATION_ITEM() 
RATIONAL_B_SPLINE_CURVE((1.,0.5,1.,0.5,1.,0.5,1.)) REPRESENTATION_ITEM(
  '') );
#951 = CARTESIAN_POINT('',(40.5,21.9));
#952 = CARTESIAN_POINT('',(40.5,-2.348711305964));
#953 = CARTESIAN_POINT('',(19.5,9.775644347018));
#954 = CARTESIAN_POINT('',(-1.5,21.9));
#955 = CARTESIAN_POINT('',(19.5,34.024355652982));
#956 = CARTESIAN_POINT('',(40.5,46.148711305964));
#957 = CARTESIAN_POINT('',(40.5,21.9));
#958 = ( GEOMETRIC_REPRESENTATION_CONTEXT(2) 
PARAMETRIC_REPRESENTATION_CONTEXT() REPRESENTATION_CONTEXT('2D SPACE',''
  ) );
#959 = PCURVE('',#960,#965);
#960 = CYLINDRICAL_SURFACE('',#961,14.);
#961 = AXIS2_PLACEMENT_3D('',#962,#963,#964);
#962 = CARTESIAN_POINT('',(26.5,21.9,-0.1));
#963 = DIRECTION('',(-0.,-0.,-1.));
#964 = DIRECTION('',(1.,0.,0.));
#965 = DEFINITIONAL_REPRESENTATION('',(#966),#970);
#966 = LINE('',#967,#968);
#967 = CARTESIAN_POINT('',(-6.28318530718,-0.1));
#968 = VECTOR('',#969,1.);
#969 = DIRECTION('',(1.,-0.));
#970 = ( GEOMETRIC_REPRESENTATION_CONTEXT(2) 
PARAMETRIC_REPRESENTATION_CONTEXT() REPRESENTATION_CONTEXT('2D SPACE',''
  ) );
#971 = ORIENTED_EDGE('',*,*,#972,.F.);
#972 = EDGE_CURVE('',#973,#940,#975,.T.);
#973 = VERTEX_POINT('',#974);
#974 = CARTESIAN_POINT('',(33.5,26.5,0.));
#975 = SURFACE_CURVE('',#976,(#980,#987),.PCURVE_S1.);
#976 = LINE('',#977,#978);
#977 = CARTESIAN_POINT('',(33.5,26.5,0.));
#978 = VECTOR('',#979,1.);
#979 = DIRECTION('',(1.,0.,0.));
#980 = PCURVE('',#44,#981);
#981 = DEFINITIONAL_REPRESENTATION('',(#982),#986);
#982 = LINE('',#983,#984);
#983 = CARTESIAN_POINT('',(33.5,26.5));
#984 = VECTOR('',#985,1.);
#985 = DIRECTION('',(1.,0.));
#986 = ( GEOMETRIC_REPRESENTATION_CONTEXT(2) 
PARAMETRIC_REPRESENTATION_CONTEXT() REPRESENTATION_CONTEXT('2D SPACE',''
  ) );
#987 = PCURVE('',#988,#993);
#988 = PLANE('',#989);
#989 = AXIS2_PLACEMENT_3D('',#990,#991,#992);
#990 = CARTESIAN_POINT('',(33.5,26.5,0.));
#991 = DIRECTION('',(0.,1.,0.));
#992 = DIRECTION('',(0.,0.,1.));
#993 = DEFINITIONAL_REPRESENTATION('',(#994),#998);
#994 = LINE('',#995,#996);
#995 = CARTESIAN_POINT('',(0.,0.));
#996 = VECTOR('',#997,1.);
#997 = DIRECTION('',(0.,1.));
#998 = ( GEOMETRIC_REPRESENTATION_CONTEXT(2) 
PARAMETRIC_REPRESENTATION_CONTEXT() REPRESENTATION_CONTEXT('2D SPACE',''
  ) );
#999 = ORIENTED_EDGE('',*,*,#1000,.F.);
#1000 = EDGE_CURVE('',#881,#973,#1001,.T.);
#1001 = SURFACE_CURVE('',#1002,(#1006,#1013),.PCURVE_S1.);
#1002 = LINE('',#1003,#1004);
#1003 = CARTESIAN_POINT('',(33.5,22.5,0.));
#1004 = VECTOR('',#1005,1.);
#1005 = DIRECTION('',(0.,1.,0.));
#1006 = PCURVE('',#44,#1007);
#1007 = DEFINITIONAL_REPRESENTATION('',(#1008),#1012);
#1008 = LINE('',#1009,#1010);
#1009 = CARTESIAN_POINT('',(33.5,22.5));
#1010 = VECTOR('',#1011,1.);
#1011 = DIRECTION('',(0.,1.));
#1012 = ( GEOMETRIC_REPRESENTATION_CONTEXT(2) 
PARAMETRIC_REPRESENTATION_CONTEXT() REPRESENTATION_CONTEXT('2D SPACE',''
  ) );
#1013 = PCURVE('',#1014,#1019);
#1014 = PLANE('',#1015);
#1015 = AXIS2_PLACEMENT_3D('',#1016,#1017,#1018);
#1016 = CARTESIAN_POINT('',(33.5,22.5,0.));
#1017 = DIRECTION('',(1.,0.,0.));
#1018 = DIRECTION('',(0.,0.,1.));
#1019 = DEFINITIONAL_REPRESENTATION('',(#1020),#1024);
#1020 = LINE('',#1021,#1022);
#1021 = CARTESIAN_POINT('',(0.,0.));
#1022 = VECTOR('',#1023,1.);
#1023 = DIRECTION('',(0.,-1.));
#1024 = ( GEOMETRIC_REPRESENTATION_CONTEXT(2) 
PARAMETRIC_REPRESENTATION_CONTEXT() REPRESENTATION_CONTEXT('2D SPACE',''
  ) );
#1025 = FACE_BOUND('',#1026,.F.);
#1026 = EDGE_LOOP('',(#1027,#1058,#1086,#1119,#1146,#1174));
#1027 = ORIENTED_EDGE('',*,*,#1028,.T.);
#1028 = EDGE_CURVE('',#1029,#1031,#1033,.T.);
#1029 = VERTEX_POINT('',#1030);
#1030 = CARTESIAN_POINT('',(34.5,21.9,0.));
#1031 = VERTEX_POINT('',#1032);
#1032 = CARTESIAN_POINT('',(34.477468270072,22.5,0.));
#1033 = SURFACE_CURVE('',#1034,(#1039,#1046),.PCURVE_S1.);
#1034 = CIRCLE('',#1035,8.);
#1035 = AXIS2_PLACEMENT_3D('',#1036,#1037,#1038);
#1036 = CARTESIAN_POINT('',(26.5,21.9,0.));
#1037 = DIRECTION('',(0.,0.,1.));
#1038 = DIRECTION('',(1.,0.,0.));
#1039 = PCURVE('',#44,#1040);
#1040 = DEFINITIONAL_REPRESENTATION('',(#1041),#1045);
#1041 = CIRCLE('',#1042,8.);
#1042 = AXIS2_PLACEMENT_2D('',#1043,#1044);
#1043 = CARTESIAN_POINT('',(26.5,21.9));
#1044 = DIRECTION('',(1.,0.));
#1045 = ( GEOMETRIC_REPRESENTATION_CONTEXT(2) 
PARAMETRIC_REPRESENTATION_CONTEXT() REPRESENTATION_CONTEXT('2D SPACE',''
  ) );
#1046 = PCURVE('',#1047,#1052);
#1047 = CYLINDRICAL_SURFACE('',#1048,8.);
#1048 = AXIS2_PLACEMENT_3D('',#1049,#1050,#1051);
#1049 = CARTESIAN_POINT('',(26.5,21.9,0.));
#1050 = DIRECTION('',(-0.,-0.,-1.));
#1051 = DIRECTION('',(1.,0.,0.));
#1052 = DEFINITIONAL_REPRESENTATION('',(#1053),#1057);
#1053 = LINE('',#1054,#1055);
#1054 = CARTESIAN_POINT('',(-0.,0.));
#1055 = VECTOR('',#1056,1.);
#1056 = DIRECTION('',(-1.,0.));
#1057 = ( GEOMETRIC_REPRESENTATION_CONTEXT(2) 
PARAMETRIC_REPRESENTATION_CONTEXT() REPRESENTATION_CONTEXT('2D SPACE',''
  ) );
#1058 = ORIENTED_EDGE('',*,*,#1059,.T.);
#1059 = EDGE_CURVE('',#1031,#1060,#1062,.T.);
#1060 = VERTEX_POINT('',#1061);
#1061 = CARTESIAN_POINT('',(40.487136947925,22.5,0.));
#1062 = SURFACE_CURVE('',#1063,(#1067,#1074),.PCURVE_S1.);
#1063 = LINE('',#1064,#1065);
#1064 = CARTESIAN_POINT('',(33.5,22.5,0.));
#1065 = VECTOR('',#1066,1.);
#1066 = DIRECTION('',(1.,0.,0.));
#1067 = PCURVE('',#44,#1068);
#1068 = DEFINITIONAL_REPRESENTATION('',(#1069),#1073);
#1069 = LINE('',#1070,#1071);
#1070 = CARTESIAN_POINT('',(33.5,22.5));
#1071 = VECTOR('',#1072,1.);
#1072 = DIRECTION('',(1.,0.));
#1073 = ( GEOMETRIC_REPRESENTATION_CONTEXT(2) 
PARAMETRIC_REPRESENTATION_CONTEXT() REPRESENTATION_CONTEXT('2D SPACE',''
  ) );
#1074 = PCURVE('',#1075,#1080);
#1075 = PLANE('',#1076);
#1076 = AXIS2_PLACEMENT_3D('',#1077,#1078,#1079);
#1077 = CARTESIAN_POINT('',(33.5,22.5,0.));
#1078 = DIRECTION('',(0.,1.,0.));
#1079 = DIRECTION('',(0.,0.,1.));
#1080 = DEFINITIONAL_REPRESENTATION('',(#1081),#1085);
#1081 = LINE('',#1082,#1083);
#1082 = CARTESIAN_POINT('',(0.,0.));
#1083 = VECTOR('',#1084,1.);
#1084 = DIRECTION('',(0.,1.));
#1085 = ( GEOMETRIC_REPRESENTATION_CONTEXT(2) 
PARAMETRIC_REPRESENTATION_CONTEXT() REPRESENTATION_CONTEXT('2D SPACE',''
  ) );
#1086 = ORIENTED_EDGE('',*,*,#1087,.T.);
#1087 = EDGE_CURVE('',#1060,#1088,#1090,.T.);
#1088 = VERTEX_POINT('',#1089);
#1089 = CARTESIAN_POINT('',(40.5,21.9,0.));
#1090 = SURFACE_CURVE('',#1091,(#1096,#1107),.PCURVE_S1.);
#1091 = CIRCLE('',#1092,14.);
#1092 = AXIS2_PLACEMENT_3D('',#1093,#1094,#1095);
#1093 = CARTESIAN_POINT('',(26.5,21.9,0.));
#1094 = DIRECTION('',(0.,0.,-1.));
#1095 = DIRECTION('',(1.,0.,0.));
#1096 = PCURVE('',#44,#1097);
#1097 = DEFINITIONAL_REPRESENTATION('',(#1098),#1106);
#1098 = ( BOUNDED_CURVE() B_SPLINE_CURVE(2,(#1099,#1100,#1101,#1102,
#1103,#1104,#1105),.UNSPECIFIED.,.T.,.F.) B_SPLINE_CURVE_WITH_KNOTS((1,2
    ,2,2,2,1),(-2.094395102393,0.,2.094395102393,4.188790204786,
6.28318530718,8.377580409573),.UNSPECIFIED.) CURVE() 
GEOMETRIC_REPRESENTATION_ITEM() RATIONAL_B_SPLINE_CURVE((1.,0.5,1.,0.5,
1.,0.5,1.)) REPRESENTATION_ITEM('') );
#1099 = CARTESIAN_POINT('',(40.5,21.9));
#1100 = CARTESIAN_POINT('',(40.5,-2.348711305964));
#1101 = CARTESIAN_POINT('',(19.5,9.775644347018));
#1102 = CARTESIAN_POINT('',(-1.5,21.9));
#1103 = CARTESIAN_POINT('',(19.5,34.024355652982));
#1104 = CARTESIAN_POINT('',(40.5,46.148711305964));
#1105 = CARTESIAN_POINT('',(40.5,21.9));
#1106 = ( GEOMETRIC_REPRESENTATION_CONTEXT(2) 
PARAMETRIC_REPRESENTATION_CONTEXT() REPRESENTATION_CONTEXT('2D SPACE',''
  ) );
#1107 = PCURVE('',#1108,#1113);
#1108 = CYLINDRICAL_SURFACE('',#1109,14.);
#1109 = AXIS2_PLACEMENT_3D('',#1110,#1111,#1112);
#1110 = CARTESIAN_POINT('',(26.5,21.9,-0.1));
#1111 = DIRECTION('',(-0.,-0.,-1.));
#1112 = DIRECTION('',(1.,0.,0.));
#1113 = DEFINITIONAL_REPRESENTATION('',(#1114),#1118);
#1114 = LINE('',#1115,#1116);
#1115 = CARTESIAN_POINT('',(-6.28318530718,-0.1));
#1116 = VECTOR('',#1117,1.);
#1117 = DIRECTION('',(1.,-0.));
#1118 = ( GEOMETRIC_REPRESENTATION_CONTEXT(2) 
PARAMETRIC_REPRESENTATION_CONTEXT() REPRESENTATION_CONTEXT('2D SPACE',''
  ) );
#1119 = ORIENTED_EDGE('',*,*,#1120,.T.);
#1120 = EDGE_CURVE('',#1088,#1121,#1123,.T.);
#1121 = VERTEX_POINT('',#1122);
#1122 = CARTESIAN_POINT('',(40.5,-13.676,0.));
#1123 = SURFACE_CURVE('',#1124,(#1128,#1135),.PCURVE_S1.);
#1124 = LINE('',#1125,#1126);
#1125 = CARTESIAN_POINT('',(40.5,-10.95,0.));
#1126 = VECTOR('',#1127,1.);
#1127 = DIRECTION('',(0.,-1.,0.));
#1128 = PCURVE('',#44,#1129);
#1129 = DEFINITIONAL_REPRESENTATION('',(#1130),#1134);
#1130 = LINE('',#1131,#1132);
#1131 = CARTESIAN_POINT('',(40.5,-10.95));
#1132 = VECTOR('',#1133,1.);
#1133 = DIRECTION('',(0.,-1.));
#1134 = ( GEOMETRIC_REPRESENTATION_CONTEXT(2) 
PARAMETRIC_REPRESENTATION_CONTEXT() REPRESENTATION_CONTEXT('2D SPACE',''
  ) );
#1135 = PCURVE('',#1136,#1141);
#1136 = PLANE('',#1137);
#1137 = AXIS2_PLACEMENT_3D('',#1138,#1139,#1140);
#1138 = CARTESIAN_POINT('',(40.5,-21.9,-0.1));
#1139 = DIRECTION('',(-1.,0.,0.));
#1140 = DIRECTION('',(0.,1.,0.));
#1141 = DEFINITIONAL_REPRESENTATION('',(#1142),#1145);
#1142 = B_SPLINE_CURVE_WITH_KNOTS('',1,(#1143,#1144),.UNSPECIFIED.,.F.,
  .F.,(2,2),(-32.85,10.95),.PIECEWISE_BEZIER_KNOTS.);
#1143 = CARTESIAN_POINT('',(43.8,-0.1));
#1144 = CARTESIAN_POINT('',(0.,-0.1));
#1145 = ( GEOMETRIC_REPRESENTATION_CONTEXT(2) 
PARAMETRIC_REPRESENTATION_CONTEXT() REPRESENTATION_CONTEXT('2D SPACE',''
  ) );
#1146 = ORIENTED_EDGE('',*,*,#1147,.F.);
#1147 = EDGE_CURVE('',#1148,#1121,#1150,.T.);
#1148 = VERTEX_POINT('',#1149);
#1149 = CARTESIAN_POINT('',(34.5,-13.676,0.));
#1150 = SURFACE_CURVE('',#1151,(#1155,#1162),.PCURVE_S1.);
#1151 = LINE('',#1152,#1153);
#1152 = CARTESIAN_POINT('',(34.5,-13.676,0.));
#1153 = VECTOR('',#1154,1.);
#1154 = DIRECTION('',(1.,0.,0.));
#1155 = PCURVE('',#44,#1156);
#1156 = DEFINITIONAL_REPRESENTATION('',(#1157),#1161);
#1157 = LINE('',#1158,#1159);
#1158 = CARTESIAN_POINT('',(34.5,-13.676));
#1159 = VECTOR('',#1160,1.);
#1160 = DIRECTION('',(1.,0.));
#1161 = ( GEOMETRIC_REPRESENTATION_CONTEXT(2) 
PARAMETRIC_REPRESENTATION_CONTEXT() REPRESENTATION_CONTEXT('2D SPACE',''
  ) );
#1162 = PCURVE('',#1163,#1168);
#1163 = PLANE('',#1164);
#1164 = AXIS2_PLACEMENT_3D('',#1165,#1166,#1167);
#1165 = CARTESIAN_POINT('',(34.5,-13.676,0.));
#1166 = DIRECTION('',(0.,1.,0.));
#1167 = DIRECTION('',(0.,0.,1.));
#1168 = DEFINITIONAL_REPRESENTATION('',(#1169),#1173);
#1169 = LINE('',#1170,#1171);
#1170 = CARTESIAN_POINT('',(0.,0.));
#1171 = VECTOR('',#1172,1.);
#1172 = DIRECTION('',(0.,1.));
#1173 = ( GEOMETRIC_REPRESENTATION_CONTEXT(2) 
PARAMETRIC_REPRESENTATION_CONTEXT() REPRESENTATION_CONTEXT('2D SPACE',''
  ) );
#1174 = ORIENTED_EDGE('',*,*,#1175,.T.);
#1175 = EDGE_CURVE('',#1148,#1029,#1176,.T.);
#1176 = SURFACE_CURVE('',#1177,(#1181,#1188),.PCURVE_S1.);
#1177 = LINE('',#1178,#1179);
#1178 = CARTESIAN_POINT('',(34.5,0.,0.));
#1179 = VECTOR('',#1180,1.);
#1180 = DIRECTION('',(0.,1.,0.));
#1181 = PCURVE('',#44,#1182);
#1182 = DEFINITIONAL_REPRESENTATION('',(#1183),#1187);
#1183 = LINE('',#1184,#1185);
#1184 = CARTESIAN_POINT('',(34.5,0.));
#1185 = VECTOR('',#1186,1.);
#1186 = DIRECTION('',(0.,1.));
#1187 = ( GEOMETRIC_REPRESENTATION_CONTEXT(2) 
PARAMETRIC_REPRESENTATION_CONTEXT() REPRESENTATION_CONTEXT('2D SPACE',''
  ) );
#1188 = PCURVE('',#1189,#1194);
#1189 = PLANE('',#1190);
#1190 = AXIS2_PLACEMENT_3D('',#1191,#1192,#1193);
#1191 = CARTESIAN_POINT('',(34.5,-21.9,0.));
#1192 = DIRECTION('',(-1.,0.,0.));
#1193 = DIRECTION('',(0.,1.,0.));
#1194 = DEFINITIONAL_REPRESENTATION('',(#1195),#1199);
#1195 = LINE('',#1196,#1197);
#1196 = CARTESIAN_POINT('',(21.9,0.));
#1197 = VECTOR('',#1198,1.);
#1198 = DIRECTION('',(1.,0.));
#1199 = ( GEOMETRIC_REPRESENTATION_CONTEXT(2) 
PARAMETRIC_REPRESENTATION_CONTEXT() REPRESENTATION_CONTEXT('2D SPACE',''
  ) );
#1200 = FACE_BOUND('',#1201,.F.);
#1201 = EDGE_LOOP('',(#1202));
#1202 = ORIENTED_EDGE('',*,*,#1203,.T.);
#1203 = EDGE_CURVE('',#1204,#1204,#1206,.T.);
#1204 = VERTEX_POINT('',#1205);
#1205 = CARTESIAN_POINT('',(18.85,0.,0.));
#1206 = SURFACE_CURVE('',#1207,(#1212,#1223),.PCURVE_S1.);
#1207 = CIRCLE('',#1208,18.85);
#1208 = AXIS2_PLACEMENT_3D('',#1209,#1210,#1211);
#1209 = CARTESIAN_POINT('',(0.,0.,0.));
#1210 = DIRECTION('',(0.,0.,-1.));
#1211 = DIRECTION('',(1.,0.,0.));
#1212 = PCURVE('',#44,#1213);
#1213 = DEFINITIONAL_REPRESENTATION('',(#1214),#1222);
#1214 = ( BOUNDED_CURVE() B_SPLINE_CURVE(2,(#1215,#1216,#1217,#1218,
#1219,#1220,#1221),.UNSPECIFIED.,.T.,.F.) B_SPLINE_CURVE_WITH_KNOTS((1,2
    ,2,2,2,1),(-2.094395102393,0.,2.094395102393,4.188790204786,
6.28318530718,8.377580409573),.UNSPECIFIED.) CURVE() 
GEOMETRIC_REPRESENTATION_ITEM() RATIONAL_B_SPLINE_CURVE((1.,0.5,1.,0.5,
1.,0.5,1.)) REPRESENTATION_ITEM('') );
#1215 = CARTESIAN_POINT('',(18.85,0.));
#1216 = CARTESIAN_POINT('',(18.85,-32.64915772267));
#1217 = CARTESIAN_POINT('',(-9.425,-16.32457886133));
#1218 = CARTESIAN_POINT('',(-37.7,-4.616918432786E-15));
#1219 = CARTESIAN_POINT('',(-9.425,16.324578861337));
#1220 = CARTESIAN_POINT('',(18.85,32.649157722673));
#1221 = CARTESIAN_POINT('',(18.85,0.));
#1222 = ( GEOMETRIC_REPRESENTATION_CONTEXT(2) 
PARAMETRIC_REPRESENTATION_CONTEXT() REPRESENTATION_CONTEXT('2D SPACE',''
  ) );
#1223 = PCURVE('',#1224,#1229);
#1224 = CYLINDRICAL_SURFACE('',#1225,18.85);
#1225 = AXIS2_PLACEMENT_3D('',#1226,#1227,#1228);
#1226 = CARTESIAN_POINT('',(0.,0.,-0.2));
#1227 = DIRECTION('',(-0.,-0.,-1.));
#1228 = DIRECTION('',(1.,0.,0.));
#1229 = DEFINITIONAL_REPRESENTATION('',(#1230),#1234);
#1230 = LINE('',#1231,#1232);
#1231 = CARTESIAN_POINT('',(-6.28318530718,-0.2));
#1232 = VECTOR('',#1233,1.);
#1233 = DIRECTION('',(1.,-0.));
#1234 = ( GEOMETRIC_REPRESENTATION_CONTEXT(2) 
PARAMETRIC_REPRESENTATION_CONTEXT() REPRESENTATION_CONTEXT('2D SPACE',''
  ) );
#1235 = FACE_BOUND('',#1236,.F.);
#1236 = EDGE_LOOP('',(#1237,#1267,#1300,#1328,#1361,#1389));
#1237 = ORIENTED_EDGE('',*,*,#1238,.T.);
#1238 = EDGE_CURVE('',#1239,#1241,#1243,.T.);
#1239 = VERTEX_POINT('',#1240);
#1240 = CARTESIAN_POINT('',(-9.806625687808,22.35,-2.775557561563E-15));
#1241 = VERTEX_POINT('',#1242);
#1242 = CARTESIAN_POINT('',(9.806625687808,22.35,-2.831068712794E-15));
#1243 = SURFACE_CURVE('',#1244,(#1248,#1255),.PCURVE_S1.);
#1244 = LINE('',#1245,#1246);
#1245 = CARTESIAN_POINT('',(-12.21065108829,22.35,-3.10862446895E-15));
#1246 = VECTOR('',#1247,1.);
#1247 = DIRECTION('',(1.,-0.,0.));
#1248 = PCURVE('',#44,#1249);
#1249 = DEFINITIONAL_REPRESENTATION('',(#1250),#1254);
#1250 = LINE('',#1251,#1252);
#1251 = CARTESIAN_POINT('',(-12.21065108829,22.35));
#1252 = VECTOR('',#1253,1.);
#1253 = DIRECTION('',(1.,0.));
#1254 = ( GEOMETRIC_REPRESENTATION_CONTEXT(2) 
PARAMETRIC_REPRESENTATION_CONTEXT() REPRESENTATION_CONTEXT('2D SPACE',''
  ) );
#1255 = PCURVE('',#1256,#1261);
#1256 = CYLINDRICAL_SURFACE('',#1257,1.);
#1257 = AXIS2_PLACEMENT_3D('',#1258,#1259,#1260);
#1258 = CARTESIAN_POINT('',(-12.21065108829,22.35,-1.));
#1259 = DIRECTION('',(1.,-0.,0.));
#1260 = DIRECTION('',(0.,1.224646799147E-16,1.));
#1261 = DEFINITIONAL_REPRESENTATION('',(#1262),#1266);
#1262 = LINE('',#1263,#1264);
#1263 = CARTESIAN_POINT('',(-0.,0.));
#1264 = VECTOR('',#1265,1.);
#1265 = DIRECTION('',(-0.,1.));
#1266 = ( GEOMETRIC_REPRESENTATION_CONTEXT(2) 
PARAMETRIC_REPRESENTATION_CONTEXT() REPRESENTATION_CONTEXT('2D SPACE',''
  ) );
#1267 = ORIENTED_EDGE('',*,*,#1268,.T.);
#1268 = EDGE_CURVE('',#1241,#1269,#1271,.T.);
#1269 = VERTEX_POINT('',#1270);
#1270 = CARTESIAN_POINT('',(24.386315986241,1.,-1.942890293094E-16));
#1271 = SURFACE_CURVE('',#1272,(#1277,#1288),.PCURVE_S1.);
#1272 = CIRCLE('',#1273,24.406810676137);
#1273 = AXIS2_PLACEMENT_3D('',#1274,#1275,#1276);
#1274 = CARTESIAN_POINT('',(0.,0.,0.));
#1275 = DIRECTION('',(-8.281719203304E-34,-1.224646799147E-16,-1.));
#1276 = DIRECTION('',(0.463402318341,0.88614800759,-1.085218321066E-16)
  );
#1277 = PCURVE('',#44,#1278);
#1278 = DEFINITIONAL_REPRESENTATION('',(#1279),#1287);
#1279 = ( BOUNDED_CURVE() B_SPLINE_CURVE(2,(#1280,#1281,#1282,#1283,
#1284,#1285,#1286),.UNSPECIFIED.,.T.,.F.) B_SPLINE_CURVE_WITH_KNOTS((1,2
    ,2,2,2,1),(-2.094395102393,0.,2.094395102393,4.188790204786,
6.28318530718,8.377580409573),.UNSPECIFIED.) CURVE() 
GEOMETRIC_REPRESENTATION_ITEM() RATIONAL_B_SPLINE_CURVE((1.,0.5,1.,0.5,
1.,0.5,1.)) REPRESENTATION_ITEM('') );
#1280 = CARTESIAN_POINT('',(11.310172650638,21.628046652288));
#1281 = CARTESIAN_POINT('',(48.771048320871,2.038252979008));
#1282 = CARTESIAN_POINT('',(13.075351509798,-20.60892016278));
#1283 = CARTESIAN_POINT('',(-22.62034530127,-43.25609330457));
#1284 = CARTESIAN_POINT('',(-24.38552416043,-1.019126489504));
#1285 = CARTESIAN_POINT('',(-26.15070301959,41.217840325568));
#1286 = CARTESIAN_POINT('',(11.310172650638,21.628046652288));
#1287 = ( GEOMETRIC_REPRESENTATION_CONTEXT(2) 
PARAMETRIC_REPRESENTATION_CONTEXT() REPRESENTATION_CONTEXT('2D SPACE',''
  ) );
#1288 = PCURVE('',#1289,#1294);
#1289 = TOROIDAL_SURFACE('',#1290,24.406810676137,1.);
#1290 = AXIS2_PLACEMENT_3D('',#1291,#1292,#1293);
#1291 = CARTESIAN_POINT('',(0.,-1.224646799147E-16,-1.));
#1292 = DIRECTION('',(-0.,1.224646799147E-16,1.));
#1293 = DIRECTION('',(0.463402318341,0.88614800759,-1.085218321066E-16)
  );
#1294 = DEFINITIONAL_REPRESENTATION('',(#1295),#1299);
#1295 = LINE('',#1296,#1297);
#1296 = CARTESIAN_POINT('',(-0.,7.853981633974));
#1297 = VECTOR('',#1298,1.);
#1298 = DIRECTION('',(-1.,0.));
#1299 = ( GEOMETRIC_REPRESENTATION_CONTEXT(2) 
PARAMETRIC_REPRESENTATION_CONTEXT() REPRESENTATION_CONTEXT('2D SPACE',''
  ) );
#1300 = ORIENTED_EDGE('',*,*,#1301,.F.);
#1301 = EDGE_CURVE('',#1302,#1269,#1304,.T.);
#1302 = VERTEX_POINT('',#1303);
#1303 = CARTESIAN_POINT('',(20.826005377892,1.,-1.224646799147E-16));
#1304 = SURFACE_CURVE('',#1305,(#1309,#1316),.PCURVE_S1.);
#1305 = LINE('',#1306,#1307);
#1306 = CARTESIAN_POINT('',(19.85,1.,0.));
#1307 = VECTOR('',#1308,1.);
#1308 = DIRECTION('',(1.,-0.,0.));
#1309 = PCURVE('',#44,#1310);
#1310 = DEFINITIONAL_REPRESENTATION('',(#1311),#1315);
#1311 = LINE('',#1312,#1313);
#1312 = CARTESIAN_POINT('',(19.85,1.));
#1313 = VECTOR('',#1314,1.);
#1314 = DIRECTION('',(1.,0.));
#1315 = ( GEOMETRIC_REPRESENTATION_CONTEXT(2) 
PARAMETRIC_REPRESENTATION_CONTEXT() REPRESENTATION_CONTEXT('2D SPACE',''
  ) );
#1316 = PCURVE('',#1317,#1322);
#1317 = CYLINDRICAL_SURFACE('',#1318,1.);
#1318 = AXIS2_PLACEMENT_3D('',#1319,#1320,#1321);
#1319 = CARTESIAN_POINT('',(19.85,1.,-1.));
#1320 = DIRECTION('',(1.,-0.,0.));
#1321 = DIRECTION('',(-0.,-1.,0.));
#1322 = DEFINITIONAL_REPRESENTATION('',(#1323),#1327);
#1323 = LINE('',#1324,#1325);
#1324 = CARTESIAN_POINT('',(-1.570796326795,0.));
#1325 = VECTOR('',#1326,1.);
#1326 = DIRECTION('',(-0.,1.));
#1327 = ( GEOMETRIC_REPRESENTATION_CONTEXT(2) 
PARAMETRIC_REPRESENTATION_CONTEXT() REPRESENTATION_CONTEXT('2D SPACE',''
  ) );
#1328 = ORIENTED_EDGE('',*,*,#1329,.F.);
#1329 = EDGE_CURVE('',#1330,#1302,#1332,.T.);
#1330 = VERTEX_POINT('',#1331);
#1331 = CARTESIAN_POINT('',(-20.82600537789,1.,-1.224646799147E-16));
#1332 = SURFACE_CURVE('',#1333,(#1338,#1349),.PCURVE_S1.);
#1333 = CIRCLE('',#1334,20.85);
#1334 = AXIS2_PLACEMENT_3D('',#1335,#1336,#1337);
#1335 = CARTESIAN_POINT('',(0.,-1.224646799147E-17,1.499759782662E-33));
#1336 = DIRECTION('',(3.195391954317E-49,-1.224646799147E-16,-1.));
#1337 = DIRECTION('',(-1.,-1.224646799147E-16,1.499759782662E-32));
#1338 = PCURVE('',#44,#1339);
#1339 = DEFINITIONAL_REPRESENTATION('',(#1340),#1348);
#1340 = ( BOUNDED_CURVE() B_SPLINE_CURVE(2,(#1341,#1342,#1343,#1344,
#1345,#1346,#1347),.UNSPECIFIED.,.T.,.F.) B_SPLINE_CURVE_WITH_KNOTS((1,2
    ,2,2,2,1),(-2.094395102393,0.,2.094395102393,4.188790204786,
6.28318530718,8.377580409573),.UNSPECIFIED.) CURVE() 
GEOMETRIC_REPRESENTATION_ITEM() RATIONAL_B_SPLINE_CURVE((1.,0.5,1.,0.5,
1.,0.5,1.)) REPRESENTATION_ITEM('') );
#1341 = CARTESIAN_POINT('',(-20.85,-2.565635044214E-15));
#1342 = CARTESIAN_POINT('',(-20.85,36.113259337811));
#1343 = CARTESIAN_POINT('',(10.425,18.056629668906));
#1344 = CARTESIAN_POINT('',(41.7,1.02013078369E-14));
#1345 = CARTESIAN_POINT('',(10.425,-18.0566296689));
#1346 = CARTESIAN_POINT('',(-20.85,-36.11325933781));
#1347 = CARTESIAN_POINT('',(-20.85,-2.565635044214E-15));
#1348 = ( GEOMETRIC_REPRESENTATION_CONTEXT(2) 
PARAMETRIC_REPRESENTATION_CONTEXT() REPRESENTATION_CONTEXT('2D SPACE',''
  ) );
#1349 = PCURVE('',#1350,#1355);
#1350 = TOROIDAL_SURFACE('',#1351,20.85,1.);
#1351 = AXIS2_PLACEMENT_3D('',#1352,#1353,#1354);
#1352 = CARTESIAN_POINT('',(0.,-1.347111479062E-16,-1.));
#1353 = DIRECTION('',(-0.,1.224646799147E-16,1.));
#1354 = DIRECTION('',(-1.,-1.224646799147E-16,1.499759782662E-32));
#1355 = DEFINITIONAL_REPRESENTATION('',(#1356),#1360);
#1356 = LINE('',#1357,#1358);
#1357 = CARTESIAN_POINT('',(-0.,1.570796326795));
#1358 = VECTOR('',#1359,1.);
#1359 = DIRECTION('',(-1.,0.));
#1360 = ( GEOMETRIC_REPRESENTATION_CONTEXT(2) 
PARAMETRIC_REPRESENTATION_CONTEXT() REPRESENTATION_CONTEXT('2D SPACE',''
  ) );
#1361 = ORIENTED_EDGE('',*,*,#1362,.F.);
#1362 = EDGE_CURVE('',#1363,#1330,#1365,.T.);
#1363 = VERTEX_POINT('',#1364);
#1364 = CARTESIAN_POINT('',(-24.38631598624,1.,5.551115123126E-17));
#1365 = SURFACE_CURVE('',#1366,(#1370,#1377),.PCURVE_S1.);
#1366 = LINE('',#1367,#1368);
#1367 = CARTESIAN_POINT('',(-26.35,1.,0.));
#1368 = VECTOR('',#1369,1.);
#1369 = DIRECTION('',(1.,-0.,0.));
#1370 = PCURVE('',#44,#1371);
#1371 = DEFINITIONAL_REPRESENTATION('',(#1372),#1376);
#1372 = LINE('',#1373,#1374);
#1373 = CARTESIAN_POINT('',(-26.35,1.));
#1374 = VECTOR('',#1375,1.);
#1375 = DIRECTION('',(1.,0.));
#1376 = ( GEOMETRIC_REPRESENTATION_CONTEXT(2) 
PARAMETRIC_REPRESENTATION_CONTEXT() REPRESENTATION_CONTEXT('2D SPACE',''
  ) );
#1377 = PCURVE('',#1378,#1383);
#1378 = CYLINDRICAL_SURFACE('',#1379,1.);
#1379 = AXIS2_PLACEMENT_3D('',#1380,#1381,#1382);
#1380 = CARTESIAN_POINT('',(-26.35,1.,-1.));
#1381 = DIRECTION('',(1.,-0.,0.));
#1382 = DIRECTION('',(0.,1.224646799147E-16,1.));
#1383 = DEFINITIONAL_REPRESENTATION('',(#1384),#1388);
#1384 = LINE('',#1385,#1386);
#1385 = CARTESIAN_POINT('',(0.,0.));
#1386 = VECTOR('',#1387,1.);
#1387 = DIRECTION('',(0.,1.));
#1388 = ( GEOMETRIC_REPRESENTATION_CONTEXT(2) 
PARAMETRIC_REPRESENTATION_CONTEXT() REPRESENTATION_CONTEXT('2D SPACE',''
  ) );
#1389 = ORIENTED_EDGE('',*,*,#1390,.T.);
#1390 = EDGE_CURVE('',#1363,#1239,#1391,.T.);
#1391 = SURFACE_CURVE('',#1392,(#1397,#1408),.PCURVE_S1.);
#1392 = CIRCLE('',#1393,24.406810676137);
#1393 = AXIS2_PLACEMENT_3D('',#1394,#1395,#1396);
#1394 = CARTESIAN_POINT('',(0.,0.,0.));
#1395 = DIRECTION('',(-6.07070356081E-49,-1.224646799147E-16,-1.));
#1396 = DIRECTION('',(-1.,-1.836970198721E-16,2.249639673993E-32));
#1397 = PCURVE('',#44,#1398);
#1398 = DEFINITIONAL_REPRESENTATION('',(#1399),#1407);
#1399 = ( BOUNDED_CURVE() B_SPLINE_CURVE(2,(#1400,#1401,#1402,#1403,
#1404,#1405,#1406),.UNSPECIFIED.,.T.,.F.) B_SPLINE_CURVE_WITH_KNOTS((1,2
    ,2,2,2,1),(-2.094395102393,0.,2.094395102393,4.188790204786,
6.28318530718,8.377580409573),.UNSPECIFIED.) CURVE() 
GEOMETRIC_REPRESENTATION_ITEM() RATIONAL_B_SPLINE_CURVE((1.,0.5,1.,0.5,
1.,0.5,1.)) REPRESENTATION_ITEM('') );
#1400 = CARTESIAN_POINT('',(-24.40681067613,-4.483458385789E-15));
#1401 = CARTESIAN_POINT('',(-24.40681067613,42.273836141783));
#1402 = CARTESIAN_POINT('',(12.203405338068,21.136918070892));
#1403 = CARTESIAN_POINT('',(48.813621352274,1.494486128596E-14));
#1404 = CARTESIAN_POINT('',(12.203405338068,-21.13691807089));
#1405 = CARTESIAN_POINT('',(-24.40681067613,-42.27383614178));
#1406 = CARTESIAN_POINT('',(-24.40681067613,-4.483458385789E-15));
#1407 = ( GEOMETRIC_REPRESENTATION_CONTEXT(2) 
PARAMETRIC_REPRESENTATION_CONTEXT() REPRESENTATION_CONTEXT('2D SPACE',''
  ) );
#1408 = PCURVE('',#1409,#1414);
#1409 = TOROIDAL_SURFACE('',#1410,24.406810676137,1.);
#1410 = AXIS2_PLACEMENT_3D('',#1411,#1412,#1413);
#1411 = CARTESIAN_POINT('',(0.,-1.224646799147E-16,-1.));
#1412 = DIRECTION('',(-0.,1.224646799147E-16,1.));
#1413 = DIRECTION('',(-1.,-1.836970198721E-16,2.249639673993E-32));
#1414 = DEFINITIONAL_REPRESENTATION('',(#1415),#1419);
#1415 = LINE('',#1416,#1417);
#1416 = CARTESIAN_POINT('',(-0.,7.853981633974));
#1417 = VECTOR('',#1418,1.);
#1418 = DIRECTION('',(-1.,0.));
#1419 = ( GEOMETRIC_REPRESENTATION_CONTEXT(2) 
PARAMETRIC_REPRESENTATION_CONTEXT() REPRESENTATION_CONTEXT('2D SPACE',''
  ) );
#1420 = ADVANCED_FACE('',(#1421),#126,.F.);
#1421 = FACE_BOUND('',#1422,.F.);
#1422 = EDGE_LOOP('',(#1423,#1424,#1447,#1468));
#1423 = ORIENTED_EDGE('',*,*,#421,.F.);
#1424 = ORIENTED_EDGE('',*,*,#1425,.T.);
#1425 = EDGE_CURVE('',#394,#1426,#1428,.T.);
#1426 = VERTEX_POINT('',#1427);
#1427 = CARTESIAN_POINT('',(-42.5,-16.676,77.4));
#1428 = SURFACE_CURVE('',#1429,(#1433,#1440),.PCURVE_S1.);
#1429 = LINE('',#1430,#1431);
#1430 = CARTESIAN_POINT('',(-42.5,-16.676,0.));
#1431 = VECTOR('',#1432,1.);
#1432 = DIRECTION('',(0.,0.,1.));
#1433 = PCURVE('',#126,#1434);
#1434 = DEFINITIONAL_REPRESENTATION('',(#1435),#1439);
#1435 = LINE('',#1436,#1437);
#1436 = CARTESIAN_POINT('',(0.,0.));
#1437 = VECTOR('',#1438,1.);
#1438 = DIRECTION('',(1.,0.));
#1439 = ( GEOMETRIC_REPRESENTATION_CONTEXT(2) 
PARAMETRIC_REPRESENTATION_CONTEXT() REPRESENTATION_CONTEXT('2D SPACE',''
  ) );
#1440 = PCURVE('',#409,#1441);
#1441 = DEFINITIONAL_REPRESENTATION('',(#1442),#1446);
#1442 = LINE('',#1443,#1444);
#1443 = CARTESIAN_POINT('',(0.,0.));
#1444 = VECTOR('',#1445,1.);
#1445 = DIRECTION('',(1.,0.));
#1446 = ( GEOMETRIC_REPRESENTATION_CONTEXT(2) 
PARAMETRIC_REPRESENTATION_CONTEXT() REPRESENTATION_CONTEXT('2D SPACE',''
  ) );
#1447 = ORIENTED_EDGE('',*,*,#1448,.T.);
#1448 = EDGE_CURVE('',#1426,#85,#1449,.T.);
#1449 = SURFACE_CURVE('',#1450,(#1454,#1461),.PCURVE_S1.);
#1450 = LINE('',#1451,#1452);
#1451 = CARTESIAN_POINT('',(-42.5,-16.676,77.4));
#1452 = VECTOR('',#1453,1.);
#1453 = DIRECTION('',(1.,0.,0.));
#1454 = PCURVE('',#126,#1455);
#1455 = DEFINITIONAL_REPRESENTATION('',(#1456),#1460);
#1456 = LINE('',#1457,#1458);
#1457 = CARTESIAN_POINT('',(77.4,0.));
#1458 = VECTOR('',#1459,1.);
#1459 = DIRECTION('',(0.,1.));
#1460 = ( GEOMETRIC_REPRESENTATION_CONTEXT(2) 
PARAMETRIC_REPRESENTATION_CONTEXT() REPRESENTATION_CONTEXT('2D SPACE',''
  ) );
#1461 = PCURVE('',#100,#1462);
#1462 = DEFINITIONAL_REPRESENTATION('',(#1463),#1467);
#1463 = LINE('',#1464,#1465);
#1464 = CARTESIAN_POINT('',(-42.5,-16.676));
#1465 = VECTOR('',#1466,1.);
#1466 = DIRECTION('',(1.,0.));
#1467 = ( GEOMETRIC_REPRESENTATION_CONTEXT(2) 
PARAMETRIC_REPRESENTATION_CONTEXT() REPRESENTATION_CONTEXT('2D SPACE',''
  ) );
#1468 = ORIENTED_EDGE('',*,*,#112,.F.);
#1469 = ADVANCED_FACE('',(#1470,#1706,#1851,#1974,#2067,#2190,#2335),
  #100,.T.);
#1470 = FACE_BOUND('',#1471,.T.);
#1471 = EDGE_LOOP('',(#1472,#1473,#1497,#1520,#1544,#1567,#1590,#1613,
    #1637,#1660,#1684,#1705));
#1472 = ORIENTED_EDGE('',*,*,#84,.F.);
#1473 = ORIENTED_EDGE('',*,*,#1474,.T.);
#1474 = EDGE_CURVE('',#57,#1475,#1477,.T.);
#1475 = VERTEX_POINT('',#1476);
#1476 = CARTESIAN_POINT('',(-26.5,-29.9,77.4));
#1477 = SURFACE_CURVE('',#1478,(#1483,#1490),.PCURVE_S1.);
#1478 = CIRCLE('',#1479,8.);
#1479 = AXIS2_PLACEMENT_3D('',#1480,#1481,#1482);
#1480 = CARTESIAN_POINT('',(-26.5,-21.9,77.4));
#1481 = DIRECTION('',(0.,0.,1.));
#1482 = DIRECTION('',(1.,0.,0.));
#1483 = PCURVE('',#100,#1484);
#1484 = DEFINITIONAL_REPRESENTATION('',(#1485),#1489);
#1485 = CIRCLE('',#1486,8.);
#1486 = AXIS2_PLACEMENT_2D('',#1487,#1488);
#1487 = CARTESIAN_POINT('',(-26.5,-21.9));
#1488 = DIRECTION('',(1.,0.));
#1489 = ( GEOMETRIC_REPRESENTATION_CONTEXT(2) 
PARAMETRIC_REPRESENTATION_CONTEXT() REPRESENTATION_CONTEXT('2D SPACE',''
  ) );
#1490 = PCURVE('',#72,#1491);
#1491 = DEFINITIONAL_REPRESENTATION('',(#1492),#1496);
#1492 = LINE('',#1493,#1494);
#1493 = CARTESIAN_POINT('',(-0.,-77.4));
#1494 = VECTOR('',#1495,1.);
#1495 = DIRECTION('',(-1.,0.));
#1496 = ( GEOMETRIC_REPRESENTATION_CONTEXT(2) 
PARAMETRIC_REPRESENTATION_CONTEXT() REPRESENTATION_CONTEXT('2D SPACE',''
  ) );
#1497 = ORIENTED_EDGE('',*,*,#1498,.T.);
#1498 = EDGE_CURVE('',#1475,#1499,#1501,.T.);
#1499 = VERTEX_POINT('',#1500);
#1500 = CARTESIAN_POINT('',(26.5,-29.9,77.4));
#1501 = SURFACE_CURVE('',#1502,(#1506,#1513),.PCURVE_S1.);
#1502 = LINE('',#1503,#1504);
#1503 = CARTESIAN_POINT('',(0.,-29.9,77.4));
#1504 = VECTOR('',#1505,1.);
#1505 = DIRECTION('',(1.,0.,0.));
#1506 = PCURVE('',#100,#1507);
#1507 = DEFINITIONAL_REPRESENTATION('',(#1508),#1512);
#1508 = LINE('',#1509,#1510);
#1509 = CARTESIAN_POINT('',(0.,-29.9));
#1510 = VECTOR('',#1511,1.);
#1511 = DIRECTION('',(1.,0.));
#1512 = ( GEOMETRIC_REPRESENTATION_CONTEXT(2) 
PARAMETRIC_REPRESENTATION_CONTEXT() REPRESENTATION_CONTEXT('2D SPACE',''
  ) );
#1513 = PCURVE('',#182,#1514);
#1514 = DEFINITIONAL_REPRESENTATION('',(#1515),#1519);
#1515 = LINE('',#1516,#1517);
#1516 = CARTESIAN_POINT('',(26.5,-77.4));
#1517 = VECTOR('',#1518,1.);
#1518 = DIRECTION('',(1.,0.));
#1519 = ( GEOMETRIC_REPRESENTATION_CONTEXT(2) 
PARAMETRIC_REPRESENTATION_CONTEXT() REPRESENTATION_CONTEXT('2D SPACE',''
  ) );
#1520 = ORIENTED_EDGE('',*,*,#1521,.T.);
#1521 = EDGE_CURVE('',#1499,#1522,#1524,.T.);
#1522 = VERTEX_POINT('',#1523);
#1523 = CARTESIAN_POINT('',(34.5,-21.9,77.4));
#1524 = SURFACE_CURVE('',#1525,(#1530,#1537),.PCURVE_S1.);
#1525 = CIRCLE('',#1526,8.);
#1526 = AXIS2_PLACEMENT_3D('',#1527,#1528,#1529);
#1527 = CARTESIAN_POINT('',(26.5,-21.9,77.4));
#1528 = DIRECTION('',(0.,0.,1.));
#1529 = DIRECTION('',(1.,0.,0.));
#1530 = PCURVE('',#100,#1531);
#1531 = DEFINITIONAL_REPRESENTATION('',(#1532),#1536);
#1532 = CIRCLE('',#1533,8.);
#1533 = AXIS2_PLACEMENT_2D('',#1534,#1535);
#1534 = CARTESIAN_POINT('',(26.5,-21.9));
#1535 = DIRECTION('',(1.,0.));
#1536 = ( GEOMETRIC_REPRESENTATION_CONTEXT(2) 
PARAMETRIC_REPRESENTATION_CONTEXT() REPRESENTATION_CONTEXT('2D SPACE',''
  ) );
#1537 = PCURVE('',#211,#1538);
#1538 = DEFINITIONAL_REPRESENTATION('',(#1539),#1543);
#1539 = LINE('',#1540,#1541);
#1540 = CARTESIAN_POINT('',(-0.,-77.4));
#1541 = VECTOR('',#1542,1.);
#1542 = DIRECTION('',(-1.,0.));
#1543 = ( GEOMETRIC_REPRESENTATION_CONTEXT(2) 
PARAMETRIC_REPRESENTATION_CONTEXT() REPRESENTATION_CONTEXT('2D SPACE',''
  ) );
#1544 = ORIENTED_EDGE('',*,*,#1545,.T.);
#1545 = EDGE_CURVE('',#1522,#1546,#1548,.T.);
#1546 = VERTEX_POINT('',#1547);
#1547 = CARTESIAN_POINT('',(34.5,-16.676,77.4));
#1548 = SURFACE_CURVE('',#1549,(#1553,#1560),.PCURVE_S1.);
#1549 = LINE('',#1550,#1551);
#1550 = CARTESIAN_POINT('',(34.5,0.,77.4));
#1551 = VECTOR('',#1552,1.);
#1552 = DIRECTION('',(0.,1.,0.));
#1553 = PCURVE('',#100,#1554);
#1554 = DEFINITIONAL_REPRESENTATION('',(#1555),#1559);
#1555 = LINE('',#1556,#1557);
#1556 = CARTESIAN_POINT('',(34.5,0.));
#1557 = VECTOR('',#1558,1.);
#1558 = DIRECTION('',(0.,1.));
#1559 = ( GEOMETRIC_REPRESENTATION_CONTEXT(2) 
PARAMETRIC_REPRESENTATION_CONTEXT() REPRESENTATION_CONTEXT('2D SPACE',''
  ) );
#1560 = PCURVE('',#239,#1561);
#1561 = DEFINITIONAL_REPRESENTATION('',(#1562),#1566);
#1562 = LINE('',#1563,#1564);
#1563 = CARTESIAN_POINT('',(21.9,-77.4));
#1564 = VECTOR('',#1565,1.);
#1565 = DIRECTION('',(1.,0.));
#1566 = ( GEOMETRIC_REPRESENTATION_CONTEXT(2) 
PARAMETRIC_REPRESENTATION_CONTEXT() REPRESENTATION_CONTEXT('2D SPACE',''
  ) );
#1567 = ORIENTED_EDGE('',*,*,#1568,.T.);
#1568 = EDGE_CURVE('',#1546,#1569,#1571,.T.);
#1569 = VERTEX_POINT('',#1570);
#1570 = CARTESIAN_POINT('',(42.5,-16.676,77.4));
#1571 = SURFACE_CURVE('',#1572,(#1576,#1583),.PCURVE_S1.);
#1572 = LINE('',#1573,#1574);
#1573 = CARTESIAN_POINT('',(34.5,-16.676,77.4));
#1574 = VECTOR('',#1575,1.);
#1575 = DIRECTION('',(1.,0.,0.));
#1576 = PCURVE('',#100,#1577);
#1577 = DEFINITIONAL_REPRESENTATION('',(#1578),#1582);
#1578 = LINE('',#1579,#1580);
#1579 = CARTESIAN_POINT('',(34.5,-16.676));
#1580 = VECTOR('',#1581,1.);
#1581 = DIRECTION('',(1.,0.));
#1582 = ( GEOMETRIC_REPRESENTATION_CONTEXT(2) 
PARAMETRIC_REPRESENTATION_CONTEXT() REPRESENTATION_CONTEXT('2D SPACE',''
  ) );
#1583 = PCURVE('',#267,#1584);
#1584 = DEFINITIONAL_REPRESENTATION('',(#1585),#1589);
#1585 = LINE('',#1586,#1587);
#1586 = CARTESIAN_POINT('',(77.4,0.));
#1587 = VECTOR('',#1588,1.);
#1588 = DIRECTION('',(0.,1.));
#1589 = ( GEOMETRIC_REPRESENTATION_CONTEXT(2) 
PARAMETRIC_REPRESENTATION_CONTEXT() REPRESENTATION_CONTEXT('2D SPACE',''
  ) );
#1590 = ORIENTED_EDGE('',*,*,#1591,.T.);
#1591 = EDGE_CURVE('',#1569,#1592,#1594,.T.);
#1592 = VERTEX_POINT('',#1593);
#1593 = CARTESIAN_POINT('',(42.5,21.9,77.4));
#1594 = SURFACE_CURVE('',#1595,(#1599,#1606),.PCURVE_S1.);
#1595 = LINE('',#1596,#1597);
#1596 = CARTESIAN_POINT('',(42.5,-16.676,77.4));
#1597 = VECTOR('',#1598,1.);
#1598 = DIRECTION('',(0.,1.,0.));
#1599 = PCURVE('',#100,#1600);
#1600 = DEFINITIONAL_REPRESENTATION('',(#1601),#1605);
#1601 = LINE('',#1602,#1603);
#1602 = CARTESIAN_POINT('',(42.5,-16.676));
#1603 = VECTOR('',#1604,1.);
#1604 = DIRECTION('',(0.,1.));
#1605 = ( GEOMETRIC_REPRESENTATION_CONTEXT(2) 
PARAMETRIC_REPRESENTATION_CONTEXT() REPRESENTATION_CONTEXT('2D SPACE',''
  ) );
#1606 = PCURVE('',#295,#1607);
#1607 = DEFINITIONAL_REPRESENTATION('',(#1608),#1612);
#1608 = LINE('',#1609,#1610);
#1609 = CARTESIAN_POINT('',(77.4,0.));
#1610 = VECTOR('',#1611,1.);
#1611 = DIRECTION('',(0.,-1.));
#1612 = ( GEOMETRIC_REPRESENTATION_CONTEXT(2) 
PARAMETRIC_REPRESENTATION_CONTEXT() REPRESENTATION_CONTEXT('2D SPACE',''
  ) );
#1613 = ORIENTED_EDGE('',*,*,#1614,.T.);
#1614 = EDGE_CURVE('',#1592,#1615,#1617,.T.);
#1615 = VERTEX_POINT('',#1616);
#1616 = CARTESIAN_POINT('',(26.5,37.9,77.4));
#1617 = SURFACE_CURVE('',#1618,(#1623,#1630),.PCURVE_S1.);
#1618 = CIRCLE('',#1619,16.);
#1619 = AXIS2_PLACEMENT_3D('',#1620,#1621,#1622);
#1620 = CARTESIAN_POINT('',(26.5,21.9,77.4));
#1621 = DIRECTION('',(0.,0.,1.));
#1622 = DIRECTION('',(1.,0.,0.));
#1623 = PCURVE('',#100,#1624);
#1624 = DEFINITIONAL_REPRESENTATION('',(#1625),#1629);
#1625 = CIRCLE('',#1626,16.);
#1626 = AXIS2_PLACEMENT_2D('',#1627,#1628);
#1627 = CARTESIAN_POINT('',(26.5,21.9));
#1628 = DIRECTION('',(1.,0.));
#1629 = ( GEOMETRIC_REPRESENTATION_CONTEXT(2) 
PARAMETRIC_REPRESENTATION_CONTEXT() REPRESENTATION_CONTEXT('2D SPACE',''
  ) );
#1630 = PCURVE('',#324,#1631);
#1631 = DEFINITIONAL_REPRESENTATION('',(#1632),#1636);
#1632 = LINE('',#1633,#1634);
#1633 = CARTESIAN_POINT('',(-0.,-77.4));
#1634 = VECTOR('',#1635,1.);
#1635 = DIRECTION('',(-1.,0.));
#1636 = ( GEOMETRIC_REPRESENTATION_CONTEXT(2) 
PARAMETRIC_REPRESENTATION_CONTEXT() REPRESENTATION_CONTEXT('2D SPACE',''
  ) );
#1637 = ORIENTED_EDGE('',*,*,#1638,.F.);
#1638 = EDGE_CURVE('',#1639,#1615,#1641,.T.);
#1639 = VERTEX_POINT('',#1640);
#1640 = CARTESIAN_POINT('',(-26.5,37.9,77.4));
#1641 = SURFACE_CURVE('',#1642,(#1646,#1653),.PCURVE_S1.);
#1642 = LINE('',#1643,#1644);
#1643 = CARTESIAN_POINT('',(0.,37.9,77.4));
#1644 = VECTOR('',#1645,1.);
#1645 = DIRECTION('',(1.,0.,0.));
#1646 = PCURVE('',#100,#1647);
#1647 = DEFINITIONAL_REPRESENTATION('',(#1648),#1652);
#1648 = LINE('',#1649,#1650);
#1649 = CARTESIAN_POINT('',(0.,37.9));
#1650 = VECTOR('',#1651,1.);
#1651 = DIRECTION('',(1.,0.));
#1652 = ( GEOMETRIC_REPRESENTATION_CONTEXT(2) 
PARAMETRIC_REPRESENTATION_CONTEXT() REPRESENTATION_CONTEXT('2D SPACE',''
  ) );
#1653 = PCURVE('',#352,#1654);
#1654 = DEFINITIONAL_REPRESENTATION('',(#1655),#1659);
#1655 = LINE('',#1656,#1657);
#1656 = CARTESIAN_POINT('',(26.5,-77.4));
#1657 = VECTOR('',#1658,1.);
#1658 = DIRECTION('',(1.,0.));
#1659 = ( GEOMETRIC_REPRESENTATION_CONTEXT(2) 
PARAMETRIC_REPRESENTATION_CONTEXT() REPRESENTATION_CONTEXT('2D SPACE',''
  ) );
#1660 = ORIENTED_EDGE('',*,*,#1661,.T.);
#1661 = EDGE_CURVE('',#1639,#1662,#1664,.T.);
#1662 = VERTEX_POINT('',#1663);
#1663 = CARTESIAN_POINT('',(-42.5,21.9,77.4));
#1664 = SURFACE_CURVE('',#1665,(#1670,#1677),.PCURVE_S1.);
#1665 = CIRCLE('',#1666,16.);
#1666 = AXIS2_PLACEMENT_3D('',#1667,#1668,#1669);
#1667 = CARTESIAN_POINT('',(-26.5,21.9,77.4));
#1668 = DIRECTION('',(0.,0.,1.));
#1669 = DIRECTION('',(1.,0.,0.));
#1670 = PCURVE('',#100,#1671);
#1671 = DEFINITIONAL_REPRESENTATION('',(#1672),#1676);
#1672 = CIRCLE('',#1673,16.);
#1673 = AXIS2_PLACEMENT_2D('',#1674,#1675);
#1674 = CARTESIAN_POINT('',(-26.5,21.9));
#1675 = DIRECTION('',(1.,0.));
#1676 = ( GEOMETRIC_REPRESENTATION_CONTEXT(2) 
PARAMETRIC_REPRESENTATION_CONTEXT() REPRESENTATION_CONTEXT('2D SPACE',''
  ) );
#1677 = PCURVE('',#381,#1678);
#1678 = DEFINITIONAL_REPRESENTATION('',(#1679),#1683);
#1679 = LINE('',#1680,#1681);
#1680 = CARTESIAN_POINT('',(-0.,-77.4));
#1681 = VECTOR('',#1682,1.);
#1682 = DIRECTION('',(-1.,0.));
#1683 = ( GEOMETRIC_REPRESENTATION_CONTEXT(2) 
PARAMETRIC_REPRESENTATION_CONTEXT() REPRESENTATION_CONTEXT('2D SPACE',''
  ) );
#1684 = ORIENTED_EDGE('',*,*,#1685,.F.);
#1685 = EDGE_CURVE('',#1426,#1662,#1686,.T.);
#1686 = SURFACE_CURVE('',#1687,(#1691,#1698),.PCURVE_S1.);
#1687 = LINE('',#1688,#1689);
#1688 = CARTESIAN_POINT('',(-42.5,-16.676,77.4));
#1689 = VECTOR('',#1690,1.);
#1690 = DIRECTION('',(0.,1.,0.));
#1691 = PCURVE('',#100,#1692);
#1692 = DEFINITIONAL_REPRESENTATION('',(#1693),#1697);
#1693 = LINE('',#1694,#1695);
#1694 = CARTESIAN_POINT('',(-42.5,-16.676));
#1695 = VECTOR('',#1696,1.);
#1696 = DIRECTION('',(0.,1.));
#1697 = ( GEOMETRIC_REPRESENTATION_CONTEXT(2) 
PARAMETRIC_REPRESENTATION_CONTEXT() REPRESENTATION_CONTEXT('2D SPACE',''
  ) );
#1698 = PCURVE('',#409,#1699);
#1699 = DEFINITIONAL_REPRESENTATION('',(#1700),#1704);
#1700 = LINE('',#1701,#1702);
#1701 = CARTESIAN_POINT('',(77.4,0.));
#1702 = VECTOR('',#1703,1.);
#1703 = DIRECTION('',(0.,-1.));
#1704 = ( GEOMETRIC_REPRESENTATION_CONTEXT(2) 
PARAMETRIC_REPRESENTATION_CONTEXT() REPRESENTATION_CONTEXT('2D SPACE',''
  ) );
#1705 = ORIENTED_EDGE('',*,*,#1448,.T.);
#1706 = FACE_BOUND('',#1707,.T.);
#1707 = EDGE_LOOP('',(#1708,#1733,#1756,#1778,#1806,#1829));
#1708 = ORIENTED_EDGE('',*,*,#1709,.F.);
#1709 = EDGE_CURVE('',#1710,#1712,#1714,.T.);
#1710 = VERTEX_POINT('',#1711);
#1711 = CARTESIAN_POINT('',(-34.5,-13.676,77.4));
#1712 = VERTEX_POINT('',#1713);
#1713 = CARTESIAN_POINT('',(-34.5,21.9,77.4));
#1714 = SURFACE_CURVE('',#1715,(#1719,#1726),.PCURVE_S1.);
#1715 = LINE('',#1716,#1717);
#1716 = CARTESIAN_POINT('',(-34.5,0.,77.4));
#1717 = VECTOR('',#1718,1.);
#1718 = DIRECTION('',(0.,1.,0.));
#1719 = PCURVE('',#100,#1720);
#1720 = DEFINITIONAL_REPRESENTATION('',(#1721),#1725);
#1721 = LINE('',#1722,#1723);
#1722 = CARTESIAN_POINT('',(-34.5,0.));
#1723 = VECTOR('',#1724,1.);
#1724 = DIRECTION('',(0.,1.));
#1725 = ( GEOMETRIC_REPRESENTATION_CONTEXT(2) 
PARAMETRIC_REPRESENTATION_CONTEXT() REPRESENTATION_CONTEXT('2D SPACE',''
  ) );
#1726 = PCURVE('',#462,#1727);
#1727 = DEFINITIONAL_REPRESENTATION('',(#1728),#1732);
#1728 = LINE('',#1729,#1730);
#1729 = CARTESIAN_POINT('',(21.9,-77.4));
#1730 = VECTOR('',#1731,1.);
#1731 = DIRECTION('',(1.,0.));
#1732 = ( GEOMETRIC_REPRESENTATION_CONTEXT(2) 
PARAMETRIC_REPRESENTATION_CONTEXT() REPRESENTATION_CONTEXT('2D SPACE',''
  ) );
#1733 = ORIENTED_EDGE('',*,*,#1734,.F.);
#1734 = EDGE_CURVE('',#1735,#1710,#1737,.T.);
#1735 = VERTEX_POINT('',#1736);
#1736 = CARTESIAN_POINT('',(-40.5,-13.676,77.4));
#1737 = SURFACE_CURVE('',#1738,(#1742,#1749),.PCURVE_S1.);
#1738 = LINE('',#1739,#1740);
#1739 = CARTESIAN_POINT('',(-42.5,-13.676,77.4));
#1740 = VECTOR('',#1741,1.);
#1741 = DIRECTION('',(1.,0.,0.));
#1742 = PCURVE('',#100,#1743);
#1743 = DEFINITIONAL_REPRESENTATION('',(#1744),#1748);
#1744 = LINE('',#1745,#1746);
#1745 = CARTESIAN_POINT('',(-42.5,-13.676));
#1746 = VECTOR('',#1747,1.);
#1747 = DIRECTION('',(1.,0.));
#1748 = ( GEOMETRIC_REPRESENTATION_CONTEXT(2) 
PARAMETRIC_REPRESENTATION_CONTEXT() REPRESENTATION_CONTEXT('2D SPACE',''
  ) );
#1749 = PCURVE('',#490,#1750);
#1750 = DEFINITIONAL_REPRESENTATION('',(#1751),#1755);
#1751 = LINE('',#1752,#1753);
#1752 = CARTESIAN_POINT('',(77.4,0.));
#1753 = VECTOR('',#1754,1.);
#1754 = DIRECTION('',(0.,1.));
#1755 = ( GEOMETRIC_REPRESENTATION_CONTEXT(2) 
PARAMETRIC_REPRESENTATION_CONTEXT() REPRESENTATION_CONTEXT('2D SPACE',''
  ) );
#1756 = ORIENTED_EDGE('',*,*,#1757,.F.);
#1757 = EDGE_CURVE('',#1758,#1735,#1760,.T.);
#1758 = VERTEX_POINT('',#1759);
#1759 = CARTESIAN_POINT('',(-40.5,21.9,77.4));
#1760 = SURFACE_CURVE('',#1761,(#1765,#1772),.PCURVE_S1.);
#1761 = LINE('',#1762,#1763);
#1762 = CARTESIAN_POINT('',(-40.5,-10.95,77.4));
#1763 = VECTOR('',#1764,1.);
#1764 = DIRECTION('',(0.,-1.,0.));
#1765 = PCURVE('',#100,#1766);
#1766 = DEFINITIONAL_REPRESENTATION('',(#1767),#1771);
#1767 = LINE('',#1768,#1769);
#1768 = CARTESIAN_POINT('',(-40.5,-10.95));
#1769 = VECTOR('',#1770,1.);
#1770 = DIRECTION('',(0.,-1.));
#1771 = ( GEOMETRIC_REPRESENTATION_CONTEXT(2) 
PARAMETRIC_REPRESENTATION_CONTEXT() REPRESENTATION_CONTEXT('2D SPACE',''
  ) );
#1772 = PCURVE('',#518,#1773);
#1773 = DEFINITIONAL_REPRESENTATION('',(#1774),#1777);
#1774 = B_SPLINE_CURVE_WITH_KNOTS('',1,(#1775,#1776),.UNSPECIFIED.,.F.,
  .F.,(2,2),(-32.85,10.95),.PIECEWISE_BEZIER_KNOTS.);
#1775 = CARTESIAN_POINT('',(43.8,-77.5));
#1776 = CARTESIAN_POINT('',(0.,-77.5));
#1777 = ( GEOMETRIC_REPRESENTATION_CONTEXT(2) 
PARAMETRIC_REPRESENTATION_CONTEXT() REPRESENTATION_CONTEXT('2D SPACE',''
  ) );
#1778 = ORIENTED_EDGE('',*,*,#1779,.T.);
#1779 = EDGE_CURVE('',#1758,#1780,#1782,.T.);
#1780 = VERTEX_POINT('',#1781);
#1781 = CARTESIAN_POINT('',(-40.48713694792,22.5,77.4));
#1782 = SURFACE_CURVE('',#1783,(#1788,#1799),.PCURVE_S1.);
#1783 = CIRCLE('',#1784,14.);
#1784 = AXIS2_PLACEMENT_3D('',#1785,#1786,#1787);
#1785 = CARTESIAN_POINT('',(-26.5,21.9,77.4));
#1786 = DIRECTION('',(0.,0.,-1.));
#1787 = DIRECTION('',(1.,0.,0.));
#1788 = PCURVE('',#100,#1789);
#1789 = DEFINITIONAL_REPRESENTATION('',(#1790),#1798);
#1790 = ( BOUNDED_CURVE() B_SPLINE_CURVE(2,(#1791,#1792,#1793,#1794,
#1795,#1796,#1797),.UNSPECIFIED.,.T.,.F.) B_SPLINE_CURVE_WITH_KNOTS((1,2
    ,2,2,2,1),(-2.094395102393,0.,2.094395102393,4.188790204786,
6.28318530718,8.377580409573),.UNSPECIFIED.) CURVE() 
GEOMETRIC_REPRESENTATION_ITEM() RATIONAL_B_SPLINE_CURVE((1.,0.5,1.,0.5,
1.,0.5,1.)) REPRESENTATION_ITEM('') );
#1791 = CARTESIAN_POINT('',(-12.5,21.9));
#1792 = CARTESIAN_POINT('',(-12.5,-2.348711305964));
#1793 = CARTESIAN_POINT('',(-33.5,9.775644347018));
#1794 = CARTESIAN_POINT('',(-54.5,21.9));
#1795 = CARTESIAN_POINT('',(-33.5,34.024355652982));
#1796 = CARTESIAN_POINT('',(-12.5,46.148711305964));
#1797 = CARTESIAN_POINT('',(-12.5,21.9));
#1798 = ( GEOMETRIC_REPRESENTATION_CONTEXT(2) 
PARAMETRIC_REPRESENTATION_CONTEXT() REPRESENTATION_CONTEXT('2D SPACE',''
  ) );
#1799 = PCURVE('',#550,#1800);
#1800 = DEFINITIONAL_REPRESENTATION('',(#1801),#1805);
#1801 = LINE('',#1802,#1803);
#1802 = CARTESIAN_POINT('',(-6.28318530718,-77.5));
#1803 = VECTOR('',#1804,1.);
#1804 = DIRECTION('',(1.,-0.));
#1805 = ( GEOMETRIC_REPRESENTATION_CONTEXT(2) 
PARAMETRIC_REPRESENTATION_CONTEXT() REPRESENTATION_CONTEXT('2D SPACE',''
  ) );
#1806 = ORIENTED_EDGE('',*,*,#1807,.T.);
#1807 = EDGE_CURVE('',#1780,#1808,#1810,.T.);
#1808 = VERTEX_POINT('',#1809);
#1809 = CARTESIAN_POINT('',(-34.47746827007,22.5,77.4));
#1810 = SURFACE_CURVE('',#1811,(#1815,#1822),.PCURVE_S1.);
#1811 = LINE('',#1812,#1813);
#1812 = CARTESIAN_POINT('',(-41.5,22.5,77.4));
#1813 = VECTOR('',#1814,1.);
#1814 = DIRECTION('',(1.,0.,0.));
#1815 = PCURVE('',#100,#1816);
#1816 = DEFINITIONAL_REPRESENTATION('',(#1817),#1821);
#1817 = LINE('',#1818,#1819);
#1818 = CARTESIAN_POINT('',(-41.5,22.5));
#1819 = VECTOR('',#1820,1.);
#1820 = DIRECTION('',(1.,0.));
#1821 = ( GEOMETRIC_REPRESENTATION_CONTEXT(2) 
PARAMETRIC_REPRESENTATION_CONTEXT() REPRESENTATION_CONTEXT('2D SPACE',''
  ) );
#1822 = PCURVE('',#578,#1823);
#1823 = DEFINITIONAL_REPRESENTATION('',(#1824),#1828);
#1824 = LINE('',#1825,#1826);
#1825 = CARTESIAN_POINT('',(77.4,0.));
#1826 = VECTOR('',#1827,1.);
#1827 = DIRECTION('',(0.,1.));
#1828 = ( GEOMETRIC_REPRESENTATION_CONTEXT(2) 
PARAMETRIC_REPRESENTATION_CONTEXT() REPRESENTATION_CONTEXT('2D SPACE',''
  ) );
#1829 = ORIENTED_EDGE('',*,*,#1830,.T.);
#1830 = EDGE_CURVE('',#1808,#1712,#1831,.T.);
#1831 = SURFACE_CURVE('',#1832,(#1837,#1844),.PCURVE_S1.);
#1832 = CIRCLE('',#1833,8.);
#1833 = AXIS2_PLACEMENT_3D('',#1834,#1835,#1836);
#1834 = CARTESIAN_POINT('',(-26.5,21.9,77.4));
#1835 = DIRECTION('',(0.,0.,1.));
#1836 = DIRECTION('',(1.,0.,0.));
#1837 = PCURVE('',#100,#1838);
#1838 = DEFINITIONAL_REPRESENTATION('',(#1839),#1843);
#1839 = CIRCLE('',#1840,8.);
#1840 = AXIS2_PLACEMENT_2D('',#1841,#1842);
#1841 = CARTESIAN_POINT('',(-26.5,21.9));
#1842 = DIRECTION('',(1.,0.));
#1843 = ( GEOMETRIC_REPRESENTATION_CONTEXT(2) 
PARAMETRIC_REPRESENTATION_CONTEXT() REPRESENTATION_CONTEXT('2D SPACE',''
  ) );
#1844 = PCURVE('',#605,#1845);
#1845 = DEFINITIONAL_REPRESENTATION('',(#1846),#1850);
#1846 = LINE('',#1847,#1848);
#1847 = CARTESIAN_POINT('',(-0.,-77.4));
#1848 = VECTOR('',#1849,1.);
#1849 = DIRECTION('',(-1.,0.));
#1850 = ( GEOMETRIC_REPRESENTATION_CONTEXT(2) 
PARAMETRIC_REPRESENTATION_CONTEXT() REPRESENTATION_CONTEXT('2D SPACE',''
  ) );
#1851 = FACE_BOUND('',#1852,.T.);
#1852 = EDGE_LOOP('',(#1853,#1879,#1902,#1925,#1953));
#1853 = ORIENTED_EDGE('',*,*,#1854,.T.);
#1854 = EDGE_CURVE('',#1855,#1857,#1859,.T.);
#1855 = VERTEX_POINT('',#1856);
#1856 = CARTESIAN_POINT('',(-26.5,29.9,77.4));
#1857 = VERTEX_POINT('',#1858);
#1858 = CARTESIAN_POINT('',(-33.5,25.772983346208,77.4));
#1859 = SURFACE_CURVE('',#1860,(#1865,#1872),.PCURVE_S1.);
#1860 = CIRCLE('',#1861,8.);
#1861 = AXIS2_PLACEMENT_3D('',#1862,#1863,#1864);
#1862 = CARTESIAN_POINT('',(-26.5,21.9,77.4));
#1863 = DIRECTION('',(0.,0.,1.));
#1864 = DIRECTION('',(1.,0.,0.));
#1865 = PCURVE('',#100,#1866);
#1866 = DEFINITIONAL_REPRESENTATION('',(#1867),#1871);
#1867 = CIRCLE('',#1868,8.);
#1868 = AXIS2_PLACEMENT_2D('',#1869,#1870);
#1869 = CARTESIAN_POINT('',(-26.5,21.9));
#1870 = DIRECTION('',(1.,0.));
#1871 = ( GEOMETRIC_REPRESENTATION_CONTEXT(2) 
PARAMETRIC_REPRESENTATION_CONTEXT() REPRESENTATION_CONTEXT('2D SPACE',''
  ) );
#1872 = PCURVE('',#638,#1873);
#1873 = DEFINITIONAL_REPRESENTATION('',(#1874),#1878);
#1874 = LINE('',#1875,#1876);
#1875 = CARTESIAN_POINT('',(-0.,-77.4));
#1876 = VECTOR('',#1877,1.);
#1877 = DIRECTION('',(-1.,0.));
#1878 = ( GEOMETRIC_REPRESENTATION_CONTEXT(2) 
PARAMETRIC_REPRESENTATION_CONTEXT() REPRESENTATION_CONTEXT('2D SPACE',''
  ) );
#1879 = ORIENTED_EDGE('',*,*,#1880,.T.);
#1880 = EDGE_CURVE('',#1857,#1881,#1883,.T.);
#1881 = VERTEX_POINT('',#1882);
#1882 = CARTESIAN_POINT('',(-33.5,26.5,77.4));
#1883 = SURFACE_CURVE('',#1884,(#1888,#1895),.PCURVE_S1.);
#1884 = LINE('',#1885,#1886);
#1885 = CARTESIAN_POINT('',(-33.5,22.5,77.4));
#1886 = VECTOR('',#1887,1.);
#1887 = DIRECTION('',(0.,1.,0.));
#1888 = PCURVE('',#100,#1889);
#1889 = DEFINITIONAL_REPRESENTATION('',(#1890),#1894);
#1890 = LINE('',#1891,#1892);
#1891 = CARTESIAN_POINT('',(-33.5,22.5));
#1892 = VECTOR('',#1893,1.);
#1893 = DIRECTION('',(0.,1.));
#1894 = ( GEOMETRIC_REPRESENTATION_CONTEXT(2) 
PARAMETRIC_REPRESENTATION_CONTEXT() REPRESENTATION_CONTEXT('2D SPACE',''
  ) );
#1895 = PCURVE('',#666,#1896);
#1896 = DEFINITIONAL_REPRESENTATION('',(#1897),#1901);
#1897 = LINE('',#1898,#1899);
#1898 = CARTESIAN_POINT('',(77.4,0.));
#1899 = VECTOR('',#1900,1.);
#1900 = DIRECTION('',(0.,-1.));
#1901 = ( GEOMETRIC_REPRESENTATION_CONTEXT(2) 
PARAMETRIC_REPRESENTATION_CONTEXT() REPRESENTATION_CONTEXT('2D SPACE',''
  ) );
#1902 = ORIENTED_EDGE('',*,*,#1903,.F.);
#1903 = EDGE_CURVE('',#1904,#1881,#1906,.T.);
#1904 = VERTEX_POINT('',#1905);
#1905 = CARTESIAN_POINT('',(-39.72270774085,26.5,77.4));
#1906 = SURFACE_CURVE('',#1907,(#1911,#1918),.PCURVE_S1.);
#1907 = LINE('',#1908,#1909);
#1908 = CARTESIAN_POINT('',(-41.5,26.5,77.4));
#1909 = VECTOR('',#1910,1.);
#1910 = DIRECTION('',(1.,0.,0.));
#1911 = PCURVE('',#100,#1912);
#1912 = DEFINITIONAL_REPRESENTATION('',(#1913),#1917);
#1913 = LINE('',#1914,#1915);
#1914 = CARTESIAN_POINT('',(-41.5,26.5));
#1915 = VECTOR('',#1916,1.);
#1916 = DIRECTION('',(1.,0.));
#1917 = ( GEOMETRIC_REPRESENTATION_CONTEXT(2) 
PARAMETRIC_REPRESENTATION_CONTEXT() REPRESENTATION_CONTEXT('2D SPACE',''
  ) );
#1918 = PCURVE('',#694,#1919);
#1919 = DEFINITIONAL_REPRESENTATION('',(#1920),#1924);
#1920 = LINE('',#1921,#1922);
#1921 = CARTESIAN_POINT('',(77.4,0.));
#1922 = VECTOR('',#1923,1.);
#1923 = DIRECTION('',(0.,1.));
#1924 = ( GEOMETRIC_REPRESENTATION_CONTEXT(2) 
PARAMETRIC_REPRESENTATION_CONTEXT() REPRESENTATION_CONTEXT('2D SPACE',''
  ) );
#1925 = ORIENTED_EDGE('',*,*,#1926,.T.);
#1926 = EDGE_CURVE('',#1904,#1927,#1929,.T.);
#1927 = VERTEX_POINT('',#1928);
#1928 = CARTESIAN_POINT('',(-26.5,35.9,77.4));
#1929 = SURFACE_CURVE('',#1930,(#1935,#1946),.PCURVE_S1.);
#1930 = CIRCLE('',#1931,14.);
#1931 = AXIS2_PLACEMENT_3D('',#1932,#1933,#1934);
#1932 = CARTESIAN_POINT('',(-26.5,21.9,77.4));
#1933 = DIRECTION('',(0.,0.,-1.));
#1934 = DIRECTION('',(1.,0.,0.));
#1935 = PCURVE('',#100,#1936);
#1936 = DEFINITIONAL_REPRESENTATION('',(#1937),#1945);
#1937 = ( BOUNDED_CURVE() B_SPLINE_CURVE(2,(#1938,#1939,#1940,#1941,
#1942,#1943,#1944),.UNSPECIFIED.,.T.,.F.) B_SPLINE_CURVE_WITH_KNOTS((1,2
    ,2,2,2,1),(-2.094395102393,0.,2.094395102393,4.188790204786,
6.28318530718,8.377580409573),.UNSPECIFIED.) CURVE() 
GEOMETRIC_REPRESENTATION_ITEM() RATIONAL_B_SPLINE_CURVE((1.,0.5,1.,0.5,
1.,0.5,1.)) REPRESENTATION_ITEM('') );
#1938 = CARTESIAN_POINT('',(-12.5,21.9));
#1939 = CARTESIAN_POINT('',(-12.5,-2.348711305964));
#1940 = CARTESIAN_POINT('',(-33.5,9.775644347018));
#1941 = CARTESIAN_POINT('',(-54.5,21.9));
#1942 = CARTESIAN_POINT('',(-33.5,34.024355652982));
#1943 = CARTESIAN_POINT('',(-12.5,46.148711305964));
#1944 = CARTESIAN_POINT('',(-12.5,21.9));
#1945 = ( GEOMETRIC_REPRESENTATION_CONTEXT(2) 
PARAMETRIC_REPRESENTATION_CONTEXT() REPRESENTATION_CONTEXT('2D SPACE',''
  ) );
#1946 = PCURVE('',#727,#1947);
#1947 = DEFINITIONAL_REPRESENTATION('',(#1948),#1952);
#1948 = LINE('',#1949,#1950);
#1949 = CARTESIAN_POINT('',(-6.28318530718,-77.5));
#1950 = VECTOR('',#1951,1.);
#1951 = DIRECTION('',(1.,-0.));
#1952 = ( GEOMETRIC_REPRESENTATION_CONTEXT(2) 
PARAMETRIC_REPRESENTATION_CONTEXT() REPRESENTATION_CONTEXT('2D SPACE',''
  ) );
#1953 = ORIENTED_EDGE('',*,*,#1954,.F.);
#1954 = EDGE_CURVE('',#1855,#1927,#1955,.T.);
#1955 = SURFACE_CURVE('',#1956,(#1960,#1967),.PCURVE_S1.);
#1956 = LINE('',#1957,#1958);
#1957 = CARTESIAN_POINT('',(-26.5,28.9,77.4));
#1958 = VECTOR('',#1959,1.);
#1959 = DIRECTION('',(0.,1.,0.));
#1960 = PCURVE('',#100,#1961);
#1961 = DEFINITIONAL_REPRESENTATION('',(#1962),#1966);
#1962 = LINE('',#1963,#1964);
#1963 = CARTESIAN_POINT('',(-26.5,28.9));
#1964 = VECTOR('',#1965,1.);
#1965 = DIRECTION('',(0.,1.));
#1966 = ( GEOMETRIC_REPRESENTATION_CONTEXT(2) 
PARAMETRIC_REPRESENTATION_CONTEXT() REPRESENTATION_CONTEXT('2D SPACE',''
  ) );
#1967 = PCURVE('',#753,#1968);
#1968 = DEFINITIONAL_REPRESENTATION('',(#1969),#1973);
#1969 = LINE('',#1970,#1971);
#1970 = CARTESIAN_POINT('',(77.4,0.));
#1971 = VECTOR('',#1972,1.);
#1972 = DIRECTION('',(0.,-1.));
#1973 = ( GEOMETRIC_REPRESENTATION_CONTEXT(2) 
PARAMETRIC_REPRESENTATION_CONTEXT() REPRESENTATION_CONTEXT('2D SPACE',''
  ) );
#1974 = FACE_BOUND('',#1975,.T.);
#1975 = EDGE_LOOP('',(#1976,#2001,#2024,#2046));
#1976 = ORIENTED_EDGE('',*,*,#1977,.F.);
#1977 = EDGE_CURVE('',#1978,#1980,#1982,.T.);
#1978 = VERTEX_POINT('',#1979);
#1979 = CARTESIAN_POINT('',(-22.5,29.9,77.4));
#1980 = VERTEX_POINT('',#1981);
#1981 = CARTESIAN_POINT('',(22.5,29.9,77.4));
#1982 = SURFACE_CURVE('',#1983,(#1987,#1994),.PCURVE_S1.);
#1983 = LINE('',#1984,#1985);
#1984 = CARTESIAN_POINT('',(0.,29.9,77.4));
#1985 = VECTOR('',#1986,1.);
#1986 = DIRECTION('',(1.,0.,0.));
#1987 = PCURVE('',#100,#1988);
#1988 = DEFINITIONAL_REPRESENTATION('',(#1989),#1993);
#1989 = LINE('',#1990,#1991);
#1990 = CARTESIAN_POINT('',(0.,29.9));
#1991 = VECTOR('',#1992,1.);
#1992 = DIRECTION('',(1.,0.));
#1993 = ( GEOMETRIC_REPRESENTATION_CONTEXT(2) 
PARAMETRIC_REPRESENTATION_CONTEXT() REPRESENTATION_CONTEXT('2D SPACE',''
  ) );
#1994 = PCURVE('',#785,#1995);
#1995 = DEFINITIONAL_REPRESENTATION('',(#1996),#2000);
#1996 = LINE('',#1997,#1998);
#1997 = CARTESIAN_POINT('',(26.5,-77.4));
#1998 = VECTOR('',#1999,1.);
#1999 = DIRECTION('',(1.,0.));
#2000 = ( GEOMETRIC_REPRESENTATION_CONTEXT(2) 
PARAMETRIC_REPRESENTATION_CONTEXT() REPRESENTATION_CONTEXT('2D SPACE',''
  ) );
#2001 = ORIENTED_EDGE('',*,*,#2002,.T.);
#2002 = EDGE_CURVE('',#1978,#2003,#2005,.T.);
#2003 = VERTEX_POINT('',#2004);
#2004 = CARTESIAN_POINT('',(-22.5,35.9,77.4));
#2005 = SURFACE_CURVE('',#2006,(#2010,#2017),.PCURVE_S1.);
#2006 = LINE('',#2007,#2008);
#2007 = CARTESIAN_POINT('',(-22.5,28.9,77.4));
#2008 = VECTOR('',#2009,1.);
#2009 = DIRECTION('',(0.,1.,0.));
#2010 = PCURVE('',#100,#2011);
#2011 = DEFINITIONAL_REPRESENTATION('',(#2012),#2016);
#2012 = LINE('',#2013,#2014);
#2013 = CARTESIAN_POINT('',(-22.5,28.9));
#2014 = VECTOR('',#2015,1.);
#2015 = DIRECTION('',(0.,1.));
#2016 = ( GEOMETRIC_REPRESENTATION_CONTEXT(2) 
PARAMETRIC_REPRESENTATION_CONTEXT() REPRESENTATION_CONTEXT('2D SPACE',''
  ) );
#2017 = PCURVE('',#813,#2018);
#2018 = DEFINITIONAL_REPRESENTATION('',(#2019),#2023);
#2019 = LINE('',#2020,#2021);
#2020 = CARTESIAN_POINT('',(77.4,0.));
#2021 = VECTOR('',#2022,1.);
#2022 = DIRECTION('',(0.,-1.));
#2023 = ( GEOMETRIC_REPRESENTATION_CONTEXT(2) 
PARAMETRIC_REPRESENTATION_CONTEXT() REPRESENTATION_CONTEXT('2D SPACE',''
  ) );
#2024 = ORIENTED_EDGE('',*,*,#2025,.F.);
#2025 = EDGE_CURVE('',#2026,#2003,#2028,.T.);
#2026 = VERTEX_POINT('',#2027);
#2027 = CARTESIAN_POINT('',(22.5,35.9,77.4));
#2028 = SURFACE_CURVE('',#2029,(#2033,#2040),.PCURVE_S1.);
#2029 = LINE('',#2030,#2031);
#2030 = CARTESIAN_POINT('',(-13.25,35.9,77.4));
#2031 = VECTOR('',#2032,1.);
#2032 = DIRECTION('',(-1.,0.,0.));
#2033 = PCURVE('',#100,#2034);
#2034 = DEFINITIONAL_REPRESENTATION('',(#2035),#2039);
#2035 = LINE('',#2036,#2037);
#2036 = CARTESIAN_POINT('',(-13.25,35.9));
#2037 = VECTOR('',#2038,1.);
#2038 = DIRECTION('',(-1.,0.));
#2039 = ( GEOMETRIC_REPRESENTATION_CONTEXT(2) 
PARAMETRIC_REPRESENTATION_CONTEXT() REPRESENTATION_CONTEXT('2D SPACE',''
  ) );
#2040 = PCURVE('',#841,#2041);
#2041 = DEFINITIONAL_REPRESENTATION('',(#2042),#2045);
#2042 = B_SPLINE_CURVE_WITH_KNOTS('',1,(#2043,#2044),.UNSPECIFIED.,.F.,
  .F.,(2,2),(-39.75,13.25),.PIECEWISE_BEZIER_KNOTS.);
#2043 = CARTESIAN_POINT('',(53.,-77.5));
#2044 = CARTESIAN_POINT('',(0.,-77.5));
#2045 = ( GEOMETRIC_REPRESENTATION_CONTEXT(2) 
PARAMETRIC_REPRESENTATION_CONTEXT() REPRESENTATION_CONTEXT('2D SPACE',''
  ) );
#2046 = ORIENTED_EDGE('',*,*,#2047,.F.);
#2047 = EDGE_CURVE('',#1980,#2026,#2048,.T.);
#2048 = SURFACE_CURVE('',#2049,(#2053,#2060),.PCURVE_S1.);
#2049 = LINE('',#2050,#2051);
#2050 = CARTESIAN_POINT('',(22.5,28.9,77.4));
#2051 = VECTOR('',#2052,1.);
#2052 = DIRECTION('',(0.,1.,0.));
#2053 = PCURVE('',#100,#2054);
#2054 = DEFINITIONAL_REPRESENTATION('',(#2055),#2059);
#2055 = LINE('',#2056,#2057);
#2056 = CARTESIAN_POINT('',(22.5,28.9));
#2057 = VECTOR('',#2058,1.);
#2058 = DIRECTION('',(0.,1.));
#2059 = ( GEOMETRIC_REPRESENTATION_CONTEXT(2) 
PARAMETRIC_REPRESENTATION_CONTEXT() REPRESENTATION_CONTEXT('2D SPACE',''
  ) );
#2060 = PCURVE('',#866,#2061);
#2061 = DEFINITIONAL_REPRESENTATION('',(#2062),#2066);
#2062 = LINE('',#2063,#2064);
#2063 = CARTESIAN_POINT('',(77.4,0.));
#2064 = VECTOR('',#2065,1.);
#2065 = DIRECTION('',(0.,-1.));
#2066 = ( GEOMETRIC_REPRESENTATION_CONTEXT(2) 
PARAMETRIC_REPRESENTATION_CONTEXT() REPRESENTATION_CONTEXT('2D SPACE',''
  ) );
#2067 = FACE_BOUND('',#2068,.T.);
#2068 = EDGE_LOOP('',(#2069,#2095,#2118,#2146,#2169));
#2069 = ORIENTED_EDGE('',*,*,#2070,.T.);
#2070 = EDGE_CURVE('',#2071,#2073,#2075,.T.);
#2071 = VERTEX_POINT('',#2072);
#2072 = CARTESIAN_POINT('',(33.5,25.772983346208,77.4));
#2073 = VERTEX_POINT('',#2074);
#2074 = CARTESIAN_POINT('',(26.5,29.9,77.4));
#2075 = SURFACE_CURVE('',#2076,(#2081,#2088),.PCURVE_S1.);
#2076 = CIRCLE('',#2077,8.);
#2077 = AXIS2_PLACEMENT_3D('',#2078,#2079,#2080);
#2078 = CARTESIAN_POINT('',(26.5,21.9,77.4));
#2079 = DIRECTION('',(0.,0.,1.));
#2080 = DIRECTION('',(1.,0.,0.));
#2081 = PCURVE('',#100,#2082);
#2082 = DEFINITIONAL_REPRESENTATION('',(#2083),#2087);
#2083 = CIRCLE('',#2084,8.);
#2084 = AXIS2_PLACEMENT_2D('',#2085,#2086);
#2085 = CARTESIAN_POINT('',(26.5,21.9));
#2086 = DIRECTION('',(1.,0.));
#2087 = ( GEOMETRIC_REPRESENTATION_CONTEXT(2) 
PARAMETRIC_REPRESENTATION_CONTEXT() REPRESENTATION_CONTEXT('2D SPACE',''
  ) );
#2088 = PCURVE('',#899,#2089);
#2089 = DEFINITIONAL_REPRESENTATION('',(#2090),#2094);
#2090 = LINE('',#2091,#2092);
#2091 = CARTESIAN_POINT('',(-0.,-77.4));
#2092 = VECTOR('',#2093,1.);
#2093 = DIRECTION('',(-1.,0.));
#2094 = ( GEOMETRIC_REPRESENTATION_CONTEXT(2) 
PARAMETRIC_REPRESENTATION_CONTEXT() REPRESENTATION_CONTEXT('2D SPACE',''
  ) );
#2095 = ORIENTED_EDGE('',*,*,#2096,.T.);
#2096 = EDGE_CURVE('',#2073,#2097,#2099,.T.);
#2097 = VERTEX_POINT('',#2098);
#2098 = CARTESIAN_POINT('',(26.5,35.9,77.4));
#2099 = SURFACE_CURVE('',#2100,(#2104,#2111),.PCURVE_S1.);
#2100 = LINE('',#2101,#2102);
#2101 = CARTESIAN_POINT('',(26.5,28.9,77.4));
#2102 = VECTOR('',#2103,1.);
#2103 = DIRECTION('',(0.,1.,0.));
#2104 = PCURVE('',#100,#2105);
#2105 = DEFINITIONAL_REPRESENTATION('',(#2106),#2110);
#2106 = LINE('',#2107,#2108);
#2107 = CARTESIAN_POINT('',(26.5,28.9));
#2108 = VECTOR('',#2109,1.);
#2109 = DIRECTION('',(0.,1.));
#2110 = ( GEOMETRIC_REPRESENTATION_CONTEXT(2) 
PARAMETRIC_REPRESENTATION_CONTEXT() REPRESENTATION_CONTEXT('2D SPACE',''
  ) );
#2111 = PCURVE('',#927,#2112);
#2112 = DEFINITIONAL_REPRESENTATION('',(#2113),#2117);
#2113 = LINE('',#2114,#2115);
#2114 = CARTESIAN_POINT('',(77.4,0.));
#2115 = VECTOR('',#2116,1.);
#2116 = DIRECTION('',(0.,-1.));
#2117 = ( GEOMETRIC_REPRESENTATION_CONTEXT(2) 
PARAMETRIC_REPRESENTATION_CONTEXT() REPRESENTATION_CONTEXT('2D SPACE',''
  ) );
#2118 = ORIENTED_EDGE('',*,*,#2119,.T.);
#2119 = EDGE_CURVE('',#2097,#2120,#2122,.T.);
#2120 = VERTEX_POINT('',#2121);
#2121 = CARTESIAN_POINT('',(39.722707740852,26.5,77.4));
#2122 = SURFACE_CURVE('',#2123,(#2128,#2139),.PCURVE_S1.);
#2123 = CIRCLE('',#2124,14.);
#2124 = AXIS2_PLACEMENT_3D('',#2125,#2126,#2127);
#2125 = CARTESIAN_POINT('',(26.5,21.9,77.4));
#2126 = DIRECTION('',(0.,0.,-1.));
#2127 = DIRECTION('',(1.,0.,0.));
#2128 = PCURVE('',#100,#2129);
#2129 = DEFINITIONAL_REPRESENTATION('',(#2130),#2138);
#2130 = ( BOUNDED_CURVE() B_SPLINE_CURVE(2,(#2131,#2132,#2133,#2134,
#2135,#2136,#2137),.UNSPECIFIED.,.T.,.F.) B_SPLINE_CURVE_WITH_KNOTS((1,2
    ,2,2,2,1),(-2.094395102393,0.,2.094395102393,4.188790204786,
6.28318530718,8.377580409573),.UNSPECIFIED.) CURVE() 
GEOMETRIC_REPRESENTATION_ITEM() RATIONAL_B_SPLINE_CURVE((1.,0.5,1.,0.5,
1.,0.5,1.)) REPRESENTATION_ITEM('') );
#2131 = CARTESIAN_POINT('',(40.5,21.9));
#2132 = CARTESIAN_POINT('',(40.5,-2.348711305964));
#2133 = CARTESIAN_POINT('',(19.5,9.775644347018));
#2134 = CARTESIAN_POINT('',(-1.5,21.9));
#2135 = CARTESIAN_POINT('',(19.5,34.024355652982));
#2136 = CARTESIAN_POINT('',(40.5,46.148711305964));
#2137 = CARTESIAN_POINT('',(40.5,21.9));
#2138 = ( GEOMETRIC_REPRESENTATION_CONTEXT(2) 
PARAMETRIC_REPRESENTATION_CONTEXT() REPRESENTATION_CONTEXT('2D SPACE',''
  ) );
#2139 = PCURVE('',#960,#2140);
#2140 = DEFINITIONAL_REPRESENTATION('',(#2141),#2145);
#2141 = LINE('',#2142,#2143);
#2142 = CARTESIAN_POINT('',(-6.28318530718,-77.5));
#2143 = VECTOR('',#2144,1.);
#2144 = DIRECTION('',(1.,-0.));
#2145 = ( GEOMETRIC_REPRESENTATION_CONTEXT(2) 
PARAMETRIC_REPRESENTATION_CONTEXT() REPRESENTATION_CONTEXT('2D SPACE',''
  ) );
#2146 = ORIENTED_EDGE('',*,*,#2147,.F.);
#2147 = EDGE_CURVE('',#2148,#2120,#2150,.T.);
#2148 = VERTEX_POINT('',#2149);
#2149 = CARTESIAN_POINT('',(33.5,26.5,77.4));
#2150 = SURFACE_CURVE('',#2151,(#2155,#2162),.PCURVE_S1.);
#2151 = LINE('',#2152,#2153);
#2152 = CARTESIAN_POINT('',(33.5,26.5,77.4));
#2153 = VECTOR('',#2154,1.);
#2154 = DIRECTION('',(1.,0.,0.));
#2155 = PCURVE('',#100,#2156);
#2156 = DEFINITIONAL_REPRESENTATION('',(#2157),#2161);
#2157 = LINE('',#2158,#2159);
#2158 = CARTESIAN_POINT('',(33.5,26.5));
#2159 = VECTOR('',#2160,1.);
#2160 = DIRECTION('',(1.,0.));
#2161 = ( GEOMETRIC_REPRESENTATION_CONTEXT(2) 
PARAMETRIC_REPRESENTATION_CONTEXT() REPRESENTATION_CONTEXT('2D SPACE',''
  ) );
#2162 = PCURVE('',#988,#2163);
#2163 = DEFINITIONAL_REPRESENTATION('',(#2164),#2168);
#2164 = LINE('',#2165,#2166);
#2165 = CARTESIAN_POINT('',(77.4,0.));
#2166 = VECTOR('',#2167,1.);
#2167 = DIRECTION('',(0.,1.));
#2168 = ( GEOMETRIC_REPRESENTATION_CONTEXT(2) 
PARAMETRIC_REPRESENTATION_CONTEXT() REPRESENTATION_CONTEXT('2D SPACE',''
  ) );
#2169 = ORIENTED_EDGE('',*,*,#2170,.F.);
#2170 = EDGE_CURVE('',#2071,#2148,#2171,.T.);
#2171 = SURFACE_CURVE('',#2172,(#2176,#2183),.PCURVE_S1.);
#2172 = LINE('',#2173,#2174);
#2173 = CARTESIAN_POINT('',(33.5,22.5,77.4));
#2174 = VECTOR('',#2175,1.);
#2175 = DIRECTION('',(0.,1.,0.));
#2176 = PCURVE('',#100,#2177);
#2177 = DEFINITIONAL_REPRESENTATION('',(#2178),#2182);
#2178 = LINE('',#2179,#2180);
#2179 = CARTESIAN_POINT('',(33.5,22.5));
#2180 = VECTOR('',#2181,1.);
#2181 = DIRECTION('',(0.,1.));
#2182 = ( GEOMETRIC_REPRESENTATION_CONTEXT(2) 
PARAMETRIC_REPRESENTATION_CONTEXT() REPRESENTATION_CONTEXT('2D SPACE',''
  ) );
#2183 = PCURVE('',#1014,#2184);
#2184 = DEFINITIONAL_REPRESENTATION('',(#2185),#2189);
#2185 = LINE('',#2186,#2187);
#2186 = CARTESIAN_POINT('',(77.4,0.));
#2187 = VECTOR('',#2188,1.);
#2188 = DIRECTION('',(0.,-1.));
#2189 = ( GEOMETRIC_REPRESENTATION_CONTEXT(2) 
PARAMETRIC_REPRESENTATION_CONTEXT() REPRESENTATION_CONTEXT('2D SPACE',''
  ) );
#2190 = FACE_BOUND('',#2191,.T.);
#2191 = EDGE_LOOP('',(#2192,#2218,#2241,#2269,#2291,#2314));
#2192 = ORIENTED_EDGE('',*,*,#2193,.T.);
#2193 = EDGE_CURVE('',#2194,#2196,#2198,.T.);
#2194 = VERTEX_POINT('',#2195);
#2195 = CARTESIAN_POINT('',(34.5,21.9,77.4));
#2196 = VERTEX_POINT('',#2197);
#2197 = CARTESIAN_POINT('',(34.477468270072,22.5,77.4));
#2198 = SURFACE_CURVE('',#2199,(#2204,#2211),.PCURVE_S1.);
#2199 = CIRCLE('',#2200,8.);
#2200 = AXIS2_PLACEMENT_3D('',#2201,#2202,#2203);
#2201 = CARTESIAN_POINT('',(26.5,21.9,77.4));
#2202 = DIRECTION('',(0.,0.,1.));
#2203 = DIRECTION('',(1.,0.,0.));
#2204 = PCURVE('',#100,#2205);
#2205 = DEFINITIONAL_REPRESENTATION('',(#2206),#2210);
#2206 = CIRCLE('',#2207,8.);
#2207 = AXIS2_PLACEMENT_2D('',#2208,#2209);
#2208 = CARTESIAN_POINT('',(26.5,21.9));
#2209 = DIRECTION('',(1.,0.));
#2210 = ( GEOMETRIC_REPRESENTATION_CONTEXT(2) 
PARAMETRIC_REPRESENTATION_CONTEXT() REPRESENTATION_CONTEXT('2D SPACE',''
  ) );
#2211 = PCURVE('',#1047,#2212);
#2212 = DEFINITIONAL_REPRESENTATION('',(#2213),#2217);
#2213 = LINE('',#2214,#2215);
#2214 = CARTESIAN_POINT('',(-0.,-77.4));
#2215 = VECTOR('',#2216,1.);
#2216 = DIRECTION('',(-1.,0.));
#2217 = ( GEOMETRIC_REPRESENTATION_CONTEXT(2) 
PARAMETRIC_REPRESENTATION_CONTEXT() REPRESENTATION_CONTEXT('2D SPACE',''
  ) );
#2218 = ORIENTED_EDGE('',*,*,#2219,.T.);
#2219 = EDGE_CURVE('',#2196,#2220,#2222,.T.);
#2220 = VERTEX_POINT('',#2221);
#2221 = CARTESIAN_POINT('',(40.487136947925,22.5,77.4));
#2222 = SURFACE_CURVE('',#2223,(#2227,#2234),.PCURVE_S1.);
#2223 = LINE('',#2224,#2225);
#2224 = CARTESIAN_POINT('',(33.5,22.5,77.4));
#2225 = VECTOR('',#2226,1.);
#2226 = DIRECTION('',(1.,0.,0.));
#2227 = PCURVE('',#100,#2228);
#2228 = DEFINITIONAL_REPRESENTATION('',(#2229),#2233);
#2229 = LINE('',#2230,#2231);
#2230 = CARTESIAN_POINT('',(33.5,22.5));
#2231 = VECTOR('',#2232,1.);
#2232 = DIRECTION('',(1.,0.));
#2233 = ( GEOMETRIC_REPRESENTATION_CONTEXT(2) 
PARAMETRIC_REPRESENTATION_CONTEXT() REPRESENTATION_CONTEXT('2D SPACE',''
  ) );
#2234 = PCURVE('',#1075,#2235);
#2235 = DEFINITIONAL_REPRESENTATION('',(#2236),#2240);
#2236 = LINE('',#2237,#2238);
#2237 = CARTESIAN_POINT('',(77.4,0.));
#2238 = VECTOR('',#2239,1.);
#2239 = DIRECTION('',(0.,1.));
#2240 = ( GEOMETRIC_REPRESENTATION_CONTEXT(2) 
PARAMETRIC_REPRESENTATION_CONTEXT() REPRESENTATION_CONTEXT('2D SPACE',''
  ) );
#2241 = ORIENTED_EDGE('',*,*,#2242,.T.);
#2242 = EDGE_CURVE('',#2220,#2243,#2245,.T.);
#2243 = VERTEX_POINT('',#2244);
#2244 = CARTESIAN_POINT('',(40.5,21.9,77.4));
#2245 = SURFACE_CURVE('',#2246,(#2251,#2262),.PCURVE_S1.);
#2246 = CIRCLE('',#2247,14.);
#2247 = AXIS2_PLACEMENT_3D('',#2248,#2249,#2250);
#2248 = CARTESIAN_POINT('',(26.5,21.9,77.4));
#2249 = DIRECTION('',(0.,0.,-1.));
#2250 = DIRECTION('',(1.,0.,0.));
#2251 = PCURVE('',#100,#2252);
#2252 = DEFINITIONAL_REPRESENTATION('',(#2253),#2261);
#2253 = ( BOUNDED_CURVE() B_SPLINE_CURVE(2,(#2254,#2255,#2256,#2257,
#2258,#2259,#2260),.UNSPECIFIED.,.T.,.F.) B_SPLINE_CURVE_WITH_KNOTS((1,2
    ,2,2,2,1),(-2.094395102393,0.,2.094395102393,4.188790204786,
6.28318530718,8.377580409573),.UNSPECIFIED.) CURVE() 
GEOMETRIC_REPRESENTATION_ITEM() RATIONAL_B_SPLINE_CURVE((1.,0.5,1.,0.5,
1.,0.5,1.)) REPRESENTATION_ITEM('') );
#2254 = CARTESIAN_POINT('',(40.5,21.9));
#2255 = CARTESIAN_POINT('',(40.5,-2.348711305964));
#2256 = CARTESIAN_POINT('',(19.5,9.775644347018));
#2257 = CARTESIAN_POINT('',(-1.5,21.9));
#2258 = CARTESIAN_POINT('',(19.5,34.024355652982));
#2259 = CARTESIAN_POINT('',(40.5,46.148711305964));
#2260 = CARTESIAN_POINT('',(40.5,21.9));
#2261 = ( GEOMETRIC_REPRESENTATION_CONTEXT(2) 
PARAMETRIC_REPRESENTATION_CONTEXT() REPRESENTATION_CONTEXT('2D SPACE',''
  ) );
#2262 = PCURVE('',#1108,#2263);
#2263 = DEFINITIONAL_REPRESENTATION('',(#2264),#2268);
#2264 = LINE('',#2265,#2266);
#2265 = CARTESIAN_POINT('',(-6.28318530718,-77.5));
#2266 = VECTOR('',#2267,1.);
#2267 = DIRECTION('',(1.,-0.));
#2268 = ( GEOMETRIC_REPRESENTATION_CONTEXT(2) 
PARAMETRIC_REPRESENTATION_CONTEXT() REPRESENTATION_CONTEXT('2D SPACE',''
  ) );
#2269 = ORIENTED_EDGE('',*,*,#2270,.T.);
#2270 = EDGE_CURVE('',#2243,#2271,#2273,.T.);
#2271 = VERTEX_POINT('',#2272);
#2272 = CARTESIAN_POINT('',(40.5,-13.676,77.4));
#2273 = SURFACE_CURVE('',#2274,(#2278,#2285),.PCURVE_S1.);
#2274 = LINE('',#2275,#2276);
#2275 = CARTESIAN_POINT('',(40.5,-10.95,77.4));
#2276 = VECTOR('',#2277,1.);
#2277 = DIRECTION('',(0.,-1.,0.));
#2278 = PCURVE('',#100,#2279);
#2279 = DEFINITIONAL_REPRESENTATION('',(#2280),#2284);
#2280 = LINE('',#2281,#2282);
#2281 = CARTESIAN_POINT('',(40.5,-10.95));
#2282 = VECTOR('',#2283,1.);
#2283 = DIRECTION('',(0.,-1.));
#2284 = ( GEOMETRIC_REPRESENTATION_CONTEXT(2) 
PARAMETRIC_REPRESENTATION_CONTEXT() REPRESENTATION_CONTEXT('2D SPACE',''
  ) );
#2285 = PCURVE('',#1136,#2286);
#2286 = DEFINITIONAL_REPRESENTATION('',(#2287),#2290);
#2287 = B_SPLINE_CURVE_WITH_KNOTS('',1,(#2288,#2289),.UNSPECIFIED.,.F.,
  .F.,(2,2),(-32.85,10.95),.PIECEWISE_BEZIER_KNOTS.);
#2288 = CARTESIAN_POINT('',(43.8,-77.5));
#2289 = CARTESIAN_POINT('',(0.,-77.5));
#2290 = ( GEOMETRIC_REPRESENTATION_CONTEXT(2) 
PARAMETRIC_REPRESENTATION_CONTEXT() REPRESENTATION_CONTEXT('2D SPACE',''
  ) );
#2291 = ORIENTED_EDGE('',*,*,#2292,.F.);
#2292 = EDGE_CURVE('',#2293,#2271,#2295,.T.);
#2293 = VERTEX_POINT('',#2294);
#2294 = CARTESIAN_POINT('',(34.5,-13.676,77.4));
#2295 = SURFACE_CURVE('',#2296,(#2300,#2307),.PCURVE_S1.);
#2296 = LINE('',#2297,#2298);
#2297 = CARTESIAN_POINT('',(34.5,-13.676,77.4));
#2298 = VECTOR('',#2299,1.);
#2299 = DIRECTION('',(1.,0.,0.));
#2300 = PCURVE('',#100,#2301);
#2301 = DEFINITIONAL_REPRESENTATION('',(#2302),#2306);
#2302 = LINE('',#2303,#2304);
#2303 = CARTESIAN_POINT('',(34.5,-13.676));
#2304 = VECTOR('',#2305,1.);
#2305 = DIRECTION('',(1.,0.));
#2306 = ( GEOMETRIC_REPRESENTATION_CONTEXT(2) 
PARAMETRIC_REPRESENTATION_CONTEXT() REPRESENTATION_CONTEXT('2D SPACE',''
  ) );
#2307 = PCURVE('',#1163,#2308);
#2308 = DEFINITIONAL_REPRESENTATION('',(#2309),#2313);
#2309 = LINE('',#2310,#2311);
#2310 = CARTESIAN_POINT('',(77.4,0.));
#2311 = VECTOR('',#2312,1.);
#2312 = DIRECTION('',(0.,1.));
#2313 = ( GEOMETRIC_REPRESENTATION_CONTEXT(2) 
PARAMETRIC_REPRESENTATION_CONTEXT() REPRESENTATION_CONTEXT('2D SPACE',''
  ) );
#2314 = ORIENTED_EDGE('',*,*,#2315,.T.);
#2315 = EDGE_CURVE('',#2293,#2194,#2316,.T.);
#2316 = SURFACE_CURVE('',#2317,(#2321,#2328),.PCURVE_S1.);
#2317 = LINE('',#2318,#2319);
#2318 = CARTESIAN_POINT('',(34.5,0.,77.4));
#2319 = VECTOR('',#2320,1.);
#2320 = DIRECTION('',(0.,1.,0.));
#2321 = PCURVE('',#100,#2322);
#2322 = DEFINITIONAL_REPRESENTATION('',(#2323),#2327);
#2323 = LINE('',#2324,#2325);
#2324 = CARTESIAN_POINT('',(34.5,0.));
#2325 = VECTOR('',#2326,1.);
#2326 = DIRECTION('',(0.,1.));
#2327 = ( GEOMETRIC_REPRESENTATION_CONTEXT(2) 
PARAMETRIC_REPRESENTATION_CONTEXT() REPRESENTATION_CONTEXT('2D SPACE',''
  ) );
#2328 = PCURVE('',#1189,#2329);
#2329 = DEFINITIONAL_REPRESENTATION('',(#2330),#2334);
#2330 = LINE('',#2331,#2332);
#2331 = CARTESIAN_POINT('',(21.9,-77.4));
#2332 = VECTOR('',#2333,1.);
#2333 = DIRECTION('',(1.,0.));
#2334 = ( GEOMETRIC_REPRESENTATION_CONTEXT(2) 
PARAMETRIC_REPRESENTATION_CONTEXT() REPRESENTATION_CONTEXT('2D SPACE',''
  ) );
#2335 = FACE_BOUND('',#2336,.T.);
#2336 = EDGE_LOOP('',(#2337,#2366,#2399,#2432,#2460,#2487,#2520,#2553,
    #2581,#2608,#2641,#2674,#2702,#2729,#2762,#2795));
#2337 = ORIENTED_EDGE('',*,*,#2338,.F.);
#2338 = EDGE_CURVE('',#2339,#2341,#2343,.T.);
#2339 = VERTEX_POINT('',#2340);
#2340 = CARTESIAN_POINT('',(-32.3,21.9,77.4));
#2341 = VERTEX_POINT('',#2342);
#2342 = CARTESIAN_POINT('',(-32.3,-21.9,77.4));
#2343 = SURFACE_CURVE('',#2344,(#2348,#2355),.PCURVE_S1.);
#2344 = LINE('',#2345,#2346);
#2345 = CARTESIAN_POINT('',(-32.3,-10.95,77.4));
#2346 = VECTOR('',#2347,1.);
#2347 = DIRECTION('',(0.,-1.,0.));
#2348 = PCURVE('',#100,#2349);
#2349 = DEFINITIONAL_REPRESENTATION('',(#2350),#2354);
#2350 = LINE('',#2351,#2352);
#2351 = CARTESIAN_POINT('',(-32.3,-10.95));
#2352 = VECTOR('',#2353,1.);
#2353 = DIRECTION('',(0.,-1.));
#2354 = ( GEOMETRIC_REPRESENTATION_CONTEXT(2) 
PARAMETRIC_REPRESENTATION_CONTEXT() REPRESENTATION_CONTEXT('2D SPACE',''
  ) );
#2355 = PCURVE('',#2356,#2361);
#2356 = PLANE('',#2357);
#2357 = AXIS2_PLACEMENT_3D('',#2358,#2359,#2360);
#2358 = CARTESIAN_POINT('',(-32.3,-21.9,3.));
#2359 = DIRECTION('',(-1.,0.,0.));
#2360 = DIRECTION('',(0.,1.,0.));
#2361 = DEFINITIONAL_REPRESENTATION('',(#2362),#2365);
#2362 = B_SPLINE_CURVE_WITH_KNOTS('',1,(#2363,#2364),.UNSPECIFIED.,.F.,
  .F.,(2,2),(-32.85,10.95),.PIECEWISE_BEZIER_KNOTS.);
#2363 = CARTESIAN_POINT('',(43.8,-74.4));
#2364 = CARTESIAN_POINT('',(0.,-74.4));
#2365 = ( GEOMETRIC_REPRESENTATION_CONTEXT(2) 
PARAMETRIC_REPRESENTATION_CONTEXT() REPRESENTATION_CONTEXT('2D SPACE',''
  ) );
#2366 = ORIENTED_EDGE('',*,*,#2367,.T.);
#2367 = EDGE_CURVE('',#2339,#2368,#2370,.T.);
#2368 = VERTEX_POINT('',#2369);
#2369 = CARTESIAN_POINT('',(-32.20581366674,22.941004515075,77.4));
#2370 = SURFACE_CURVE('',#2371,(#2376,#2387),.PCURVE_S1.);
#2371 = CIRCLE('',#2372,5.8);
#2372 = AXIS2_PLACEMENT_3D('',#2373,#2374,#2375);
#2373 = CARTESIAN_POINT('',(-26.5,21.9,77.4));
#2374 = DIRECTION('',(0.,0.,-1.));
#2375 = DIRECTION('',(1.,0.,0.));
#2376 = PCURVE('',#100,#2377);
#2377 = DEFINITIONAL_REPRESENTATION('',(#2378),#2386);
#2378 = ( BOUNDED_CURVE() B_SPLINE_CURVE(2,(#2379,#2380,#2381,#2382,
#2383,#2384,#2385),.UNSPECIFIED.,.T.,.F.) B_SPLINE_CURVE_WITH_KNOTS((1,2
    ,2,2,2,1),(-2.094395102393,0.,2.094395102393,4.188790204786,
6.28318530718,8.377580409573),.UNSPECIFIED.) CURVE() 
GEOMETRIC_REPRESENTATION_ITEM() RATIONAL_B_SPLINE_CURVE((1.,0.5,1.,0.5,
1.,0.5,1.)) REPRESENTATION_ITEM('') );
#2379 = CARTESIAN_POINT('',(-20.7,21.9));
#2380 = CARTESIAN_POINT('',(-20.7,11.854105316101));
#2381 = CARTESIAN_POINT('',(-29.4,16.87705265805));
#2382 = CARTESIAN_POINT('',(-38.1,21.9));
#2383 = CARTESIAN_POINT('',(-29.4,26.92294734195));
#2384 = CARTESIAN_POINT('',(-20.7,31.945894683899));
#2385 = CARTESIAN_POINT('',(-20.7,21.9));
#2386 = ( GEOMETRIC_REPRESENTATION_CONTEXT(2) 
PARAMETRIC_REPRESENTATION_CONTEXT() REPRESENTATION_CONTEXT('2D SPACE',''
  ) );
#2387 = PCURVE('',#2388,#2393);
#2388 = CYLINDRICAL_SURFACE('',#2389,5.8);
#2389 = AXIS2_PLACEMENT_3D('',#2390,#2391,#2392);
#2390 = CARTESIAN_POINT('',(-26.5,21.9,3.));
#2391 = DIRECTION('',(-0.,-0.,-1.));
#2392 = DIRECTION('',(1.,0.,0.));
#2393 = DEFINITIONAL_REPRESENTATION('',(#2394),#2398);
#2394 = LINE('',#2395,#2396);
#2395 = CARTESIAN_POINT('',(-6.28318530718,-74.4));
#2396 = VECTOR('',#2397,1.);
#2397 = DIRECTION('',(1.,-0.));
#2398 = ( GEOMETRIC_REPRESENTATION_CONTEXT(2) 
PARAMETRIC_REPRESENTATION_CONTEXT() REPRESENTATION_CONTEXT('2D SPACE',''
  ) );
#2399 = ORIENTED_EDGE('',*,*,#2400,.T.);
#2400 = EDGE_CURVE('',#2368,#2401,#2403,.T.);
#2401 = VERTEX_POINT('',#2402);
#2402 = CARTESIAN_POINT('',(-27.54100451507,27.605813666743,77.4));
#2403 = SURFACE_CURVE('',#2404,(#2409,#2420),.PCURVE_S1.);
#2404 = CIRCLE('',#2405,5.3);
#2405 = AXIS2_PLACEMENT_3D('',#2406,#2407,#2408);
#2406 = CARTESIAN_POINT('',(-26.94,22.34,77.4));
#2407 = DIRECTION('',(0.,0.,-1.));
#2408 = DIRECTION('',(1.,0.,0.));
#2409 = PCURVE('',#100,#2410);
#2410 = DEFINITIONAL_REPRESENTATION('',(#2411),#2419);
#2411 = ( BOUNDED_CURVE() B_SPLINE_CURVE(2,(#2412,#2413,#2414,#2415,
#2416,#2417,#2418),.UNSPECIFIED.,.T.,.F.) B_SPLINE_CURVE_WITH_KNOTS((1,2
    ,2,2,2,1),(-2.094395102393,0.,2.094395102393,4.188790204786,
6.28318530718,8.377580409573),.UNSPECIFIED.) CURVE() 
GEOMETRIC_REPRESENTATION_ITEM() RATIONAL_B_SPLINE_CURVE((1.,0.5,1.,0.5,
1.,0.5,1.)) REPRESENTATION_ITEM('') );
#2412 = CARTESIAN_POINT('',(-21.64,22.34));
#2413 = CARTESIAN_POINT('',(-21.64,13.160130719885));
#2414 = CARTESIAN_POINT('',(-29.59,17.750065359942));
#2415 = CARTESIAN_POINT('',(-37.54,22.34));
#2416 = CARTESIAN_POINT('',(-29.59,26.929934640058));
#2417 = CARTESIAN_POINT('',(-21.64,31.519869280115));
#2418 = CARTESIAN_POINT('',(-21.64,22.34));
#2419 = ( GEOMETRIC_REPRESENTATION_CONTEXT(2) 
PARAMETRIC_REPRESENTATION_CONTEXT() REPRESENTATION_CONTEXT('2D SPACE',''
  ) );
#2420 = PCURVE('',#2421,#2426);
#2421 = CYLINDRICAL_SURFACE('',#2422,5.3);
#2422 = AXIS2_PLACEMENT_3D('',#2423,#2424,#2425);
#2423 = CARTESIAN_POINT('',(-26.94,22.34,72.25));
#2424 = DIRECTION('',(-0.,-0.,-1.));
#2425 = DIRECTION('',(1.,0.,0.));
#2426 = DEFINITIONAL_REPRESENTATION('',(#2427),#2431);
#2427 = LINE('',#2428,#2429);
#2428 = CARTESIAN_POINT('',(-6.28318530718,-5.15));
#2429 = VECTOR('',#2430,1.);
#2430 = DIRECTION('',(1.,-0.));
#2431 = ( GEOMETRIC_REPRESENTATION_CONTEXT(2) 
PARAMETRIC_REPRESENTATION_CONTEXT() REPRESENTATION_CONTEXT('2D SPACE',''
  ) );
#2432 = ORIENTED_EDGE('',*,*,#2433,.T.);
#2433 = EDGE_CURVE('',#2401,#2434,#2436,.T.);
#2434 = VERTEX_POINT('',#2435);
#2435 = CARTESIAN_POINT('',(-26.5,27.7,77.4));
#2436 = SURFACE_CURVE('',#2437,(#2442,#2453),.PCURVE_S1.);
#2437 = CIRCLE('',#2438,5.8);
#2438 = AXIS2_PLACEMENT_3D('',#2439,#2440,#2441);
#2439 = CARTESIAN_POINT('',(-26.5,21.9,77.4));
#2440 = DIRECTION('',(0.,0.,-1.));
#2441 = DIRECTION('',(1.,0.,0.));
#2442 = PCURVE('',#100,#2443);
#2443 = DEFINITIONAL_REPRESENTATION('',(#2444),#2452);
#2444 = ( BOUNDED_CURVE() B_SPLINE_CURVE(2,(#2445,#2446,#2447,#2448,
#2449,#2450,#2451),.UNSPECIFIED.,.T.,.F.) B_SPLINE_CURVE_WITH_KNOTS((1,2
    ,2,2,2,1),(-2.094395102393,0.,2.094395102393,4.188790204786,
6.28318530718,8.377580409573),.UNSPECIFIED.) CURVE() 
GEOMETRIC_REPRESENTATION_ITEM() RATIONAL_B_SPLINE_CURVE((1.,0.5,1.,0.5,
1.,0.5,1.)) REPRESENTATION_ITEM('') );
#2445 = CARTESIAN_POINT('',(-20.7,21.9));
#2446 = CARTESIAN_POINT('',(-20.7,11.854105316101));
#2447 = CARTESIAN_POINT('',(-29.4,16.87705265805));
#2448 = CARTESIAN_POINT('',(-38.1,21.9));
#2449 = CARTESIAN_POINT('',(-29.4,26.92294734195));
#2450 = CARTESIAN_POINT('',(-20.7,31.945894683899));
#2451 = CARTESIAN_POINT('',(-20.7,21.9));
#2452 = ( GEOMETRIC_REPRESENTATION_CONTEXT(2) 
PARAMETRIC_REPRESENTATION_CONTEXT() REPRESENTATION_CONTEXT('2D SPACE',''
  ) );
#2453 = PCURVE('',#2388,#2454);
#2454 = DEFINITIONAL_REPRESENTATION('',(#2455),#2459);
#2455 = LINE('',#2456,#2457);
#2456 = CARTESIAN_POINT('',(-6.28318530718,-74.4));
#2457 = VECTOR('',#2458,1.);
#2458 = DIRECTION('',(1.,-0.));
#2459 = ( GEOMETRIC_REPRESENTATION_CONTEXT(2) 
PARAMETRIC_REPRESENTATION_CONTEXT() REPRESENTATION_CONTEXT('2D SPACE',''
  ) );
#2460 = ORIENTED_EDGE('',*,*,#2461,.F.);
#2461 = EDGE_CURVE('',#2462,#2434,#2464,.T.);
#2462 = VERTEX_POINT('',#2463);
#2463 = CARTESIAN_POINT('',(26.5,27.7,77.4));
#2464 = SURFACE_CURVE('',#2465,(#2469,#2476),.PCURVE_S1.);
#2465 = LINE('',#2466,#2467);
#2466 = CARTESIAN_POINT('',(-13.25,27.7,77.4));
#2467 = VECTOR('',#2468,1.);
#2468 = DIRECTION('',(-1.,0.,0.));
#2469 = PCURVE('',#100,#2470);
#2470 = DEFINITIONAL_REPRESENTATION('',(#2471),#2475);
#2471 = LINE('',#2472,#2473);
#2472 = CARTESIAN_POINT('',(-13.25,27.7));
#2473 = VECTOR('',#2474,1.);
#2474 = DIRECTION('',(-1.,0.));
#2475 = ( GEOMETRIC_REPRESENTATION_CONTEXT(2) 
PARAMETRIC_REPRESENTATION_CONTEXT() REPRESENTATION_CONTEXT('2D SPACE',''
  ) );
#2476 = PCURVE('',#2477,#2482);
#2477 = PLANE('',#2478);
#2478 = AXIS2_PLACEMENT_3D('',#2479,#2480,#2481);
#2479 = CARTESIAN_POINT('',(-26.5,27.7,3.));
#2480 = DIRECTION('',(0.,1.,0.));
#2481 = DIRECTION('',(1.,0.,0.));
#2482 = DEFINITIONAL_REPRESENTATION('',(#2483),#2486);
#2483 = B_SPLINE_CURVE_WITH_KNOTS('',1,(#2484,#2485),.UNSPECIFIED.,.F.,
  .F.,(2,2),(-39.75,13.25),.PIECEWISE_BEZIER_KNOTS.);
#2484 = CARTESIAN_POINT('',(53.,-74.4));
#2485 = CARTESIAN_POINT('',(0.,-74.4));
#2486 = ( GEOMETRIC_REPRESENTATION_CONTEXT(2) 
PARAMETRIC_REPRESENTATION_CONTEXT() REPRESENTATION_CONTEXT('2D SPACE',''
  ) );
#2487 = ORIENTED_EDGE('',*,*,#2488,.T.);
#2488 = EDGE_CURVE('',#2462,#2489,#2491,.T.);
#2489 = VERTEX_POINT('',#2490);
#2490 = CARTESIAN_POINT('',(27.541004515075,27.605813666743,77.4));
#2491 = SURFACE_CURVE('',#2492,(#2497,#2508),.PCURVE_S1.);
#2492 = CIRCLE('',#2493,5.8);
#2493 = AXIS2_PLACEMENT_3D('',#2494,#2495,#2496);
#2494 = CARTESIAN_POINT('',(26.5,21.9,77.4));
#2495 = DIRECTION('',(0.,0.,-1.));
#2496 = DIRECTION('',(1.,0.,0.));
#2497 = PCURVE('',#100,#2498);
#2498 = DEFINITIONAL_REPRESENTATION('',(#2499),#2507);
#2499 = ( BOUNDED_CURVE() B_SPLINE_CURVE(2,(#2500,#2501,#2502,#2503,
#2504,#2505,#2506),.UNSPECIFIED.,.T.,.F.) B_SPLINE_CURVE_WITH_KNOTS((1,2
    ,2,2,2,1),(-2.094395102393,0.,2.094395102393,4.188790204786,
6.28318530718,8.377580409573),.UNSPECIFIED.) CURVE() 
GEOMETRIC_REPRESENTATION_ITEM() RATIONAL_B_SPLINE_CURVE((1.,0.5,1.,0.5,
1.,0.5,1.)) REPRESENTATION_ITEM('') );
#2500 = CARTESIAN_POINT('',(32.3,21.9));
#2501 = CARTESIAN_POINT('',(32.3,11.854105316101));
#2502 = CARTESIAN_POINT('',(23.6,16.87705265805));
#2503 = CARTESIAN_POINT('',(14.9,21.9));
#2504 = CARTESIAN_POINT('',(23.6,26.92294734195));
#2505 = CARTESIAN_POINT('',(32.3,31.945894683899));
#2506 = CARTESIAN_POINT('',(32.3,21.9));
#2507 = ( GEOMETRIC_REPRESENTATION_CONTEXT(2) 
PARAMETRIC_REPRESENTATION_CONTEXT() REPRESENTATION_CONTEXT('2D SPACE',''
  ) );
#2508 = PCURVE('',#2509,#2514);
#2509 = CYLINDRICAL_SURFACE('',#2510,5.8);
#2510 = AXIS2_PLACEMENT_3D('',#2511,#2512,#2513);
#2511 = CARTESIAN_POINT('',(26.5,21.9,3.));
#2512 = DIRECTION('',(-0.,-0.,-1.));
#2513 = DIRECTION('',(1.,0.,0.));
#2514 = DEFINITIONAL_REPRESENTATION('',(#2515),#2519);
#2515 = LINE('',#2516,#2517);
#2516 = CARTESIAN_POINT('',(-6.28318530718,-74.4));
#2517 = VECTOR('',#2518,1.);
#2518 = DIRECTION('',(1.,-0.));
#2519 = ( GEOMETRIC_REPRESENTATION_CONTEXT(2) 
PARAMETRIC_REPRESENTATION_CONTEXT() REPRESENTATION_CONTEXT('2D SPACE',''
  ) );
#2520 = ORIENTED_EDGE('',*,*,#2521,.T.);
#2521 = EDGE_CURVE('',#2489,#2522,#2524,.T.);
#2522 = VERTEX_POINT('',#2523);
#2523 = CARTESIAN_POINT('',(32.205813666743,22.941004515075,77.4));
#2524 = SURFACE_CURVE('',#2525,(#2530,#2541),.PCURVE_S1.);
#2525 = CIRCLE('',#2526,5.3);
#2526 = AXIS2_PLACEMENT_3D('',#2527,#2528,#2529);
#2527 = CARTESIAN_POINT('',(26.94,22.34,77.4));
#2528 = DIRECTION('',(0.,0.,-1.));
#2529 = DIRECTION('',(1.,0.,0.));
#2530 = PCURVE('',#100,#2531);
#2531 = DEFINITIONAL_REPRESENTATION('',(#2532),#2540);
#2532 = ( BOUNDED_CURVE() B_SPLINE_CURVE(2,(#2533,#2534,#2535,#2536,
#2537,#2538,#2539),.UNSPECIFIED.,.T.,.F.) B_SPLINE_CURVE_WITH_KNOTS((1,2
    ,2,2,2,1),(-2.094395102393,0.,2.094395102393,4.188790204786,
6.28318530718,8.377580409573),.UNSPECIFIED.) CURVE() 
GEOMETRIC_REPRESENTATION_ITEM() RATIONAL_B_SPLINE_CURVE((1.,0.5,1.,0.5,
1.,0.5,1.)) REPRESENTATION_ITEM('') );
#2533 = CARTESIAN_POINT('',(32.24,22.34));
#2534 = CARTESIAN_POINT('',(32.24,13.160130719885));
#2535 = CARTESIAN_POINT('',(24.29,17.750065359942));
#2536 = CARTESIAN_POINT('',(16.34,22.34));
#2537 = CARTESIAN_POINT('',(24.29,26.929934640058));
#2538 = CARTESIAN_POINT('',(32.24,31.519869280115));
#2539 = CARTESIAN_POINT('',(32.24,22.34));
#2540 = ( GEOMETRIC_REPRESENTATION_CONTEXT(2) 
PARAMETRIC_REPRESENTATION_CONTEXT() REPRESENTATION_CONTEXT('2D SPACE',''
  ) );
#2541 = PCURVE('',#2542,#2547);
#2542 = CYLINDRICAL_SURFACE('',#2543,5.3);
#2543 = AXIS2_PLACEMENT_3D('',#2544,#2545,#2546);
#2544 = CARTESIAN_POINT('',(26.94,22.34,72.25));
#2545 = DIRECTION('',(-0.,-0.,-1.));
#2546 = DIRECTION('',(1.,0.,0.));
#2547 = DEFINITIONAL_REPRESENTATION('',(#2548),#2552);
#2548 = LINE('',#2549,#2550);
#2549 = CARTESIAN_POINT('',(-6.28318530718,-5.15));
#2550 = VECTOR('',#2551,1.);
#2551 = DIRECTION('',(1.,-0.));
#2552 = ( GEOMETRIC_REPRESENTATION_CONTEXT(2) 
PARAMETRIC_REPRESENTATION_CONTEXT() REPRESENTATION_CONTEXT('2D SPACE',''
  ) );
#2553 = ORIENTED_EDGE('',*,*,#2554,.T.);
#2554 = EDGE_CURVE('',#2522,#2555,#2557,.T.);
#2555 = VERTEX_POINT('',#2556);
#2556 = CARTESIAN_POINT('',(32.3,21.9,77.4));
#2557 = SURFACE_CURVE('',#2558,(#2563,#2574),.PCURVE_S1.);
#2558 = CIRCLE('',#2559,5.8);
#2559 = AXIS2_PLACEMENT_3D('',#2560,#2561,#2562);
#2560 = CARTESIAN_POINT('',(26.5,21.9,77.4));
#2561 = DIRECTION('',(0.,0.,-1.));
#2562 = DIRECTION('',(1.,0.,0.));
#2563 = PCURVE('',#100,#2564);
#2564 = DEFINITIONAL_REPRESENTATION('',(#2565),#2573);
#2565 = ( BOUNDED_CURVE() B_SPLINE_CURVE(2,(#2566,#2567,#2568,#2569,
#2570,#2571,#2572),.UNSPECIFIED.,.T.,.F.) B_SPLINE_CURVE_WITH_KNOTS((1,2
    ,2,2,2,1),(-2.094395102393,0.,2.094395102393,4.188790204786,
6.28318530718,8.377580409573),.UNSPECIFIED.) CURVE() 
GEOMETRIC_REPRESENTATION_ITEM() RATIONAL_B_SPLINE_CURVE((1.,0.5,1.,0.5,
1.,0.5,1.)) REPRESENTATION_ITEM('') );
#2566 = CARTESIAN_POINT('',(32.3,21.9));
#2567 = CARTESIAN_POINT('',(32.3,11.854105316101));
#2568 = CARTESIAN_POINT('',(23.6,16.87705265805));
#2569 = CARTESIAN_POINT('',(14.9,21.9));
#2570 = CARTESIAN_POINT('',(23.6,26.92294734195));
#2571 = CARTESIAN_POINT('',(32.3,31.945894683899));
#2572 = CARTESIAN_POINT('',(32.3,21.9));
#2573 = ( GEOMETRIC_REPRESENTATION_CONTEXT(2) 
PARAMETRIC_REPRESENTATION_CONTEXT() REPRESENTATION_CONTEXT('2D SPACE',''
  ) );
#2574 = PCURVE('',#2509,#2575);
#2575 = DEFINITIONAL_REPRESENTATION('',(#2576),#2580);
#2576 = LINE('',#2577,#2578);
#2577 = CARTESIAN_POINT('',(-6.28318530718,-74.4));
#2578 = VECTOR('',#2579,1.);
#2579 = DIRECTION('',(1.,-0.));
#2580 = ( GEOMETRIC_REPRESENTATION_CONTEXT(2) 
PARAMETRIC_REPRESENTATION_CONTEXT() REPRESENTATION_CONTEXT('2D SPACE',''
  ) );
#2581 = ORIENTED_EDGE('',*,*,#2582,.T.);
#2582 = EDGE_CURVE('',#2555,#2583,#2585,.T.);
#2583 = VERTEX_POINT('',#2584);
#2584 = CARTESIAN_POINT('',(32.3,-21.9,77.4));
#2585 = SURFACE_CURVE('',#2586,(#2590,#2597),.PCURVE_S1.);
#2586 = LINE('',#2587,#2588);
#2587 = CARTESIAN_POINT('',(32.3,-10.95,77.4));
#2588 = VECTOR('',#2589,1.);
#2589 = DIRECTION('',(0.,-1.,0.));
#2590 = PCURVE('',#100,#2591);
#2591 = DEFINITIONAL_REPRESENTATION('',(#2592),#2596);
#2592 = LINE('',#2593,#2594);
#2593 = CARTESIAN_POINT('',(32.3,-10.95));
#2594 = VECTOR('',#2595,1.);
#2595 = DIRECTION('',(0.,-1.));
#2596 = ( GEOMETRIC_REPRESENTATION_CONTEXT(2) 
PARAMETRIC_REPRESENTATION_CONTEXT() REPRESENTATION_CONTEXT('2D SPACE',''
  ) );
#2597 = PCURVE('',#2598,#2603);
#2598 = PLANE('',#2599);
#2599 = AXIS2_PLACEMENT_3D('',#2600,#2601,#2602);
#2600 = CARTESIAN_POINT('',(32.3,-21.9,3.));
#2601 = DIRECTION('',(-1.,0.,0.));
#2602 = DIRECTION('',(0.,1.,0.));
#2603 = DEFINITIONAL_REPRESENTATION('',(#2604),#2607);
#2604 = B_SPLINE_CURVE_WITH_KNOTS('',1,(#2605,#2606),.UNSPECIFIED.,.F.,
  .F.,(2,2),(-32.85,10.95),.PIECEWISE_BEZIER_KNOTS.);
#2605 = CARTESIAN_POINT('',(43.8,-74.4));
#2606 = CARTESIAN_POINT('',(0.,-74.4));
#2607 = ( GEOMETRIC_REPRESENTATION_CONTEXT(2) 
PARAMETRIC_REPRESENTATION_CONTEXT() REPRESENTATION_CONTEXT('2D SPACE',''
  ) );
#2608 = ORIENTED_EDGE('',*,*,#2609,.T.);
#2609 = EDGE_CURVE('',#2583,#2610,#2612,.T.);
#2610 = VERTEX_POINT('',#2611);
#2611 = CARTESIAN_POINT('',(32.205813666743,-22.94100451507,77.4));
#2612 = SURFACE_CURVE('',#2613,(#2618,#2629),.PCURVE_S1.);
#2613 = CIRCLE('',#2614,5.8);
#2614 = AXIS2_PLACEMENT_3D('',#2615,#2616,#2617);
#2615 = CARTESIAN_POINT('',(26.5,-21.9,77.4));
#2616 = DIRECTION('',(0.,0.,-1.));
#2617 = DIRECTION('',(1.,0.,0.));
#2618 = PCURVE('',#100,#2619);
#2619 = DEFINITIONAL_REPRESENTATION('',(#2620),#2628);
#2620 = ( BOUNDED_CURVE() B_SPLINE_CURVE(2,(#2621,#2622,#2623,#2624,
#2625,#2626,#2627),.UNSPECIFIED.,.T.,.F.) B_SPLINE_CURVE_WITH_KNOTS((1,2
    ,2,2,2,1),(-2.094395102393,0.,2.094395102393,4.188790204786,
6.28318530718,8.377580409573),.UNSPECIFIED.) CURVE() 
GEOMETRIC_REPRESENTATION_ITEM() RATIONAL_B_SPLINE_CURVE((1.,0.5,1.,0.5,
1.,0.5,1.)) REPRESENTATION_ITEM('') );
#2621 = CARTESIAN_POINT('',(32.3,-21.9));
#2622 = CARTESIAN_POINT('',(32.3,-31.94589468389));
#2623 = CARTESIAN_POINT('',(23.6,-26.92294734195));
#2624 = CARTESIAN_POINT('',(14.9,-21.9));
#2625 = CARTESIAN_POINT('',(23.6,-16.87705265805));
#2626 = CARTESIAN_POINT('',(32.3,-11.8541053161));
#2627 = CARTESIAN_POINT('',(32.3,-21.9));
#2628 = ( GEOMETRIC_REPRESENTATION_CONTEXT(2) 
PARAMETRIC_REPRESENTATION_CONTEXT() REPRESENTATION_CONTEXT('2D SPACE',''
  ) );
#2629 = PCURVE('',#2630,#2635);
#2630 = CYLINDRICAL_SURFACE('',#2631,5.8);
#2631 = AXIS2_PLACEMENT_3D('',#2632,#2633,#2634);
#2632 = CARTESIAN_POINT('',(26.5,-21.9,3.));
#2633 = DIRECTION('',(-0.,-0.,-1.));
#2634 = DIRECTION('',(1.,0.,0.));
#2635 = DEFINITIONAL_REPRESENTATION('',(#2636),#2640);
#2636 = LINE('',#2637,#2638);
#2637 = CARTESIAN_POINT('',(-6.28318530718,-74.4));
#2638 = VECTOR('',#2639,1.);
#2639 = DIRECTION('',(1.,-0.));
#2640 = ( GEOMETRIC_REPRESENTATION_CONTEXT(2) 
PARAMETRIC_REPRESENTATION_CONTEXT() REPRESENTATION_CONTEXT('2D SPACE',''
  ) );
#2641 = ORIENTED_EDGE('',*,*,#2642,.T.);
#2642 = EDGE_CURVE('',#2610,#2643,#2645,.T.);
#2643 = VERTEX_POINT('',#2644);
#2644 = CARTESIAN_POINT('',(27.541004515075,-27.60581366674,77.4));
#2645 = SURFACE_CURVE('',#2646,(#2651,#2662),.PCURVE_S1.);
#2646 = CIRCLE('',#2647,5.3);
#2647 = AXIS2_PLACEMENT_3D('',#2648,#2649,#2650);
#2648 = CARTESIAN_POINT('',(26.94,-22.34,77.4));
#2649 = DIRECTION('',(0.,0.,-1.));
#2650 = DIRECTION('',(1.,0.,0.));
#2651 = PCURVE('',#100,#2652);
#2652 = DEFINITIONAL_REPRESENTATION('',(#2653),#2661);
#2653 = ( BOUNDED_CURVE() B_SPLINE_CURVE(2,(#2654,#2655,#2656,#2657,
#2658,#2659,#2660),.UNSPECIFIED.,.T.,.F.) B_SPLINE_CURVE_WITH_KNOTS((1,2
    ,2,2,2,1),(-2.094395102393,0.,2.094395102393,4.188790204786,
6.28318530718,8.377580409573),.UNSPECIFIED.) CURVE() 
GEOMETRIC_REPRESENTATION_ITEM() RATIONAL_B_SPLINE_CURVE((1.,0.5,1.,0.5,
1.,0.5,1.)) REPRESENTATION_ITEM('') );
#2654 = CARTESIAN_POINT('',(32.24,-22.34));
#2655 = CARTESIAN_POINT('',(32.24,-31.51986928011));
#2656 = CARTESIAN_POINT('',(24.29,-26.92993464005));
#2657 = CARTESIAN_POINT('',(16.34,-22.34));
#2658 = CARTESIAN_POINT('',(24.29,-17.75006535994));
#2659 = CARTESIAN_POINT('',(32.24,-13.16013071988));
#2660 = CARTESIAN_POINT('',(32.24,-22.34));
#2661 = ( GEOMETRIC_REPRESENTATION_CONTEXT(2) 
PARAMETRIC_REPRESENTATION_CONTEXT() REPRESENTATION_CONTEXT('2D SPACE',''
  ) );
#2662 = PCURVE('',#2663,#2668);
#2663 = CYLINDRICAL_SURFACE('',#2664,5.3);
#2664 = AXIS2_PLACEMENT_3D('',#2665,#2666,#2667);
#2665 = CARTESIAN_POINT('',(26.94,-22.34,72.25));
#2666 = DIRECTION('',(-0.,-0.,-1.));
#2667 = DIRECTION('',(1.,0.,0.));
#2668 = DEFINITIONAL_REPRESENTATION('',(#2669),#2673);
#2669 = LINE('',#2670,#2671);
#2670 = CARTESIAN_POINT('',(-6.28318530718,-5.15));
#2671 = VECTOR('',#2672,1.);
#2672 = DIRECTION('',(1.,-0.));
#2673 = ( GEOMETRIC_REPRESENTATION_CONTEXT(2) 
PARAMETRIC_REPRESENTATION_CONTEXT() REPRESENTATION_CONTEXT('2D SPACE',''
  ) );
#2674 = ORIENTED_EDGE('',*,*,#2675,.T.);
#2675 = EDGE_CURVE('',#2643,#2676,#2678,.T.);
#2676 = VERTEX_POINT('',#2677);
#2677 = CARTESIAN_POINT('',(26.5,-27.7,77.4));
#2678 = SURFACE_CURVE('',#2679,(#2684,#2695),.PCURVE_S1.);
#2679 = CIRCLE('',#2680,5.8);
#2680 = AXIS2_PLACEMENT_3D('',#2681,#2682,#2683);
#2681 = CARTESIAN_POINT('',(26.5,-21.9,77.4));
#2682 = DIRECTION('',(0.,0.,-1.));
#2683 = DIRECTION('',(1.,0.,0.));
#2684 = PCURVE('',#100,#2685);
#2685 = DEFINITIONAL_REPRESENTATION('',(#2686),#2694);
#2686 = ( BOUNDED_CURVE() B_SPLINE_CURVE(2,(#2687,#2688,#2689,#2690,
#2691,#2692,#2693),.UNSPECIFIED.,.T.,.F.) B_SPLINE_CURVE_WITH_KNOTS((1,2
    ,2,2,2,1),(-2.094395102393,0.,2.094395102393,4.188790204786,
6.28318530718,8.377580409573),.UNSPECIFIED.) CURVE() 
GEOMETRIC_REPRESENTATION_ITEM() RATIONAL_B_SPLINE_CURVE((1.,0.5,1.,0.5,
1.,0.5,1.)) REPRESENTATION_ITEM('') );
#2687 = CARTESIAN_POINT('',(32.3,-21.9));
#2688 = CARTESIAN_POINT('',(32.3,-31.94589468389));
#2689 = CARTESIAN_POINT('',(23.6,-26.92294734195));
#2690 = CARTESIAN_POINT('',(14.9,-21.9));
#2691 = CARTESIAN_POINT('',(23.6,-16.87705265805));
#2692 = CARTESIAN_POINT('',(32.3,-11.8541053161));
#2693 = CARTESIAN_POINT('',(32.3,-21.9));
#2694 = ( GEOMETRIC_REPRESENTATION_CONTEXT(2) 
PARAMETRIC_REPRESENTATION_CONTEXT() REPRESENTATION_CONTEXT('2D SPACE',''
  ) );
#2695 = PCURVE('',#2630,#2696);
#2696 = DEFINITIONAL_REPRESENTATION('',(#2697),#2701);
#2697 = LINE('',#2698,#2699);
#2698 = CARTESIAN_POINT('',(-6.28318530718,-74.4));
#2699 = VECTOR('',#2700,1.);
#2700 = DIRECTION('',(1.,-0.));
#2701 = ( GEOMETRIC_REPRESENTATION_CONTEXT(2) 
PARAMETRIC_REPRESENTATION_CONTEXT() REPRESENTATION_CONTEXT('2D SPACE',''
  ) );
#2702 = ORIENTED_EDGE('',*,*,#2703,.T.);
#2703 = EDGE_CURVE('',#2676,#2704,#2706,.T.);
#2704 = VERTEX_POINT('',#2705);
#2705 = CARTESIAN_POINT('',(-26.5,-27.7,77.4));
#2706 = SURFACE_CURVE('',#2707,(#2711,#2718),.PCURVE_S1.);
#2707 = LINE('',#2708,#2709);
#2708 = CARTESIAN_POINT('',(-13.25,-27.7,77.4));
#2709 = VECTOR('',#2710,1.);
#2710 = DIRECTION('',(-1.,0.,0.));
#2711 = PCURVE('',#100,#2712);
#2712 = DEFINITIONAL_REPRESENTATION('',(#2713),#2717);
#2713 = LINE('',#2714,#2715);
#2714 = CARTESIAN_POINT('',(-13.25,-27.7));
#2715 = VECTOR('',#2716,1.);
#2716 = DIRECTION('',(-1.,0.));
#2717 = ( GEOMETRIC_REPRESENTATION_CONTEXT(2) 
PARAMETRIC_REPRESENTATION_CONTEXT() REPRESENTATION_CONTEXT('2D SPACE',''
  ) );
#2718 = PCURVE('',#2719,#2724);
#2719 = PLANE('',#2720);
#2720 = AXIS2_PLACEMENT_3D('',#2721,#2722,#2723);
#2721 = CARTESIAN_POINT('',(-26.5,-27.7,3.));
#2722 = DIRECTION('',(0.,1.,0.));
#2723 = DIRECTION('',(1.,0.,0.));
#2724 = DEFINITIONAL_REPRESENTATION('',(#2725),#2728);
#2725 = B_SPLINE_CURVE_WITH_KNOTS('',1,(#2726,#2727),.UNSPECIFIED.,.F.,
  .F.,(2,2),(-39.75,13.25),.PIECEWISE_BEZIER_KNOTS.);
#2726 = CARTESIAN_POINT('',(53.,-74.4));
#2727 = CARTESIAN_POINT('',(0.,-74.4));
#2728 = ( GEOMETRIC_REPRESENTATION_CONTEXT(2) 
PARAMETRIC_REPRESENTATION_CONTEXT() REPRESENTATION_CONTEXT('2D SPACE',''
  ) );
#2729 = ORIENTED_EDGE('',*,*,#2730,.T.);
#2730 = EDGE_CURVE('',#2704,#2731,#2733,.T.);
#2731 = VERTEX_POINT('',#2732);
#2732 = CARTESIAN_POINT('',(-27.54100451507,-27.60581366674,77.4));
#2733 = SURFACE_CURVE('',#2734,(#2739,#2750),.PCURVE_S1.);
#2734 = CIRCLE('',#2735,5.8);
#2735 = AXIS2_PLACEMENT_3D('',#2736,#2737,#2738);
#2736 = CARTESIAN_POINT('',(-26.5,-21.9,77.4));
#2737 = DIRECTION('',(0.,0.,-1.));
#2738 = DIRECTION('',(1.,0.,0.));
#2739 = PCURVE('',#100,#2740);
#2740 = DEFINITIONAL_REPRESENTATION('',(#2741),#2749);
#2741 = ( BOUNDED_CURVE() B_SPLINE_CURVE(2,(#2742,#2743,#2744,#2745,
#2746,#2747,#2748),.UNSPECIFIED.,.T.,.F.) B_SPLINE_CURVE_WITH_KNOTS((1,2
    ,2,2,2,1),(-2.094395102393,0.,2.094395102393,4.188790204786,
6.28318530718,8.377580409573),.UNSPECIFIED.) CURVE() 
GEOMETRIC_REPRESENTATION_ITEM() RATIONAL_B_SPLINE_CURVE((1.,0.5,1.,0.5,
1.,0.5,1.)) REPRESENTATION_ITEM('') );
#2742 = CARTESIAN_POINT('',(-20.7,-21.9));
#2743 = CARTESIAN_POINT('',(-20.7,-31.94589468389));
#2744 = CARTESIAN_POINT('',(-29.4,-26.92294734195));
#2745 = CARTESIAN_POINT('',(-38.1,-21.9));
#2746 = CARTESIAN_POINT('',(-29.4,-16.87705265805));
#2747 = CARTESIAN_POINT('',(-20.7,-11.8541053161));
#2748 = CARTESIAN_POINT('',(-20.7,-21.9));
#2749 = ( GEOMETRIC_REPRESENTATION_CONTEXT(2) 
PARAMETRIC_REPRESENTATION_CONTEXT() REPRESENTATION_CONTEXT('2D SPACE',''
  ) );
#2750 = PCURVE('',#2751,#2756);
#2751 = CYLINDRICAL_SURFACE('',#2752,5.8);
#2752 = AXIS2_PLACEMENT_3D('',#2753,#2754,#2755);
#2753 = CARTESIAN_POINT('',(-26.5,-21.9,3.));
#2754 = DIRECTION('',(-0.,-0.,-1.));
#2755 = DIRECTION('',(1.,0.,0.));
#2756 = DEFINITIONAL_REPRESENTATION('',(#2757),#2761);
#2757 = LINE('',#2758,#2759);
#2758 = CARTESIAN_POINT('',(-6.28318530718,-74.4));
#2759 = VECTOR('',#2760,1.);
#2760 = DIRECTION('',(1.,-0.));
#2761 = ( GEOMETRIC_REPRESENTATION_CONTEXT(2) 
PARAMETRIC_REPRESENTATION_CONTEXT() REPRESENTATION_CONTEXT('2D SPACE',''
  ) );
#2762 = ORIENTED_EDGE('',*,*,#2763,.T.);
#2763 = EDGE_CURVE('',#2731,#2764,#2766,.T.);
#2764 = VERTEX_POINT('',#2765);
#2765 = CARTESIAN_POINT('',(-32.20581366674,-22.94100451507,77.4));
#2766 = SURFACE_CURVE('',#2767,(#2772,#2783),.PCURVE_S1.);
#2767 = CIRCLE('',#2768,5.3);
#2768 = AXIS2_PLACEMENT_3D('',#2769,#2770,#2771);
#2769 = CARTESIAN_POINT('',(-26.94,-22.34,77.4));
#2770 = DIRECTION('',(0.,0.,-1.));
#2771 = DIRECTION('',(1.,0.,0.));
#2772 = PCURVE('',#100,#2773);
#2773 = DEFINITIONAL_REPRESENTATION('',(#2774),#2782);
#2774 = ( BOUNDED_CURVE() B_SPLINE_CURVE(2,(#2775,#2776,#2777,#2778,
#2779,#2780,#2781),.UNSPECIFIED.,.T.,.F.) B_SPLINE_CURVE_WITH_KNOTS((1,2
    ,2,2,2,1),(-2.094395102393,0.,2.094395102393,4.188790204786,
6.28318530718,8.377580409573),.UNSPECIFIED.) CURVE() 
GEOMETRIC_REPRESENTATION_ITEM() RATIONAL_B_SPLINE_CURVE((1.,0.5,1.,0.5,
1.,0.5,1.)) REPRESENTATION_ITEM('') );
#2775 = CARTESIAN_POINT('',(-21.64,-22.34));
#2776 = CARTESIAN_POINT('',(-21.64,-31.51986928011));
#2777 = CARTESIAN_POINT('',(-29.59,-26.92993464005));
#2778 = CARTESIAN_POINT('',(-37.54,-22.34));
#2779 = CARTESIAN_POINT('',(-29.59,-17.75006535994));
#2780 = CARTESIAN_POINT('',(-21.64,-13.16013071988));
#2781 = CARTESIAN_POINT('',(-21.64,-22.34));
#2782 = ( GEOMETRIC_REPRESENTATION_CONTEXT(2) 
PARAMETRIC_REPRESENTATION_CONTEXT() REPRESENTATION_CONTEXT('2D SPACE',''
  ) );
#2783 = PCURVE('',#2784,#2789);
#2784 = CYLINDRICAL_SURFACE('',#2785,5.3);
#2785 = AXIS2_PLACEMENT_3D('',#2786,#2787,#2788);
#2786 = CARTESIAN_POINT('',(-26.94,-22.34,72.25));
#2787 = DIRECTION('',(-0.,-0.,-1.));
#2788 = DIRECTION('',(1.,0.,0.));
#2789 = DEFINITIONAL_REPRESENTATION('',(#2790),#2794);
#2790 = LINE('',#2791,#2792);
#2791 = CARTESIAN_POINT('',(-6.28318530718,-5.15));
#2792 = VECTOR('',#2793,1.);
#2793 = DIRECTION('',(1.,-0.));
#2794 = ( GEOMETRIC_REPRESENTATION_CONTEXT(2) 
PARAMETRIC_REPRESENTATION_CONTEXT() REPRESENTATION_CONTEXT('2D SPACE',''
  ) );
#2795 = ORIENTED_EDGE('',*,*,#2796,.T.);
#2796 = EDGE_CURVE('',#2764,#2341,#2797,.T.);
#2797 = SURFACE_CURVE('',#2798,(#2803,#2814),.PCURVE_S1.);
#2798 = CIRCLE('',#2799,5.8);
#2799 = AXIS2_PLACEMENT_3D('',#2800,#2801,#2802);
#2800 = CARTESIAN_POINT('',(-26.5,-21.9,77.4));
#2801 = DIRECTION('',(0.,0.,-1.));
#2802 = DIRECTION('',(1.,0.,0.));
#2803 = PCURVE('',#100,#2804);
#2804 = DEFINITIONAL_REPRESENTATION('',(#2805),#2813);
#2805 = ( BOUNDED_CURVE() B_SPLINE_CURVE(2,(#2806,#2807,#2808,#2809,
#2810,#2811,#2812),.UNSPECIFIED.,.T.,.F.) B_SPLINE_CURVE_WITH_KNOTS((1,2
    ,2,2,2,1),(-2.094395102393,0.,2.094395102393,4.188790204786,
6.28318530718,8.377580409573),.UNSPECIFIED.) CURVE() 
GEOMETRIC_REPRESENTATION_ITEM() RATIONAL_B_SPLINE_CURVE((1.,0.5,1.,0.5,
1.,0.5,1.)) REPRESENTATION_ITEM('') );
#2806 = CARTESIAN_POINT('',(-20.7,-21.9));
#2807 = CARTESIAN_POINT('',(-20.7,-31.94589468389));
#2808 = CARTESIAN_POINT('',(-29.4,-26.92294734195));
#2809 = CARTESIAN_POINT('',(-38.1,-21.9));
#2810 = CARTESIAN_POINT('',(-29.4,-16.87705265805));
#2811 = CARTESIAN_POINT('',(-20.7,-11.8541053161));
#2812 = CARTESIAN_POINT('',(-20.7,-21.9));
#2813 = ( GEOMETRIC_REPRESENTATION_CONTEXT(2) 
PARAMETRIC_REPRESENTATION_CONTEXT() REPRESENTATION_CONTEXT('2D SPACE',''
  ) );
#2814 = PCURVE('',#2751,#2815);
#2815 = DEFINITIONAL_REPRESENTATION('',(#2816),#2820);
#2816 = LINE('',#2817,#2818);
#2817 = CARTESIAN_POINT('',(-6.28318530718,-74.4));
#2818 = VECTOR('',#2819,1.);
#2819 = DIRECTION('',(1.,-0.));
#2820 = ( GEOMETRIC_REPRESENTATION_CONTEXT(2) 
PARAMETRIC_REPRESENTATION_CONTEXT() REPRESENTATION_CONTEXT('2D SPACE',''
  ) );
#2821 = ADVANCED_FACE('',(#2822),#72,.T.);
#2822 = FACE_BOUND('',#2823,.F.);
#2823 = EDGE_LOOP('',(#2824,#2825,#2826,#2847));
#2824 = ORIENTED_EDGE('',*,*,#56,.T.);
#2825 = ORIENTED_EDGE('',*,*,#1474,.T.);
#2826 = ORIENTED_EDGE('',*,*,#2827,.F.);
#2827 = EDGE_CURVE('',#143,#1475,#2828,.T.);
#2828 = SURFACE_CURVE('',#2829,(#2833,#2840),.PCURVE_S1.);
#2829 = LINE('',#2830,#2831);
#2830 = CARTESIAN_POINT('',(-26.5,-29.9,0.));
#2831 = VECTOR('',#2832,1.);
#2832 = DIRECTION('',(0.,0.,1.));
#2833 = PCURVE('',#72,#2834);
#2834 = DEFINITIONAL_REPRESENTATION('',(#2835),#2839);
#2835 = LINE('',#2836,#2837);
#2836 = CARTESIAN_POINT('',(-4.712388980385,0.));
#2837 = VECTOR('',#2838,1.);
#2838 = DIRECTION('',(-0.,-1.));
#2839 = ( GEOMETRIC_REPRESENTATION_CONTEXT(2) 
PARAMETRIC_REPRESENTATION_CONTEXT() REPRESENTATION_CONTEXT('2D SPACE',''
  ) );
#2840 = PCURVE('',#182,#2841);
#2841 = DEFINITIONAL_REPRESENTATION('',(#2842),#2846);
#2842 = LINE('',#2843,#2844);
#2843 = CARTESIAN_POINT('',(0.,0.));
#2844 = VECTOR('',#2845,1.);
#2845 = DIRECTION('',(0.,-1.));
#2846 = ( GEOMETRIC_REPRESENTATION_CONTEXT(2) 
PARAMETRIC_REPRESENTATION_CONTEXT() REPRESENTATION_CONTEXT('2D SPACE',''
  ) );
#2847 = ORIENTED_EDGE('',*,*,#142,.F.);
#2848 = ADVANCED_FACE('',(#2849,#2875),#182,.F.);
#2849 = FACE_BOUND('',#2850,.F.);
#2850 = EDGE_LOOP('',(#2851,#2852,#2853,#2874));
#2851 = ORIENTED_EDGE('',*,*,#2827,.T.);
#2852 = ORIENTED_EDGE('',*,*,#1498,.T.);
#2853 = ORIENTED_EDGE('',*,*,#2854,.F.);
#2854 = EDGE_CURVE('',#167,#1499,#2855,.T.);
#2855 = SURFACE_CURVE('',#2856,(#2860,#2867),.PCURVE_S1.);
#2856 = LINE('',#2857,#2858);
#2857 = CARTESIAN_POINT('',(26.5,-29.9,0.));
#2858 = VECTOR('',#2859,1.);
#2859 = DIRECTION('',(0.,0.,1.));
#2860 = PCURVE('',#182,#2861);
#2861 = DEFINITIONAL_REPRESENTATION('',(#2862),#2866);
#2862 = LINE('',#2863,#2864);
#2863 = CARTESIAN_POINT('',(53.,0.));
#2864 = VECTOR('',#2865,1.);
#2865 = DIRECTION('',(0.,-1.));
#2866 = ( GEOMETRIC_REPRESENTATION_CONTEXT(2) 
PARAMETRIC_REPRESENTATION_CONTEXT() REPRESENTATION_CONTEXT('2D SPACE',''
  ) );
#2867 = PCURVE('',#211,#2868);
#2868 = DEFINITIONAL_REPRESENTATION('',(#2869),#2873);
#2869 = LINE('',#2870,#2871);
#2870 = CARTESIAN_POINT('',(-4.712388980385,0.));
#2871 = VECTOR('',#2872,1.);
#2872 = DIRECTION('',(-0.,-1.));
#2873 = ( GEOMETRIC_REPRESENTATION_CONTEXT(2) 
PARAMETRIC_REPRESENTATION_CONTEXT() REPRESENTATION_CONTEXT('2D SPACE',''
  ) );
#2874 = ORIENTED_EDGE('',*,*,#166,.F.);
#2875 = FACE_BOUND('',#2876,.F.);
#2876 = EDGE_LOOP('',(#2877,#2905,#2931,#2957));
#2877 = ORIENTED_EDGE('',*,*,#2878,.F.);
#2878 = EDGE_CURVE('',#2879,#2881,#2883,.T.);
#2879 = VERTEX_POINT('',#2880);
#2880 = CARTESIAN_POINT('',(-15.875,-29.9,62.7));
#2881 = VERTEX_POINT('',#2882);
#2882 = CARTESIAN_POINT('',(15.875,-29.9,62.7));
#2883 = SURFACE_CURVE('',#2884,(#2888,#2894),.PCURVE_S1.);
#2884 = LINE('',#2885,#2886);
#2885 = CARTESIAN_POINT('',(-21.1875,-29.9,62.7));
#2886 = VECTOR('',#2887,1.);
#2887 = DIRECTION('',(1.,0.,0.));
#2888 = PCURVE('',#182,#2889);
#2889 = DEFINITIONAL_REPRESENTATION('',(#2890),#2893);
#2890 = B_SPLINE_CURVE_WITH_KNOTS('',1,(#2891,#2892),.UNSPECIFIED.,.F.,
  .F.,(2,2),(5.3125,37.0625),.PIECEWISE_BEZIER_KNOTS.);
#2891 = CARTESIAN_POINT('',(10.625,-62.7));
#2892 = CARTESIAN_POINT('',(42.375,-62.7));
#2893 = ( GEOMETRIC_REPRESENTATION_CONTEXT(2) 
PARAMETRIC_REPRESENTATION_CONTEXT() REPRESENTATION_CONTEXT('2D SPACE',''
  ) );
#2894 = PCURVE('',#2895,#2900);
#2895 = PLANE('',#2896);
#2896 = AXIS2_PLACEMENT_3D('',#2897,#2898,#2899);
#2897 = CARTESIAN_POINT('',(-15.875,-30.1,62.7));
#2898 = DIRECTION('',(0.,0.,1.));
#2899 = DIRECTION('',(1.,0.,0.));
#2900 = DEFINITIONAL_REPRESENTATION('',(#2901),#2904);
#2901 = B_SPLINE_CURVE_WITH_KNOTS('',1,(#2902,#2903),.UNSPECIFIED.,.F.,
  .F.,(2,2),(5.3125,37.0625),.PIECEWISE_BEZIER_KNOTS.);
#2902 = CARTESIAN_POINT('',(0.,0.2));
#2903 = CARTESIAN_POINT('',(31.75,0.2));
#2904 = ( GEOMETRIC_REPRESENTATION_CONTEXT(2) 
PARAMETRIC_REPRESENTATION_CONTEXT() REPRESENTATION_CONTEXT('2D SPACE',''
  ) );
#2905 = ORIENTED_EDGE('',*,*,#2906,.T.);
#2906 = EDGE_CURVE('',#2879,#2907,#2909,.T.);
#2907 = VERTEX_POINT('',#2908);
#2908 = CARTESIAN_POINT('',(-15.875,-29.9,37.3));
#2909 = SURFACE_CURVE('',#2910,(#2914,#2920),.PCURVE_S1.);
#2910 = LINE('',#2911,#2912);
#2911 = CARTESIAN_POINT('',(-15.875,-29.9,18.65));
#2912 = VECTOR('',#2913,1.);
#2913 = DIRECTION('',(0.,0.,-1.));
#2914 = PCURVE('',#182,#2915);
#2915 = DEFINITIONAL_REPRESENTATION('',(#2916),#2919);
#2916 = B_SPLINE_CURVE_WITH_KNOTS('',1,(#2917,#2918),.UNSPECIFIED.,.F.,
  .F.,(2,2),(-44.05,-18.65),.PIECEWISE_BEZIER_KNOTS.);
#2917 = CARTESIAN_POINT('',(10.625,-62.7));
#2918 = CARTESIAN_POINT('',(10.625,-37.3));
#2919 = ( GEOMETRIC_REPRESENTATION_CONTEXT(2) 
PARAMETRIC_REPRESENTATION_CONTEXT() REPRESENTATION_CONTEXT('2D SPACE',''
  ) );
#2920 = PCURVE('',#2921,#2926);
#2921 = PLANE('',#2922);
#2922 = AXIS2_PLACEMENT_3D('',#2923,#2924,#2925);
#2923 = CARTESIAN_POINT('',(-15.875,-30.1,37.3));
#2924 = DIRECTION('',(1.,0.,0.));
#2925 = DIRECTION('',(0.,0.,1.));
#2926 = DEFINITIONAL_REPRESENTATION('',(#2927),#2930);
#2927 = B_SPLINE_CURVE_WITH_KNOTS('',1,(#2928,#2929),.UNSPECIFIED.,.F.,
  .F.,(2,2),(-44.05,-18.65),.PIECEWISE_BEZIER_KNOTS.);
#2928 = CARTESIAN_POINT('',(25.4,-0.2));
#2929 = CARTESIAN_POINT('',(0.,-0.2));
#2930 = ( GEOMETRIC_REPRESENTATION_CONTEXT(2) 
PARAMETRIC_REPRESENTATION_CONTEXT() REPRESENTATION_CONTEXT('2D SPACE',''
  ) );
#2931 = ORIENTED_EDGE('',*,*,#2932,.T.);
#2932 = EDGE_CURVE('',#2907,#2933,#2935,.T.);
#2933 = VERTEX_POINT('',#2934);
#2934 = CARTESIAN_POINT('',(15.875,-29.9,37.3));
#2935 = SURFACE_CURVE('',#2936,(#2940,#2946),.PCURVE_S1.);
#2936 = LINE('',#2937,#2938);
#2937 = CARTESIAN_POINT('',(-21.1875,-29.9,37.3));
#2938 = VECTOR('',#2939,1.);
#2939 = DIRECTION('',(1.,0.,0.));
#2940 = PCURVE('',#182,#2941);
#2941 = DEFINITIONAL_REPRESENTATION('',(#2942),#2945);
#2942 = B_SPLINE_CURVE_WITH_KNOTS('',1,(#2943,#2944),.UNSPECIFIED.,.F.,
  .F.,(2,2),(5.3125,37.0625),.PIECEWISE_BEZIER_KNOTS.);
#2943 = CARTESIAN_POINT('',(10.625,-37.3));
#2944 = CARTESIAN_POINT('',(42.375,-37.3));
#2945 = ( GEOMETRIC_REPRESENTATION_CONTEXT(2) 
PARAMETRIC_REPRESENTATION_CONTEXT() REPRESENTATION_CONTEXT('2D SPACE',''
  ) );
#2946 = PCURVE('',#2947,#2952);
#2947 = PLANE('',#2948);
#2948 = AXIS2_PLACEMENT_3D('',#2949,#2950,#2951);
#2949 = CARTESIAN_POINT('',(-15.875,-30.1,37.3));
#2950 = DIRECTION('',(0.,0.,1.));
#2951 = DIRECTION('',(1.,0.,0.));
#2952 = DEFINITIONAL_REPRESENTATION('',(#2953),#2956);
#2953 = B_SPLINE_CURVE_WITH_KNOTS('',1,(#2954,#2955),.UNSPECIFIED.,.F.,
  .F.,(2,2),(5.3125,37.0625),.PIECEWISE_BEZIER_KNOTS.);
#2954 = CARTESIAN_POINT('',(0.,0.2));
#2955 = CARTESIAN_POINT('',(31.75,0.2));
#2956 = ( GEOMETRIC_REPRESENTATION_CONTEXT(2) 
PARAMETRIC_REPRESENTATION_CONTEXT() REPRESENTATION_CONTEXT('2D SPACE',''
  ) );
#2957 = ORIENTED_EDGE('',*,*,#2958,.F.);
#2958 = EDGE_CURVE('',#2881,#2933,#2959,.T.);
#2959 = SURFACE_CURVE('',#2960,(#2964,#2970),.PCURVE_S1.);
#2960 = LINE('',#2961,#2962);
#2961 = CARTESIAN_POINT('',(15.875,-29.9,18.65));
#2962 = VECTOR('',#2963,1.);
#2963 = DIRECTION('',(0.,0.,-1.));
#2964 = PCURVE('',#182,#2965);
#2965 = DEFINITIONAL_REPRESENTATION('',(#2966),#2969);
#2966 = B_SPLINE_CURVE_WITH_KNOTS('',1,(#2967,#2968),.UNSPECIFIED.,.F.,
  .F.,(2,2),(-44.05,-18.65),.PIECEWISE_BEZIER_KNOTS.);
#2967 = CARTESIAN_POINT('',(42.375,-62.7));
#2968 = CARTESIAN_POINT('',(42.375,-37.3));
#2969 = ( GEOMETRIC_REPRESENTATION_CONTEXT(2) 
PARAMETRIC_REPRESENTATION_CONTEXT() REPRESENTATION_CONTEXT('2D SPACE',''
  ) );
#2970 = PCURVE('',#2971,#2976);
#2971 = PLANE('',#2972);
#2972 = AXIS2_PLACEMENT_3D('',#2973,#2974,#2975);
#2973 = CARTESIAN_POINT('',(15.875,-30.1,37.3));
#2974 = DIRECTION('',(1.,0.,0.));
#2975 = DIRECTION('',(0.,0.,1.));
#2976 = DEFINITIONAL_REPRESENTATION('',(#2977),#2980);
#2977 = B_SPLINE_CURVE_WITH_KNOTS('',1,(#2978,#2979),.UNSPECIFIED.,.F.,
  .F.,(2,2),(-44.05,-18.65),.PIECEWISE_BEZIER_KNOTS.);
#2978 = CARTESIAN_POINT('',(25.4,-0.2));
#2979 = CARTESIAN_POINT('',(0.,-0.2));
#2980 = ( GEOMETRIC_REPRESENTATION_CONTEXT(2) 
PARAMETRIC_REPRESENTATION_CONTEXT() REPRESENTATION_CONTEXT('2D SPACE',''
  ) );
#2981 = ADVANCED_FACE('',(#2982),#211,.T.);
#2982 = FACE_BOUND('',#2983,.F.);
#2983 = EDGE_LOOP('',(#2984,#2985,#2986,#3007));
#2984 = ORIENTED_EDGE('',*,*,#2854,.T.);
#2985 = ORIENTED_EDGE('',*,*,#1521,.T.);
#2986 = ORIENTED_EDGE('',*,*,#2987,.F.);
#2987 = EDGE_CURVE('',#195,#1522,#2988,.T.);
#2988 = SURFACE_CURVE('',#2989,(#2993,#3000),.PCURVE_S1.);
#2989 = LINE('',#2990,#2991);
#2990 = CARTESIAN_POINT('',(34.5,-21.9,0.));
#2991 = VECTOR('',#2992,1.);
#2992 = DIRECTION('',(0.,0.,1.));
#2993 = PCURVE('',#211,#2994);
#2994 = DEFINITIONAL_REPRESENTATION('',(#2995),#2999);
#2995 = LINE('',#2996,#2997);
#2996 = CARTESIAN_POINT('',(-6.28318530718,0.));
#2997 = VECTOR('',#2998,1.);
#2998 = DIRECTION('',(-0.,-1.));
#2999 = ( GEOMETRIC_REPRESENTATION_CONTEXT(2) 
PARAMETRIC_REPRESENTATION_CONTEXT() REPRESENTATION_CONTEXT('2D SPACE',''
  ) );
#3000 = PCURVE('',#239,#3001);
#3001 = DEFINITIONAL_REPRESENTATION('',(#3002),#3006);
#3002 = LINE('',#3003,#3004);
#3003 = CARTESIAN_POINT('',(0.,0.));
#3004 = VECTOR('',#3005,1.);
#3005 = DIRECTION('',(0.,-1.));
#3006 = ( GEOMETRIC_REPRESENTATION_CONTEXT(2) 
PARAMETRIC_REPRESENTATION_CONTEXT() REPRESENTATION_CONTEXT('2D SPACE',''
  ) );
#3007 = ORIENTED_EDGE('',*,*,#194,.F.);
#3008 = ADVANCED_FACE('',(#3009),#239,.F.);
#3009 = FACE_BOUND('',#3010,.F.);
#3010 = EDGE_LOOP('',(#3011,#3012,#3013,#3014));
#3011 = ORIENTED_EDGE('',*,*,#223,.F.);
#3012 = ORIENTED_EDGE('',*,*,#2987,.T.);
#3013 = ORIENTED_EDGE('',*,*,#1545,.T.);
#3014 = ORIENTED_EDGE('',*,*,#3015,.F.);
#3015 = EDGE_CURVE('',#224,#1546,#3016,.T.);
#3016 = SURFACE_CURVE('',#3017,(#3021,#3028),.PCURVE_S1.);
#3017 = LINE('',#3018,#3019);
#3018 = CARTESIAN_POINT('',(34.5,-16.676,0.));
#3019 = VECTOR('',#3020,1.);
#3020 = DIRECTION('',(0.,0.,1.));
#3021 = PCURVE('',#239,#3022);
#3022 = DEFINITIONAL_REPRESENTATION('',(#3023),#3027);
#3023 = LINE('',#3024,#3025);
#3024 = CARTESIAN_POINT('',(5.224,0.));
#3025 = VECTOR('',#3026,1.);
#3026 = DIRECTION('',(0.,-1.));
#3027 = ( GEOMETRIC_REPRESENTATION_CONTEXT(2) 
PARAMETRIC_REPRESENTATION_CONTEXT() REPRESENTATION_CONTEXT('2D SPACE',''
  ) );
#3028 = PCURVE('',#267,#3029);
#3029 = DEFINITIONAL_REPRESENTATION('',(#3030),#3034);
#3030 = LINE('',#3031,#3032);
#3031 = CARTESIAN_POINT('',(0.,0.));
#3032 = VECTOR('',#3033,1.);
#3033 = DIRECTION('',(1.,0.));
#3034 = ( GEOMETRIC_REPRESENTATION_CONTEXT(2) 
PARAMETRIC_REPRESENTATION_CONTEXT() REPRESENTATION_CONTEXT('2D SPACE',''
  ) );
#3035 = ADVANCED_FACE('',(#3036),#267,.F.);
#3036 = FACE_BOUND('',#3037,.F.);
#3037 = EDGE_LOOP('',(#3038,#3039,#3040,#3041));
#3038 = ORIENTED_EDGE('',*,*,#251,.F.);
#3039 = ORIENTED_EDGE('',*,*,#3015,.T.);
#3040 = ORIENTED_EDGE('',*,*,#1568,.T.);
#3041 = ORIENTED_EDGE('',*,*,#3042,.F.);
#3042 = EDGE_CURVE('',#252,#1569,#3043,.T.);
#3043 = SURFACE_CURVE('',#3044,(#3048,#3055),.PCURVE_S1.);
#3044 = LINE('',#3045,#3046);
#3045 = CARTESIAN_POINT('',(42.5,-16.676,0.));
#3046 = VECTOR('',#3047,1.);
#3047 = DIRECTION('',(0.,0.,1.));
#3048 = PCURVE('',#267,#3049);
#3049 = DEFINITIONAL_REPRESENTATION('',(#3050),#3054);
#3050 = LINE('',#3051,#3052);
#3051 = CARTESIAN_POINT('',(0.,8.));
#3052 = VECTOR('',#3053,1.);
#3053 = DIRECTION('',(1.,0.));
#3054 = ( GEOMETRIC_REPRESENTATION_CONTEXT(2) 
PARAMETRIC_REPRESENTATION_CONTEXT() REPRESENTATION_CONTEXT('2D SPACE',''
  ) );
#3055 = PCURVE('',#295,#3056);
#3056 = DEFINITIONAL_REPRESENTATION('',(#3057),#3061);
#3057 = LINE('',#3058,#3059);
#3058 = CARTESIAN_POINT('',(0.,0.));
#3059 = VECTOR('',#3060,1.);
#3060 = DIRECTION('',(1.,0.));
#3061 = ( GEOMETRIC_REPRESENTATION_CONTEXT(2) 
PARAMETRIC_REPRESENTATION_CONTEXT() REPRESENTATION_CONTEXT('2D SPACE',''
  ) );
#3062 = ADVANCED_FACE('',(#3063,#3089),#295,.T.);
#3063 = FACE_BOUND('',#3064,.T.);
#3064 = EDGE_LOOP('',(#3065,#3066,#3067,#3068));
#3065 = ORIENTED_EDGE('',*,*,#1591,.F.);
#3066 = ORIENTED_EDGE('',*,*,#3042,.F.);
#3067 = ORIENTED_EDGE('',*,*,#279,.F.);
#3068 = ORIENTED_EDGE('',*,*,#3069,.T.);
#3069 = EDGE_CURVE('',#280,#1592,#3070,.T.);
#3070 = SURFACE_CURVE('',#3071,(#3075,#3082),.PCURVE_S1.);
#3071 = LINE('',#3072,#3073);
#3072 = CARTESIAN_POINT('',(42.5,21.9,0.));
#3073 = VECTOR('',#3074,1.);
#3074 = DIRECTION('',(0.,0.,1.));
#3075 = PCURVE('',#295,#3076);
#3076 = DEFINITIONAL_REPRESENTATION('',(#3077),#3081);
#3077 = LINE('',#3078,#3079);
#3078 = CARTESIAN_POINT('',(0.,-38.576));
#3079 = VECTOR('',#3080,1.);
#3080 = DIRECTION('',(1.,0.));
#3081 = ( GEOMETRIC_REPRESENTATION_CONTEXT(2) 
PARAMETRIC_REPRESENTATION_CONTEXT() REPRESENTATION_CONTEXT('2D SPACE',''
  ) );
#3082 = PCURVE('',#324,#3083);
#3083 = DEFINITIONAL_REPRESENTATION('',(#3084),#3088);
#3084 = LINE('',#3085,#3086);
#3085 = CARTESIAN_POINT('',(-0.,0.));
#3086 = VECTOR('',#3087,1.);
#3087 = DIRECTION('',(-0.,-1.));
#3088 = ( GEOMETRIC_REPRESENTATION_CONTEXT(2) 
PARAMETRIC_REPRESENTATION_CONTEXT() REPRESENTATION_CONTEXT('2D SPACE',''
  ) );
#3089 = FACE_BOUND('',#3090,.T.);
#3090 = EDGE_LOOP('',(#3091,#3119,#3145,#3171));
#3091 = ORIENTED_EDGE('',*,*,#3092,.F.);
#3092 = EDGE_CURVE('',#3093,#3095,#3097,.T.);
#3093 = VERTEX_POINT('',#3094);
#3094 = CARTESIAN_POINT('',(42.5,-9.4,54.4));
#3095 = VERTEX_POINT('',#3096);
#3096 = CARTESIAN_POINT('',(42.5,-9.4,76.4));
#3097 = SURFACE_CURVE('',#3098,(#3102,#3108),.PCURVE_S1.);
#3098 = LINE('',#3099,#3100);
#3099 = CARTESIAN_POINT('',(42.5,-9.4,27.2));
#3100 = VECTOR('',#3101,1.);
#3101 = DIRECTION('',(0.,0.,1.));
#3102 = PCURVE('',#295,#3103);
#3103 = DEFINITIONAL_REPRESENTATION('',(#3104),#3107);
#3104 = B_SPLINE_CURVE_WITH_KNOTS('',1,(#3105,#3106),.UNSPECIFIED.,.F.,
  .F.,(2,2),(27.2,49.2),.PIECEWISE_BEZIER_KNOTS.);
#3105 = CARTESIAN_POINT('',(54.4,-7.276));
#3106 = CARTESIAN_POINT('',(76.4,-7.276));
#3107 = ( GEOMETRIC_REPRESENTATION_CONTEXT(2) 
PARAMETRIC_REPRESENTATION_CONTEXT() REPRESENTATION_CONTEXT('2D SPACE',''
  ) );
#3108 = PCURVE('',#3109,#3114);
#3109 = PLANE('',#3110);
#3110 = AXIS2_PLACEMENT_3D('',#3111,#3112,#3113);
#3111 = CARTESIAN_POINT('',(41.7,-9.4,54.4));
#3112 = DIRECTION('',(0.,1.,0.));
#3113 = DIRECTION('',(0.,0.,1.));
#3114 = DEFINITIONAL_REPRESENTATION('',(#3115),#3118);
#3115 = B_SPLINE_CURVE_WITH_KNOTS('',1,(#3116,#3117),.UNSPECIFIED.,.F.,
  .F.,(2,2),(27.2,49.2),.PIECEWISE_BEZIER_KNOTS.);
#3116 = CARTESIAN_POINT('',(0.,0.8));
#3117 = CARTESIAN_POINT('',(22.,0.8));
#3118 = ( GEOMETRIC_REPRESENTATION_CONTEXT(2) 
PARAMETRIC_REPRESENTATION_CONTEXT() REPRESENTATION_CONTEXT('2D SPACE',''
  ) );
#3119 = ORIENTED_EDGE('',*,*,#3120,.T.);
#3120 = EDGE_CURVE('',#3093,#3121,#3123,.T.);
#3121 = VERTEX_POINT('',#3122);
#3122 = CARTESIAN_POINT('',(42.5,-11.,54.4));
#3123 = SURFACE_CURVE('',#3124,(#3128,#3134),.PCURVE_S1.);
#3124 = LINE('',#3125,#3126);
#3125 = CARTESIAN_POINT('',(42.5,-13.038,54.4));
#3126 = VECTOR('',#3127,1.);
#3127 = DIRECTION('',(0.,-1.,0.));
#3128 = PCURVE('',#295,#3129);
#3129 = DEFINITIONAL_REPRESENTATION('',(#3130),#3133);
#3130 = B_SPLINE_CURVE_WITH_KNOTS('',1,(#3131,#3132),.UNSPECIFIED.,.F.,
  .F.,(2,2),(-6.288,-2.038),.PIECEWISE_BEZIER_KNOTS.);
#3131 = CARTESIAN_POINT('',(54.4,-9.926));
#3132 = CARTESIAN_POINT('',(54.4,-5.676));
#3133 = ( GEOMETRIC_REPRESENTATION_CONTEXT(2) 
PARAMETRIC_REPRESENTATION_CONTEXT() REPRESENTATION_CONTEXT('2D SPACE',''
  ) );
#3134 = PCURVE('',#3135,#3140);
#3135 = PLANE('',#3136);
#3136 = AXIS2_PLACEMENT_3D('',#3137,#3138,#3139);
#3137 = CARTESIAN_POINT('',(45.,-9.4,54.4));
#3138 = DIRECTION('',(0.,0.,1.));
#3139 = DIRECTION('',(1.,0.,0.));
#3140 = DEFINITIONAL_REPRESENTATION('',(#3141),#3144);
#3141 = B_SPLINE_CURVE_WITH_KNOTS('',1,(#3142,#3143),.UNSPECIFIED.,.F.,
  .F.,(2,2),(-6.288,-2.038),.PIECEWISE_BEZIER_KNOTS.);
#3142 = CARTESIAN_POINT('',(-2.5,2.65));
#3143 = CARTESIAN_POINT('',(-2.5,-1.6));
#3144 = ( GEOMETRIC_REPRESENTATION_CONTEXT(2) 
PARAMETRIC_REPRESENTATION_CONTEXT() REPRESENTATION_CONTEXT('2D SPACE',''
  ) );
#3145 = ORIENTED_EDGE('',*,*,#3146,.T.);
#3146 = EDGE_CURVE('',#3121,#3147,#3149,.T.);
#3147 = VERTEX_POINT('',#3148);
#3148 = CARTESIAN_POINT('',(42.5,-11.,76.4));
#3149 = SURFACE_CURVE('',#3150,(#3154,#3160),.PCURVE_S1.);
#3150 = LINE('',#3151,#3152);
#3151 = CARTESIAN_POINT('',(42.5,-11.,27.2));
#3152 = VECTOR('',#3153,1.);
#3153 = DIRECTION('',(0.,0.,1.));
#3154 = PCURVE('',#295,#3155);
#3155 = DEFINITIONAL_REPRESENTATION('',(#3156),#3159);
#3156 = B_SPLINE_CURVE_WITH_KNOTS('',1,(#3157,#3158),.UNSPECIFIED.,.F.,
  .F.,(2,2),(27.2,49.2),.PIECEWISE_BEZIER_KNOTS.);
#3157 = CARTESIAN_POINT('',(54.4,-5.676));
#3158 = CARTESIAN_POINT('',(76.4,-5.676));
#3159 = ( GEOMETRIC_REPRESENTATION_CONTEXT(2) 
PARAMETRIC_REPRESENTATION_CONTEXT() REPRESENTATION_CONTEXT('2D SPACE',''
  ) );
#3160 = PCURVE('',#3161,#3166);
#3161 = PLANE('',#3162);
#3162 = AXIS2_PLACEMENT_3D('',#3163,#3164,#3165);
#3163 = CARTESIAN_POINT('',(41.7,-11.,54.4));
#3164 = DIRECTION('',(0.,1.,0.));
#3165 = DIRECTION('',(0.,0.,1.));
#3166 = DEFINITIONAL_REPRESENTATION('',(#3167),#3170);
#3167 = B_SPLINE_CURVE_WITH_KNOTS('',1,(#3168,#3169),.UNSPECIFIED.,.F.,
  .F.,(2,2),(27.2,49.2),.PIECEWISE_BEZIER_KNOTS.);
#3168 = CARTESIAN_POINT('',(0.,0.8));
#3169 = CARTESIAN_POINT('',(22.,0.8));
#3170 = ( GEOMETRIC_REPRESENTATION_CONTEXT(2) 
PARAMETRIC_REPRESENTATION_CONTEXT() REPRESENTATION_CONTEXT('2D SPACE',''
  ) );
#3171 = ORIENTED_EDGE('',*,*,#3172,.F.);
#3172 = EDGE_CURVE('',#3095,#3147,#3173,.T.);
#3173 = SURFACE_CURVE('',#3174,(#3178,#3184),.PCURVE_S1.);
#3174 = LINE('',#3175,#3176);
#3175 = CARTESIAN_POINT('',(42.5,-13.038,76.4));
#3176 = VECTOR('',#3177,1.);
#3177 = DIRECTION('',(0.,-1.,0.));
#3178 = PCURVE('',#295,#3179);
#3179 = DEFINITIONAL_REPRESENTATION('',(#3180),#3183);
#3180 = B_SPLINE_CURVE_WITH_KNOTS('',1,(#3181,#3182),.UNSPECIFIED.,.F.,
  .F.,(2,2),(-6.288,-2.038),.PIECEWISE_BEZIER_KNOTS.);
#3181 = CARTESIAN_POINT('',(76.4,-9.926));
#3182 = CARTESIAN_POINT('',(76.4,-5.676));
#3183 = ( GEOMETRIC_REPRESENTATION_CONTEXT(2) 
PARAMETRIC_REPRESENTATION_CONTEXT() REPRESENTATION_CONTEXT('2D SPACE',''
  ) );
#3184 = PCURVE('',#3185,#3190);
#3185 = PLANE('',#3186);
#3186 = AXIS2_PLACEMENT_3D('',#3187,#3188,#3189);
#3187 = CARTESIAN_POINT('',(45.,-9.4,76.4));
#3188 = DIRECTION('',(0.,0.,1.));
#3189 = DIRECTION('',(1.,0.,0.));
#3190 = DEFINITIONAL_REPRESENTATION('',(#3191),#3194);
#3191 = B_SPLINE_CURVE_WITH_KNOTS('',1,(#3192,#3193),.UNSPECIFIED.,.F.,
  .F.,(2,2),(-6.288,-2.038),.PIECEWISE_BEZIER_KNOTS.);
#3192 = CARTESIAN_POINT('',(-2.5,2.65));
#3193 = CARTESIAN_POINT('',(-2.5,-1.6));
#3194 = ( GEOMETRIC_REPRESENTATION_CONTEXT(2) 
PARAMETRIC_REPRESENTATION_CONTEXT() REPRESENTATION_CONTEXT('2D SPACE',''
  ) );
#3195 = ADVANCED_FACE('',(#3196),#324,.T.);
#3196 = FACE_BOUND('',#3197,.F.);
#3197 = EDGE_LOOP('',(#3198,#3199,#3200,#3221));
#3198 = ORIENTED_EDGE('',*,*,#3069,.T.);
#3199 = ORIENTED_EDGE('',*,*,#1614,.T.);
#3200 = ORIENTED_EDGE('',*,*,#3201,.F.);
#3201 = EDGE_CURVE('',#308,#1615,#3202,.T.);
#3202 = SURFACE_CURVE('',#3203,(#3207,#3214),.PCURVE_S1.);
#3203 = LINE('',#3204,#3205);
#3204 = CARTESIAN_POINT('',(26.5,37.9,0.));
#3205 = VECTOR('',#3206,1.);
#3206 = DIRECTION('',(0.,0.,1.));
#3207 = PCURVE('',#324,#3208);
#3208 = DEFINITIONAL_REPRESENTATION('',(#3209),#3213);
#3209 = LINE('',#3210,#3211);
#3210 = CARTESIAN_POINT('',(-1.570796326795,0.));
#3211 = VECTOR('',#3212,1.);
#3212 = DIRECTION('',(-0.,-1.));
#3213 = ( GEOMETRIC_REPRESENTATION_CONTEXT(2) 
PARAMETRIC_REPRESENTATION_CONTEXT() REPRESENTATION_CONTEXT('2D SPACE',''
  ) );
#3214 = PCURVE('',#352,#3215);
#3215 = DEFINITIONAL_REPRESENTATION('',(#3216),#3220);
#3216 = LINE('',#3217,#3218);
#3217 = CARTESIAN_POINT('',(53.,0.));
#3218 = VECTOR('',#3219,1.);
#3219 = DIRECTION('',(0.,-1.));
#3220 = ( GEOMETRIC_REPRESENTATION_CONTEXT(2) 
PARAMETRIC_REPRESENTATION_CONTEXT() REPRESENTATION_CONTEXT('2D SPACE',''
  ) );
#3221 = ORIENTED_EDGE('',*,*,#307,.F.);
#3222 = ADVANCED_FACE('',(#3223,#3249),#352,.T.);
#3223 = FACE_BOUND('',#3224,.T.);
#3224 = EDGE_LOOP('',(#3225,#3246,#3247,#3248));
#3225 = ORIENTED_EDGE('',*,*,#3226,.T.);
#3226 = EDGE_CURVE('',#337,#1639,#3227,.T.);
#3227 = SURFACE_CURVE('',#3228,(#3232,#3239),.PCURVE_S1.);
#3228 = LINE('',#3229,#3230);
#3229 = CARTESIAN_POINT('',(-26.5,37.9,0.));
#3230 = VECTOR('',#3231,1.);
#3231 = DIRECTION('',(0.,0.,1.));
#3232 = PCURVE('',#352,#3233);
#3233 = DEFINITIONAL_REPRESENTATION('',(#3234),#3238);
#3234 = LINE('',#3235,#3236);
#3235 = CARTESIAN_POINT('',(0.,0.));
#3236 = VECTOR('',#3237,1.);
#3237 = DIRECTION('',(0.,-1.));
#3238 = ( GEOMETRIC_REPRESENTATION_CONTEXT(2) 
PARAMETRIC_REPRESENTATION_CONTEXT() REPRESENTATION_CONTEXT('2D SPACE',''
  ) );
#3239 = PCURVE('',#381,#3240);
#3240 = DEFINITIONAL_REPRESENTATION('',(#3241),#3245);
#3241 = LINE('',#3242,#3243);
#3242 = CARTESIAN_POINT('',(-1.570796326795,0.));
#3243 = VECTOR('',#3244,1.);
#3244 = DIRECTION('',(-0.,-1.));
#3245 = ( GEOMETRIC_REPRESENTATION_CONTEXT(2) 
PARAMETRIC_REPRESENTATION_CONTEXT() REPRESENTATION_CONTEXT('2D SPACE',''
  ) );
#3246 = ORIENTED_EDGE('',*,*,#1638,.T.);
#3247 = ORIENTED_EDGE('',*,*,#3201,.F.);
#3248 = ORIENTED_EDGE('',*,*,#336,.F.);
#3249 = FACE_BOUND('',#3250,.T.);
#3250 = EDGE_LOOP('',(#3251,#3279,#3305,#3331));
#3251 = ORIENTED_EDGE('',*,*,#3252,.F.);
#3252 = EDGE_CURVE('',#3253,#3255,#3257,.T.);
#3253 = VERTEX_POINT('',#3254);
#3254 = CARTESIAN_POINT('',(-11.,37.9,76.4));
#3255 = VERTEX_POINT('',#3256);
#3256 = CARTESIAN_POINT('',(-9.4,37.9,76.4));
#3257 = SURFACE_CURVE('',#3258,(#3262,#3268),.PCURVE_S1.);
#3258 = LINE('',#3259,#3260);
#3259 = CARTESIAN_POINT('',(-17.95,37.9,76.4));
#3260 = VECTOR('',#3261,1.);
#3261 = DIRECTION('',(1.,0.,0.));
#3262 = PCURVE('',#352,#3263);
#3263 = DEFINITIONAL_REPRESENTATION('',(#3264),#3267);
#3264 = B_SPLINE_CURVE_WITH_KNOTS('',1,(#3265,#3266),.UNSPECIFIED.,.F.,
  .F.,(2,2),(6.95,11.2),.PIECEWISE_BEZIER_KNOTS.);
#3265 = CARTESIAN_POINT('',(15.5,-76.4));
#3266 = CARTESIAN_POINT('',(19.75,-76.4));
#3267 = ( GEOMETRIC_REPRESENTATION_CONTEXT(2) 
PARAMETRIC_REPRESENTATION_CONTEXT() REPRESENTATION_CONTEXT('2D SPACE',''
  ) );
#3268 = PCURVE('',#3269,#3274);
#3269 = PLANE('',#3270);
#3270 = AXIS2_PLACEMENT_3D('',#3271,#3272,#3273);
#3271 = CARTESIAN_POINT('',(-9.4,40.4,76.4));
#3272 = DIRECTION('',(0.,0.,1.));
#3273 = DIRECTION('',(1.,0.,0.));
#3274 = DEFINITIONAL_REPRESENTATION('',(#3275),#3278);
#3275 = B_SPLINE_CURVE_WITH_KNOTS('',1,(#3276,#3277),.UNSPECIFIED.,.F.,
  .F.,(2,2),(6.95,11.2),.PIECEWISE_BEZIER_KNOTS.);
#3276 = CARTESIAN_POINT('',(-1.6,-2.5));
#3277 = CARTESIAN_POINT('',(2.65,-2.5));
#3278 = ( GEOMETRIC_REPRESENTATION_CONTEXT(2) 
PARAMETRIC_REPRESENTATION_CONTEXT() REPRESENTATION_CONTEXT('2D SPACE',''
  ) );
#3279 = ORIENTED_EDGE('',*,*,#3280,.T.);
#3280 = EDGE_CURVE('',#3253,#3281,#3283,.T.);
#3281 = VERTEX_POINT('',#3282);
#3282 = CARTESIAN_POINT('',(-11.,37.9,54.4));
#3283 = SURFACE_CURVE('',#3284,(#3288,#3294),.PCURVE_S1.);
#3284 = LINE('',#3285,#3286);
#3285 = CARTESIAN_POINT('',(-11.,37.9,27.2));
#3286 = VECTOR('',#3287,1.);
#3287 = DIRECTION('',(0.,0.,-1.));
#3288 = PCURVE('',#352,#3289);
#3289 = DEFINITIONAL_REPRESENTATION('',(#3290),#3293);
#3290 = B_SPLINE_CURVE_WITH_KNOTS('',1,(#3291,#3292),.UNSPECIFIED.,.F.,
  .F.,(2,2),(-49.2,-27.2),.PIECEWISE_BEZIER_KNOTS.);
#3291 = CARTESIAN_POINT('',(15.5,-76.4));
#3292 = CARTESIAN_POINT('',(15.5,-54.4));
#3293 = ( GEOMETRIC_REPRESENTATION_CONTEXT(2) 
PARAMETRIC_REPRESENTATION_CONTEXT() REPRESENTATION_CONTEXT('2D SPACE',''
  ) );
#3294 = PCURVE('',#3295,#3300);
#3295 = PLANE('',#3296);
#3296 = AXIS2_PLACEMENT_3D('',#3297,#3298,#3299);
#3297 = CARTESIAN_POINT('',(-11.,37.1,54.4));
#3298 = DIRECTION('',(1.,0.,0.));
#3299 = DIRECTION('',(0.,0.,1.));
#3300 = DEFINITIONAL_REPRESENTATION('',(#3301),#3304);
#3301 = B_SPLINE_CURVE_WITH_KNOTS('',1,(#3302,#3303),.UNSPECIFIED.,.F.,
  .F.,(2,2),(-49.2,-27.2),.PIECEWISE_BEZIER_KNOTS.);
#3302 = CARTESIAN_POINT('',(22.,-0.8));
#3303 = CARTESIAN_POINT('',(0.,-0.8));
#3304 = ( GEOMETRIC_REPRESENTATION_CONTEXT(2) 
PARAMETRIC_REPRESENTATION_CONTEXT() REPRESENTATION_CONTEXT('2D SPACE',''
  ) );
#3305 = ORIENTED_EDGE('',*,*,#3306,.T.);
#3306 = EDGE_CURVE('',#3281,#3307,#3309,.T.);
#3307 = VERTEX_POINT('',#3308);
#3308 = CARTESIAN_POINT('',(-9.4,37.9,54.4));
#3309 = SURFACE_CURVE('',#3310,(#3314,#3320),.PCURVE_S1.);
#3310 = LINE('',#3311,#3312);
#3311 = CARTESIAN_POINT('',(-17.95,37.9,54.4));
#3312 = VECTOR('',#3313,1.);
#3313 = DIRECTION('',(1.,0.,0.));
#3314 = PCURVE('',#352,#3315);
#3315 = DEFINITIONAL_REPRESENTATION('',(#3316),#3319);
#3316 = B_SPLINE_CURVE_WITH_KNOTS('',1,(#3317,#3318),.UNSPECIFIED.,.F.,
  .F.,(2,2),(6.95,11.2),.PIECEWISE_BEZIER_KNOTS.);
#3317 = CARTESIAN_POINT('',(15.5,-54.4));
#3318 = CARTESIAN_POINT('',(19.75,-54.4));
#3319 = ( GEOMETRIC_REPRESENTATION_CONTEXT(2) 
PARAMETRIC_REPRESENTATION_CONTEXT() REPRESENTATION_CONTEXT('2D SPACE',''
  ) );
#3320 = PCURVE('',#3321,#3326);
#3321 = PLANE('',#3322);
#3322 = AXIS2_PLACEMENT_3D('',#3323,#3324,#3325);
#3323 = CARTESIAN_POINT('',(-9.4,40.4,54.4));
#3324 = DIRECTION('',(0.,0.,1.));
#3325 = DIRECTION('',(1.,0.,0.));
#3326 = DEFINITIONAL_REPRESENTATION('',(#3327),#3330);
#3327 = B_SPLINE_CURVE_WITH_KNOTS('',1,(#3328,#3329),.UNSPECIFIED.,.F.,
  .F.,(2,2),(6.95,11.2),.PIECEWISE_BEZIER_KNOTS.);
#3328 = CARTESIAN_POINT('',(-1.6,-2.5));
#3329 = CARTESIAN_POINT('',(2.65,-2.5));
#3330 = ( GEOMETRIC_REPRESENTATION_CONTEXT(2) 
PARAMETRIC_REPRESENTATION_CONTEXT() REPRESENTATION_CONTEXT('2D SPACE',''
  ) );
#3331 = ORIENTED_EDGE('',*,*,#3332,.F.);
#3332 = EDGE_CURVE('',#3255,#3307,#3333,.T.);
#3333 = SURFACE_CURVE('',#3334,(#3338,#3344),.PCURVE_S1.);
#3334 = LINE('',#3335,#3336);
#3335 = CARTESIAN_POINT('',(-9.4,37.9,27.2));
#3336 = VECTOR('',#3337,1.);
#3337 = DIRECTION('',(0.,0.,-1.));
#3338 = PCURVE('',#352,#3339);
#3339 = DEFINITIONAL_REPRESENTATION('',(#3340),#3343);
#3340 = B_SPLINE_CURVE_WITH_KNOTS('',1,(#3341,#3342),.UNSPECIFIED.,.F.,
  .F.,(2,2),(-49.2,-27.2),.PIECEWISE_BEZIER_KNOTS.);
#3341 = CARTESIAN_POINT('',(17.1,-76.4));
#3342 = CARTESIAN_POINT('',(17.1,-54.4));
#3343 = ( GEOMETRIC_REPRESENTATION_CONTEXT(2) 
PARAMETRIC_REPRESENTATION_CONTEXT() REPRESENTATION_CONTEXT('2D SPACE',''
  ) );
#3344 = PCURVE('',#3345,#3350);
#3345 = PLANE('',#3346);
#3346 = AXIS2_PLACEMENT_3D('',#3347,#3348,#3349);
#3347 = CARTESIAN_POINT('',(-9.4,37.1,54.4));
#3348 = DIRECTION('',(1.,0.,0.));
#3349 = DIRECTION('',(0.,0.,1.));
#3350 = DEFINITIONAL_REPRESENTATION('',(#3351),#3354);
#3351 = B_SPLINE_CURVE_WITH_KNOTS('',1,(#3352,#3353),.UNSPECIFIED.,.F.,
  .F.,(2,2),(-49.2,-27.2),.PIECEWISE_BEZIER_KNOTS.);
#3352 = CARTESIAN_POINT('',(22.,-0.8));
#3353 = CARTESIAN_POINT('',(0.,-0.8));
#3354 = ( GEOMETRIC_REPRESENTATION_CONTEXT(2) 
PARAMETRIC_REPRESENTATION_CONTEXT() REPRESENTATION_CONTEXT('2D SPACE',''
  ) );
#3355 = ADVANCED_FACE('',(#3356),#381,.T.);
#3356 = FACE_BOUND('',#3357,.F.);
#3357 = EDGE_LOOP('',(#3358,#3359,#3360,#3381));
#3358 = ORIENTED_EDGE('',*,*,#3226,.T.);
#3359 = ORIENTED_EDGE('',*,*,#1661,.T.);
#3360 = ORIENTED_EDGE('',*,*,#3361,.F.);
#3361 = EDGE_CURVE('',#365,#1662,#3362,.T.);
#3362 = SURFACE_CURVE('',#3363,(#3367,#3374),.PCURVE_S1.);
#3363 = LINE('',#3364,#3365);
#3364 = CARTESIAN_POINT('',(-42.5,21.9,0.));
#3365 = VECTOR('',#3366,1.);
#3366 = DIRECTION('',(0.,0.,1.));
#3367 = PCURVE('',#381,#3368);
#3368 = DEFINITIONAL_REPRESENTATION('',(#3369),#3373);
#3369 = LINE('',#3370,#3371);
#3370 = CARTESIAN_POINT('',(-3.14159265359,0.));
#3371 = VECTOR('',#3372,1.);
#3372 = DIRECTION('',(-0.,-1.));
#3373 = ( GEOMETRIC_REPRESENTATION_CONTEXT(2) 
PARAMETRIC_REPRESENTATION_CONTEXT() REPRESENTATION_CONTEXT('2D SPACE',''
  ) );
#3374 = PCURVE('',#409,#3375);
#3375 = DEFINITIONAL_REPRESENTATION('',(#3376),#3380);
#3376 = LINE('',#3377,#3378);
#3377 = CARTESIAN_POINT('',(0.,-38.576));
#3378 = VECTOR('',#3379,1.);
#3379 = DIRECTION('',(1.,0.));
#3380 = ( GEOMETRIC_REPRESENTATION_CONTEXT(2) 
PARAMETRIC_REPRESENTATION_CONTEXT() REPRESENTATION_CONTEXT('2D SPACE',''
  ) );
#3381 = ORIENTED_EDGE('',*,*,#364,.F.);
#3382 = ADVANCED_FACE('',(#3383,#3389),#409,.F.);
#3383 = FACE_BOUND('',#3384,.F.);
#3384 = EDGE_LOOP('',(#3385,#3386,#3387,#3388));
#3385 = ORIENTED_EDGE('',*,*,#1685,.F.);
#3386 = ORIENTED_EDGE('',*,*,#1425,.F.);
#3387 = ORIENTED_EDGE('',*,*,#393,.F.);
#3388 = ORIENTED_EDGE('',*,*,#3361,.T.);
#3389 = FACE_BOUND('',#3390,.F.);
#3390 = EDGE_LOOP('',(#3391,#3419,#3445,#3471));
#3391 = ORIENTED_EDGE('',*,*,#3392,.F.);
#3392 = EDGE_CURVE('',#3393,#3395,#3397,.T.);
#3393 = VERTEX_POINT('',#3394);
#3394 = CARTESIAN_POINT('',(-42.5,-9.4,76.4));
#3395 = VERTEX_POINT('',#3396);
#3396 = CARTESIAN_POINT('',(-42.5,-11.,76.4));
#3397 = SURFACE_CURVE('',#3398,(#3402,#3408),.PCURVE_S1.);
#3398 = LINE('',#3399,#3400);
#3399 = CARTESIAN_POINT('',(-42.5,-13.038,76.4));
#3400 = VECTOR('',#3401,1.);
#3401 = DIRECTION('',(0.,-1.,0.));
#3402 = PCURVE('',#409,#3403);
#3403 = DEFINITIONAL_REPRESENTATION('',(#3404),#3407);
#3404 = B_SPLINE_CURVE_WITH_KNOTS('',1,(#3405,#3406),.UNSPECIFIED.,.F.,
  .F.,(2,2),(-6.288,-2.038),.PIECEWISE_BEZIER_KNOTS.);
#3405 = CARTESIAN_POINT('',(76.4,-9.926));
#3406 = CARTESIAN_POINT('',(76.4,-5.676));
#3407 = ( GEOMETRIC_REPRESENTATION_CONTEXT(2) 
PARAMETRIC_REPRESENTATION_CONTEXT() REPRESENTATION_CONTEXT('2D SPACE',''
  ) );
#3408 = PCURVE('',#3409,#3414);
#3409 = PLANE('',#3410);
#3410 = AXIS2_PLACEMENT_3D('',#3411,#3412,#3413);
#3411 = CARTESIAN_POINT('',(-46.8,-9.4,76.4));
#3412 = DIRECTION('',(0.,0.,1.));
#3413 = DIRECTION('',(1.,0.,0.));
#3414 = DEFINITIONAL_REPRESENTATION('',(#3415),#3418);
#3415 = B_SPLINE_CURVE_WITH_KNOTS('',1,(#3416,#3417),.UNSPECIFIED.,.F.,
  .F.,(2,2),(-6.288,-2.038),.PIECEWISE_BEZIER_KNOTS.);
#3416 = CARTESIAN_POINT('',(4.3,2.65));
#3417 = CARTESIAN_POINT('',(4.3,-1.6));
#3418 = ( GEOMETRIC_REPRESENTATION_CONTEXT(2) 
PARAMETRIC_REPRESENTATION_CONTEXT() REPRESENTATION_CONTEXT('2D SPACE',''
  ) );
#3419 = ORIENTED_EDGE('',*,*,#3420,.F.);
#3420 = EDGE_CURVE('',#3421,#3393,#3423,.T.);
#3421 = VERTEX_POINT('',#3422);
#3422 = CARTESIAN_POINT('',(-42.5,-9.4,54.4));
#3423 = SURFACE_CURVE('',#3424,(#3428,#3434),.PCURVE_S1.);
#3424 = LINE('',#3425,#3426);
#3425 = CARTESIAN_POINT('',(-42.5,-9.4,27.2));
#3426 = VECTOR('',#3427,1.);
#3427 = DIRECTION('',(0.,0.,1.));
#3428 = PCURVE('',#409,#3429);
#3429 = DEFINITIONAL_REPRESENTATION('',(#3430),#3433);
#3430 = B_SPLINE_CURVE_WITH_KNOTS('',1,(#3431,#3432),.UNSPECIFIED.,.F.,
  .F.,(2,2),(27.2,49.2),.PIECEWISE_BEZIER_KNOTS.);
#3431 = CARTESIAN_POINT('',(54.4,-7.276));
#3432 = CARTESIAN_POINT('',(76.4,-7.276));
#3433 = ( GEOMETRIC_REPRESENTATION_CONTEXT(2) 
PARAMETRIC_REPRESENTATION_CONTEXT() REPRESENTATION_CONTEXT('2D SPACE',''
  ) );
#3434 = PCURVE('',#3435,#3440);
#3435 = PLANE('',#3436);
#3436 = AXIS2_PLACEMENT_3D('',#3437,#3438,#3439);
#3437 = CARTESIAN_POINT('',(-46.8,-9.4,54.4));
#3438 = DIRECTION('',(0.,1.,0.));
#3439 = DIRECTION('',(0.,0.,1.));
#3440 = DEFINITIONAL_REPRESENTATION('',(#3441),#3444);
#3441 = B_SPLINE_CURVE_WITH_KNOTS('',1,(#3442,#3443),.UNSPECIFIED.,.F.,
  .F.,(2,2),(27.2,49.2),.PIECEWISE_BEZIER_KNOTS.);
#3442 = CARTESIAN_POINT('',(0.,4.3));
#3443 = CARTESIAN_POINT('',(22.,4.3));
#3444 = ( GEOMETRIC_REPRESENTATION_CONTEXT(2) 
PARAMETRIC_REPRESENTATION_CONTEXT() REPRESENTATION_CONTEXT('2D SPACE',''
  ) );
#3445 = ORIENTED_EDGE('',*,*,#3446,.T.);
#3446 = EDGE_CURVE('',#3421,#3447,#3449,.T.);
#3447 = VERTEX_POINT('',#3448);
#3448 = CARTESIAN_POINT('',(-42.5,-11.,54.4));
#3449 = SURFACE_CURVE('',#3450,(#3454,#3460),.PCURVE_S1.);
#3450 = LINE('',#3451,#3452);
#3451 = CARTESIAN_POINT('',(-42.5,-13.038,54.4));
#3452 = VECTOR('',#3453,1.);
#3453 = DIRECTION('',(0.,-1.,0.));
#3454 = PCURVE('',#409,#3455);
#3455 = DEFINITIONAL_REPRESENTATION('',(#3456),#3459);
#3456 = B_SPLINE_CURVE_WITH_KNOTS('',1,(#3457,#3458),.UNSPECIFIED.,.F.,
  .F.,(2,2),(-6.288,-2.038),.PIECEWISE_BEZIER_KNOTS.);
#3457 = CARTESIAN_POINT('',(54.4,-9.926));
#3458 = CARTESIAN_POINT('',(54.4,-5.676));
#3459 = ( GEOMETRIC_REPRESENTATION_CONTEXT(2) 
PARAMETRIC_REPRESENTATION_CONTEXT() REPRESENTATION_CONTEXT('2D SPACE',''
  ) );
#3460 = PCURVE('',#3461,#3466);
#3461 = PLANE('',#3462);
#3462 = AXIS2_PLACEMENT_3D('',#3463,#3464,#3465);
#3463 = CARTESIAN_POINT('',(-46.8,-9.4,54.4));
#3464 = DIRECTION('',(0.,0.,1.));
#3465 = DIRECTION('',(1.,0.,0.));
#3466 = DEFINITIONAL_REPRESENTATION('',(#3467),#3470);
#3467 = B_SPLINE_CURVE_WITH_KNOTS('',1,(#3468,#3469),.UNSPECIFIED.,.F.,
  .F.,(2,2),(-6.288,-2.038),.PIECEWISE_BEZIER_KNOTS.);
#3468 = CARTESIAN_POINT('',(4.3,2.65));
#3469 = CARTESIAN_POINT('',(4.3,-1.6));
#3470 = ( GEOMETRIC_REPRESENTATION_CONTEXT(2) 
PARAMETRIC_REPRESENTATION_CONTEXT() REPRESENTATION_CONTEXT('2D SPACE',''
  ) );
#3471 = ORIENTED_EDGE('',*,*,#3472,.T.);
#3472 = EDGE_CURVE('',#3447,#3395,#3473,.T.);
#3473 = SURFACE_CURVE('',#3474,(#3478,#3484),.PCURVE_S1.);
#3474 = LINE('',#3475,#3476);
#3475 = CARTESIAN_POINT('',(-42.5,-11.,27.2));
#3476 = VECTOR('',#3477,1.);
#3477 = DIRECTION('',(0.,0.,1.));
#3478 = PCURVE('',#409,#3479);
#3479 = DEFINITIONAL_REPRESENTATION('',(#3480),#3483);
#3480 = B_SPLINE_CURVE_WITH_KNOTS('',1,(#3481,#3482),.UNSPECIFIED.,.F.,
  .F.,(2,2),(27.2,49.2),.PIECEWISE_BEZIER_KNOTS.);
#3481 = CARTESIAN_POINT('',(54.4,-5.676));
#3482 = CARTESIAN_POINT('',(76.4,-5.676));
#3483 = ( GEOMETRIC_REPRESENTATION_CONTEXT(2) 
PARAMETRIC_REPRESENTATION_CONTEXT() REPRESENTATION_CONTEXT('2D SPACE',''
  ) );
#3484 = PCURVE('',#3485,#3490);
#3485 = PLANE('',#3486);
#3486 = AXIS2_PLACEMENT_3D('',#3487,#3488,#3489);
#3487 = CARTESIAN_POINT('',(-46.8,-11.,54.4));
#3488 = DIRECTION('',(0.,1.,0.));
#3489 = DIRECTION('',(0.,0.,1.));
#3490 = DEFINITIONAL_REPRESENTATION('',(#3491),#3494);
#3491 = B_SPLINE_CURVE_WITH_KNOTS('',1,(#3492,#3493),.UNSPECIFIED.,.F.,
  .F.,(2,2),(27.2,49.2),.PIECEWISE_BEZIER_KNOTS.);
#3492 = CARTESIAN_POINT('',(0.,4.3));
#3493 = CARTESIAN_POINT('',(22.,4.3));
#3494 = ( GEOMETRIC_REPRESENTATION_CONTEXT(2) 
PARAMETRIC_REPRESENTATION_CONTEXT() REPRESENTATION_CONTEXT('2D SPACE',''
  ) );
#3495 = ADVANCED_FACE('',(#3496,#3542,#3648,#3760,#3872,#3984,#4096),
  #462,.T.);
#3496 = FACE_BOUND('',#3497,.T.);
#3497 = EDGE_LOOP('',(#3498,#3499,#3520,#3521));
#3498 = ORIENTED_EDGE('',*,*,#444,.F.);
#3499 = ORIENTED_EDGE('',*,*,#3500,.T.);
#3500 = EDGE_CURVE('',#445,#1710,#3501,.T.);
#3501 = SURFACE_CURVE('',#3502,(#3506,#3513),.PCURVE_S1.);
#3502 = LINE('',#3503,#3504);
#3503 = CARTESIAN_POINT('',(-34.5,-13.676,0.));
#3504 = VECTOR('',#3505,1.);
#3505 = DIRECTION('',(0.,0.,1.));
#3506 = PCURVE('',#462,#3507);
#3507 = DEFINITIONAL_REPRESENTATION('',(#3508),#3512);
#3508 = LINE('',#3509,#3510);
#3509 = CARTESIAN_POINT('',(8.224,0.));
#3510 = VECTOR('',#3511,1.);
#3511 = DIRECTION('',(0.,-1.));
#3512 = ( GEOMETRIC_REPRESENTATION_CONTEXT(2) 
PARAMETRIC_REPRESENTATION_CONTEXT() REPRESENTATION_CONTEXT('2D SPACE',''
  ) );
#3513 = PCURVE('',#490,#3514);
#3514 = DEFINITIONAL_REPRESENTATION('',(#3515),#3519);
#3515 = LINE('',#3516,#3517);
#3516 = CARTESIAN_POINT('',(0.,8.));
#3517 = VECTOR('',#3518,1.);
#3518 = DIRECTION('',(1.,0.));
#3519 = ( GEOMETRIC_REPRESENTATION_CONTEXT(2) 
PARAMETRIC_REPRESENTATION_CONTEXT() REPRESENTATION_CONTEXT('2D SPACE',''
  ) );
#3520 = ORIENTED_EDGE('',*,*,#1709,.T.);
#3521 = ORIENTED_EDGE('',*,*,#3522,.F.);
#3522 = EDGE_CURVE('',#447,#1712,#3523,.T.);
#3523 = SURFACE_CURVE('',#3524,(#3528,#3535),.PCURVE_S1.);
#3524 = LINE('',#3525,#3526);
#3525 = CARTESIAN_POINT('',(-34.5,21.9,0.));
#3526 = VECTOR('',#3527,1.);
#3527 = DIRECTION('',(0.,0.,1.));
#3528 = PCURVE('',#462,#3529);
#3529 = DEFINITIONAL_REPRESENTATION('',(#3530),#3534);
#3530 = LINE('',#3531,#3532);
#3531 = CARTESIAN_POINT('',(43.8,0.));
#3532 = VECTOR('',#3533,1.);
#3533 = DIRECTION('',(0.,-1.));
#3534 = ( GEOMETRIC_REPRESENTATION_CONTEXT(2) 
PARAMETRIC_REPRESENTATION_CONTEXT() REPRESENTATION_CONTEXT('2D SPACE',''
  ) );
#3535 = PCURVE('',#605,#3536);
#3536 = DEFINITIONAL_REPRESENTATION('',(#3537),#3541);
#3537 = LINE('',#3538,#3539);
#3538 = CARTESIAN_POINT('',(-3.14159265359,0.));
#3539 = VECTOR('',#3540,1.);
#3540 = DIRECTION('',(-0.,-1.));
#3541 = ( GEOMETRIC_REPRESENTATION_CONTEXT(2) 
PARAMETRIC_REPRESENTATION_CONTEXT() REPRESENTATION_CONTEXT('2D SPACE',''
  ) );
#3542 = FACE_BOUND('',#3543,.T.);
#3543 = EDGE_LOOP('',(#3544,#3572,#3598,#3624));
#3544 = ORIENTED_EDGE('',*,*,#3545,.F.);
#3545 = EDGE_CURVE('',#3546,#3548,#3550,.T.);
#3546 = VERTEX_POINT('',#3547);
#3547 = CARTESIAN_POINT('',(-34.5,-5.,71.65));
#3548 = VERTEX_POINT('',#3549);
#3549 = CARTESIAN_POINT('',(-34.5,-5.,75.65));
#3550 = SURFACE_CURVE('',#3551,(#3555,#3561),.PCURVE_S1.);
#3551 = LINE('',#3552,#3553);
#3552 = CARTESIAN_POINT('',(-34.5,-5.,35.825));
#3553 = VECTOR('',#3554,1.);
#3554 = DIRECTION('',(0.,0.,1.));
#3555 = PCURVE('',#462,#3556);
#3556 = DEFINITIONAL_REPRESENTATION('',(#3557),#3560);
#3557 = B_SPLINE_CURVE_WITH_KNOTS('',1,(#3558,#3559),.UNSPECIFIED.,.F.,
  .F.,(2,2),(35.825,39.825),.PIECEWISE_BEZIER_KNOTS.);
#3558 = CARTESIAN_POINT('',(16.9,-71.65));
#3559 = CARTESIAN_POINT('',(16.9,-75.65));
#3560 = ( GEOMETRIC_REPRESENTATION_CONTEXT(2) 
PARAMETRIC_REPRESENTATION_CONTEXT() REPRESENTATION_CONTEXT('2D SPACE',''
  ) );
#3561 = PCURVE('',#3562,#3567);
#3562 = PLANE('',#3563);
#3563 = AXIS2_PLACEMENT_3D('',#3564,#3565,#3566);
#3564 = CARTESIAN_POINT('',(-34.7,-5.,71.65));
#3565 = DIRECTION('',(0.,-1.,0.));
#3566 = DIRECTION('',(0.,0.,1.));
#3567 = DEFINITIONAL_REPRESENTATION('',(#3568),#3571);
#3568 = B_SPLINE_CURVE_WITH_KNOTS('',1,(#3569,#3570),.UNSPECIFIED.,.F.,
  .F.,(2,2),(35.825,39.825),.PIECEWISE_BEZIER_KNOTS.);
#3569 = CARTESIAN_POINT('',(0.,-0.2));
#3570 = CARTESIAN_POINT('',(4.,-0.2));
#3571 = ( GEOMETRIC_REPRESENTATION_CONTEXT(2) 
PARAMETRIC_REPRESENTATION_CONTEXT() REPRESENTATION_CONTEXT('2D SPACE',''
  ) );
#3572 = ORIENTED_EDGE('',*,*,#3573,.T.);
#3573 = EDGE_CURVE('',#3546,#3574,#3576,.T.);
#3574 = VERTEX_POINT('',#3575);
#3575 = CARTESIAN_POINT('',(-34.5,5.,71.65));
#3576 = SURFACE_CURVE('',#3577,(#3581,#3587),.PCURVE_S1.);
#3577 = LINE('',#3578,#3579);
#3578 = CARTESIAN_POINT('',(-34.5,-13.45,71.65));
#3579 = VECTOR('',#3580,1.);
#3580 = DIRECTION('',(0.,1.,-0.));
#3581 = PCURVE('',#462,#3582);
#3582 = DEFINITIONAL_REPRESENTATION('',(#3583),#3586);
#3583 = B_SPLINE_CURVE_WITH_KNOTS('',1,(#3584,#3585),.UNSPECIFIED.,.F.,
  .F.,(2,2),(8.45,18.45),.PIECEWISE_BEZIER_KNOTS.);
#3584 = CARTESIAN_POINT('',(16.9,-71.65));
#3585 = CARTESIAN_POINT('',(26.9,-71.65));
#3586 = ( GEOMETRIC_REPRESENTATION_CONTEXT(2) 
PARAMETRIC_REPRESENTATION_CONTEXT() REPRESENTATION_CONTEXT('2D SPACE',''
  ) );
#3587 = PCURVE('',#3588,#3593);
#3588 = PLANE('',#3589);
#3589 = AXIS2_PLACEMENT_3D('',#3590,#3591,#3592);
#3590 = CARTESIAN_POINT('',(-34.7,-5.,71.65));
#3591 = DIRECTION('',(0.,0.,1.));
#3592 = DIRECTION('',(0.,1.,0.));
#3593 = DEFINITIONAL_REPRESENTATION('',(#3594),#3597);
#3594 = B_SPLINE_CURVE_WITH_KNOTS('',1,(#3595,#3596),.UNSPECIFIED.,.F.,
  .F.,(2,2),(8.45,18.45),.PIECEWISE_BEZIER_KNOTS.);
#3595 = CARTESIAN_POINT('',(0.,-0.2));
#3596 = CARTESIAN_POINT('',(10.,-0.2));
#3597 = ( GEOMETRIC_REPRESENTATION_CONTEXT(2) 
PARAMETRIC_REPRESENTATION_CONTEXT() REPRESENTATION_CONTEXT('2D SPACE',''
  ) );
#3598 = ORIENTED_EDGE('',*,*,#3599,.T.);
#3599 = EDGE_CURVE('',#3574,#3600,#3602,.T.);
#3600 = VERTEX_POINT('',#3601);
#3601 = CARTESIAN_POINT('',(-34.5,5.,75.65));
#3602 = SURFACE_CURVE('',#3603,(#3607,#3613),.PCURVE_S1.);
#3603 = LINE('',#3604,#3605);
#3604 = CARTESIAN_POINT('',(-34.5,5.,35.825));
#3605 = VECTOR('',#3606,1.);
#3606 = DIRECTION('',(0.,0.,1.));
#3607 = PCURVE('',#462,#3608);
#3608 = DEFINITIONAL_REPRESENTATION('',(#3609),#3612);
#3609 = B_SPLINE_CURVE_WITH_KNOTS('',1,(#3610,#3611),.UNSPECIFIED.,.F.,
  .F.,(2,2),(35.825,39.825),.PIECEWISE_BEZIER_KNOTS.);
#3610 = CARTESIAN_POINT('',(26.9,-71.65));
#3611 = CARTESIAN_POINT('',(26.9,-75.65));
#3612 = ( GEOMETRIC_REPRESENTATION_CONTEXT(2) 
PARAMETRIC_REPRESENTATION_CONTEXT() REPRESENTATION_CONTEXT('2D SPACE',''
  ) );
#3613 = PCURVE('',#3614,#3619);
#3614 = PLANE('',#3615);
#3615 = AXIS2_PLACEMENT_3D('',#3616,#3617,#3618);
#3616 = CARTESIAN_POINT('',(-34.7,5.,71.65));
#3617 = DIRECTION('',(0.,-1.,0.));
#3618 = DIRECTION('',(0.,0.,1.));
#3619 = DEFINITIONAL_REPRESENTATION('',(#3620),#3623);
#3620 = B_SPLINE_CURVE_WITH_KNOTS('',1,(#3621,#3622),.UNSPECIFIED.,.F.,
  .F.,(2,2),(35.825,39.825),.PIECEWISE_BEZIER_KNOTS.);
#3621 = CARTESIAN_POINT('',(0.,-0.2));
#3622 = CARTESIAN_POINT('',(4.,-0.2));
#3623 = ( GEOMETRIC_REPRESENTATION_CONTEXT(2) 
PARAMETRIC_REPRESENTATION_CONTEXT() REPRESENTATION_CONTEXT('2D SPACE',''
  ) );
#3624 = ORIENTED_EDGE('',*,*,#3625,.F.);
#3625 = EDGE_CURVE('',#3548,#3600,#3626,.T.);
#3626 = SURFACE_CURVE('',#3627,(#3631,#3637),.PCURVE_S1.);
#3627 = LINE('',#3628,#3629);
#3628 = CARTESIAN_POINT('',(-34.5,-13.45,75.65));
#3629 = VECTOR('',#3630,1.);
#3630 = DIRECTION('',(0.,1.,-0.));
#3631 = PCURVE('',#462,#3632);
#3632 = DEFINITIONAL_REPRESENTATION('',(#3633),#3636);
#3633 = B_SPLINE_CURVE_WITH_KNOTS('',1,(#3634,#3635),.UNSPECIFIED.,.F.,
  .F.,(2,2),(8.45,18.45),.PIECEWISE_BEZIER_KNOTS.);
#3634 = CARTESIAN_POINT('',(16.9,-75.65));
#3635 = CARTESIAN_POINT('',(26.9,-75.65));
#3636 = ( GEOMETRIC_REPRESENTATION_CONTEXT(2) 
PARAMETRIC_REPRESENTATION_CONTEXT() REPRESENTATION_CONTEXT('2D SPACE',''
  ) );
#3637 = PCURVE('',#3638,#3643);
#3638 = PLANE('',#3639);
#3639 = AXIS2_PLACEMENT_3D('',#3640,#3641,#3642);
#3640 = CARTESIAN_POINT('',(-34.7,-5.,75.65));
#3641 = DIRECTION('',(0.,0.,1.));
#3642 = DIRECTION('',(0.,1.,0.));
#3643 = DEFINITIONAL_REPRESENTATION('',(#3644),#3647);
#3644 = B_SPLINE_CURVE_WITH_KNOTS('',1,(#3645,#3646),.UNSPECIFIED.,.F.,
  .F.,(2,2),(8.45,18.45),.PIECEWISE_BEZIER_KNOTS.);
#3645 = CARTESIAN_POINT('',(0.,-0.2));
#3646 = CARTESIAN_POINT('',(10.,-0.2));
#3647 = ( GEOMETRIC_REPRESENTATION_CONTEXT(2) 
PARAMETRIC_REPRESENTATION_CONTEXT() REPRESENTATION_CONTEXT('2D SPACE',''
  ) );
#3648 = FACE_BOUND('',#3649,.T.);
#3649 = EDGE_LOOP('',(#3650,#3681,#3707,#3736));
#3650 = ORIENTED_EDGE('',*,*,#3651,.F.);
#3651 = EDGE_CURVE('',#3652,#3654,#3656,.T.);
#3652 = VERTEX_POINT('',#3653);
#3653 = CARTESIAN_POINT('',(-34.5,11.1,58.2));
#3654 = VERTEX_POINT('',#3655);
#3655 = CARTESIAN_POINT('',(-34.5,11.1,55.2));
#3656 = SURFACE_CURVE('',#3657,(#3662,#3669),.PCURVE_S1.);
#3657 = CIRCLE('',#3658,1.5);
#3658 = AXIS2_PLACEMENT_3D('',#3659,#3660,#3661);
#3659 = CARTESIAN_POINT('',(-34.5,11.1,56.7));
#3660 = DIRECTION('',(-1.,0.,0.));
#3661 = DIRECTION('',(0.,-1.,0.));
#3662 = PCURVE('',#462,#3663);
#3663 = DEFINITIONAL_REPRESENTATION('',(#3664),#3668);
#3664 = CIRCLE('',#3665,1.5);
#3665 = AXIS2_PLACEMENT_2D('',#3666,#3667);
#3666 = CARTESIAN_POINT('',(33.,-56.7));
#3667 = DIRECTION('',(-1.,0.));
#3668 = ( GEOMETRIC_REPRESENTATION_CONTEXT(2) 
PARAMETRIC_REPRESENTATION_CONTEXT() REPRESENTATION_CONTEXT('2D SPACE',''
  ) );
#3669 = PCURVE('',#3670,#3675);
#3670 = CYLINDRICAL_SURFACE('',#3671,1.5);
#3671 = AXIS2_PLACEMENT_3D('',#3672,#3673,#3674);
#3672 = CARTESIAN_POINT('',(-34.7,11.1,56.7));
#3673 = DIRECTION('',(-1.,0.,0.));
#3674 = DIRECTION('',(0.,-1.,0.));
#3675 = DEFINITIONAL_REPRESENTATION('',(#3676),#3680);
#3676 = LINE('',#3677,#3678);
#3677 = CARTESIAN_POINT('',(0.,-0.2));
#3678 = VECTOR('',#3679,1.);
#3679 = DIRECTION('',(1.,0.));
#3680 = ( GEOMETRIC_REPRESENTATION_CONTEXT(2) 
PARAMETRIC_REPRESENTATION_CONTEXT() REPRESENTATION_CONTEXT('2D SPACE',''
  ) );
#3681 = ORIENTED_EDGE('',*,*,#3682,.T.);
#3682 = EDGE_CURVE('',#3652,#3683,#3685,.T.);
#3683 = VERTEX_POINT('',#3684);
#3684 = CARTESIAN_POINT('',(-34.5,-11.1,58.2));
#3685 = SURFACE_CURVE('',#3686,(#3690,#3696),.PCURVE_S1.);
#3686 = LINE('',#3687,#3688);
#3687 = CARTESIAN_POINT('',(-34.5,-5.4,58.2));
#3688 = VECTOR('',#3689,1.);
#3689 = DIRECTION('',(-0.,-1.,-0.));
#3690 = PCURVE('',#462,#3691);
#3691 = DEFINITIONAL_REPRESENTATION('',(#3692),#3695);
#3692 = B_SPLINE_CURVE_WITH_KNOTS('',1,(#3693,#3694),.UNSPECIFIED.,.F.,
  .F.,(2,2),(-16.5,5.7),.PIECEWISE_BEZIER_KNOTS.);
#3693 = CARTESIAN_POINT('',(33.,-58.2));
#3694 = CARTESIAN_POINT('',(10.8,-58.2));
#3695 = ( GEOMETRIC_REPRESENTATION_CONTEXT(2) 
PARAMETRIC_REPRESENTATION_CONTEXT() REPRESENTATION_CONTEXT('2D SPACE',''
  ) );
#3696 = PCURVE('',#3697,#3702);
#3697 = PLANE('',#3698);
#3698 = AXIS2_PLACEMENT_3D('',#3699,#3700,#3701);
#3699 = CARTESIAN_POINT('',(-34.7,11.1,58.2));
#3700 = DIRECTION('',(0.,0.,-1.));
#3701 = DIRECTION('',(0.,-1.,0.));
#3702 = DEFINITIONAL_REPRESENTATION('',(#3703),#3706);
#3703 = B_SPLINE_CURVE_WITH_KNOTS('',1,(#3704,#3705),.UNSPECIFIED.,.F.,
  .F.,(2,2),(-16.5,5.7),.PIECEWISE_BEZIER_KNOTS.);
#3704 = CARTESIAN_POINT('',(0.,-0.2));
#3705 = CARTESIAN_POINT('',(22.2,-0.2));
#3706 = ( GEOMETRIC_REPRESENTATION_CONTEXT(2) 
PARAMETRIC_REPRESENTATION_CONTEXT() REPRESENTATION_CONTEXT('2D SPACE',''
  ) );
#3707 = ORIENTED_EDGE('',*,*,#3708,.F.);
#3708 = EDGE_CURVE('',#3709,#3683,#3711,.T.);
#3709 = VERTEX_POINT('',#3710);
#3710 = CARTESIAN_POINT('',(-34.5,-11.1,55.2));
#3711 = SURFACE_CURVE('',#3712,(#3717,#3724),.PCURVE_S1.);
#3712 = CIRCLE('',#3713,1.5);
#3713 = AXIS2_PLACEMENT_3D('',#3714,#3715,#3716);
#3714 = CARTESIAN_POINT('',(-34.5,-11.1,56.7));
#3715 = DIRECTION('',(-1.,0.,0.));
#3716 = DIRECTION('',(0.,1.,0.));
#3717 = PCURVE('',#462,#3718);
#3718 = DEFINITIONAL_REPRESENTATION('',(#3719),#3723);
#3719 = CIRCLE('',#3720,1.5);
#3720 = AXIS2_PLACEMENT_2D('',#3721,#3722);
#3721 = CARTESIAN_POINT('',(10.8,-56.7));
#3722 = DIRECTION('',(1.,0.));
#3723 = ( GEOMETRIC_REPRESENTATION_CONTEXT(2) 
PARAMETRIC_REPRESENTATION_CONTEXT() REPRESENTATION_CONTEXT('2D SPACE',''
  ) );
#3724 = PCURVE('',#3725,#3730);
#3725 = CYLINDRICAL_SURFACE('',#3726,1.5);
#3726 = AXIS2_PLACEMENT_3D('',#3727,#3728,#3729);
#3727 = CARTESIAN_POINT('',(-34.7,-11.1,56.7));
#3728 = DIRECTION('',(-1.,0.,0.));
#3729 = DIRECTION('',(0.,1.,0.));
#3730 = DEFINITIONAL_REPRESENTATION('',(#3731),#3735);
#3731 = LINE('',#3732,#3733);
#3732 = CARTESIAN_POINT('',(0.,-0.2));
#3733 = VECTOR('',#3734,1.);
#3734 = DIRECTION('',(1.,0.));
#3735 = ( GEOMETRIC_REPRESENTATION_CONTEXT(2) 
PARAMETRIC_REPRESENTATION_CONTEXT() REPRESENTATION_CONTEXT('2D SPACE',''
  ) );
#3736 = ORIENTED_EDGE('',*,*,#3737,.T.);
#3737 = EDGE_CURVE('',#3709,#3654,#3738,.T.);
#3738 = SURFACE_CURVE('',#3739,(#3743,#3749),.PCURVE_S1.);
#3739 = LINE('',#3740,#3741);
#3740 = CARTESIAN_POINT('',(-34.5,-16.5,55.2));
#3741 = VECTOR('',#3742,1.);
#3742 = DIRECTION('',(0.,1.,-0.));
#3743 = PCURVE('',#462,#3744);
#3744 = DEFINITIONAL_REPRESENTATION('',(#3745),#3748);
#3745 = B_SPLINE_CURVE_WITH_KNOTS('',1,(#3746,#3747),.UNSPECIFIED.,.F.,
  .F.,(2,2),(5.4,27.6),.PIECEWISE_BEZIER_KNOTS.);
#3746 = CARTESIAN_POINT('',(10.8,-55.2));
#3747 = CARTESIAN_POINT('',(33.,-55.2));
#3748 = ( GEOMETRIC_REPRESENTATION_CONTEXT(2) 
PARAMETRIC_REPRESENTATION_CONTEXT() REPRESENTATION_CONTEXT('2D SPACE',''
  ) );
#3749 = PCURVE('',#3750,#3755);
#3750 = PLANE('',#3751);
#3751 = AXIS2_PLACEMENT_3D('',#3752,#3753,#3754);
#3752 = CARTESIAN_POINT('',(-34.7,-11.1,55.2));
#3753 = DIRECTION('',(0.,0.,1.));
#3754 = DIRECTION('',(0.,1.,0.));
#3755 = DEFINITIONAL_REPRESENTATION('',(#3756),#3759);
#3756 = B_SPLINE_CURVE_WITH_KNOTS('',1,(#3757,#3758),.UNSPECIFIED.,.F.,
  .F.,(2,2),(5.4,27.6),.PIECEWISE_BEZIER_KNOTS.);
#3757 = CARTESIAN_POINT('',(0.,-0.2));
#3758 = CARTESIAN_POINT('',(22.2,-0.2));
#3759 = ( GEOMETRIC_REPRESENTATION_CONTEXT(2) 
PARAMETRIC_REPRESENTATION_CONTEXT() REPRESENTATION_CONTEXT('2D SPACE',''
  ) );
#3760 = FACE_BOUND('',#3761,.T.);
#3761 = EDGE_LOOP('',(#3762,#3793,#3819,#3848));
#3762 = ORIENTED_EDGE('',*,*,#3763,.F.);
#3763 = EDGE_CURVE('',#3764,#3766,#3768,.T.);
#3764 = VERTEX_POINT('',#3765);
#3765 = CARTESIAN_POINT('',(-34.5,11.1,49.2));
#3766 = VERTEX_POINT('',#3767);
#3767 = CARTESIAN_POINT('',(-34.5,11.1,46.2));
#3768 = SURFACE_CURVE('',#3769,(#3774,#3781),.PCURVE_S1.);
#3769 = CIRCLE('',#3770,1.5);
#3770 = AXIS2_PLACEMENT_3D('',#3771,#3772,#3773);
#3771 = CARTESIAN_POINT('',(-34.5,11.1,47.7));
#3772 = DIRECTION('',(-1.,0.,0.));
#3773 = DIRECTION('',(0.,-1.,0.));
#3774 = PCURVE('',#462,#3775);
#3775 = DEFINITIONAL_REPRESENTATION('',(#3776),#3780);
#3776 = CIRCLE('',#3777,1.5);
#3777 = AXIS2_PLACEMENT_2D('',#3778,#3779);
#3778 = CARTESIAN_POINT('',(33.,-47.7));
#3779 = DIRECTION('',(-1.,0.));
#3780 = ( GEOMETRIC_REPRESENTATION_CONTEXT(2) 
PARAMETRIC_REPRESENTATION_CONTEXT() REPRESENTATION_CONTEXT('2D SPACE',''
  ) );
#3781 = PCURVE('',#3782,#3787);
#3782 = CYLINDRICAL_SURFACE('',#3783,1.5);
#3783 = AXIS2_PLACEMENT_3D('',#3784,#3785,#3786);
#3784 = CARTESIAN_POINT('',(-34.7,11.1,47.7));
#3785 = DIRECTION('',(-1.,0.,0.));
#3786 = DIRECTION('',(0.,-1.,0.));
#3787 = DEFINITIONAL_REPRESENTATION('',(#3788),#3792);
#3788 = LINE('',#3789,#3790);
#3789 = CARTESIAN_POINT('',(0.,-0.2));
#3790 = VECTOR('',#3791,1.);
#3791 = DIRECTION('',(1.,0.));
#3792 = ( GEOMETRIC_REPRESENTATION_CONTEXT(2) 
PARAMETRIC_REPRESENTATION_CONTEXT() REPRESENTATION_CONTEXT('2D SPACE',''
  ) );
#3793 = ORIENTED_EDGE('',*,*,#3794,.T.);
#3794 = EDGE_CURVE('',#3764,#3795,#3797,.T.);
#3795 = VERTEX_POINT('',#3796);
#3796 = CARTESIAN_POINT('',(-34.5,-11.1,49.2));
#3797 = SURFACE_CURVE('',#3798,(#3802,#3808),.PCURVE_S1.);
#3798 = LINE('',#3799,#3800);
#3799 = CARTESIAN_POINT('',(-34.5,-5.4,49.2));
#3800 = VECTOR('',#3801,1.);
#3801 = DIRECTION('',(-0.,-1.,-0.));
#3802 = PCURVE('',#462,#3803);
#3803 = DEFINITIONAL_REPRESENTATION('',(#3804),#3807);
#3804 = B_SPLINE_CURVE_WITH_KNOTS('',1,(#3805,#3806),.UNSPECIFIED.,.F.,
  .F.,(2,2),(-16.5,5.7),.PIECEWISE_BEZIER_KNOTS.);
#3805 = CARTESIAN_POINT('',(33.,-49.2));
#3806 = CARTESIAN_POINT('',(10.8,-49.2));
#3807 = ( GEOMETRIC_REPRESENTATION_CONTEXT(2) 
PARAMETRIC_REPRESENTATION_CONTEXT() REPRESENTATION_CONTEXT('2D SPACE',''
  ) );
#3808 = PCURVE('',#3809,#3814);
#3809 = PLANE('',#3810);
#3810 = AXIS2_PLACEMENT_3D('',#3811,#3812,#3813);
#3811 = CARTESIAN_POINT('',(-34.7,11.1,49.2));
#3812 = DIRECTION('',(0.,0.,-1.));
#3813 = DIRECTION('',(0.,-1.,0.));
#3814 = DEFINITIONAL_REPRESENTATION('',(#3815),#3818);
#3815 = B_SPLINE_CURVE_WITH_KNOTS('',1,(#3816,#3817),.UNSPECIFIED.,.F.,
  .F.,(2,2),(-16.5,5.7),.PIECEWISE_BEZIER_KNOTS.);
#3816 = CARTESIAN_POINT('',(0.,-0.2));
#3817 = CARTESIAN_POINT('',(22.2,-0.2));
#3818 = ( GEOMETRIC_REPRESENTATION_CONTEXT(2) 
PARAMETRIC_REPRESENTATION_CONTEXT() REPRESENTATION_CONTEXT('2D SPACE',''
  ) );
#3819 = ORIENTED_EDGE('',*,*,#3820,.F.);
#3820 = EDGE_CURVE('',#3821,#3795,#3823,.T.);
#3821 = VERTEX_POINT('',#3822);
#3822 = CARTESIAN_POINT('',(-34.5,-11.1,46.2));
#3823 = SURFACE_CURVE('',#3824,(#3829,#3836),.PCURVE_S1.);
#3824 = CIRCLE('',#3825,1.5);
#3825 = AXIS2_PLACEMENT_3D('',#3826,#3827,#3828);
#3826 = CARTESIAN_POINT('',(-34.5,-11.1,47.7));
#3827 = DIRECTION('',(-1.,0.,0.));
#3828 = DIRECTION('',(0.,1.,0.));
#3829 = PCURVE('',#462,#3830);
#3830 = DEFINITIONAL_REPRESENTATION('',(#3831),#3835);
#3831 = CIRCLE('',#3832,1.5);
#3832 = AXIS2_PLACEMENT_2D('',#3833,#3834);
#3833 = CARTESIAN_POINT('',(10.8,-47.7));
#3834 = DIRECTION('',(1.,0.));
#3835 = ( GEOMETRIC_REPRESENTATION_CONTEXT(2) 
PARAMETRIC_REPRESENTATION_CONTEXT() REPRESENTATION_CONTEXT('2D SPACE',''
  ) );
#3836 = PCURVE('',#3837,#3842);
#3837 = CYLINDRICAL_SURFACE('',#3838,1.5);
#3838 = AXIS2_PLACEMENT_3D('',#3839,#3840,#3841);
#3839 = CARTESIAN_POINT('',(-34.7,-11.1,47.7));
#3840 = DIRECTION('',(-1.,0.,0.));
#3841 = DIRECTION('',(0.,1.,0.));
#3842 = DEFINITIONAL_REPRESENTATION('',(#3843),#3847);
#3843 = LINE('',#3844,#3845);
#3844 = CARTESIAN_POINT('',(0.,-0.2));
#3845 = VECTOR('',#3846,1.);
#3846 = DIRECTION('',(1.,0.));
#3847 = ( GEOMETRIC_REPRESENTATION_CONTEXT(2) 
PARAMETRIC_REPRESENTATION_CONTEXT() REPRESENTATION_CONTEXT('2D SPACE',''
  ) );
#3848 = ORIENTED_EDGE('',*,*,#3849,.T.);
#3849 = EDGE_CURVE('',#3821,#3766,#3850,.T.);
#3850 = SURFACE_CURVE('',#3851,(#3855,#3861),.PCURVE_S1.);
#3851 = LINE('',#3852,#3853);
#3852 = CARTESIAN_POINT('',(-34.5,-16.5,46.2));
#3853 = VECTOR('',#3854,1.);
#3854 = DIRECTION('',(0.,1.,-0.));
#3855 = PCURVE('',#462,#3856);
#3856 = DEFINITIONAL_REPRESENTATION('',(#3857),#3860);
#3857 = B_SPLINE_CURVE_WITH_KNOTS('',1,(#3858,#3859),.UNSPECIFIED.,.F.,
  .F.,(2,2),(5.4,27.6),.PIECEWISE_BEZIER_KNOTS.);
#3858 = CARTESIAN_POINT('',(10.8,-46.2));
#3859 = CARTESIAN_POINT('',(33.,-46.2));
#3860 = ( GEOMETRIC_REPRESENTATION_CONTEXT(2) 
PARAMETRIC_REPRESENTATION_CONTEXT() REPRESENTATION_CONTEXT('2D SPACE',''
  ) );
#3861 = PCURVE('',#3862,#3867);
#3862 = PLANE('',#3863);
#3863 = AXIS2_PLACEMENT_3D('',#3864,#3865,#3866);
#3864 = CARTESIAN_POINT('',(-34.7,-11.1,46.2));
#3865 = DIRECTION('',(0.,0.,1.));
#3866 = DIRECTION('',(0.,1.,0.));
#3867 = DEFINITIONAL_REPRESENTATION('',(#3868),#3871);
#3868 = B_SPLINE_CURVE_WITH_KNOTS('',1,(#3869,#3870),.UNSPECIFIED.,.F.,
  .F.,(2,2),(5.4,27.6),.PIECEWISE_BEZIER_KNOTS.);
#3869 = CARTESIAN_POINT('',(0.,-0.2));
#3870 = CARTESIAN_POINT('',(22.2,-0.2));
#3871 = ( GEOMETRIC_REPRESENTATION_CONTEXT(2) 
PARAMETRIC_REPRESENTATION_CONTEXT() REPRESENTATION_CONTEXT('2D SPACE',''
  ) );
#3872 = FACE_BOUND('',#3873,.T.);
#3873 = EDGE_LOOP('',(#3874,#3905,#3931,#3960));
#3874 = ORIENTED_EDGE('',*,*,#3875,.F.);
#3875 = EDGE_CURVE('',#3876,#3878,#3880,.T.);
#3876 = VERTEX_POINT('',#3877);
#3877 = CARTESIAN_POINT('',(-34.5,11.1,40.2));
#3878 = VERTEX_POINT('',#3879);
#3879 = CARTESIAN_POINT('',(-34.5,11.1,37.2));
#3880 = SURFACE_CURVE('',#3881,(#3886,#3893),.PCURVE_S1.);
#3881 = CIRCLE('',#3882,1.5);
#3882 = AXIS2_PLACEMENT_3D('',#3883,#3884,#3885);
#3883 = CARTESIAN_POINT('',(-34.5,11.1,38.7));
#3884 = DIRECTION('',(-1.,0.,0.));
#3885 = DIRECTION('',(0.,-1.,0.));
#3886 = PCURVE('',#462,#3887);
#3887 = DEFINITIONAL_REPRESENTATION('',(#3888),#3892);
#3888 = CIRCLE('',#3889,1.5);
#3889 = AXIS2_PLACEMENT_2D('',#3890,#3891);
#3890 = CARTESIAN_POINT('',(33.,-38.7));
#3891 = DIRECTION('',(-1.,0.));
#3892 = ( GEOMETRIC_REPRESENTATION_CONTEXT(2) 
PARAMETRIC_REPRESENTATION_CONTEXT() REPRESENTATION_CONTEXT('2D SPACE',''
  ) );
#3893 = PCURVE('',#3894,#3899);
#3894 = CYLINDRICAL_SURFACE('',#3895,1.5);
#3895 = AXIS2_PLACEMENT_3D('',#3896,#3897,#3898);
#3896 = CARTESIAN_POINT('',(-34.7,11.1,38.7));
#3897 = DIRECTION('',(-1.,0.,0.));
#3898 = DIRECTION('',(0.,-1.,0.));
#3899 = DEFINITIONAL_REPRESENTATION('',(#3900),#3904);
#3900 = LINE('',#3901,#3902);
#3901 = CARTESIAN_POINT('',(0.,-0.2));
#3902 = VECTOR('',#3903,1.);
#3903 = DIRECTION('',(1.,0.));
#3904 = ( GEOMETRIC_REPRESENTATION_CONTEXT(2) 
PARAMETRIC_REPRESENTATION_CONTEXT() REPRESENTATION_CONTEXT('2D SPACE',''
  ) );
#3905 = ORIENTED_EDGE('',*,*,#3906,.T.);
#3906 = EDGE_CURVE('',#3876,#3907,#3909,.T.);
#3907 = VERTEX_POINT('',#3908);
#3908 = CARTESIAN_POINT('',(-34.5,-11.1,40.2));
#3909 = SURFACE_CURVE('',#3910,(#3914,#3920),.PCURVE_S1.);
#3910 = LINE('',#3911,#3912);
#3911 = CARTESIAN_POINT('',(-34.5,-5.4,40.2));
#3912 = VECTOR('',#3913,1.);
#3913 = DIRECTION('',(-0.,-1.,-0.));
#3914 = PCURVE('',#462,#3915);
#3915 = DEFINITIONAL_REPRESENTATION('',(#3916),#3919);
#3916 = B_SPLINE_CURVE_WITH_KNOTS('',1,(#3917,#3918),.UNSPECIFIED.,.F.,
  .F.,(2,2),(-16.5,5.7),.PIECEWISE_BEZIER_KNOTS.);
#3917 = CARTESIAN_POINT('',(33.,-40.2));
#3918 = CARTESIAN_POINT('',(10.8,-40.2));
#3919 = ( GEOMETRIC_REPRESENTATION_CONTEXT(2) 
PARAMETRIC_REPRESENTATION_CONTEXT() REPRESENTATION_CONTEXT('2D SPACE',''
  ) );
#3920 = PCURVE('',#3921,#3926);
#3921 = PLANE('',#3922);
#3922 = AXIS2_PLACEMENT_3D('',#3923,#3924,#3925);
#3923 = CARTESIAN_POINT('',(-34.7,11.1,40.2));
#3924 = DIRECTION('',(0.,0.,-1.));
#3925 = DIRECTION('',(0.,-1.,0.));
#3926 = DEFINITIONAL_REPRESENTATION('',(#3927),#3930);
#3927 = B_SPLINE_CURVE_WITH_KNOTS('',1,(#3928,#3929),.UNSPECIFIED.,.F.,
  .F.,(2,2),(-16.5,5.7),.PIECEWISE_BEZIER_KNOTS.);
#3928 = CARTESIAN_POINT('',(0.,-0.2));
#3929 = CARTESIAN_POINT('',(22.2,-0.2));
#3930 = ( GEOMETRIC_REPRESENTATION_CONTEXT(2) 
PARAMETRIC_REPRESENTATION_CONTEXT() REPRESENTATION_CONTEXT('2D SPACE',''
  ) );
#3931 = ORIENTED_EDGE('',*,*,#3932,.F.);
#3932 = EDGE_CURVE('',#3933,#3907,#3935,.T.);
#3933 = VERTEX_POINT('',#3934);
#3934 = CARTESIAN_POINT('',(-34.5,-11.1,37.2));
#3935 = SURFACE_CURVE('',#3936,(#3941,#3948),.PCURVE_S1.);
#3936 = CIRCLE('',#3937,1.5);
#3937 = AXIS2_PLACEMENT_3D('',#3938,#3939,#3940);
#3938 = CARTESIAN_POINT('',(-34.5,-11.1,38.7));
#3939 = DIRECTION('',(-1.,0.,0.));
#3940 = DIRECTION('',(0.,1.,0.));
#3941 = PCURVE('',#462,#3942);
#3942 = DEFINITIONAL_REPRESENTATION('',(#3943),#3947);
#3943 = CIRCLE('',#3944,1.5);
#3944 = AXIS2_PLACEMENT_2D('',#3945,#3946);
#3945 = CARTESIAN_POINT('',(10.8,-38.7));
#3946 = DIRECTION('',(1.,0.));
#3947 = ( GEOMETRIC_REPRESENTATION_CONTEXT(2) 
PARAMETRIC_REPRESENTATION_CONTEXT() REPRESENTATION_CONTEXT('2D SPACE',''
  ) );
#3948 = PCURVE('',#3949,#3954);
#3949 = CYLINDRICAL_SURFACE('',#3950,1.5);
#3950 = AXIS2_PLACEMENT_3D('',#3951,#3952,#3953);
#3951 = CARTESIAN_POINT('',(-34.7,-11.1,38.7));
#3952 = DIRECTION('',(-1.,0.,0.));
#3953 = DIRECTION('',(0.,1.,0.));
#3954 = DEFINITIONAL_REPRESENTATION('',(#3955),#3959);
#3955 = LINE('',#3956,#3957);
#3956 = CARTESIAN_POINT('',(0.,-0.2));
#3957 = VECTOR('',#3958,1.);
#3958 = DIRECTION('',(1.,0.));
#3959 = ( GEOMETRIC_REPRESENTATION_CONTEXT(2) 
PARAMETRIC_REPRESENTATION_CONTEXT() REPRESENTATION_CONTEXT('2D SPACE',''
  ) );
#3960 = ORIENTED_EDGE('',*,*,#3961,.T.);
#3961 = EDGE_CURVE('',#3933,#3878,#3962,.T.);
#3962 = SURFACE_CURVE('',#3963,(#3967,#3973),.PCURVE_S1.);
#3963 = LINE('',#3964,#3965);
#3964 = CARTESIAN_POINT('',(-34.5,-16.5,37.2));
#3965 = VECTOR('',#3966,1.);
#3966 = DIRECTION('',(0.,1.,-0.));
#3967 = PCURVE('',#462,#3968);
#3968 = DEFINITIONAL_REPRESENTATION('',(#3969),#3972);
#3969 = B_SPLINE_CURVE_WITH_KNOTS('',1,(#3970,#3971),.UNSPECIFIED.,.F.,
  .F.,(2,2),(5.4,27.6),.PIECEWISE_BEZIER_KNOTS.);
#3970 = CARTESIAN_POINT('',(10.8,-37.2));
#3971 = CARTESIAN_POINT('',(33.,-37.2));
#3972 = ( GEOMETRIC_REPRESENTATION_CONTEXT(2) 
PARAMETRIC_REPRESENTATION_CONTEXT() REPRESENTATION_CONTEXT('2D SPACE',''
  ) );
#3973 = PCURVE('',#3974,#3979);
#3974 = PLANE('',#3975);
#3975 = AXIS2_PLACEMENT_3D('',#3976,#3977,#3978);
#3976 = CARTESIAN_POINT('',(-34.7,-11.1,37.2));
#3977 = DIRECTION('',(0.,0.,1.));
#3978 = DIRECTION('',(0.,1.,0.));
#3979 = DEFINITIONAL_REPRESENTATION('',(#3980),#3983);
#3980 = B_SPLINE_CURVE_WITH_KNOTS('',1,(#3981,#3982),.UNSPECIFIED.,.F.,
  .F.,(2,2),(5.4,27.6),.PIECEWISE_BEZIER_KNOTS.);
#3981 = CARTESIAN_POINT('',(0.,-0.2));
#3982 = CARTESIAN_POINT('',(22.2,-0.2));
#3983 = ( GEOMETRIC_REPRESENTATION_CONTEXT(2) 
PARAMETRIC_REPRESENTATION_CONTEXT() REPRESENTATION_CONTEXT('2D SPACE',''
  ) );
#3984 = FACE_BOUND('',#3985,.T.);
#3985 = EDGE_LOOP('',(#3986,#4017,#4043,#4072));
#3986 = ORIENTED_EDGE('',*,*,#3987,.F.);
#3987 = EDGE_CURVE('',#3988,#3990,#3992,.T.);
#3988 = VERTEX_POINT('',#3989);
#3989 = CARTESIAN_POINT('',(-34.5,11.1,31.2));
#3990 = VERTEX_POINT('',#3991);
#3991 = CARTESIAN_POINT('',(-34.5,11.1,28.2));
#3992 = SURFACE_CURVE('',#3993,(#3998,#4005),.PCURVE_S1.);
#3993 = CIRCLE('',#3994,1.5);
#3994 = AXIS2_PLACEMENT_3D('',#3995,#3996,#3997);
#3995 = CARTESIAN_POINT('',(-34.5,11.1,29.7));
#3996 = DIRECTION('',(-1.,0.,0.));
#3997 = DIRECTION('',(0.,-1.,0.));
#3998 = PCURVE('',#462,#3999);
#3999 = DEFINITIONAL_REPRESENTATION('',(#4000),#4004);
#4000 = CIRCLE('',#4001,1.5);
#4001 = AXIS2_PLACEMENT_2D('',#4002,#4003);
#4002 = CARTESIAN_POINT('',(33.,-29.7));
#4003 = DIRECTION('',(-1.,0.));
#4004 = ( GEOMETRIC_REPRESENTATION_CONTEXT(2) 
PARAMETRIC_REPRESENTATION_CONTEXT() REPRESENTATION_CONTEXT('2D SPACE',''
  ) );
#4005 = PCURVE('',#4006,#4011);
#4006 = CYLINDRICAL_SURFACE('',#4007,1.5);
#4007 = AXIS2_PLACEMENT_3D('',#4008,#4009,#4010);
#4008 = CARTESIAN_POINT('',(-34.7,11.1,29.7));
#4009 = DIRECTION('',(-1.,0.,0.));
#4010 = DIRECTION('',(0.,-1.,0.));
#4011 = DEFINITIONAL_REPRESENTATION('',(#4012),#4016);
#4012 = LINE('',#4013,#4014);
#4013 = CARTESIAN_POINT('',(0.,-0.2));
#4014 = VECTOR('',#4015,1.);
#4015 = DIRECTION('',(1.,0.));
#4016 = ( GEOMETRIC_REPRESENTATION_CONTEXT(2) 
PARAMETRIC_REPRESENTATION_CONTEXT() REPRESENTATION_CONTEXT('2D SPACE',''
  ) );
#4017 = ORIENTED_EDGE('',*,*,#4018,.T.);
#4018 = EDGE_CURVE('',#3988,#4019,#4021,.T.);
#4019 = VERTEX_POINT('',#4020);
#4020 = CARTESIAN_POINT('',(-34.5,-11.1,31.2));
#4021 = SURFACE_CURVE('',#4022,(#4026,#4032),.PCURVE_S1.);
#4022 = LINE('',#4023,#4024);
#4023 = CARTESIAN_POINT('',(-34.5,-5.4,31.2));
#4024 = VECTOR('',#4025,1.);
#4025 = DIRECTION('',(-0.,-1.,-0.));
#4026 = PCURVE('',#462,#4027);
#4027 = DEFINITIONAL_REPRESENTATION('',(#4028),#4031);
#4028 = B_SPLINE_CURVE_WITH_KNOTS('',1,(#4029,#4030),.UNSPECIFIED.,.F.,
  .F.,(2,2),(-16.5,5.7),.PIECEWISE_BEZIER_KNOTS.);
#4029 = CARTESIAN_POINT('',(33.,-31.2));
#4030 = CARTESIAN_POINT('',(10.8,-31.2));
#4031 = ( GEOMETRIC_REPRESENTATION_CONTEXT(2) 
PARAMETRIC_REPRESENTATION_CONTEXT() REPRESENTATION_CONTEXT('2D SPACE',''
  ) );
#4032 = PCURVE('',#4033,#4038);
#4033 = PLANE('',#4034);
#4034 = AXIS2_PLACEMENT_3D('',#4035,#4036,#4037);
#4035 = CARTESIAN_POINT('',(-34.7,11.1,31.2));
#4036 = DIRECTION('',(0.,0.,-1.));
#4037 = DIRECTION('',(0.,-1.,0.));
#4038 = DEFINITIONAL_REPRESENTATION('',(#4039),#4042);
#4039 = B_SPLINE_CURVE_WITH_KNOTS('',1,(#4040,#4041),.UNSPECIFIED.,.F.,
  .F.,(2,2),(-16.5,5.7),.PIECEWISE_BEZIER_KNOTS.);
#4040 = CARTESIAN_POINT('',(0.,-0.2));
#4041 = CARTESIAN_POINT('',(22.2,-0.2));
#4042 = ( GEOMETRIC_REPRESENTATION_CONTEXT(2) 
PARAMETRIC_REPRESENTATION_CONTEXT() REPRESENTATION_CONTEXT('2D SPACE',''
  ) );
#4043 = ORIENTED_EDGE('',*,*,#4044,.F.);
#4044 = EDGE_CURVE('',#4045,#4019,#4047,.T.);
#4045 = VERTEX_POINT('',#4046);
#4046 = CARTESIAN_POINT('',(-34.5,-11.1,28.2));
#4047 = SURFACE_CURVE('',#4048,(#4053,#4060),.PCURVE_S1.);
#4048 = CIRCLE('',#4049,1.5);
#4049 = AXIS2_PLACEMENT_3D('',#4050,#4051,#4052);
#4050 = CARTESIAN_POINT('',(-34.5,-11.1,29.7));
#4051 = DIRECTION('',(-1.,0.,0.));
#4052 = DIRECTION('',(0.,1.,0.));
#4053 = PCURVE('',#462,#4054);
#4054 = DEFINITIONAL_REPRESENTATION('',(#4055),#4059);
#4055 = CIRCLE('',#4056,1.5);
#4056 = AXIS2_PLACEMENT_2D('',#4057,#4058);
#4057 = CARTESIAN_POINT('',(10.8,-29.7));
#4058 = DIRECTION('',(1.,0.));
#4059 = ( GEOMETRIC_REPRESENTATION_CONTEXT(2) 
PARAMETRIC_REPRESENTATION_CONTEXT() REPRESENTATION_CONTEXT('2D SPACE',''
  ) );
#4060 = PCURVE('',#4061,#4066);
#4061 = CYLINDRICAL_SURFACE('',#4062,1.5);
#4062 = AXIS2_PLACEMENT_3D('',#4063,#4064,#4065);
#4063 = CARTESIAN_POINT('',(-34.7,-11.1,29.7));
#4064 = DIRECTION('',(-1.,0.,0.));
#4065 = DIRECTION('',(0.,1.,0.));
#4066 = DEFINITIONAL_REPRESENTATION('',(#4067),#4071);
#4067 = LINE('',#4068,#4069);
#4068 = CARTESIAN_POINT('',(0.,-0.2));
#4069 = VECTOR('',#4070,1.);
#4070 = DIRECTION('',(1.,0.));
#4071 = ( GEOMETRIC_REPRESENTATION_CONTEXT(2) 
PARAMETRIC_REPRESENTATION_CONTEXT() REPRESENTATION_CONTEXT('2D SPACE',''
  ) );
#4072 = ORIENTED_EDGE('',*,*,#4073,.T.);
#4073 = EDGE_CURVE('',#4045,#3990,#4074,.T.);
#4074 = SURFACE_CURVE('',#4075,(#4079,#4085),.PCURVE_S1.);
#4075 = LINE('',#4076,#4077);
#4076 = CARTESIAN_POINT('',(-34.5,-16.5,28.2));
#4077 = VECTOR('',#4078,1.);
#4078 = DIRECTION('',(0.,1.,-0.));
#4079 = PCURVE('',#462,#4080);
#4080 = DEFINITIONAL_REPRESENTATION('',(#4081),#4084);
#4081 = B_SPLINE_CURVE_WITH_KNOTS('',1,(#4082,#4083),.UNSPECIFIED.,.F.,
  .F.,(2,2),(5.4,27.6),.PIECEWISE_BEZIER_KNOTS.);
#4082 = CARTESIAN_POINT('',(10.8,-28.2));
#4083 = CARTESIAN_POINT('',(33.,-28.2));
#4084 = ( GEOMETRIC_REPRESENTATION_CONTEXT(2) 
PARAMETRIC_REPRESENTATION_CONTEXT() REPRESENTATION_CONTEXT('2D SPACE',''
  ) );
#4085 = PCURVE('',#4086,#4091);
#4086 = PLANE('',#4087);
#4087 = AXIS2_PLACEMENT_3D('',#4088,#4089,#4090);
#4088 = CARTESIAN_POINT('',(-34.7,-11.1,28.2));
#4089 = DIRECTION('',(0.,0.,1.));
#4090 = DIRECTION('',(0.,1.,0.));
#4091 = DEFINITIONAL_REPRESENTATION('',(#4092),#4095);
#4092 = B_SPLINE_CURVE_WITH_KNOTS('',1,(#4093,#4094),.UNSPECIFIED.,.F.,
  .F.,(2,2),(5.4,27.6),.PIECEWISE_BEZIER_KNOTS.);
#4093 = CARTESIAN_POINT('',(0.,-0.2));
#4094 = CARTESIAN_POINT('',(22.2,-0.2));
#4095 = ( GEOMETRIC_REPRESENTATION_CONTEXT(2) 
PARAMETRIC_REPRESENTATION_CONTEXT() REPRESENTATION_CONTEXT('2D SPACE',''
  ) );
#4096 = FACE_BOUND('',#4097,.T.);
#4097 = EDGE_LOOP('',(#4098,#4129,#4155,#4184));
#4098 = ORIENTED_EDGE('',*,*,#4099,.F.);
#4099 = EDGE_CURVE('',#4100,#4102,#4104,.T.);
#4100 = VERTEX_POINT('',#4101);
#4101 = CARTESIAN_POINT('',(-34.5,11.1,22.2));
#4102 = VERTEX_POINT('',#4103);
#4103 = CARTESIAN_POINT('',(-34.5,11.1,19.2));
#4104 = SURFACE_CURVE('',#4105,(#4110,#4117),.PCURVE_S1.);
#4105 = CIRCLE('',#4106,1.5);
#4106 = AXIS2_PLACEMENT_3D('',#4107,#4108,#4109);
#4107 = CARTESIAN_POINT('',(-34.5,11.1,20.7));
#4108 = DIRECTION('',(-1.,0.,0.));
#4109 = DIRECTION('',(0.,-1.,0.));
#4110 = PCURVE('',#462,#4111);
#4111 = DEFINITIONAL_REPRESENTATION('',(#4112),#4116);
#4112 = CIRCLE('',#4113,1.5);
#4113 = AXIS2_PLACEMENT_2D('',#4114,#4115);
#4114 = CARTESIAN_POINT('',(33.,-20.7));
#4115 = DIRECTION('',(-1.,0.));
#4116 = ( GEOMETRIC_REPRESENTATION_CONTEXT(2) 
PARAMETRIC_REPRESENTATION_CONTEXT() REPRESENTATION_CONTEXT('2D SPACE',''
  ) );
#4117 = PCURVE('',#4118,#4123);
#4118 = CYLINDRICAL_SURFACE('',#4119,1.5);
#4119 = AXIS2_PLACEMENT_3D('',#4120,#4121,#4122);
#4120 = CARTESIAN_POINT('',(-34.7,11.1,20.7));
#4121 = DIRECTION('',(-1.,0.,0.));
#4122 = DIRECTION('',(0.,-1.,0.));
#4123 = DEFINITIONAL_REPRESENTATION('',(#4124),#4128);
#4124 = LINE('',#4125,#4126);
#4125 = CARTESIAN_POINT('',(0.,-0.2));
#4126 = VECTOR('',#4127,1.);
#4127 = DIRECTION('',(1.,0.));
#4128 = ( GEOMETRIC_REPRESENTATION_CONTEXT(2) 
PARAMETRIC_REPRESENTATION_CONTEXT() REPRESENTATION_CONTEXT('2D SPACE',''
  ) );
#4129 = ORIENTED_EDGE('',*,*,#4130,.T.);
#4130 = EDGE_CURVE('',#4100,#4131,#4133,.T.);
#4131 = VERTEX_POINT('',#4132);
#4132 = CARTESIAN_POINT('',(-34.5,-11.1,22.2));
#4133 = SURFACE_CURVE('',#4134,(#4138,#4144),.PCURVE_S1.);
#4134 = LINE('',#4135,#4136);
#4135 = CARTESIAN_POINT('',(-34.5,-5.4,22.2));
#4136 = VECTOR('',#4137,1.);
#4137 = DIRECTION('',(-0.,-1.,-0.));
#4138 = PCURVE('',#462,#4139);
#4139 = DEFINITIONAL_REPRESENTATION('',(#4140),#4143);
#4140 = B_SPLINE_CURVE_WITH_KNOTS('',1,(#4141,#4142),.UNSPECIFIED.,.F.,
  .F.,(2,2),(-16.5,5.7),.PIECEWISE_BEZIER_KNOTS.);
#4141 = CARTESIAN_POINT('',(33.,-22.2));
#4142 = CARTESIAN_POINT('',(10.8,-22.2));
#4143 = ( GEOMETRIC_REPRESENTATION_CONTEXT(2) 
PARAMETRIC_REPRESENTATION_CONTEXT() REPRESENTATION_CONTEXT('2D SPACE',''
  ) );
#4144 = PCURVE('',#4145,#4150);
#4145 = PLANE('',#4146);
#4146 = AXIS2_PLACEMENT_3D('',#4147,#4148,#4149);
#4147 = CARTESIAN_POINT('',(-34.7,11.1,22.2));
#4148 = DIRECTION('',(0.,0.,-1.));
#4149 = DIRECTION('',(0.,-1.,0.));
#4150 = DEFINITIONAL_REPRESENTATION('',(#4151),#4154);
#4151 = B_SPLINE_CURVE_WITH_KNOTS('',1,(#4152,#4153),.UNSPECIFIED.,.F.,
  .F.,(2,2),(-16.5,5.7),.PIECEWISE_BEZIER_KNOTS.);
#4152 = CARTESIAN_POINT('',(0.,-0.2));
#4153 = CARTESIAN_POINT('',(22.2,-0.2));
#4154 = ( GEOMETRIC_REPRESENTATION_CONTEXT(2) 
PARAMETRIC_REPRESENTATION_CONTEXT() REPRESENTATION_CONTEXT('2D SPACE',''
  ) );
#4155 = ORIENTED_EDGE('',*,*,#4156,.F.);
#4156 = EDGE_CURVE('',#4157,#4131,#4159,.T.);
#4157 = VERTEX_POINT('',#4158);
#4158 = CARTESIAN_POINT('',(-34.5,-11.1,19.2));
#4159 = SURFACE_CURVE('',#4160,(#4165,#4172),.PCURVE_S1.);
#4160 = CIRCLE('',#4161,1.5);
#4161 = AXIS2_PLACEMENT_3D('',#4162,#4163,#4164);
#4162 = CARTESIAN_POINT('',(-34.5,-11.1,20.7));
#4163 = DIRECTION('',(-1.,0.,0.));
#4164 = DIRECTION('',(0.,1.,0.));
#4165 = PCURVE('',#462,#4166);
#4166 = DEFINITIONAL_REPRESENTATION('',(#4167),#4171);
#4167 = CIRCLE('',#4168,1.5);
#4168 = AXIS2_PLACEMENT_2D('',#4169,#4170);
#4169 = CARTESIAN_POINT('',(10.8,-20.7));
#4170 = DIRECTION('',(1.,0.));
#4171 = ( GEOMETRIC_REPRESENTATION_CONTEXT(2) 
PARAMETRIC_REPRESENTATION_CONTEXT() REPRESENTATION_CONTEXT('2D SPACE',''
  ) );
#4172 = PCURVE('',#4173,#4178);
#4173 = CYLINDRICAL_SURFACE('',#4174,1.5);
#4174 = AXIS2_PLACEMENT_3D('',#4175,#4176,#4177);
#4175 = CARTESIAN_POINT('',(-34.7,-11.1,20.7));
#4176 = DIRECTION('',(-1.,0.,0.));
#4177 = DIRECTION('',(0.,1.,0.));
#4178 = DEFINITIONAL_REPRESENTATION('',(#4179),#4183);
#4179 = LINE('',#4180,#4181);
#4180 = CARTESIAN_POINT('',(0.,-0.2));
#4181 = VECTOR('',#4182,1.);
#4182 = DIRECTION('',(1.,0.));
#4183 = ( GEOMETRIC_REPRESENTATION_CONTEXT(2) 
PARAMETRIC_REPRESENTATION_CONTEXT() REPRESENTATION_CONTEXT('2D SPACE',''
  ) );
#4184 = ORIENTED_EDGE('',*,*,#4185,.T.);
#4185 = EDGE_CURVE('',#4157,#4102,#4186,.T.);
#4186 = SURFACE_CURVE('',#4187,(#4191,#4197),.PCURVE_S1.);
#4187 = LINE('',#4188,#4189);
#4188 = CARTESIAN_POINT('',(-34.5,-16.5,19.2));
#4189 = VECTOR('',#4190,1.);
#4190 = DIRECTION('',(0.,1.,-0.));
#4191 = PCURVE('',#462,#4192);
#4192 = DEFINITIONAL_REPRESENTATION('',(#4193),#4196);
#4193 = B_SPLINE_CURVE_WITH_KNOTS('',1,(#4194,#4195),.UNSPECIFIED.,.F.,
  .F.,(2,2),(5.4,27.6),.PIECEWISE_BEZIER_KNOTS.);
#4194 = CARTESIAN_POINT('',(10.8,-19.2));
#4195 = CARTESIAN_POINT('',(33.,-19.2));
#4196 = ( GEOMETRIC_REPRESENTATION_CONTEXT(2) 
PARAMETRIC_REPRESENTATION_CONTEXT() REPRESENTATION_CONTEXT('2D SPACE',''
  ) );
#4197 = PCURVE('',#4198,#4203);
#4198 = PLANE('',#4199);
#4199 = AXIS2_PLACEMENT_3D('',#4200,#4201,#4202);
#4200 = CARTESIAN_POINT('',(-34.7,-11.1,19.2));
#4201 = DIRECTION('',(0.,0.,1.));
#4202 = DIRECTION('',(0.,1.,0.));
#4203 = DEFINITIONAL_REPRESENTATION('',(#4204),#4207);
#4204 = B_SPLINE_CURVE_WITH_KNOTS('',1,(#4205,#4206),.UNSPECIFIED.,.F.,
  .F.,(2,2),(5.4,27.6),.PIECEWISE_BEZIER_KNOTS.);
#4205 = CARTESIAN_POINT('',(0.,-0.2));
#4206 = CARTESIAN_POINT('',(22.2,-0.2));
#4207 = ( GEOMETRIC_REPRESENTATION_CONTEXT(2) 
PARAMETRIC_REPRESENTATION_CONTEXT() REPRESENTATION_CONTEXT('2D SPACE',''
  ) );
#4208 = ADVANCED_FACE('',(#4209),#490,.T.);
#4209 = FACE_BOUND('',#4210,.T.);
#4210 = EDGE_LOOP('',(#4211,#4212,#4231,#4232));
#4211 = ORIENTED_EDGE('',*,*,#474,.F.);
#4212 = ORIENTED_EDGE('',*,*,#4213,.F.);
#4213 = EDGE_CURVE('',#1735,#475,#4214,.T.);
#4214 = SURFACE_CURVE('',#4215,(#4219,#4225),.PCURVE_S1.);
#4215 = LINE('',#4216,#4217);
#4216 = CARTESIAN_POINT('',(-40.5,-13.676,-5.E-02));
#4217 = VECTOR('',#4218,1.);
#4218 = DIRECTION('',(0.,0.,-1.));
#4219 = PCURVE('',#490,#4220);
#4220 = DEFINITIONAL_REPRESENTATION('',(#4221),#4224);
#4221 = B_SPLINE_CURVE_WITH_KNOTS('',1,(#4222,#4223),.UNSPECIFIED.,.F.,
  .F.,(2,2),(-77.45,-5.E-02),.PIECEWISE_BEZIER_KNOTS.);
#4222 = CARTESIAN_POINT('',(77.4,2.));
#4223 = CARTESIAN_POINT('',(0.,2.));
#4224 = ( GEOMETRIC_REPRESENTATION_CONTEXT(2) 
PARAMETRIC_REPRESENTATION_CONTEXT() REPRESENTATION_CONTEXT('2D SPACE',''
  ) );
#4225 = PCURVE('',#518,#4226);
#4226 = DEFINITIONAL_REPRESENTATION('',(#4227),#4230);
#4227 = B_SPLINE_CURVE_WITH_KNOTS('',1,(#4228,#4229),.UNSPECIFIED.,.F.,
  .F.,(2,2),(-77.45,-5.E-02),.PIECEWISE_BEZIER_KNOTS.);
#4228 = CARTESIAN_POINT('',(8.224,-77.5));
#4229 = CARTESIAN_POINT('',(8.224,-0.1));
#4230 = ( GEOMETRIC_REPRESENTATION_CONTEXT(2) 
PARAMETRIC_REPRESENTATION_CONTEXT() REPRESENTATION_CONTEXT('2D SPACE',''
  ) );
#4231 = ORIENTED_EDGE('',*,*,#1734,.T.);
#4232 = ORIENTED_EDGE('',*,*,#3500,.F.);
#4233 = ADVANCED_FACE('',(#4234),#518,.F.);
#4234 = FACE_BOUND('',#4235,.F.);
#4235 = EDGE_LOOP('',(#4236,#4257,#4258,#4259));
#4236 = ORIENTED_EDGE('',*,*,#4237,.F.);
#4237 = EDGE_CURVE('',#503,#1758,#4238,.T.);
#4238 = SURFACE_CURVE('',#4239,(#4243,#4250),.PCURVE_S1.);
#4239 = LINE('',#4240,#4241);
#4240 = CARTESIAN_POINT('',(-40.5,21.9,-0.1));
#4241 = VECTOR('',#4242,1.);
#4242 = DIRECTION('',(0.,0.,1.));
#4243 = PCURVE('',#518,#4244);
#4244 = DEFINITIONAL_REPRESENTATION('',(#4245),#4249);
#4245 = LINE('',#4246,#4247);
#4246 = CARTESIAN_POINT('',(43.8,0.));
#4247 = VECTOR('',#4248,1.);
#4248 = DIRECTION('',(0.,-1.));
#4249 = ( GEOMETRIC_REPRESENTATION_CONTEXT(2) 
PARAMETRIC_REPRESENTATION_CONTEXT() REPRESENTATION_CONTEXT('2D SPACE',''
  ) );
#4250 = PCURVE('',#550,#4251);
#4251 = DEFINITIONAL_REPRESENTATION('',(#4252),#4256);
#4252 = LINE('',#4253,#4254);
#4253 = CARTESIAN_POINT('',(-3.14159265359,0.));
#4254 = VECTOR('',#4255,1.);
#4255 = DIRECTION('',(-0.,-1.));
#4256 = ( GEOMETRIC_REPRESENTATION_CONTEXT(2) 
PARAMETRIC_REPRESENTATION_CONTEXT() REPRESENTATION_CONTEXT('2D SPACE',''
  ) );
#4257 = ORIENTED_EDGE('',*,*,#502,.T.);
#4258 = ORIENTED_EDGE('',*,*,#4213,.F.);
#4259 = ORIENTED_EDGE('',*,*,#1757,.F.);
#4260 = ADVANCED_FACE('',(#4261),#550,.F.);
#4261 = FACE_BOUND('',#4262,.T.);
#4262 = EDGE_LOOP('',(#4263,#4264,#4265,#4284));
#4263 = ORIENTED_EDGE('',*,*,#4237,.F.);
#4264 = ORIENTED_EDGE('',*,*,#529,.T.);
#4265 = ORIENTED_EDGE('',*,*,#4266,.F.);
#4266 = EDGE_CURVE('',#1780,#530,#4267,.T.);
#4267 = SURFACE_CURVE('',#4268,(#4272,#4278),.PCURVE_S1.);
#4268 = LINE('',#4269,#4270);
#4269 = CARTESIAN_POINT('',(-40.48713694792,22.5,-0.1));
#4270 = VECTOR('',#4271,1.);
#4271 = DIRECTION('',(-0.,-0.,-1.));
#4272 = PCURVE('',#550,#4273);
#4273 = DEFINITIONAL_REPRESENTATION('',(#4274),#4277);
#4274 = B_SPLINE_CURVE_WITH_KNOTS('',1,(#4275,#4276),.UNSPECIFIED.,.F.,
  .F.,(2,2),(-77.5000006,-9.99994E-02),.PIECEWISE_BEZIER_KNOTS.);
#4275 = CARTESIAN_POINT('',(-3.098722380344,-77.5000006));
#4276 = CARTESIAN_POINT('',(-3.098722380344,-9.99994E-02));
#4277 = ( GEOMETRIC_REPRESENTATION_CONTEXT(2) 
PARAMETRIC_REPRESENTATION_CONTEXT() REPRESENTATION_CONTEXT('2D SPACE',''
  ) );
#4278 = PCURVE('',#578,#4279);
#4279 = DEFINITIONAL_REPRESENTATION('',(#4280),#4283);
#4280 = B_SPLINE_CURVE_WITH_KNOTS('',1,(#4281,#4282),.UNSPECIFIED.,.F.,
  .F.,(2,2),(-77.5000006,-9.99994E-02),.PIECEWISE_BEZIER_KNOTS.);
#4281 = CARTESIAN_POINT('',(77.4000006,1.012863052075));
#4282 = CARTESIAN_POINT('',(-6.000000000034E-07,1.012863052075));
#4283 = ( GEOMETRIC_REPRESENTATION_CONTEXT(2) 
PARAMETRIC_REPRESENTATION_CONTEXT() REPRESENTATION_CONTEXT('2D SPACE',''
  ) );
#4284 = ORIENTED_EDGE('',*,*,#1779,.F.);
#4285 = ADVANCED_FACE('',(#4286),#578,.F.);
#4286 = FACE_BOUND('',#4287,.F.);
#4287 = EDGE_LOOP('',(#4288,#4289,#4290,#4291));
#4288 = ORIENTED_EDGE('',*,*,#562,.F.);
#4289 = ORIENTED_EDGE('',*,*,#4266,.F.);
#4290 = ORIENTED_EDGE('',*,*,#1807,.T.);
#4291 = ORIENTED_EDGE('',*,*,#4292,.T.);
#4292 = EDGE_CURVE('',#1808,#563,#4293,.T.);
#4293 = SURFACE_CURVE('',#4294,(#4298,#4304),.PCURVE_S1.);
#4294 = LINE('',#4295,#4296);
#4295 = CARTESIAN_POINT('',(-34.47746827007,22.5,0.));
#4296 = VECTOR('',#4297,1.);
#4297 = DIRECTION('',(-0.,-0.,-1.));
#4298 = PCURVE('',#578,#4299);
#4299 = DEFINITIONAL_REPRESENTATION('',(#4300),#4303);
#4300 = B_SPLINE_CURVE_WITH_KNOTS('',1,(#4301,#4302),.UNSPECIFIED.,.F.,
  .F.,(2,2),(-77.4000006,6.E-07),.PIECEWISE_BEZIER_KNOTS.);
#4301 = CARTESIAN_POINT('',(77.4000006,7.022531729928));
#4302 = CARTESIAN_POINT('',(-6.E-07,7.022531729928));
#4303 = ( GEOMETRIC_REPRESENTATION_CONTEXT(2) 
PARAMETRIC_REPRESENTATION_CONTEXT() REPRESENTATION_CONTEXT('2D SPACE',''
  ) );
#4304 = PCURVE('',#605,#4305);
#4305 = DEFINITIONAL_REPRESENTATION('',(#4306),#4309);
#4306 = B_SPLINE_CURVE_WITH_KNOTS('',1,(#4307,#4308),.UNSPECIFIED.,.F.,
  .F.,(2,2),(-77.4000006,6.E-07),.PIECEWISE_BEZIER_KNOTS.);
#4307 = CARTESIAN_POINT('',(-3.066522162513,-77.4000006));
#4308 = CARTESIAN_POINT('',(-3.066522162513,6.E-07));
#4309 = ( GEOMETRIC_REPRESENTATION_CONTEXT(2) 
PARAMETRIC_REPRESENTATION_CONTEXT() REPRESENTATION_CONTEXT('2D SPACE',''
  ) );
#4310 = ADVANCED_FACE('',(#4311),#605,.T.);
#4311 = FACE_BOUND('',#4312,.F.);
#4312 = EDGE_LOOP('',(#4313,#4314,#4315,#4316));
#4313 = ORIENTED_EDGE('',*,*,#590,.F.);
#4314 = ORIENTED_EDGE('',*,*,#4292,.F.);
#4315 = ORIENTED_EDGE('',*,*,#1830,.T.);
#4316 = ORIENTED_EDGE('',*,*,#3522,.F.);
#4317 = ADVANCED_FACE('',(#4318),#638,.T.);
#4318 = FACE_BOUND('',#4319,.F.);
#4319 = EDGE_LOOP('',(#4320,#4321,#4342,#4343));
#4320 = ORIENTED_EDGE('',*,*,#619,.F.);
#4321 = ORIENTED_EDGE('',*,*,#4322,.T.);
#4322 = EDGE_CURVE('',#620,#1855,#4323,.T.);
#4323 = SURFACE_CURVE('',#4324,(#4328,#4335),.PCURVE_S1.);
#4324 = LINE('',#4325,#4326);
#4325 = CARTESIAN_POINT('',(-26.5,29.9,0.));
#4326 = VECTOR('',#4327,1.);
#4327 = DIRECTION('',(0.,0.,1.));
#4328 = PCURVE('',#638,#4329);
#4329 = DEFINITIONAL_REPRESENTATION('',(#4330),#4334);
#4330 = LINE('',#4331,#4332);
#4331 = CARTESIAN_POINT('',(-1.570796326795,0.));
#4332 = VECTOR('',#4333,1.);
#4333 = DIRECTION('',(-0.,-1.));
#4334 = ( GEOMETRIC_REPRESENTATION_CONTEXT(2) 
PARAMETRIC_REPRESENTATION_CONTEXT() REPRESENTATION_CONTEXT('2D SPACE',''
  ) );
#4335 = PCURVE('',#753,#4336);
#4336 = DEFINITIONAL_REPRESENTATION('',(#4337),#4341);
#4337 = LINE('',#4338,#4339);
#4338 = CARTESIAN_POINT('',(0.,-1.));
#4339 = VECTOR('',#4340,1.);
#4340 = DIRECTION('',(1.,0.));
#4341 = ( GEOMETRIC_REPRESENTATION_CONTEXT(2) 
PARAMETRIC_REPRESENTATION_CONTEXT() REPRESENTATION_CONTEXT('2D SPACE',''
  ) );
#4342 = ORIENTED_EDGE('',*,*,#1854,.T.);
#4343 = ORIENTED_EDGE('',*,*,#4344,.T.);
#4344 = EDGE_CURVE('',#1857,#622,#4345,.T.);
#4345 = SURFACE_CURVE('',#4346,(#4350,#4356),.PCURVE_S1.);
#4346 = LINE('',#4347,#4348);
#4347 = CARTESIAN_POINT('',(-33.5,25.772983346207,0.));
#4348 = VECTOR('',#4349,1.);
#4349 = DIRECTION('',(-0.,-0.,-1.));
#4350 = PCURVE('',#638,#4351);
#4351 = DEFINITIONAL_REPRESENTATION('',(#4352),#4355);
#4352 = B_SPLINE_CURVE_WITH_KNOTS('',1,(#4353,#4354),.UNSPECIFIED.,.F.,
  .F.,(2,2),(-77.4000006,6.E-07),.PIECEWISE_BEZIER_KNOTS.);
#4353 = CARTESIAN_POINT('',(-2.636232143306,-77.4000006));
#4354 = CARTESIAN_POINT('',(-2.636232143306,6.E-07));
#4355 = ( GEOMETRIC_REPRESENTATION_CONTEXT(2) 
PARAMETRIC_REPRESENTATION_CONTEXT() REPRESENTATION_CONTEXT('2D SPACE',''
  ) );
#4356 = PCURVE('',#666,#4357);
#4357 = DEFINITIONAL_REPRESENTATION('',(#4358),#4361);
#4358 = B_SPLINE_CURVE_WITH_KNOTS('',1,(#4359,#4360),.UNSPECIFIED.,.F.,
  .F.,(2,2),(-77.4000006,6.E-07),.PIECEWISE_BEZIER_KNOTS.);
#4359 = CARTESIAN_POINT('',(77.4000006,-3.272983346207));
#4360 = CARTESIAN_POINT('',(-6.E-07,-3.272983346207));
#4361 = ( GEOMETRIC_REPRESENTATION_CONTEXT(2) 
PARAMETRIC_REPRESENTATION_CONTEXT() REPRESENTATION_CONTEXT('2D SPACE',''
  ) );
#4362 = ADVANCED_FACE('',(#4363),#666,.T.);
#4363 = FACE_BOUND('',#4364,.T.);
#4364 = EDGE_LOOP('',(#4365,#4366,#4367,#4368));
#4365 = ORIENTED_EDGE('',*,*,#1880,.F.);
#4366 = ORIENTED_EDGE('',*,*,#4344,.T.);
#4367 = ORIENTED_EDGE('',*,*,#650,.T.);
#4368 = ORIENTED_EDGE('',*,*,#4369,.T.);
#4369 = EDGE_CURVE('',#651,#1881,#4370,.T.);
#4370 = SURFACE_CURVE('',#4371,(#4375,#4382),.PCURVE_S1.);
#4371 = LINE('',#4372,#4373);
#4372 = CARTESIAN_POINT('',(-33.5,26.5,0.));
#4373 = VECTOR('',#4374,1.);
#4374 = DIRECTION('',(0.,0.,1.));
#4375 = PCURVE('',#666,#4376);
#4376 = DEFINITIONAL_REPRESENTATION('',(#4377),#4381);
#4377 = LINE('',#4378,#4379);
#4378 = CARTESIAN_POINT('',(0.,-4.));
#4379 = VECTOR('',#4380,1.);
#4380 = DIRECTION('',(1.,0.));
#4381 = ( GEOMETRIC_REPRESENTATION_CONTEXT(2) 
PARAMETRIC_REPRESENTATION_CONTEXT() REPRESENTATION_CONTEXT('2D SPACE',''
  ) );
#4382 = PCURVE('',#694,#4383);
#4383 = DEFINITIONAL_REPRESENTATION('',(#4384),#4388);
#4384 = LINE('',#4385,#4386);
#4385 = CARTESIAN_POINT('',(0.,8.));
#4386 = VECTOR('',#4387,1.);
#4387 = DIRECTION('',(1.,0.));
#4388 = ( GEOMETRIC_REPRESENTATION_CONTEXT(2) 
PARAMETRIC_REPRESENTATION_CONTEXT() REPRESENTATION_CONTEXT('2D SPACE',''
  ) );
#4389 = ADVANCED_FACE('',(#4390),#694,.T.);
#4390 = FACE_BOUND('',#4391,.T.);
#4391 = EDGE_LOOP('',(#4392,#4393,#4412,#4413));
#4392 = ORIENTED_EDGE('',*,*,#678,.F.);
#4393 = ORIENTED_EDGE('',*,*,#4394,.F.);
#4394 = EDGE_CURVE('',#1904,#679,#4395,.T.);
#4395 = SURFACE_CURVE('',#4396,(#4400,#4406),.PCURVE_S1.);
#4396 = LINE('',#4397,#4398);
#4397 = CARTESIAN_POINT('',(-39.72270774085,26.5,-0.1));
#4398 = VECTOR('',#4399,1.);
#4399 = DIRECTION('',(-0.,-0.,-1.));
#4400 = PCURVE('',#694,#4401);
#4401 = DEFINITIONAL_REPRESENTATION('',(#4402),#4405);
#4402 = B_SPLINE_CURVE_WITH_KNOTS('',1,(#4403,#4404),.UNSPECIFIED.,.F.,
  .F.,(2,2),(-77.5000006,-9.99994E-02),.PIECEWISE_BEZIER_KNOTS.);
#4403 = CARTESIAN_POINT('',(77.4000006,1.777292259148));
#4404 = CARTESIAN_POINT('',(-6.000000000034E-07,1.777292259148));
#4405 = ( GEOMETRIC_REPRESENTATION_CONTEXT(2) 
PARAMETRIC_REPRESENTATION_CONTEXT() REPRESENTATION_CONTEXT('2D SPACE',''
  ) );
#4406 = PCURVE('',#727,#4407);
#4407 = DEFINITIONAL_REPRESENTATION('',(#4408),#4411);
#4408 = B_SPLINE_CURVE_WITH_KNOTS('',1,(#4409,#4410),.UNSPECIFIED.,.F.,
  .F.,(2,2),(-77.5000006,-9.99994E-02),.PIECEWISE_BEZIER_KNOTS.);
#4409 = CARTESIAN_POINT('',(-2.806802026672,-77.5000006));
#4410 = CARTESIAN_POINT('',(-2.806802026672,-9.99994E-02));
#4411 = ( GEOMETRIC_REPRESENTATION_CONTEXT(2) 
PARAMETRIC_REPRESENTATION_CONTEXT() REPRESENTATION_CONTEXT('2D SPACE',''
  ) );
#4412 = ORIENTED_EDGE('',*,*,#1903,.T.);
#4413 = ORIENTED_EDGE('',*,*,#4369,.F.);
#4414 = ADVANCED_FACE('',(#4415),#727,.F.);
#4415 = FACE_BOUND('',#4416,.T.);
#4416 = EDGE_LOOP('',(#4417,#4418,#4419,#4440));
#4417 = ORIENTED_EDGE('',*,*,#4394,.T.);
#4418 = ORIENTED_EDGE('',*,*,#706,.T.);
#4419 = ORIENTED_EDGE('',*,*,#4420,.T.);
#4420 = EDGE_CURVE('',#707,#1927,#4421,.T.);
#4421 = SURFACE_CURVE('',#4422,(#4426,#4433),.PCURVE_S1.);
#4422 = LINE('',#4423,#4424);
#4423 = CARTESIAN_POINT('',(-26.5,35.9,-0.1));
#4424 = VECTOR('',#4425,1.);
#4425 = DIRECTION('',(0.,0.,1.));
#4426 = PCURVE('',#727,#4427);
#4427 = DEFINITIONAL_REPRESENTATION('',(#4428),#4432);
#4428 = LINE('',#4429,#4430);
#4429 = CARTESIAN_POINT('',(-1.570796326795,0.));
#4430 = VECTOR('',#4431,1.);
#4431 = DIRECTION('',(-0.,-1.));
#4432 = ( GEOMETRIC_REPRESENTATION_CONTEXT(2) 
PARAMETRIC_REPRESENTATION_CONTEXT() REPRESENTATION_CONTEXT('2D SPACE',''
  ) );
#4433 = PCURVE('',#753,#4434);
#4434 = DEFINITIONAL_REPRESENTATION('',(#4435),#4439);
#4435 = LINE('',#4436,#4437);
#4436 = CARTESIAN_POINT('',(-0.1,-7.));
#4437 = VECTOR('',#4438,1.);
#4438 = DIRECTION('',(1.,0.));
#4439 = ( GEOMETRIC_REPRESENTATION_CONTEXT(2) 
PARAMETRIC_REPRESENTATION_CONTEXT() REPRESENTATION_CONTEXT('2D SPACE',''
  ) );
#4440 = ORIENTED_EDGE('',*,*,#1926,.F.);
#4441 = ADVANCED_FACE('',(#4442),#753,.F.);
#4442 = FACE_BOUND('',#4443,.F.);
#4443 = EDGE_LOOP('',(#4444,#4445,#4446,#4447));
#4444 = ORIENTED_EDGE('',*,*,#1954,.F.);
#4445 = ORIENTED_EDGE('',*,*,#4322,.F.);
#4446 = ORIENTED_EDGE('',*,*,#739,.T.);
#4447 = ORIENTED_EDGE('',*,*,#4420,.T.);
#4448 = ADVANCED_FACE('',(#4449,#4491,#4597,#4709,#4821,#4933),#785,.T.
  );
#4449 = FACE_BOUND('',#4450,.T.);
#4450 = EDGE_LOOP('',(#4451,#4452,#4471,#4472));
#4451 = ORIENTED_EDGE('',*,*,#767,.F.);
#4452 = ORIENTED_EDGE('',*,*,#4453,.F.);
#4453 = EDGE_CURVE('',#1978,#768,#4454,.T.);
#4454 = SURFACE_CURVE('',#4455,(#4459,#4465),.PCURVE_S1.);
#4455 = LINE('',#4456,#4457);
#4456 = CARTESIAN_POINT('',(-22.5,29.9,0.));
#4457 = VECTOR('',#4458,1.);
#4458 = DIRECTION('',(0.,0.,-1.));
#4459 = PCURVE('',#785,#4460);
#4460 = DEFINITIONAL_REPRESENTATION('',(#4461),#4464);
#4461 = B_SPLINE_CURVE_WITH_KNOTS('',1,(#4462,#4463),.UNSPECIFIED.,.F.,
  .F.,(2,2),(-77.4,0.),.PIECEWISE_BEZIER_KNOTS.);
#4462 = CARTESIAN_POINT('',(4.,-77.4));
#4463 = CARTESIAN_POINT('',(4.,0.));
#4464 = ( GEOMETRIC_REPRESENTATION_CONTEXT(2) 
PARAMETRIC_REPRESENTATION_CONTEXT() REPRESENTATION_CONTEXT('2D SPACE',''
  ) );
#4465 = PCURVE('',#813,#4466);
#4466 = DEFINITIONAL_REPRESENTATION('',(#4467),#4470);
#4467 = B_SPLINE_CURVE_WITH_KNOTS('',1,(#4468,#4469),.UNSPECIFIED.,.F.,
  .F.,(2,2),(-77.4,0.),.PIECEWISE_BEZIER_KNOTS.);
#4468 = CARTESIAN_POINT('',(77.4,-1.));
#4469 = CARTESIAN_POINT('',(0.,-1.));
#4470 = ( GEOMETRIC_REPRESENTATION_CONTEXT(2) 
PARAMETRIC_REPRESENTATION_CONTEXT() REPRESENTATION_CONTEXT('2D SPACE',''
  ) );
#4471 = ORIENTED_EDGE('',*,*,#1977,.T.);
#4472 = ORIENTED_EDGE('',*,*,#4473,.T.);
#4473 = EDGE_CURVE('',#1980,#770,#4474,.T.);
#4474 = SURFACE_CURVE('',#4475,(#4479,#4485),.PCURVE_S1.);
#4475 = LINE('',#4476,#4477);
#4476 = CARTESIAN_POINT('',(22.5,29.9,0.));
#4477 = VECTOR('',#4478,1.);
#4478 = DIRECTION('',(0.,0.,-1.));
#4479 = PCURVE('',#785,#4480);
#4480 = DEFINITIONAL_REPRESENTATION('',(#4481),#4484);
#4481 = B_SPLINE_CURVE_WITH_KNOTS('',1,(#4482,#4483),.UNSPECIFIED.,.F.,
  .F.,(2,2),(-77.4,0.),.PIECEWISE_BEZIER_KNOTS.);
#4482 = CARTESIAN_POINT('',(49.,-77.4));
#4483 = CARTESIAN_POINT('',(49.,0.));
#4484 = ( GEOMETRIC_REPRESENTATION_CONTEXT(2) 
PARAMETRIC_REPRESENTATION_CONTEXT() REPRESENTATION_CONTEXT('2D SPACE',''
  ) );
#4485 = PCURVE('',#866,#4486);
#4486 = DEFINITIONAL_REPRESENTATION('',(#4487),#4490);
#4487 = B_SPLINE_CURVE_WITH_KNOTS('',1,(#4488,#4489),.UNSPECIFIED.,.F.,
  .F.,(2,2),(-77.4,0.),.PIECEWISE_BEZIER_KNOTS.);
#4488 = CARTESIAN_POINT('',(77.4,-1.));
#4489 = CARTESIAN_POINT('',(0.,-1.));
#4490 = ( GEOMETRIC_REPRESENTATION_CONTEXT(2) 
PARAMETRIC_REPRESENTATION_CONTEXT() REPRESENTATION_CONTEXT('2D SPACE',''
  ) );
#4491 = FACE_BOUND('',#4492,.T.);
#4492 = EDGE_LOOP('',(#4493,#4521,#4547,#4573));
#4493 = ORIENTED_EDGE('',*,*,#4494,.F.);
#4494 = EDGE_CURVE('',#4495,#4497,#4499,.T.);
#4495 = VERTEX_POINT('',#4496);
#4496 = CARTESIAN_POINT('',(-5.,29.9,71.65));
#4497 = VERTEX_POINT('',#4498);
#4498 = CARTESIAN_POINT('',(-5.,29.9,75.65));
#4499 = SURFACE_CURVE('',#4500,(#4504,#4510),.PCURVE_S1.);
#4500 = LINE('',#4501,#4502);
#4501 = CARTESIAN_POINT('',(-5.,29.9,35.825));
#4502 = VECTOR('',#4503,1.);
#4503 = DIRECTION('',(0.,-0.,1.));
#4504 = PCURVE('',#785,#4505);
#4505 = DEFINITIONAL_REPRESENTATION('',(#4506),#4509);
#4506 = B_SPLINE_CURVE_WITH_KNOTS('',1,(#4507,#4508),.UNSPECIFIED.,.F.,
  .F.,(2,2),(35.825,39.825),.PIECEWISE_BEZIER_KNOTS.);
#4507 = CARTESIAN_POINT('',(21.5,-71.65));
#4508 = CARTESIAN_POINT('',(21.5,-75.65));
#4509 = ( GEOMETRIC_REPRESENTATION_CONTEXT(2) 
PARAMETRIC_REPRESENTATION_CONTEXT() REPRESENTATION_CONTEXT('2D SPACE',''
  ) );
#4510 = PCURVE('',#4511,#4516);
#4511 = PLANE('',#4512);
#4512 = AXIS2_PLACEMENT_3D('',#4513,#4514,#4515);
#4513 = CARTESIAN_POINT('',(-5.,30.1,71.65));
#4514 = DIRECTION('',(-1.,0.,0.));
#4515 = DIRECTION('',(0.,0.,1.));
#4516 = DEFINITIONAL_REPRESENTATION('',(#4517),#4520);
#4517 = B_SPLINE_CURVE_WITH_KNOTS('',1,(#4518,#4519),.UNSPECIFIED.,.F.,
  .F.,(2,2),(35.825,39.825),.PIECEWISE_BEZIER_KNOTS.);
#4518 = CARTESIAN_POINT('',(0.,-0.2));
#4519 = CARTESIAN_POINT('',(4.,-0.2));
#4520 = ( GEOMETRIC_REPRESENTATION_CONTEXT(2) 
PARAMETRIC_REPRESENTATION_CONTEXT() REPRESENTATION_CONTEXT('2D SPACE',''
  ) );
#4521 = ORIENTED_EDGE('',*,*,#4522,.T.);
#4522 = EDGE_CURVE('',#4495,#4523,#4525,.T.);
#4523 = VERTEX_POINT('',#4524);
#4524 = CARTESIAN_POINT('',(5.,29.9,71.65));
#4525 = SURFACE_CURVE('',#4526,(#4530,#4536),.PCURVE_S1.);
#4526 = LINE('',#4527,#4528);
#4527 = CARTESIAN_POINT('',(-15.75,29.9,71.65));
#4528 = VECTOR('',#4529,1.);
#4529 = DIRECTION('',(1.,-0.,0.));
#4530 = PCURVE('',#785,#4531);
#4531 = DEFINITIONAL_REPRESENTATION('',(#4532),#4535);
#4532 = B_SPLINE_CURVE_WITH_KNOTS('',1,(#4533,#4534),.UNSPECIFIED.,.F.,
  .F.,(2,2),(10.75,20.75),.PIECEWISE_BEZIER_KNOTS.);
#4533 = CARTESIAN_POINT('',(21.5,-71.65));
#4534 = CARTESIAN_POINT('',(31.5,-71.65));
#4535 = ( GEOMETRIC_REPRESENTATION_CONTEXT(2) 
PARAMETRIC_REPRESENTATION_CONTEXT() REPRESENTATION_CONTEXT('2D SPACE',''
  ) );
#4536 = PCURVE('',#4537,#4542);
#4537 = PLANE('',#4538);
#4538 = AXIS2_PLACEMENT_3D('',#4539,#4540,#4541);
#4539 = CARTESIAN_POINT('',(-5.,30.1,71.65));
#4540 = DIRECTION('',(-0.,0.,1.));
#4541 = DIRECTION('',(1.,0.,0.));
#4542 = DEFINITIONAL_REPRESENTATION('',(#4543),#4546);
#4543 = B_SPLINE_CURVE_WITH_KNOTS('',1,(#4544,#4545),.UNSPECIFIED.,.F.,
  .F.,(2,2),(10.75,20.75),.PIECEWISE_BEZIER_KNOTS.);
#4544 = CARTESIAN_POINT('',(0.,-0.2));
#4545 = CARTESIAN_POINT('',(10.,-0.2));
#4546 = ( GEOMETRIC_REPRESENTATION_CONTEXT(2) 
PARAMETRIC_REPRESENTATION_CONTEXT() REPRESENTATION_CONTEXT('2D SPACE',''
  ) );
#4547 = ORIENTED_EDGE('',*,*,#4548,.T.);
#4548 = EDGE_CURVE('',#4523,#4549,#4551,.T.);
#4549 = VERTEX_POINT('',#4550);
#4550 = CARTESIAN_POINT('',(5.,29.9,75.65));
#4551 = SURFACE_CURVE('',#4552,(#4556,#4562),.PCURVE_S1.);
#4552 = LINE('',#4553,#4554);
#4553 = CARTESIAN_POINT('',(5.,29.9,35.825));
#4554 = VECTOR('',#4555,1.);
#4555 = DIRECTION('',(0.,-0.,1.));
#4556 = PCURVE('',#785,#4557);
#4557 = DEFINITIONAL_REPRESENTATION('',(#4558),#4561);
#4558 = B_SPLINE_CURVE_WITH_KNOTS('',1,(#4559,#4560),.UNSPECIFIED.,.F.,
  .F.,(2,2),(35.825,39.825),.PIECEWISE_BEZIER_KNOTS.);
#4559 = CARTESIAN_POINT('',(31.5,-71.65));
#4560 = CARTESIAN_POINT('',(31.5,-75.65));
#4561 = ( GEOMETRIC_REPRESENTATION_CONTEXT(2) 
PARAMETRIC_REPRESENTATION_CONTEXT() REPRESENTATION_CONTEXT('2D SPACE',''
  ) );
#4562 = PCURVE('',#4563,#4568);
#4563 = PLANE('',#4564);
#4564 = AXIS2_PLACEMENT_3D('',#4565,#4566,#4567);
#4565 = CARTESIAN_POINT('',(5.,30.1,71.65));
#4566 = DIRECTION('',(-1.,0.,0.));
#4567 = DIRECTION('',(0.,0.,1.));
#4568 = DEFINITIONAL_REPRESENTATION('',(#4569),#4572);
#4569 = B_SPLINE_CURVE_WITH_KNOTS('',1,(#4570,#4571),.UNSPECIFIED.,.F.,
  .F.,(2,2),(35.825,39.825),.PIECEWISE_BEZIER_KNOTS.);
#4570 = CARTESIAN_POINT('',(0.,-0.2));
#4571 = CARTESIAN_POINT('',(4.,-0.2));
#4572 = ( GEOMETRIC_REPRESENTATION_CONTEXT(2) 
PARAMETRIC_REPRESENTATION_CONTEXT() REPRESENTATION_CONTEXT('2D SPACE',''
  ) );
#4573 = ORIENTED_EDGE('',*,*,#4574,.F.);
#4574 = EDGE_CURVE('',#4497,#4549,#4575,.T.);
#4575 = SURFACE_CURVE('',#4576,(#4580,#4586),.PCURVE_S1.);
#4576 = LINE('',#4577,#4578);
#4577 = CARTESIAN_POINT('',(-15.75,29.9,75.65));
#4578 = VECTOR('',#4579,1.);
#4579 = DIRECTION('',(1.,-0.,0.));
#4580 = PCURVE('',#785,#4581);
#4581 = DEFINITIONAL_REPRESENTATION('',(#4582),#4585);
#4582 = B_SPLINE_CURVE_WITH_KNOTS('',1,(#4583,#4584),.UNSPECIFIED.,.F.,
  .F.,(2,2),(10.75,20.75),.PIECEWISE_BEZIER_KNOTS.);
#4583 = CARTESIAN_POINT('',(21.5,-75.65));
#4584 = CARTESIAN_POINT('',(31.5,-75.65));
#4585 = ( GEOMETRIC_REPRESENTATION_CONTEXT(2) 
PARAMETRIC_REPRESENTATION_CONTEXT() REPRESENTATION_CONTEXT('2D SPACE',''
  ) );
#4586 = PCURVE('',#4587,#4592);
#4587 = PLANE('',#4588);
#4588 = AXIS2_PLACEMENT_3D('',#4589,#4590,#4591);
#4589 = CARTESIAN_POINT('',(-5.,30.1,75.65));
#4590 = DIRECTION('',(-0.,0.,1.));
#4591 = DIRECTION('',(1.,0.,0.));
#4592 = DEFINITIONAL_REPRESENTATION('',(#4593),#4596);
#4593 = B_SPLINE_CURVE_WITH_KNOTS('',1,(#4594,#4595),.UNSPECIFIED.,.F.,
  .F.,(2,2),(10.75,20.75),.PIECEWISE_BEZIER_KNOTS.);
#4594 = CARTESIAN_POINT('',(0.,-0.2));
#4595 = CARTESIAN_POINT('',(10.,-0.2));
#4596 = ( GEOMETRIC_REPRESENTATION_CONTEXT(2) 
PARAMETRIC_REPRESENTATION_CONTEXT() REPRESENTATION_CONTEXT('2D SPACE',''
  ) );
#4597 = FACE_BOUND('',#4598,.T.);
#4598 = EDGE_LOOP('',(#4599,#4630,#4656,#4685));
#4599 = ORIENTED_EDGE('',*,*,#4600,.F.);
#4600 = EDGE_CURVE('',#4601,#4603,#4605,.T.);
#4601 = VERTEX_POINT('',#4602);
#4602 = CARTESIAN_POINT('',(13.9,29.9,58.2));
#4603 = VERTEX_POINT('',#4604);
#4604 = CARTESIAN_POINT('',(13.9,29.9,55.2));
#4605 = SURFACE_CURVE('',#4606,(#4611,#4618),.PCURVE_S1.);
#4606 = CIRCLE('',#4607,1.5);
#4607 = AXIS2_PLACEMENT_3D('',#4608,#4609,#4610);
#4608 = CARTESIAN_POINT('',(13.9,29.9,56.7));
#4609 = DIRECTION('',(-0.,1.,0.));
#4610 = DIRECTION('',(-1.,-0.,0.));
#4611 = PCURVE('',#785,#4612);
#4612 = DEFINITIONAL_REPRESENTATION('',(#4613),#4617);
#4613 = CIRCLE('',#4614,1.5);
#4614 = AXIS2_PLACEMENT_2D('',#4615,#4616);
#4615 = CARTESIAN_POINT('',(40.4,-56.7));
#4616 = DIRECTION('',(-1.,-0.));
#4617 = ( GEOMETRIC_REPRESENTATION_CONTEXT(2) 
PARAMETRIC_REPRESENTATION_CONTEXT() REPRESENTATION_CONTEXT('2D SPACE',''
  ) );
#4618 = PCURVE('',#4619,#4624);
#4619 = CYLINDRICAL_SURFACE('',#4620,1.5);
#4620 = AXIS2_PLACEMENT_3D('',#4621,#4622,#4623);
#4621 = CARTESIAN_POINT('',(13.9,30.1,56.7));
#4622 = DIRECTION('',(-0.,1.,0.));
#4623 = DIRECTION('',(-1.,-0.,0.));
#4624 = DEFINITIONAL_REPRESENTATION('',(#4625),#4629);
#4625 = LINE('',#4626,#4627);
#4626 = CARTESIAN_POINT('',(0.,-0.2));
#4627 = VECTOR('',#4628,1.);
#4628 = DIRECTION('',(1.,0.));
#4629 = ( GEOMETRIC_REPRESENTATION_CONTEXT(2) 
PARAMETRIC_REPRESENTATION_CONTEXT() REPRESENTATION_CONTEXT('2D SPACE',''
  ) );
#4630 = ORIENTED_EDGE('',*,*,#4631,.T.);
#4631 = EDGE_CURVE('',#4601,#4632,#4634,.T.);
#4632 = VERTEX_POINT('',#4633);
#4633 = CARTESIAN_POINT('',(-13.9,29.9,58.2));
#4634 = SURFACE_CURVE('',#4635,(#4639,#4645),.PCURVE_S1.);
#4635 = LINE('',#4636,#4637);
#4636 = CARTESIAN_POINT('',(-6.3,29.9,58.2));
#4637 = VECTOR('',#4638,1.);
#4638 = DIRECTION('',(-1.,0.,0.));
#4639 = PCURVE('',#785,#4640);
#4640 = DEFINITIONAL_REPRESENTATION('',(#4641),#4644);
#4641 = B_SPLINE_CURVE_WITH_KNOTS('',1,(#4642,#4643),.UNSPECIFIED.,.F.,
  .F.,(2,2),(-20.2,7.6),.PIECEWISE_BEZIER_KNOTS.);
#4642 = CARTESIAN_POINT('',(40.4,-58.2));
#4643 = CARTESIAN_POINT('',(12.6,-58.2));
#4644 = ( GEOMETRIC_REPRESENTATION_CONTEXT(2) 
PARAMETRIC_REPRESENTATION_CONTEXT() REPRESENTATION_CONTEXT('2D SPACE',''
  ) );
#4645 = PCURVE('',#4646,#4651);
#4646 = PLANE('',#4647);
#4647 = AXIS2_PLACEMENT_3D('',#4648,#4649,#4650);
#4648 = CARTESIAN_POINT('',(13.9,30.1,58.2));
#4649 = DIRECTION('',(-0.,-0.,-1.));
#4650 = DIRECTION('',(-1.,0.,0.));
#4651 = DEFINITIONAL_REPRESENTATION('',(#4652),#4655);
#4652 = B_SPLINE_CURVE_WITH_KNOTS('',1,(#4653,#4654),.UNSPECIFIED.,.F.,
  .F.,(2,2),(-20.2,7.6),.PIECEWISE_BEZIER_KNOTS.);
#4653 = CARTESIAN_POINT('',(0.,-0.2));
#4654 = CARTESIAN_POINT('',(27.8,-0.2));
#4655 = ( GEOMETRIC_REPRESENTATION_CONTEXT(2) 
PARAMETRIC_REPRESENTATION_CONTEXT() REPRESENTATION_CONTEXT('2D SPACE',''
  ) );
#4656 = ORIENTED_EDGE('',*,*,#4657,.F.);
#4657 = EDGE_CURVE('',#4658,#4632,#4660,.T.);
#4658 = VERTEX_POINT('',#4659);
#4659 = CARTESIAN_POINT('',(-13.9,29.9,55.2));
#4660 = SURFACE_CURVE('',#4661,(#4666,#4673),.PCURVE_S1.);
#4661 = CIRCLE('',#4662,1.5);
#4662 = AXIS2_PLACEMENT_3D('',#4663,#4664,#4665);
#4663 = CARTESIAN_POINT('',(-13.9,29.9,56.7));
#4664 = DIRECTION('',(-0.,1.,0.));
#4665 = DIRECTION('',(1.,0.,0.));
#4666 = PCURVE('',#785,#4667);
#4667 = DEFINITIONAL_REPRESENTATION('',(#4668),#4672);
#4668 = CIRCLE('',#4669,1.5);
#4669 = AXIS2_PLACEMENT_2D('',#4670,#4671);
#4670 = CARTESIAN_POINT('',(12.6,-56.7));
#4671 = DIRECTION('',(1.,0.));
#4672 = ( GEOMETRIC_REPRESENTATION_CONTEXT(2) 
PARAMETRIC_REPRESENTATION_CONTEXT() REPRESENTATION_CONTEXT('2D SPACE',''
  ) );
#4673 = PCURVE('',#4674,#4679);
#4674 = CYLINDRICAL_SURFACE('',#4675,1.5);
#4675 = AXIS2_PLACEMENT_3D('',#4676,#4677,#4678);
#4676 = CARTESIAN_POINT('',(-13.9,30.1,56.7));
#4677 = DIRECTION('',(-0.,1.,0.));
#4678 = DIRECTION('',(1.,0.,0.));
#4679 = DEFINITIONAL_REPRESENTATION('',(#4680),#4684);
#4680 = LINE('',#4681,#4682);
#4681 = CARTESIAN_POINT('',(0.,-0.2));
#4682 = VECTOR('',#4683,1.);
#4683 = DIRECTION('',(1.,0.));
#4684 = ( GEOMETRIC_REPRESENTATION_CONTEXT(2) 
PARAMETRIC_REPRESENTATION_CONTEXT() REPRESENTATION_CONTEXT('2D SPACE',''
  ) );
#4685 = ORIENTED_EDGE('',*,*,#4686,.T.);
#4686 = EDGE_CURVE('',#4658,#4603,#4687,.T.);
#4687 = SURFACE_CURVE('',#4688,(#4692,#4698),.PCURVE_S1.);
#4688 = LINE('',#4689,#4690);
#4689 = CARTESIAN_POINT('',(-20.2,29.9,55.2));
#4690 = VECTOR('',#4691,1.);
#4691 = DIRECTION('',(1.,-0.,0.));
#4692 = PCURVE('',#785,#4693);
#4693 = DEFINITIONAL_REPRESENTATION('',(#4694),#4697);
#4694 = B_SPLINE_CURVE_WITH_KNOTS('',1,(#4695,#4696),.UNSPECIFIED.,.F.,
  .F.,(2,2),(6.3,34.1),.PIECEWISE_BEZIER_KNOTS.);
#4695 = CARTESIAN_POINT('',(12.6,-55.2));
#4696 = CARTESIAN_POINT('',(40.4,-55.2));
#4697 = ( GEOMETRIC_REPRESENTATION_CONTEXT(2) 
PARAMETRIC_REPRESENTATION_CONTEXT() REPRESENTATION_CONTEXT('2D SPACE',''
  ) );
#4698 = PCURVE('',#4699,#4704);
#4699 = PLANE('',#4700);
#4700 = AXIS2_PLACEMENT_3D('',#4701,#4702,#4703);
#4701 = CARTESIAN_POINT('',(-13.9,30.1,55.2));
#4702 = DIRECTION('',(-0.,0.,1.));
#4703 = DIRECTION('',(1.,0.,0.));
#4704 = DEFINITIONAL_REPRESENTATION('',(#4705),#4708);
#4705 = B_SPLINE_CURVE_WITH_KNOTS('',1,(#4706,#4707),.UNSPECIFIED.,.F.,
  .F.,(2,2),(6.3,34.1),.PIECEWISE_BEZIER_KNOTS.);
#4706 = CARTESIAN_POINT('',(0.,-0.2));
#4707 = CARTESIAN_POINT('',(27.8,-0.2));
#4708 = ( GEOMETRIC_REPRESENTATION_CONTEXT(2) 
PARAMETRIC_REPRESENTATION_CONTEXT() REPRESENTATION_CONTEXT('2D SPACE',''
  ) );
#4709 = FACE_BOUND('',#4710,.T.);
#4710 = EDGE_LOOP('',(#4711,#4742,#4768,#4797));
#4711 = ORIENTED_EDGE('',*,*,#4712,.F.);
#4712 = EDGE_CURVE('',#4713,#4715,#4717,.T.);
#4713 = VERTEX_POINT('',#4714);
#4714 = CARTESIAN_POINT('',(13.9,29.9,46.2));
#4715 = VERTEX_POINT('',#4716);
#4716 = CARTESIAN_POINT('',(13.9,29.9,43.2));
#4717 = SURFACE_CURVE('',#4718,(#4723,#4730),.PCURVE_S1.);
#4718 = CIRCLE('',#4719,1.5);
#4719 = AXIS2_PLACEMENT_3D('',#4720,#4721,#4722);
#4720 = CARTESIAN_POINT('',(13.9,29.9,44.7));
#4721 = DIRECTION('',(-0.,1.,0.));
#4722 = DIRECTION('',(-1.,-0.,0.));
#4723 = PCURVE('',#785,#4724);
#4724 = DEFINITIONAL_REPRESENTATION('',(#4725),#4729);
#4725 = CIRCLE('',#4726,1.5);
#4726 = AXIS2_PLACEMENT_2D('',#4727,#4728);
#4727 = CARTESIAN_POINT('',(40.4,-44.7));
#4728 = DIRECTION('',(-1.,-0.));
#4729 = ( GEOMETRIC_REPRESENTATION_CONTEXT(2) 
PARAMETRIC_REPRESENTATION_CONTEXT() REPRESENTATION_CONTEXT('2D SPACE',''
  ) );
#4730 = PCURVE('',#4731,#4736);
#4731 = CYLINDRICAL_SURFACE('',#4732,1.5);
#4732 = AXIS2_PLACEMENT_3D('',#4733,#4734,#4735);
#4733 = CARTESIAN_POINT('',(13.9,30.1,44.7));
#4734 = DIRECTION('',(-0.,1.,0.));
#4735 = DIRECTION('',(-1.,-0.,0.));
#4736 = DEFINITIONAL_REPRESENTATION('',(#4737),#4741);
#4737 = LINE('',#4738,#4739);
#4738 = CARTESIAN_POINT('',(0.,-0.2));
#4739 = VECTOR('',#4740,1.);
#4740 = DIRECTION('',(1.,0.));
#4741 = ( GEOMETRIC_REPRESENTATION_CONTEXT(2) 
PARAMETRIC_REPRESENTATION_CONTEXT() REPRESENTATION_CONTEXT('2D SPACE',''
  ) );
#4742 = ORIENTED_EDGE('',*,*,#4743,.T.);
#4743 = EDGE_CURVE('',#4713,#4744,#4746,.T.);
#4744 = VERTEX_POINT('',#4745);
#4745 = CARTESIAN_POINT('',(-13.9,29.9,46.2));
#4746 = SURFACE_CURVE('',#4747,(#4751,#4757),.PCURVE_S1.);
#4747 = LINE('',#4748,#4749);
#4748 = CARTESIAN_POINT('',(-6.3,29.9,46.2));
#4749 = VECTOR('',#4750,1.);
#4750 = DIRECTION('',(-1.,0.,0.));
#4751 = PCURVE('',#785,#4752);
#4752 = DEFINITIONAL_REPRESENTATION('',(#4753),#4756);
#4753 = B_SPLINE_CURVE_WITH_KNOTS('',1,(#4754,#4755),.UNSPECIFIED.,.F.,
  .F.,(2,2),(-20.2,7.6),.PIECEWISE_BEZIER_KNOTS.);
#4754 = CARTESIAN_POINT('',(40.4,-46.2));
#4755 = CARTESIAN_POINT('',(12.6,-46.2));
#4756 = ( GEOMETRIC_REPRESENTATION_CONTEXT(2) 
PARAMETRIC_REPRESENTATION_CONTEXT() REPRESENTATION_CONTEXT('2D SPACE',''
  ) );
#4757 = PCURVE('',#4758,#4763);
#4758 = PLANE('',#4759);
#4759 = AXIS2_PLACEMENT_3D('',#4760,#4761,#4762);
#4760 = CARTESIAN_POINT('',(13.9,30.1,46.2));
#4761 = DIRECTION('',(-0.,-0.,-1.));
#4762 = DIRECTION('',(-1.,0.,0.));
#4763 = DEFINITIONAL_REPRESENTATION('',(#4764),#4767);
#4764 = B_SPLINE_CURVE_WITH_KNOTS('',1,(#4765,#4766),.UNSPECIFIED.,.F.,
  .F.,(2,2),(-20.2,7.6),.PIECEWISE_BEZIER_KNOTS.);
#4765 = CARTESIAN_POINT('',(0.,-0.2));
#4766 = CARTESIAN_POINT('',(27.8,-0.2));
#4767 = ( GEOMETRIC_REPRESENTATION_CONTEXT(2) 
PARAMETRIC_REPRESENTATION_CONTEXT() REPRESENTATION_CONTEXT('2D SPACE',''
  ) );
#4768 = ORIENTED_EDGE('',*,*,#4769,.F.);
#4769 = EDGE_CURVE('',#4770,#4744,#4772,.T.);
#4770 = VERTEX_POINT('',#4771);
#4771 = CARTESIAN_POINT('',(-13.9,29.9,43.2));
#4772 = SURFACE_CURVE('',#4773,(#4778,#4785),.PCURVE_S1.);
#4773 = CIRCLE('',#4774,1.5);
#4774 = AXIS2_PLACEMENT_3D('',#4775,#4776,#4777);
#4775 = CARTESIAN_POINT('',(-13.9,29.9,44.7));
#4776 = DIRECTION('',(-0.,1.,0.));
#4777 = DIRECTION('',(1.,0.,0.));
#4778 = PCURVE('',#785,#4779);
#4779 = DEFINITIONAL_REPRESENTATION('',(#4780),#4784);
#4780 = CIRCLE('',#4781,1.5);
#4781 = AXIS2_PLACEMENT_2D('',#4782,#4783);
#4782 = CARTESIAN_POINT('',(12.6,-44.7));
#4783 = DIRECTION('',(1.,0.));
#4784 = ( GEOMETRIC_REPRESENTATION_CONTEXT(2) 
PARAMETRIC_REPRESENTATION_CONTEXT() REPRESENTATION_CONTEXT('2D SPACE',''
  ) );
#4785 = PCURVE('',#4786,#4791);
#4786 = CYLINDRICAL_SURFACE('',#4787,1.5);
#4787 = AXIS2_PLACEMENT_3D('',#4788,#4789,#4790);
#4788 = CARTESIAN_POINT('',(-13.9,30.1,44.7));
#4789 = DIRECTION('',(-0.,1.,0.));
#4790 = DIRECTION('',(1.,0.,0.));
#4791 = DEFINITIONAL_REPRESENTATION('',(#4792),#4796);
#4792 = LINE('',#4793,#4794);
#4793 = CARTESIAN_POINT('',(0.,-0.2));
#4794 = VECTOR('',#4795,1.);
#4795 = DIRECTION('',(1.,0.));
#4796 = ( GEOMETRIC_REPRESENTATION_CONTEXT(2) 
PARAMETRIC_REPRESENTATION_CONTEXT() REPRESENTATION_CONTEXT('2D SPACE',''
  ) );
#4797 = ORIENTED_EDGE('',*,*,#4798,.T.);
#4798 = EDGE_CURVE('',#4770,#4715,#4799,.T.);
#4799 = SURFACE_CURVE('',#4800,(#4804,#4810),.PCURVE_S1.);
#4800 = LINE('',#4801,#4802);
#4801 = CARTESIAN_POINT('',(-20.2,29.9,43.2));
#4802 = VECTOR('',#4803,1.);
#4803 = DIRECTION('',(1.,-0.,0.));
#4804 = PCURVE('',#785,#4805);
#4805 = DEFINITIONAL_REPRESENTATION('',(#4806),#4809);
#4806 = B_SPLINE_CURVE_WITH_KNOTS('',1,(#4807,#4808),.UNSPECIFIED.,.F.,
  .F.,(2,2),(6.3,34.1),.PIECEWISE_BEZIER_KNOTS.);
#4807 = CARTESIAN_POINT('',(12.6,-43.2));
#4808 = CARTESIAN_POINT('',(40.4,-43.2));
#4809 = ( GEOMETRIC_REPRESENTATION_CONTEXT(2) 
PARAMETRIC_REPRESENTATION_CONTEXT() REPRESENTATION_CONTEXT('2D SPACE',''
  ) );
#4810 = PCURVE('',#4811,#4816);
#4811 = PLANE('',#4812);
#4812 = AXIS2_PLACEMENT_3D('',#4813,#4814,#4815);
#4813 = CARTESIAN_POINT('',(-13.9,30.1,43.2));
#4814 = DIRECTION('',(-0.,0.,1.));
#4815 = DIRECTION('',(1.,0.,0.));
#4816 = DEFINITIONAL_REPRESENTATION('',(#4817),#4820);
#4817 = B_SPLINE_CURVE_WITH_KNOTS('',1,(#4818,#4819),.UNSPECIFIED.,.F.,
  .F.,(2,2),(6.3,34.1),.PIECEWISE_BEZIER_KNOTS.);
#4818 = CARTESIAN_POINT('',(0.,-0.2));
#4819 = CARTESIAN_POINT('',(27.8,-0.2));
#4820 = ( GEOMETRIC_REPRESENTATION_CONTEXT(2) 
PARAMETRIC_REPRESENTATION_CONTEXT() REPRESENTATION_CONTEXT('2D SPACE',''
  ) );
#4821 = FACE_BOUND('',#4822,.T.);
#4822 = EDGE_LOOP('',(#4823,#4854,#4880,#4909));
#4823 = ORIENTED_EDGE('',*,*,#4824,.F.);
#4824 = EDGE_CURVE('',#4825,#4827,#4829,.T.);
#4825 = VERTEX_POINT('',#4826);
#4826 = CARTESIAN_POINT('',(13.9,29.9,34.2));
#4827 = VERTEX_POINT('',#4828);
#4828 = CARTESIAN_POINT('',(13.9,29.9,31.2));
#4829 = SURFACE_CURVE('',#4830,(#4835,#4842),.PCURVE_S1.);
#4830 = CIRCLE('',#4831,1.5);
#4831 = AXIS2_PLACEMENT_3D('',#4832,#4833,#4834);
#4832 = CARTESIAN_POINT('',(13.9,29.9,32.7));
#4833 = DIRECTION('',(-0.,1.,0.));
#4834 = DIRECTION('',(-1.,-0.,0.));
#4835 = PCURVE('',#785,#4836);
#4836 = DEFINITIONAL_REPRESENTATION('',(#4837),#4841);
#4837 = CIRCLE('',#4838,1.5);
#4838 = AXIS2_PLACEMENT_2D('',#4839,#4840);
#4839 = CARTESIAN_POINT('',(40.4,-32.7));
#4840 = DIRECTION('',(-1.,-0.));
#4841 = ( GEOMETRIC_REPRESENTATION_CONTEXT(2) 
PARAMETRIC_REPRESENTATION_CONTEXT() REPRESENTATION_CONTEXT('2D SPACE',''
  ) );
#4842 = PCURVE('',#4843,#4848);
#4843 = CYLINDRICAL_SURFACE('',#4844,1.5);
#4844 = AXIS2_PLACEMENT_3D('',#4845,#4846,#4847);
#4845 = CARTESIAN_POINT('',(13.9,30.1,32.7));
#4846 = DIRECTION('',(-0.,1.,0.));
#4847 = DIRECTION('',(-1.,-0.,0.));
#4848 = DEFINITIONAL_REPRESENTATION('',(#4849),#4853);
#4849 = LINE('',#4850,#4851);
#4850 = CARTESIAN_POINT('',(0.,-0.2));
#4851 = VECTOR('',#4852,1.);
#4852 = DIRECTION('',(1.,0.));
#4853 = ( GEOMETRIC_REPRESENTATION_CONTEXT(2) 
PARAMETRIC_REPRESENTATION_CONTEXT() REPRESENTATION_CONTEXT('2D SPACE',''
  ) );
#4854 = ORIENTED_EDGE('',*,*,#4855,.T.);
#4855 = EDGE_CURVE('',#4825,#4856,#4858,.T.);
#4856 = VERTEX_POINT('',#4857);
#4857 = CARTESIAN_POINT('',(-13.9,29.9,34.2));
#4858 = SURFACE_CURVE('',#4859,(#4863,#4869),.PCURVE_S1.);
#4859 = LINE('',#4860,#4861);
#4860 = CARTESIAN_POINT('',(-6.3,29.9,34.2));
#4861 = VECTOR('',#4862,1.);
#4862 = DIRECTION('',(-1.,0.,0.));
#4863 = PCURVE('',#785,#4864);
#4864 = DEFINITIONAL_REPRESENTATION('',(#4865),#4868);
#4865 = B_SPLINE_CURVE_WITH_KNOTS('',1,(#4866,#4867),.UNSPECIFIED.,.F.,
  .F.,(2,2),(-20.2,7.6),.PIECEWISE_BEZIER_KNOTS.);
#4866 = CARTESIAN_POINT('',(40.4,-34.2));
#4867 = CARTESIAN_POINT('',(12.6,-34.2));
#4868 = ( GEOMETRIC_REPRESENTATION_CONTEXT(2) 
PARAMETRIC_REPRESENTATION_CONTEXT() REPRESENTATION_CONTEXT('2D SPACE',''
  ) );
#4869 = PCURVE('',#4870,#4875);
#4870 = PLANE('',#4871);
#4871 = AXIS2_PLACEMENT_3D('',#4872,#4873,#4874);
#4872 = CARTESIAN_POINT('',(13.9,30.1,34.2));
#4873 = DIRECTION('',(-0.,-0.,-1.));
#4874 = DIRECTION('',(-1.,0.,0.));
#4875 = DEFINITIONAL_REPRESENTATION('',(#4876),#4879);
#4876 = B_SPLINE_CURVE_WITH_KNOTS('',1,(#4877,#4878),.UNSPECIFIED.,.F.,
  .F.,(2,2),(-20.2,7.6),.PIECEWISE_BEZIER_KNOTS.);
#4877 = CARTESIAN_POINT('',(0.,-0.2));
#4878 = CARTESIAN_POINT('',(27.8,-0.2));
#4879 = ( GEOMETRIC_REPRESENTATION_CONTEXT(2) 
PARAMETRIC_REPRESENTATION_CONTEXT() REPRESENTATION_CONTEXT('2D SPACE',''
  ) );
#4880 = ORIENTED_EDGE('',*,*,#4881,.F.);
#4881 = EDGE_CURVE('',#4882,#4856,#4884,.T.);
#4882 = VERTEX_POINT('',#4883);
#4883 = CARTESIAN_POINT('',(-13.9,29.9,31.2));
#4884 = SURFACE_CURVE('',#4885,(#4890,#4897),.PCURVE_S1.);
#4885 = CIRCLE('',#4886,1.5);
#4886 = AXIS2_PLACEMENT_3D('',#4887,#4888,#4889);
#4887 = CARTESIAN_POINT('',(-13.9,29.9,32.7));
#4888 = DIRECTION('',(-0.,1.,0.));
#4889 = DIRECTION('',(1.,0.,0.));
#4890 = PCURVE('',#785,#4891);
#4891 = DEFINITIONAL_REPRESENTATION('',(#4892),#4896);
#4892 = CIRCLE('',#4893,1.5);
#4893 = AXIS2_PLACEMENT_2D('',#4894,#4895);
#4894 = CARTESIAN_POINT('',(12.6,-32.7));
#4895 = DIRECTION('',(1.,0.));
#4896 = ( GEOMETRIC_REPRESENTATION_CONTEXT(2) 
PARAMETRIC_REPRESENTATION_CONTEXT() REPRESENTATION_CONTEXT('2D SPACE',''
  ) );
#4897 = PCURVE('',#4898,#4903);
#4898 = CYLINDRICAL_SURFACE('',#4899,1.5);
#4899 = AXIS2_PLACEMENT_3D('',#4900,#4901,#4902);
#4900 = CARTESIAN_POINT('',(-13.9,30.1,32.7));
#4901 = DIRECTION('',(-0.,1.,0.));
#4902 = DIRECTION('',(1.,0.,0.));
#4903 = DEFINITIONAL_REPRESENTATION('',(#4904),#4908);
#4904 = LINE('',#4905,#4906);
#4905 = CARTESIAN_POINT('',(0.,-0.2));
#4906 = VECTOR('',#4907,1.);
#4907 = DIRECTION('',(1.,0.));
#4908 = ( GEOMETRIC_REPRESENTATION_CONTEXT(2) 
PARAMETRIC_REPRESENTATION_CONTEXT() REPRESENTATION_CONTEXT('2D SPACE',''
  ) );
#4909 = ORIENTED_EDGE('',*,*,#4910,.T.);
#4910 = EDGE_CURVE('',#4882,#4827,#4911,.T.);
#4911 = SURFACE_CURVE('',#4912,(#4916,#4922),.PCURVE_S1.);
#4912 = LINE('',#4913,#4914);
#4913 = CARTESIAN_POINT('',(-20.2,29.9,31.2));
#4914 = VECTOR('',#4915,1.);
#4915 = DIRECTION('',(1.,-0.,0.));
#4916 = PCURVE('',#785,#4917);
#4917 = DEFINITIONAL_REPRESENTATION('',(#4918),#4921);
#4918 = B_SPLINE_CURVE_WITH_KNOTS('',1,(#4919,#4920),.UNSPECIFIED.,.F.,
  .F.,(2,2),(6.3,34.1),.PIECEWISE_BEZIER_KNOTS.);
#4919 = CARTESIAN_POINT('',(12.6,-31.2));
#4920 = CARTESIAN_POINT('',(40.4,-31.2));
#4921 = ( GEOMETRIC_REPRESENTATION_CONTEXT(2) 
PARAMETRIC_REPRESENTATION_CONTEXT() REPRESENTATION_CONTEXT('2D SPACE',''
  ) );
#4922 = PCURVE('',#4923,#4928);
#4923 = PLANE('',#4924);
#4924 = AXIS2_PLACEMENT_3D('',#4925,#4926,#4927);
#4925 = CARTESIAN_POINT('',(-13.9,30.1,31.2));
#4926 = DIRECTION('',(-0.,0.,1.));
#4927 = DIRECTION('',(1.,0.,0.));
#4928 = DEFINITIONAL_REPRESENTATION('',(#4929),#4932);
#4929 = B_SPLINE_CURVE_WITH_KNOTS('',1,(#4930,#4931),.UNSPECIFIED.,.F.,
  .F.,(2,2),(6.3,34.1),.PIECEWISE_BEZIER_KNOTS.);
#4930 = CARTESIAN_POINT('',(0.,-0.2));
#4931 = CARTESIAN_POINT('',(27.8,-0.2));
#4932 = ( GEOMETRIC_REPRESENTATION_CONTEXT(2) 
PARAMETRIC_REPRESENTATION_CONTEXT() REPRESENTATION_CONTEXT('2D SPACE',''
  ) );
#4933 = FACE_BOUND('',#4934,.T.);
#4934 = EDGE_LOOP('',(#4935,#4966,#4992,#5021));
#4935 = ORIENTED_EDGE('',*,*,#4936,.F.);
#4936 = EDGE_CURVE('',#4937,#4939,#4941,.T.);
#4937 = VERTEX_POINT('',#4938);
#4938 = CARTESIAN_POINT('',(13.9,29.9,22.2));
#4939 = VERTEX_POINT('',#4940);
#4940 = CARTESIAN_POINT('',(13.9,29.9,19.2));
#4941 = SURFACE_CURVE('',#4942,(#4947,#4954),.PCURVE_S1.);
#4942 = CIRCLE('',#4943,1.5);
#4943 = AXIS2_PLACEMENT_3D('',#4944,#4945,#4946);
#4944 = CARTESIAN_POINT('',(13.9,29.9,20.7));
#4945 = DIRECTION('',(-0.,1.,0.));
#4946 = DIRECTION('',(-1.,-0.,0.));
#4947 = PCURVE('',#785,#4948);
#4948 = DEFINITIONAL_REPRESENTATION('',(#4949),#4953);
#4949 = CIRCLE('',#4950,1.5);
#4950 = AXIS2_PLACEMENT_2D('',#4951,#4952);
#4951 = CARTESIAN_POINT('',(40.4,-20.7));
#4952 = DIRECTION('',(-1.,-0.));
#4953 = ( GEOMETRIC_REPRESENTATION_CONTEXT(2) 
PARAMETRIC_REPRESENTATION_CONTEXT() REPRESENTATION_CONTEXT('2D SPACE',''
  ) );
#4954 = PCURVE('',#4955,#4960);
#4955 = CYLINDRICAL_SURFACE('',#4956,1.5);
#4956 = AXIS2_PLACEMENT_3D('',#4957,#4958,#4959);
#4957 = CARTESIAN_POINT('',(13.9,30.1,20.7));
#4958 = DIRECTION('',(-0.,1.,0.));
#4959 = DIRECTION('',(-1.,-0.,0.));
#4960 = DEFINITIONAL_REPRESENTATION('',(#4961),#4965);
#4961 = LINE('',#4962,#4963);
#4962 = CARTESIAN_POINT('',(0.,-0.2));
#4963 = VECTOR('',#4964,1.);
#4964 = DIRECTION('',(1.,0.));
#4965 = ( GEOMETRIC_REPRESENTATION_CONTEXT(2) 
PARAMETRIC_REPRESENTATION_CONTEXT() REPRESENTATION_CONTEXT('2D SPACE',''
  ) );
#4966 = ORIENTED_EDGE('',*,*,#4967,.T.);
#4967 = EDGE_CURVE('',#4937,#4968,#4970,.T.);
#4968 = VERTEX_POINT('',#4969);
#4969 = CARTESIAN_POINT('',(-13.9,29.9,22.2));
#4970 = SURFACE_CURVE('',#4971,(#4975,#4981),.PCURVE_S1.);
#4971 = LINE('',#4972,#4973);
#4972 = CARTESIAN_POINT('',(-6.3,29.9,22.2));
#4973 = VECTOR('',#4974,1.);
#4974 = DIRECTION('',(-1.,0.,0.));
#4975 = PCURVE('',#785,#4976);
#4976 = DEFINITIONAL_REPRESENTATION('',(#4977),#4980);
#4977 = B_SPLINE_CURVE_WITH_KNOTS('',1,(#4978,#4979),.UNSPECIFIED.,.F.,
  .F.,(2,2),(-20.2,7.6),.PIECEWISE_BEZIER_KNOTS.);
#4978 = CARTESIAN_POINT('',(40.4,-22.2));
#4979 = CARTESIAN_POINT('',(12.6,-22.2));
#4980 = ( GEOMETRIC_REPRESENTATION_CONTEXT(2) 
PARAMETRIC_REPRESENTATION_CONTEXT() REPRESENTATION_CONTEXT('2D SPACE',''
  ) );
#4981 = PCURVE('',#4982,#4987);
#4982 = PLANE('',#4983);
#4983 = AXIS2_PLACEMENT_3D('',#4984,#4985,#4986);
#4984 = CARTESIAN_POINT('',(13.9,30.1,22.2));
#4985 = DIRECTION('',(-0.,-0.,-1.));
#4986 = DIRECTION('',(-1.,0.,0.));
#4987 = DEFINITIONAL_REPRESENTATION('',(#4988),#4991);
#4988 = B_SPLINE_CURVE_WITH_KNOTS('',1,(#4989,#4990),.UNSPECIFIED.,.F.,
  .F.,(2,2),(-20.2,7.6),.PIECEWISE_BEZIER_KNOTS.);
#4989 = CARTESIAN_POINT('',(0.,-0.2));
#4990 = CARTESIAN_POINT('',(27.8,-0.2));
#4991 = ( GEOMETRIC_REPRESENTATION_CONTEXT(2) 
PARAMETRIC_REPRESENTATION_CONTEXT() REPRESENTATION_CONTEXT('2D SPACE',''
  ) );
#4992 = ORIENTED_EDGE('',*,*,#4993,.F.);
#4993 = EDGE_CURVE('',#4994,#4968,#4996,.T.);
#4994 = VERTEX_POINT('',#4995);
#4995 = CARTESIAN_POINT('',(-13.9,29.9,19.2));
#4996 = SURFACE_CURVE('',#4997,(#5002,#5009),.PCURVE_S1.);
#4997 = CIRCLE('',#4998,1.5);
#4998 = AXIS2_PLACEMENT_3D('',#4999,#5000,#5001);
#4999 = CARTESIAN_POINT('',(-13.9,29.9,20.7));
#5000 = DIRECTION('',(-0.,1.,0.));
#5001 = DIRECTION('',(1.,0.,0.));
#5002 = PCURVE('',#785,#5003);
#5003 = DEFINITIONAL_REPRESENTATION('',(#5004),#5008);
#5004 = CIRCLE('',#5005,1.5);
#5005 = AXIS2_PLACEMENT_2D('',#5006,#5007);
#5006 = CARTESIAN_POINT('',(12.6,-20.7));
#5007 = DIRECTION('',(1.,0.));
#5008 = ( GEOMETRIC_REPRESENTATION_CONTEXT(2) 
PARAMETRIC_REPRESENTATION_CONTEXT() REPRESENTATION_CONTEXT('2D SPACE',''
  ) );
#5009 = PCURVE('',#5010,#5015);
#5010 = CYLINDRICAL_SURFACE('',#5011,1.5);
#5011 = AXIS2_PLACEMENT_3D('',#5012,#5013,#5014);
#5012 = CARTESIAN_POINT('',(-13.9,30.1,20.7));
#5013 = DIRECTION('',(-0.,1.,0.));
#5014 = DIRECTION('',(1.,0.,0.));
#5015 = DEFINITIONAL_REPRESENTATION('',(#5016),#5020);
#5016 = LINE('',#5017,#5018);
#5017 = CARTESIAN_POINT('',(0.,-0.2));
#5018 = VECTOR('',#5019,1.);
#5019 = DIRECTION('',(1.,0.));
#5020 = ( GEOMETRIC_REPRESENTATION_CONTEXT(2) 
PARAMETRIC_REPRESENTATION_CONTEXT() REPRESENTATION_CONTEXT('2D SPACE',''
  ) );
#5021 = ORIENTED_EDGE('',*,*,#5022,.T.);
#5022 = EDGE_CURVE('',#4994,#4939,#5023,.T.);
#5023 = SURFACE_CURVE('',#5024,(#5028,#5034),.PCURVE_S1.);
#5024 = LINE('',#5025,#5026);
#5025 = CARTESIAN_POINT('',(-20.2,29.9,19.2));
#5026 = VECTOR('',#5027,1.);
#5027 = DIRECTION('',(1.,-0.,0.));
#5028 = PCURVE('',#785,#5029);
#5029 = DEFINITIONAL_REPRESENTATION('',(#5030),#5033);
#5030 = B_SPLINE_CURVE_WITH_KNOTS('',1,(#5031,#5032),.UNSPECIFIED.,.F.,
  .F.,(2,2),(6.3,34.1),.PIECEWISE_BEZIER_KNOTS.);
#5031 = CARTESIAN_POINT('',(12.6,-19.2));
#5032 = CARTESIAN_POINT('',(40.4,-19.2));
#5033 = ( GEOMETRIC_REPRESENTATION_CONTEXT(2) 
PARAMETRIC_REPRESENTATION_CONTEXT() REPRESENTATION_CONTEXT('2D SPACE',''
  ) );
#5034 = PCURVE('',#5035,#5040);
#5035 = PLANE('',#5036);
#5036 = AXIS2_PLACEMENT_3D('',#5037,#5038,#5039);
#5037 = CARTESIAN_POINT('',(-13.9,30.1,19.2));
#5038 = DIRECTION('',(-0.,0.,1.));
#5039 = DIRECTION('',(1.,0.,0.));
#5040 = DEFINITIONAL_REPRESENTATION('',(#5041),#5044);
#5041 = B_SPLINE_CURVE_WITH_KNOTS('',1,(#5042,#5043),.UNSPECIFIED.,.F.,
  .F.,(2,2),(6.3,34.1),.PIECEWISE_BEZIER_KNOTS.);
#5042 = CARTESIAN_POINT('',(0.,-0.2));
#5043 = CARTESIAN_POINT('',(27.8,-0.2));
#5044 = ( GEOMETRIC_REPRESENTATION_CONTEXT(2) 
PARAMETRIC_REPRESENTATION_CONTEXT() REPRESENTATION_CONTEXT('2D SPACE',''
  ) );
#5045 = ADVANCED_FACE('',(#5046),#813,.T.);
#5046 = FACE_BOUND('',#5047,.T.);
#5047 = EDGE_LOOP('',(#5048,#5049,#5050,#5051));
#5048 = ORIENTED_EDGE('',*,*,#2002,.F.);
#5049 = ORIENTED_EDGE('',*,*,#4453,.T.);
#5050 = ORIENTED_EDGE('',*,*,#797,.T.);
#5051 = ORIENTED_EDGE('',*,*,#5052,.F.);
#5052 = EDGE_CURVE('',#2003,#798,#5053,.T.);
#5053 = SURFACE_CURVE('',#5054,(#5058,#5064),.PCURVE_S1.);
#5054 = LINE('',#5055,#5056);
#5055 = CARTESIAN_POINT('',(-22.5,35.9,-5.E-02));
#5056 = VECTOR('',#5057,1.);
#5057 = DIRECTION('',(0.,0.,-1.));
#5058 = PCURVE('',#813,#5059);
#5059 = DEFINITIONAL_REPRESENTATION('',(#5060),#5063);
#5060 = B_SPLINE_CURVE_WITH_KNOTS('',1,(#5061,#5062),.UNSPECIFIED.,.F.,
  .F.,(2,2),(-77.45,-5.E-02),.PIECEWISE_BEZIER_KNOTS.);
#5061 = CARTESIAN_POINT('',(77.4,-7.));
#5062 = CARTESIAN_POINT('',(0.,-7.));
#5063 = ( GEOMETRIC_REPRESENTATION_CONTEXT(2) 
PARAMETRIC_REPRESENTATION_CONTEXT() REPRESENTATION_CONTEXT('2D SPACE',''
  ) );
#5064 = PCURVE('',#841,#5065);
#5065 = DEFINITIONAL_REPRESENTATION('',(#5066),#5069);
#5066 = B_SPLINE_CURVE_WITH_KNOTS('',1,(#5067,#5068),.UNSPECIFIED.,.F.,
  .F.,(2,2),(-77.45,-5.E-02),.PIECEWISE_BEZIER_KNOTS.);
#5067 = CARTESIAN_POINT('',(4.,-77.5));
#5068 = CARTESIAN_POINT('',(4.,-0.1));
#5069 = ( GEOMETRIC_REPRESENTATION_CONTEXT(2) 
PARAMETRIC_REPRESENTATION_CONTEXT() REPRESENTATION_CONTEXT('2D SPACE',''
  ) );
#5070 = ADVANCED_FACE('',(#5071),#841,.F.);
#5071 = FACE_BOUND('',#5072,.F.);
#5072 = EDGE_LOOP('',(#5073,#5092,#5093,#5094));
#5073 = ORIENTED_EDGE('',*,*,#5074,.T.);
#5074 = EDGE_CURVE('',#2026,#826,#5075,.T.);
#5075 = SURFACE_CURVE('',#5076,(#5080,#5086),.PCURVE_S1.);
#5076 = LINE('',#5077,#5078);
#5077 = CARTESIAN_POINT('',(22.5,35.9,-5.E-02));
#5078 = VECTOR('',#5079,1.);
#5079 = DIRECTION('',(0.,0.,-1.));
#5080 = PCURVE('',#841,#5081);
#5081 = DEFINITIONAL_REPRESENTATION('',(#5082),#5085);
#5082 = B_SPLINE_CURVE_WITH_KNOTS('',1,(#5083,#5084),.UNSPECIFIED.,.F.,
  .F.,(2,2),(-77.45,-5.E-02),.PIECEWISE_BEZIER_KNOTS.);
#5083 = CARTESIAN_POINT('',(49.,-77.5));
#5084 = CARTESIAN_POINT('',(49.,-0.1));
#5085 = ( GEOMETRIC_REPRESENTATION_CONTEXT(2) 
PARAMETRIC_REPRESENTATION_CONTEXT() REPRESENTATION_CONTEXT('2D SPACE',''
  ) );
#5086 = PCURVE('',#866,#5087);
#5087 = DEFINITIONAL_REPRESENTATION('',(#5088),#5091);
#5088 = B_SPLINE_CURVE_WITH_KNOTS('',1,(#5089,#5090),.UNSPECIFIED.,.F.,
  .F.,(2,2),(-77.45,-5.E-02),.PIECEWISE_BEZIER_KNOTS.);
#5089 = CARTESIAN_POINT('',(77.4,-7.));
#5090 = CARTESIAN_POINT('',(0.,-7.));
#5091 = ( GEOMETRIC_REPRESENTATION_CONTEXT(2) 
PARAMETRIC_REPRESENTATION_CONTEXT() REPRESENTATION_CONTEXT('2D SPACE',''
  ) );
#5092 = ORIENTED_EDGE('',*,*,#825,.T.);
#5093 = ORIENTED_EDGE('',*,*,#5052,.F.);
#5094 = ORIENTED_EDGE('',*,*,#2025,.F.);
#5095 = ADVANCED_FACE('',(#5096),#866,.F.);
#5096 = FACE_BOUND('',#5097,.F.);
#5097 = EDGE_LOOP('',(#5098,#5099,#5100,#5101));
#5098 = ORIENTED_EDGE('',*,*,#2047,.F.);
#5099 = ORIENTED_EDGE('',*,*,#4473,.T.);
#5100 = ORIENTED_EDGE('',*,*,#852,.T.);
#5101 = ORIENTED_EDGE('',*,*,#5074,.F.);
#5102 = ADVANCED_FACE('',(#5103),#899,.T.);
#5103 = FACE_BOUND('',#5104,.F.);
#5104 = EDGE_LOOP('',(#5105,#5106,#5125,#5126));
#5105 = ORIENTED_EDGE('',*,*,#880,.F.);
#5106 = ORIENTED_EDGE('',*,*,#5107,.F.);
#5107 = EDGE_CURVE('',#2071,#881,#5108,.T.);
#5108 = SURFACE_CURVE('',#5109,(#5113,#5119),.PCURVE_S1.);
#5109 = LINE('',#5110,#5111);
#5110 = CARTESIAN_POINT('',(33.5,25.772983346207,0.));
#5111 = VECTOR('',#5112,1.);
#5112 = DIRECTION('',(-0.,-0.,-1.));
#5113 = PCURVE('',#899,#5114);
#5114 = DEFINITIONAL_REPRESENTATION('',(#5115),#5118);
#5115 = B_SPLINE_CURVE_WITH_KNOTS('',1,(#5116,#5117),.UNSPECIFIED.,.F.,
  .F.,(2,2),(-77.4000006,6.E-07),.PIECEWISE_BEZIER_KNOTS.);
#5116 = CARTESIAN_POINT('',(-0.505360510284,-77.4000006));
#5117 = CARTESIAN_POINT('',(-0.505360510284,6.E-07));
#5118 = ( GEOMETRIC_REPRESENTATION_CONTEXT(2) 
PARAMETRIC_REPRESENTATION_CONTEXT() REPRESENTATION_CONTEXT('2D SPACE',''
  ) );
#5119 = PCURVE('',#1014,#5120);
#5120 = DEFINITIONAL_REPRESENTATION('',(#5121),#5124);
#5121 = B_SPLINE_CURVE_WITH_KNOTS('',1,(#5122,#5123),.UNSPECIFIED.,.F.,
  .F.,(2,2),(-77.4000006,6.E-07),.PIECEWISE_BEZIER_KNOTS.);
#5122 = CARTESIAN_POINT('',(77.4000006,-3.272983346207));
#5123 = CARTESIAN_POINT('',(-6.E-07,-3.272983346207));
#5124 = ( GEOMETRIC_REPRESENTATION_CONTEXT(2) 
PARAMETRIC_REPRESENTATION_CONTEXT() REPRESENTATION_CONTEXT('2D SPACE',''
  ) );
#5125 = ORIENTED_EDGE('',*,*,#2070,.T.);
#5126 = ORIENTED_EDGE('',*,*,#5127,.F.);
#5127 = EDGE_CURVE('',#883,#2073,#5128,.T.);
#5128 = SURFACE_CURVE('',#5129,(#5133,#5140),.PCURVE_S1.);
#5129 = LINE('',#5130,#5131);
#5130 = CARTESIAN_POINT('',(26.5,29.9,0.));
#5131 = VECTOR('',#5132,1.);
#5132 = DIRECTION('',(0.,0.,1.));
#5133 = PCURVE('',#899,#5134);
#5134 = DEFINITIONAL_REPRESENTATION('',(#5135),#5139);
#5135 = LINE('',#5136,#5137);
#5136 = CARTESIAN_POINT('',(-1.570796326795,0.));
#5137 = VECTOR('',#5138,1.);
#5138 = DIRECTION('',(-0.,-1.));
#5139 = ( GEOMETRIC_REPRESENTATION_CONTEXT(2) 
PARAMETRIC_REPRESENTATION_CONTEXT() REPRESENTATION_CONTEXT('2D SPACE',''
  ) );
#5140 = PCURVE('',#927,#5141);
#5141 = DEFINITIONAL_REPRESENTATION('',(#5142),#5146);
#5142 = LINE('',#5143,#5144);
#5143 = CARTESIAN_POINT('',(0.,-1.));
#5144 = VECTOR('',#5145,1.);
#5145 = DIRECTION('',(1.,0.));
#5146 = ( GEOMETRIC_REPRESENTATION_CONTEXT(2) 
PARAMETRIC_REPRESENTATION_CONTEXT() REPRESENTATION_CONTEXT('2D SPACE',''
  ) );
#5147 = ADVANCED_FACE('',(#5148),#927,.T.);
#5148 = FACE_BOUND('',#5149,.T.);
#5149 = EDGE_LOOP('',(#5150,#5151,#5152,#5153));
#5150 = ORIENTED_EDGE('',*,*,#2096,.F.);
#5151 = ORIENTED_EDGE('',*,*,#5127,.F.);
#5152 = ORIENTED_EDGE('',*,*,#911,.T.);
#5153 = ORIENTED_EDGE('',*,*,#5154,.T.);
#5154 = EDGE_CURVE('',#912,#2097,#5155,.T.);
#5155 = SURFACE_CURVE('',#5156,(#5160,#5167),.PCURVE_S1.);
#5156 = LINE('',#5157,#5158);
#5157 = CARTESIAN_POINT('',(26.5,35.9,-0.1));
#5158 = VECTOR('',#5159,1.);
#5159 = DIRECTION('',(0.,0.,1.));
#5160 = PCURVE('',#927,#5161);
#5161 = DEFINITIONAL_REPRESENTATION('',(#5162),#5166);
#5162 = LINE('',#5163,#5164);
#5163 = CARTESIAN_POINT('',(-0.1,-7.));
#5164 = VECTOR('',#5165,1.);
#5165 = DIRECTION('',(1.,0.));
#5166 = ( GEOMETRIC_REPRESENTATION_CONTEXT(2) 
PARAMETRIC_REPRESENTATION_CONTEXT() REPRESENTATION_CONTEXT('2D SPACE',''
  ) );
#5167 = PCURVE('',#960,#5168);
#5168 = DEFINITIONAL_REPRESENTATION('',(#5169),#5173);
#5169 = LINE('',#5170,#5171);
#5170 = CARTESIAN_POINT('',(-1.570796326795,0.));
#5171 = VECTOR('',#5172,1.);
#5172 = DIRECTION('',(-0.,-1.));
#5173 = ( GEOMETRIC_REPRESENTATION_CONTEXT(2) 
PARAMETRIC_REPRESENTATION_CONTEXT() REPRESENTATION_CONTEXT('2D SPACE',''
  ) );
#5174 = ADVANCED_FACE('',(#5175),#960,.F.);
#5175 = FACE_BOUND('',#5176,.T.);
#5176 = EDGE_LOOP('',(#5177,#5178,#5179,#5198));
#5177 = ORIENTED_EDGE('',*,*,#5154,.F.);
#5178 = ORIENTED_EDGE('',*,*,#939,.T.);
#5179 = ORIENTED_EDGE('',*,*,#5180,.F.);
#5180 = EDGE_CURVE('',#2120,#940,#5181,.T.);
#5181 = SURFACE_CURVE('',#5182,(#5186,#5192),.PCURVE_S1.);
#5182 = LINE('',#5183,#5184);
#5183 = CARTESIAN_POINT('',(39.722707740852,26.5,-0.1));
#5184 = VECTOR('',#5185,1.);
#5185 = DIRECTION('',(-0.,-0.,-1.));
#5186 = PCURVE('',#960,#5187);
#5187 = DEFINITIONAL_REPRESENTATION('',(#5188),#5191);
#5188 = B_SPLINE_CURVE_WITH_KNOTS('',1,(#5189,#5190),.UNSPECIFIED.,.F.,
  .F.,(2,2),(-77.5000006,-9.99994E-02),.PIECEWISE_BEZIER_KNOTS.);
#5189 = CARTESIAN_POINT('',(-0.334790626917,-77.5000006));
#5190 = CARTESIAN_POINT('',(-0.334790626917,-9.99994E-02));
#5191 = ( GEOMETRIC_REPRESENTATION_CONTEXT(2) 
PARAMETRIC_REPRESENTATION_CONTEXT() REPRESENTATION_CONTEXT('2D SPACE',''
  ) );
#5192 = PCURVE('',#988,#5193);
#5193 = DEFINITIONAL_REPRESENTATION('',(#5194),#5197);
#5194 = B_SPLINE_CURVE_WITH_KNOTS('',1,(#5195,#5196),.UNSPECIFIED.,.F.,
  .F.,(2,2),(-77.5000006,-9.99994E-02),.PIECEWISE_BEZIER_KNOTS.);
#5195 = CARTESIAN_POINT('',(77.4000006,6.222707740852));
#5196 = CARTESIAN_POINT('',(-6.000000000034E-07,6.222707740852));
#5197 = ( GEOMETRIC_REPRESENTATION_CONTEXT(2) 
PARAMETRIC_REPRESENTATION_CONTEXT() REPRESENTATION_CONTEXT('2D SPACE',''
  ) );
#5198 = ORIENTED_EDGE('',*,*,#2119,.F.);
#5199 = ADVANCED_FACE('',(#5200),#988,.T.);
#5200 = FACE_BOUND('',#5201,.T.);
#5201 = EDGE_LOOP('',(#5202,#5203,#5224,#5225));
#5202 = ORIENTED_EDGE('',*,*,#972,.F.);
#5203 = ORIENTED_EDGE('',*,*,#5204,.T.);
#5204 = EDGE_CURVE('',#973,#2148,#5205,.T.);
#5205 = SURFACE_CURVE('',#5206,(#5210,#5217),.PCURVE_S1.);
#5206 = LINE('',#5207,#5208);
#5207 = CARTESIAN_POINT('',(33.5,26.5,0.));
#5208 = VECTOR('',#5209,1.);
#5209 = DIRECTION('',(0.,0.,1.));
#5210 = PCURVE('',#988,#5211);
#5211 = DEFINITIONAL_REPRESENTATION('',(#5212),#5216);
#5212 = LINE('',#5213,#5214);
#5213 = CARTESIAN_POINT('',(0.,0.));
#5214 = VECTOR('',#5215,1.);
#5215 = DIRECTION('',(1.,0.));
#5216 = ( GEOMETRIC_REPRESENTATION_CONTEXT(2) 
PARAMETRIC_REPRESENTATION_CONTEXT() REPRESENTATION_CONTEXT('2D SPACE',''
  ) );
#5217 = PCURVE('',#1014,#5218);
#5218 = DEFINITIONAL_REPRESENTATION('',(#5219),#5223);
#5219 = LINE('',#5220,#5221);
#5220 = CARTESIAN_POINT('',(0.,-4.));
#5221 = VECTOR('',#5222,1.);
#5222 = DIRECTION('',(1.,0.));
#5223 = ( GEOMETRIC_REPRESENTATION_CONTEXT(2) 
PARAMETRIC_REPRESENTATION_CONTEXT() REPRESENTATION_CONTEXT('2D SPACE',''
  ) );
#5224 = ORIENTED_EDGE('',*,*,#2147,.T.);
#5225 = ORIENTED_EDGE('',*,*,#5180,.T.);
#5226 = ADVANCED_FACE('',(#5227),#1014,.F.);
#5227 = FACE_BOUND('',#5228,.F.);
#5228 = EDGE_LOOP('',(#5229,#5230,#5231,#5232));
#5229 = ORIENTED_EDGE('',*,*,#2170,.F.);
#5230 = ORIENTED_EDGE('',*,*,#5107,.T.);
#5231 = ORIENTED_EDGE('',*,*,#1000,.T.);
#5232 = ORIENTED_EDGE('',*,*,#5204,.T.);
#5233 = ADVANCED_FACE('',(#5234),#1047,.T.);
#5234 = FACE_BOUND('',#5235,.F.);
#5235 = EDGE_LOOP('',(#5236,#5237,#5258,#5259));
#5236 = ORIENTED_EDGE('',*,*,#1028,.F.);
#5237 = ORIENTED_EDGE('',*,*,#5238,.T.);
#5238 = EDGE_CURVE('',#1029,#2194,#5239,.T.);
#5239 = SURFACE_CURVE('',#5240,(#5244,#5251),.PCURVE_S1.);
#5240 = LINE('',#5241,#5242);
#5241 = CARTESIAN_POINT('',(34.5,21.9,0.));
#5242 = VECTOR('',#5243,1.);
#5243 = DIRECTION('',(0.,0.,1.));
#5244 = PCURVE('',#1047,#5245);
#5245 = DEFINITIONAL_REPRESENTATION('',(#5246),#5250);
#5246 = LINE('',#5247,#5248);
#5247 = CARTESIAN_POINT('',(-0.,0.));
#5248 = VECTOR('',#5249,1.);
#5249 = DIRECTION('',(-0.,-1.));
#5250 = ( GEOMETRIC_REPRESENTATION_CONTEXT(2) 
PARAMETRIC_REPRESENTATION_CONTEXT() REPRESENTATION_CONTEXT('2D SPACE',''
  ) );
#5251 = PCURVE('',#1189,#5252);
#5252 = DEFINITIONAL_REPRESENTATION('',(#5253),#5257);
#5253 = LINE('',#5254,#5255);
#5254 = CARTESIAN_POINT('',(43.8,0.));
#5255 = VECTOR('',#5256,1.);
#5256 = DIRECTION('',(0.,-1.));
#5257 = ( GEOMETRIC_REPRESENTATION_CONTEXT(2) 
PARAMETRIC_REPRESENTATION_CONTEXT() REPRESENTATION_CONTEXT('2D SPACE',''
  ) );
#5258 = ORIENTED_EDGE('',*,*,#2193,.T.);
#5259 = ORIENTED_EDGE('',*,*,#5260,.T.);
#5260 = EDGE_CURVE('',#2196,#1031,#5261,.T.);
#5261 = SURFACE_CURVE('',#5262,(#5266,#5272),.PCURVE_S1.);
#5262 = LINE('',#5263,#5264);
#5263 = CARTESIAN_POINT('',(34.477468270072,22.5,0.));
#5264 = VECTOR('',#5265,1.);
#5265 = DIRECTION('',(-0.,-0.,-1.));
#5266 = PCURVE('',#1047,#5267);
#5267 = DEFINITIONAL_REPRESENTATION('',(#5268),#5271);
#5268 = B_SPLINE_CURVE_WITH_KNOTS('',1,(#5269,#5270),.UNSPECIFIED.,.F.,
  .F.,(2,2),(-77.4000006,6.E-07),.PIECEWISE_BEZIER_KNOTS.);
#5269 = CARTESIAN_POINT('',(-7.507049107672E-02,-77.4000006));
#5270 = CARTESIAN_POINT('',(-7.507049107672E-02,6.E-07));
#5271 = ( GEOMETRIC_REPRESENTATION_CONTEXT(2) 
PARAMETRIC_REPRESENTATION_CONTEXT() REPRESENTATION_CONTEXT('2D SPACE',''
  ) );
#5272 = PCURVE('',#1075,#5273);
#5273 = DEFINITIONAL_REPRESENTATION('',(#5274),#5277);
#5274 = B_SPLINE_CURVE_WITH_KNOTS('',1,(#5275,#5276),.UNSPECIFIED.,.F.,
  .F.,(2,2),(-77.4000006,6.E-07),.PIECEWISE_BEZIER_KNOTS.);
#5275 = CARTESIAN_POINT('',(77.4000006,0.977468270072));
#5276 = CARTESIAN_POINT('',(-6.E-07,0.977468270072));
#5277 = ( GEOMETRIC_REPRESENTATION_CONTEXT(2) 
PARAMETRIC_REPRESENTATION_CONTEXT() REPRESENTATION_CONTEXT('2D SPACE',''
  ) );
#5278 = ADVANCED_FACE('',(#5279),#1075,.F.);
#5279 = FACE_BOUND('',#5280,.F.);
#5280 = EDGE_LOOP('',(#5281,#5282,#5283,#5284));
#5281 = ORIENTED_EDGE('',*,*,#1059,.F.);
#5282 = ORIENTED_EDGE('',*,*,#5260,.F.);
#5283 = ORIENTED_EDGE('',*,*,#2219,.T.);
#5284 = ORIENTED_EDGE('',*,*,#5285,.T.);
#5285 = EDGE_CURVE('',#2220,#1060,#5286,.T.);
#5286 = SURFACE_CURVE('',#5287,(#5291,#5297),.PCURVE_S1.);
#5287 = LINE('',#5288,#5289);
#5288 = CARTESIAN_POINT('',(40.487136947925,22.5,-0.1));
#5289 = VECTOR('',#5290,1.);
#5290 = DIRECTION('',(-0.,-0.,-1.));
#5291 = PCURVE('',#1075,#5292);
#5292 = DEFINITIONAL_REPRESENTATION('',(#5293),#5296);
#5293 = B_SPLINE_CURVE_WITH_KNOTS('',1,(#5294,#5295),.UNSPECIFIED.,.F.,
  .F.,(2,2),(-77.5000006,-9.99994E-02),.PIECEWISE_BEZIER_KNOTS.);
#5294 = CARTESIAN_POINT('',(77.4000006,6.987136947925));
#5295 = CARTESIAN_POINT('',(-6.000000000034E-07,6.987136947925));
#5296 = ( GEOMETRIC_REPRESENTATION_CONTEXT(2) 
PARAMETRIC_REPRESENTATION_CONTEXT() REPRESENTATION_CONTEXT('2D SPACE',''
  ) );
#5297 = PCURVE('',#1108,#5298);
#5298 = DEFINITIONAL_REPRESENTATION('',(#5299),#5302);
#5299 = B_SPLINE_CURVE_WITH_KNOTS('',1,(#5300,#5301),.UNSPECIFIED.,.F.,
  .F.,(2,2),(-77.5000006,-9.99994E-02),.PIECEWISE_BEZIER_KNOTS.);
#5300 = CARTESIAN_POINT('',(-4.287027324624E-02,-77.5000006));
#5301 = CARTESIAN_POINT('',(-4.287027324624E-02,-9.99994E-02));
#5302 = ( GEOMETRIC_REPRESENTATION_CONTEXT(2) 
PARAMETRIC_REPRESENTATION_CONTEXT() REPRESENTATION_CONTEXT('2D SPACE',''
  ) );
#5303 = ADVANCED_FACE('',(#5304),#1108,.F.);
#5304 = FACE_BOUND('',#5305,.T.);
#5305 = EDGE_LOOP('',(#5306,#5307,#5308,#5329));
#5306 = ORIENTED_EDGE('',*,*,#5285,.T.);
#5307 = ORIENTED_EDGE('',*,*,#1087,.T.);
#5308 = ORIENTED_EDGE('',*,*,#5309,.T.);
#5309 = EDGE_CURVE('',#1088,#2243,#5310,.T.);
#5310 = SURFACE_CURVE('',#5311,(#5315,#5322),.PCURVE_S1.);
#5311 = LINE('',#5312,#5313);
#5312 = CARTESIAN_POINT('',(40.5,21.9,-0.1));
#5313 = VECTOR('',#5314,1.);
#5314 = DIRECTION('',(0.,0.,1.));
#5315 = PCURVE('',#1108,#5316);
#5316 = DEFINITIONAL_REPRESENTATION('',(#5317),#5321);
#5317 = LINE('',#5318,#5319);
#5318 = CARTESIAN_POINT('',(-0.,0.));
#5319 = VECTOR('',#5320,1.);
#5320 = DIRECTION('',(-0.,-1.));
#5321 = ( GEOMETRIC_REPRESENTATION_CONTEXT(2) 
PARAMETRIC_REPRESENTATION_CONTEXT() REPRESENTATION_CONTEXT('2D SPACE',''
  ) );
#5322 = PCURVE('',#1136,#5323);
#5323 = DEFINITIONAL_REPRESENTATION('',(#5324),#5328);
#5324 = LINE('',#5325,#5326);
#5325 = CARTESIAN_POINT('',(43.8,0.));
#5326 = VECTOR('',#5327,1.);
#5327 = DIRECTION('',(0.,-1.));
#5328 = ( GEOMETRIC_REPRESENTATION_CONTEXT(2) 
PARAMETRIC_REPRESENTATION_CONTEXT() REPRESENTATION_CONTEXT('2D SPACE',''
  ) );
#5329 = ORIENTED_EDGE('',*,*,#2242,.F.);
#5330 = ADVANCED_FACE('',(#5331),#1136,.T.);
#5331 = FACE_BOUND('',#5332,.T.);
#5332 = EDGE_LOOP('',(#5333,#5334,#5335,#5354));
#5333 = ORIENTED_EDGE('',*,*,#5309,.F.);
#5334 = ORIENTED_EDGE('',*,*,#1120,.T.);
#5335 = ORIENTED_EDGE('',*,*,#5336,.F.);
#5336 = EDGE_CURVE('',#2271,#1121,#5337,.T.);
#5337 = SURFACE_CURVE('',#5338,(#5342,#5348),.PCURVE_S1.);
#5338 = LINE('',#5339,#5340);
#5339 = CARTESIAN_POINT('',(40.5,-13.676,-5.E-02));
#5340 = VECTOR('',#5341,1.);
#5341 = DIRECTION('',(0.,0.,-1.));
#5342 = PCURVE('',#1136,#5343);
#5343 = DEFINITIONAL_REPRESENTATION('',(#5344),#5347);
#5344 = B_SPLINE_CURVE_WITH_KNOTS('',1,(#5345,#5346),.UNSPECIFIED.,.F.,
  .F.,(2,2),(-77.45,-5.E-02),.PIECEWISE_BEZIER_KNOTS.);
#5345 = CARTESIAN_POINT('',(8.224,-77.5));
#5346 = CARTESIAN_POINT('',(8.224,-0.1));
#5347 = ( GEOMETRIC_REPRESENTATION_CONTEXT(2) 
PARAMETRIC_REPRESENTATION_CONTEXT() REPRESENTATION_CONTEXT('2D SPACE',''
  ) );
#5348 = PCURVE('',#1163,#5349);
#5349 = DEFINITIONAL_REPRESENTATION('',(#5350),#5353);
#5350 = B_SPLINE_CURVE_WITH_KNOTS('',1,(#5351,#5352),.UNSPECIFIED.,.F.,
  .F.,(2,2),(-77.45,-5.E-02),.PIECEWISE_BEZIER_KNOTS.);
#5351 = CARTESIAN_POINT('',(77.4,6.));
#5352 = CARTESIAN_POINT('',(0.,6.));
#5353 = ( GEOMETRIC_REPRESENTATION_CONTEXT(2) 
PARAMETRIC_REPRESENTATION_CONTEXT() REPRESENTATION_CONTEXT('2D SPACE',''
  ) );
#5354 = ORIENTED_EDGE('',*,*,#2270,.F.);
#5355 = ADVANCED_FACE('',(#5356),#1163,.T.);
#5356 = FACE_BOUND('',#5357,.T.);
#5357 = EDGE_LOOP('',(#5358,#5359,#5380,#5381));
#5358 = ORIENTED_EDGE('',*,*,#1147,.F.);
#5359 = ORIENTED_EDGE('',*,*,#5360,.T.);
#5360 = EDGE_CURVE('',#1148,#2293,#5361,.T.);
#5361 = SURFACE_CURVE('',#5362,(#5366,#5373),.PCURVE_S1.);
#5362 = LINE('',#5363,#5364);
#5363 = CARTESIAN_POINT('',(34.5,-13.676,0.));
#5364 = VECTOR('',#5365,1.);
#5365 = DIRECTION('',(0.,0.,1.));
#5366 = PCURVE('',#1163,#5367);
#5367 = DEFINITIONAL_REPRESENTATION('',(#5368),#5372);
#5368 = LINE('',#5369,#5370);
#5369 = CARTESIAN_POINT('',(0.,0.));
#5370 = VECTOR('',#5371,1.);
#5371 = DIRECTION('',(1.,0.));
#5372 = ( GEOMETRIC_REPRESENTATION_CONTEXT(2) 
PARAMETRIC_REPRESENTATION_CONTEXT() REPRESENTATION_CONTEXT('2D SPACE',''
  ) );
#5373 = PCURVE('',#1189,#5374);
#5374 = DEFINITIONAL_REPRESENTATION('',(#5375),#5379);
#5375 = LINE('',#5376,#5377);
#5376 = CARTESIAN_POINT('',(8.224,0.));
#5377 = VECTOR('',#5378,1.);
#5378 = DIRECTION('',(0.,-1.));
#5379 = ( GEOMETRIC_REPRESENTATION_CONTEXT(2) 
PARAMETRIC_REPRESENTATION_CONTEXT() REPRESENTATION_CONTEXT('2D SPACE',''
  ) );
#5380 = ORIENTED_EDGE('',*,*,#2292,.T.);
#5381 = ORIENTED_EDGE('',*,*,#5336,.T.);
#5382 = ADVANCED_FACE('',(#5383,#5389,#5495,#5615,#5735,#5855,#5975),
  #1189,.F.);
#5383 = FACE_BOUND('',#5384,.F.);
#5384 = EDGE_LOOP('',(#5385,#5386,#5387,#5388));
#5385 = ORIENTED_EDGE('',*,*,#1175,.F.);
#5386 = ORIENTED_EDGE('',*,*,#5360,.T.);
#5387 = ORIENTED_EDGE('',*,*,#2315,.T.);
#5388 = ORIENTED_EDGE('',*,*,#5238,.F.);
#5389 = FACE_BOUND('',#5390,.F.);
#5390 = EDGE_LOOP('',(#5391,#5419,#5445,#5471));
#5391 = ORIENTED_EDGE('',*,*,#5392,.T.);
#5392 = EDGE_CURVE('',#5393,#5395,#5397,.T.);
#5393 = VERTEX_POINT('',#5394);
#5394 = CARTESIAN_POINT('',(34.5,5.,75.65));
#5395 = VERTEX_POINT('',#5396);
#5396 = CARTESIAN_POINT('',(34.5,-5.,75.65));
#5397 = SURFACE_CURVE('',#5398,(#5402,#5408),.PCURVE_S1.);
#5398 = LINE('',#5399,#5400);
#5399 = CARTESIAN_POINT('',(34.5,-13.45,75.65));
#5400 = VECTOR('',#5401,1.);
#5401 = DIRECTION('',(-0.,-1.,-0.));
#5402 = PCURVE('',#1189,#5403);
#5403 = DEFINITIONAL_REPRESENTATION('',(#5404),#5407);
#5404 = B_SPLINE_CURVE_WITH_KNOTS('',1,(#5405,#5406),.UNSPECIFIED.,.F.,
  .F.,(2,2),(-18.45,-8.45),.PIECEWISE_BEZIER_KNOTS.);
#5405 = CARTESIAN_POINT('',(26.9,-75.65));
#5406 = CARTESIAN_POINT('',(16.9,-75.65));
#5407 = ( GEOMETRIC_REPRESENTATION_CONTEXT(2) 
PARAMETRIC_REPRESENTATION_CONTEXT() REPRESENTATION_CONTEXT('2D SPACE',''
  ) );
#5408 = PCURVE('',#5409,#5414);
#5409 = PLANE('',#5410);
#5410 = AXIS2_PLACEMENT_3D('',#5411,#5412,#5413);
#5411 = CARTESIAN_POINT('',(34.7,-5.,75.65));
#5412 = DIRECTION('',(0.,0.,-1.));
#5413 = DIRECTION('',(0.,1.,0.));
#5414 = DEFINITIONAL_REPRESENTATION('',(#5415),#5418);
#5415 = B_SPLINE_CURVE_WITH_KNOTS('',1,(#5416,#5417),.UNSPECIFIED.,.F.,
  .F.,(2,2),(-18.45,-8.45),.PIECEWISE_BEZIER_KNOTS.);
#5416 = CARTESIAN_POINT('',(10.,-0.2));
#5417 = CARTESIAN_POINT('',(0.,-0.2));
#5418 = ( GEOMETRIC_REPRESENTATION_CONTEXT(2) 
PARAMETRIC_REPRESENTATION_CONTEXT() REPRESENTATION_CONTEXT('2D SPACE',''
  ) );
#5419 = ORIENTED_EDGE('',*,*,#5420,.T.);
#5420 = EDGE_CURVE('',#5395,#5421,#5423,.T.);
#5421 = VERTEX_POINT('',#5422);
#5422 = CARTESIAN_POINT('',(34.5,-5.,71.65));
#5423 = SURFACE_CURVE('',#5424,(#5428,#5434),.PCURVE_S1.);
#5424 = LINE('',#5425,#5426);
#5425 = CARTESIAN_POINT('',(34.5,-5.,35.825));
#5426 = VECTOR('',#5427,1.);
#5427 = DIRECTION('',(0.,0.,-1.));
#5428 = PCURVE('',#1189,#5429);
#5429 = DEFINITIONAL_REPRESENTATION('',(#5430),#5433);
#5430 = B_SPLINE_CURVE_WITH_KNOTS('',1,(#5431,#5432),.UNSPECIFIED.,.F.,
  .F.,(2,2),(-39.825,-35.825),.PIECEWISE_BEZIER_KNOTS.);
#5431 = CARTESIAN_POINT('',(16.9,-75.65));
#5432 = CARTESIAN_POINT('',(16.9,-71.65));
#5433 = ( GEOMETRIC_REPRESENTATION_CONTEXT(2) 
PARAMETRIC_REPRESENTATION_CONTEXT() REPRESENTATION_CONTEXT('2D SPACE',''
  ) );
#5434 = PCURVE('',#5435,#5440);
#5435 = PLANE('',#5436);
#5436 = AXIS2_PLACEMENT_3D('',#5437,#5438,#5439);
#5437 = CARTESIAN_POINT('',(34.7,-5.,71.65));
#5438 = DIRECTION('',(0.,1.,0.));
#5439 = DIRECTION('',(0.,-0.,1.));
#5440 = DEFINITIONAL_REPRESENTATION('',(#5441),#5444);
#5441 = B_SPLINE_CURVE_WITH_KNOTS('',1,(#5442,#5443),.UNSPECIFIED.,.F.,
  .F.,(2,2),(-39.825,-35.825),.PIECEWISE_BEZIER_KNOTS.);
#5442 = CARTESIAN_POINT('',(4.,-0.2));
#5443 = CARTESIAN_POINT('',(0.,-0.2));
#5444 = ( GEOMETRIC_REPRESENTATION_CONTEXT(2) 
PARAMETRIC_REPRESENTATION_CONTEXT() REPRESENTATION_CONTEXT('2D SPACE',''
  ) );
#5445 = ORIENTED_EDGE('',*,*,#5446,.F.);
#5446 = EDGE_CURVE('',#5447,#5421,#5449,.T.);
#5447 = VERTEX_POINT('',#5448);
#5448 = CARTESIAN_POINT('',(34.5,5.,71.65));
#5449 = SURFACE_CURVE('',#5450,(#5454,#5460),.PCURVE_S1.);
#5450 = LINE('',#5451,#5452);
#5451 = CARTESIAN_POINT('',(34.5,-13.45,71.65));
#5452 = VECTOR('',#5453,1.);
#5453 = DIRECTION('',(-0.,-1.,-0.));
#5454 = PCURVE('',#1189,#5455);
#5455 = DEFINITIONAL_REPRESENTATION('',(#5456),#5459);
#5456 = B_SPLINE_CURVE_WITH_KNOTS('',1,(#5457,#5458),.UNSPECIFIED.,.F.,
  .F.,(2,2),(-18.45,-8.45),.PIECEWISE_BEZIER_KNOTS.);
#5457 = CARTESIAN_POINT('',(26.9,-71.65));
#5458 = CARTESIAN_POINT('',(16.9,-71.65));
#5459 = ( GEOMETRIC_REPRESENTATION_CONTEXT(2) 
PARAMETRIC_REPRESENTATION_CONTEXT() REPRESENTATION_CONTEXT('2D SPACE',''
  ) );
#5460 = PCURVE('',#5461,#5466);
#5461 = PLANE('',#5462);
#5462 = AXIS2_PLACEMENT_3D('',#5463,#5464,#5465);
#5463 = CARTESIAN_POINT('',(34.7,-5.,71.65));
#5464 = DIRECTION('',(0.,0.,-1.));
#5465 = DIRECTION('',(0.,1.,0.));
#5466 = DEFINITIONAL_REPRESENTATION('',(#5467),#5470);
#5467 = B_SPLINE_CURVE_WITH_KNOTS('',1,(#5468,#5469),.UNSPECIFIED.,.F.,
  .F.,(2,2),(-18.45,-8.45),.PIECEWISE_BEZIER_KNOTS.);
#5468 = CARTESIAN_POINT('',(10.,-0.2));
#5469 = CARTESIAN_POINT('',(0.,-0.2));
#5470 = ( GEOMETRIC_REPRESENTATION_CONTEXT(2) 
PARAMETRIC_REPRESENTATION_CONTEXT() REPRESENTATION_CONTEXT('2D SPACE',''
  ) );
#5471 = ORIENTED_EDGE('',*,*,#5472,.F.);
#5472 = EDGE_CURVE('',#5393,#5447,#5473,.T.);
#5473 = SURFACE_CURVE('',#5474,(#5478,#5484),.PCURVE_S1.);
#5474 = LINE('',#5475,#5476);
#5475 = CARTESIAN_POINT('',(34.5,5.,35.825));
#5476 = VECTOR('',#5477,1.);
#5477 = DIRECTION('',(0.,0.,-1.));
#5478 = PCURVE('',#1189,#5479);
#5479 = DEFINITIONAL_REPRESENTATION('',(#5480),#5483);
#5480 = B_SPLINE_CURVE_WITH_KNOTS('',1,(#5481,#5482),.UNSPECIFIED.,.F.,
  .F.,(2,2),(-39.825,-35.825),.PIECEWISE_BEZIER_KNOTS.);
#5481 = CARTESIAN_POINT('',(26.9,-75.65));
#5482 = CARTESIAN_POINT('',(26.9,-71.65));
#5483 = ( GEOMETRIC_REPRESENTATION_CONTEXT(2) 
PARAMETRIC_REPRESENTATION_CONTEXT() REPRESENTATION_CONTEXT('2D SPACE',''
  ) );
#5484 = PCURVE('',#5485,#5490);
#5485 = PLANE('',#5486);
#5486 = AXIS2_PLACEMENT_3D('',#5487,#5488,#5489);
#5487 = CARTESIAN_POINT('',(34.7,5.,71.65));
#5488 = DIRECTION('',(0.,1.,0.));
#5489 = DIRECTION('',(0.,-0.,1.));
#5490 = DEFINITIONAL_REPRESENTATION('',(#5491),#5494);
#5491 = B_SPLINE_CURVE_WITH_KNOTS('',1,(#5492,#5493),.UNSPECIFIED.,.F.,
  .F.,(2,2),(-39.825,-35.825),.PIECEWISE_BEZIER_KNOTS.);
#5492 = CARTESIAN_POINT('',(4.,-0.2));
#5493 = CARTESIAN_POINT('',(0.,-0.2));
#5494 = ( GEOMETRIC_REPRESENTATION_CONTEXT(2) 
PARAMETRIC_REPRESENTATION_CONTEXT() REPRESENTATION_CONTEXT('2D SPACE',''
  ) );
#5495 = FACE_BOUND('',#5496,.F.);
#5496 = EDGE_LOOP('',(#5497,#5525,#5558,#5584));
#5497 = ORIENTED_EDGE('',*,*,#5498,.F.);
#5498 = EDGE_CURVE('',#5499,#5501,#5503,.T.);
#5499 = VERTEX_POINT('',#5500);
#5500 = CARTESIAN_POINT('',(34.5,11.1,55.2));
#5501 = VERTEX_POINT('',#5502);
#5502 = CARTESIAN_POINT('',(34.5,-11.1,55.2));
#5503 = SURFACE_CURVE('',#5504,(#5508,#5514),.PCURVE_S1.);
#5504 = LINE('',#5505,#5506);
#5505 = CARTESIAN_POINT('',(34.5,-16.5,55.2));
#5506 = VECTOR('',#5507,1.);
#5507 = DIRECTION('',(-0.,-1.,-0.));
#5508 = PCURVE('',#1189,#5509);
#5509 = DEFINITIONAL_REPRESENTATION('',(#5510),#5513);
#5510 = B_SPLINE_CURVE_WITH_KNOTS('',1,(#5511,#5512),.UNSPECIFIED.,.F.,
  .F.,(2,2),(-27.6,-5.4),.PIECEWISE_BEZIER_KNOTS.);
#5511 = CARTESIAN_POINT('',(33.,-55.2));
#5512 = CARTESIAN_POINT('',(10.8,-55.2));
#5513 = ( GEOMETRIC_REPRESENTATION_CONTEXT(2) 
PARAMETRIC_REPRESENTATION_CONTEXT() REPRESENTATION_CONTEXT('2D SPACE',''
  ) );
#5514 = PCURVE('',#5515,#5520);
#5515 = PLANE('',#5516);
#5516 = AXIS2_PLACEMENT_3D('',#5517,#5518,#5519);
#5517 = CARTESIAN_POINT('',(34.7,-11.1,55.2));
#5518 = DIRECTION('',(0.,0.,-1.));
#5519 = DIRECTION('',(0.,1.,0.));
#5520 = DEFINITIONAL_REPRESENTATION('',(#5521),#5524);
#5521 = B_SPLINE_CURVE_WITH_KNOTS('',1,(#5522,#5523),.UNSPECIFIED.,.F.,
  .F.,(2,2),(-27.6,-5.4),.PIECEWISE_BEZIER_KNOTS.);
#5522 = CARTESIAN_POINT('',(22.2,-0.2));
#5523 = CARTESIAN_POINT('',(0.,-0.2));
#5524 = ( GEOMETRIC_REPRESENTATION_CONTEXT(2) 
PARAMETRIC_REPRESENTATION_CONTEXT() REPRESENTATION_CONTEXT('2D SPACE',''
  ) );
#5525 = ORIENTED_EDGE('',*,*,#5526,.T.);
#5526 = EDGE_CURVE('',#5499,#5527,#5529,.T.);
#5527 = VERTEX_POINT('',#5528);
#5528 = CARTESIAN_POINT('',(34.5,11.1,58.2));
#5529 = SURFACE_CURVE('',#5530,(#5535,#5546),.PCURVE_S1.);
#5530 = CIRCLE('',#5531,1.5);
#5531 = AXIS2_PLACEMENT_3D('',#5532,#5533,#5534);
#5532 = CARTESIAN_POINT('',(34.5,11.1,56.7));
#5533 = DIRECTION('',(1.,0.,-0.));
#5534 = DIRECTION('',(0.,-1.,0.));
#5535 = PCURVE('',#1189,#5536);
#5536 = DEFINITIONAL_REPRESENTATION('',(#5537),#5545);
#5537 = ( BOUNDED_CURVE() B_SPLINE_CURVE(2,(#5538,#5539,#5540,#5541,
#5542,#5543,#5544),.UNSPECIFIED.,.T.,.F.) B_SPLINE_CURVE_WITH_KNOTS((1,2
    ,2,2,2,1),(-2.094395102393,0.,2.094395102393,4.188790204786,
6.28318530718,8.377580409573),.UNSPECIFIED.) CURVE() 
GEOMETRIC_REPRESENTATION_ITEM() RATIONAL_B_SPLINE_CURVE((1.,0.5,1.,0.5,
1.,0.5,1.)) REPRESENTATION_ITEM('') );
#5538 = CARTESIAN_POINT('',(31.5,-56.7));
#5539 = CARTESIAN_POINT('',(31.5,-54.10192378864));
#5540 = CARTESIAN_POINT('',(33.75,-55.40096189432));
#5541 = CARTESIAN_POINT('',(36.,-56.7));
#5542 = CARTESIAN_POINT('',(33.75,-57.99903810567));
#5543 = CARTESIAN_POINT('',(31.5,-59.29807621135));
#5544 = CARTESIAN_POINT('',(31.5,-56.7));
#5545 = ( GEOMETRIC_REPRESENTATION_CONTEXT(2) 
PARAMETRIC_REPRESENTATION_CONTEXT() REPRESENTATION_CONTEXT('2D SPACE',''
  ) );
#5546 = PCURVE('',#5547,#5552);
#5547 = CYLINDRICAL_SURFACE('',#5548,1.5);
#5548 = AXIS2_PLACEMENT_3D('',#5549,#5550,#5551);
#5549 = CARTESIAN_POINT('',(34.7,11.1,56.7));
#5550 = DIRECTION('',(1.,-0.,-0.));
#5551 = DIRECTION('',(0.,-1.,0.));
#5552 = DEFINITIONAL_REPRESENTATION('',(#5553),#5557);
#5553 = LINE('',#5554,#5555);
#5554 = CARTESIAN_POINT('',(-6.28318530718,-0.2));
#5555 = VECTOR('',#5556,1.);
#5556 = DIRECTION('',(1.,-0.));
#5557 = ( GEOMETRIC_REPRESENTATION_CONTEXT(2) 
PARAMETRIC_REPRESENTATION_CONTEXT() REPRESENTATION_CONTEXT('2D SPACE',''
  ) );
#5558 = ORIENTED_EDGE('',*,*,#5559,.F.);
#5559 = EDGE_CURVE('',#5560,#5527,#5562,.T.);
#5560 = VERTEX_POINT('',#5561);
#5561 = CARTESIAN_POINT('',(34.5,-11.1,58.2));
#5562 = SURFACE_CURVE('',#5563,(#5567,#5573),.PCURVE_S1.);
#5563 = LINE('',#5564,#5565);
#5564 = CARTESIAN_POINT('',(34.5,-5.4,58.2));
#5565 = VECTOR('',#5566,1.);
#5566 = DIRECTION('',(0.,1.,0.));
#5567 = PCURVE('',#1189,#5568);
#5568 = DEFINITIONAL_REPRESENTATION('',(#5569),#5572);
#5569 = B_SPLINE_CURVE_WITH_KNOTS('',1,(#5570,#5571),.UNSPECIFIED.,.F.,
  .F.,(2,2),(-5.7,16.5),.PIECEWISE_BEZIER_KNOTS.);
#5570 = CARTESIAN_POINT('',(10.8,-58.2));
#5571 = CARTESIAN_POINT('',(33.,-58.2));
#5572 = ( GEOMETRIC_REPRESENTATION_CONTEXT(2) 
PARAMETRIC_REPRESENTATION_CONTEXT() REPRESENTATION_CONTEXT('2D SPACE',''
  ) );
#5573 = PCURVE('',#5574,#5579);
#5574 = PLANE('',#5575);
#5575 = AXIS2_PLACEMENT_3D('',#5576,#5577,#5578);
#5576 = CARTESIAN_POINT('',(34.7,11.1,58.2));
#5577 = DIRECTION('',(-0.,0.,1.));
#5578 = DIRECTION('',(0.,-1.,0.));
#5579 = DEFINITIONAL_REPRESENTATION('',(#5580),#5583);
#5580 = B_SPLINE_CURVE_WITH_KNOTS('',1,(#5581,#5582),.UNSPECIFIED.,.F.,
  .F.,(2,2),(-5.7,16.5),.PIECEWISE_BEZIER_KNOTS.);
#5581 = CARTESIAN_POINT('',(22.2,-0.2));
#5582 = CARTESIAN_POINT('',(0.,-0.2));
#5583 = ( GEOMETRIC_REPRESENTATION_CONTEXT(2) 
PARAMETRIC_REPRESENTATION_CONTEXT() REPRESENTATION_CONTEXT('2D SPACE',''
  ) );
#5584 = ORIENTED_EDGE('',*,*,#5585,.T.);
#5585 = EDGE_CURVE('',#5560,#5501,#5586,.T.);
#5586 = SURFACE_CURVE('',#5587,(#5592,#5603),.PCURVE_S1.);
#5587 = CIRCLE('',#5588,1.5);
#5588 = AXIS2_PLACEMENT_3D('',#5589,#5590,#5591);
#5589 = CARTESIAN_POINT('',(34.5,-11.1,56.7));
#5590 = DIRECTION('',(1.,0.,-0.));
#5591 = DIRECTION('',(0.,1.,0.));
#5592 = PCURVE('',#1189,#5593);
#5593 = DEFINITIONAL_REPRESENTATION('',(#5594),#5602);
#5594 = ( BOUNDED_CURVE() B_SPLINE_CURVE(2,(#5595,#5596,#5597,#5598,
#5599,#5600,#5601),.UNSPECIFIED.,.T.,.F.) B_SPLINE_CURVE_WITH_KNOTS((1,2
    ,2,2,2,1),(-2.094395102393,0.,2.094395102393,4.188790204786,
6.28318530718,8.377580409573),.UNSPECIFIED.) CURVE() 
GEOMETRIC_REPRESENTATION_ITEM() RATIONAL_B_SPLINE_CURVE((1.,0.5,1.,0.5,
1.,0.5,1.)) REPRESENTATION_ITEM('') );
#5595 = CARTESIAN_POINT('',(12.3,-56.7));
#5596 = CARTESIAN_POINT('',(12.3,-59.29807621135));
#5597 = CARTESIAN_POINT('',(10.05,-57.99903810567));
#5598 = CARTESIAN_POINT('',(7.8,-56.7));
#5599 = CARTESIAN_POINT('',(10.05,-55.40096189432));
#5600 = CARTESIAN_POINT('',(12.3,-54.10192378864));
#5601 = CARTESIAN_POINT('',(12.3,-56.7));
#5602 = ( GEOMETRIC_REPRESENTATION_CONTEXT(2) 
PARAMETRIC_REPRESENTATION_CONTEXT() REPRESENTATION_CONTEXT('2D SPACE',''
  ) );
#5603 = PCURVE('',#5604,#5609);
#5604 = CYLINDRICAL_SURFACE('',#5605,1.5);
#5605 = AXIS2_PLACEMENT_3D('',#5606,#5607,#5608);
#5606 = CARTESIAN_POINT('',(34.7,-11.1,56.7));
#5607 = DIRECTION('',(1.,-0.,-0.));
#5608 = DIRECTION('',(0.,1.,0.));
#5609 = DEFINITIONAL_REPRESENTATION('',(#5610),#5614);
#5610 = LINE('',#5611,#5612);
#5611 = CARTESIAN_POINT('',(-6.28318530718,-0.2));
#5612 = VECTOR('',#5613,1.);
#5613 = DIRECTION('',(1.,-0.));
#5614 = ( GEOMETRIC_REPRESENTATION_CONTEXT(2) 
PARAMETRIC_REPRESENTATION_CONTEXT() REPRESENTATION_CONTEXT('2D SPACE',''
  ) );
#5615 = FACE_BOUND('',#5616,.F.);
#5616 = EDGE_LOOP('',(#5617,#5645,#5678,#5704));
#5617 = ORIENTED_EDGE('',*,*,#5618,.F.);
#5618 = EDGE_CURVE('',#5619,#5621,#5623,.T.);
#5619 = VERTEX_POINT('',#5620);
#5620 = CARTESIAN_POINT('',(34.5,11.1,46.2));
#5621 = VERTEX_POINT('',#5622);
#5622 = CARTESIAN_POINT('',(34.5,-11.1,46.2));
#5623 = SURFACE_CURVE('',#5624,(#5628,#5634),.PCURVE_S1.);
#5624 = LINE('',#5625,#5626);
#5625 = CARTESIAN_POINT('',(34.5,-16.5,46.2));
#5626 = VECTOR('',#5627,1.);
#5627 = DIRECTION('',(-0.,-1.,-0.));
#5628 = PCURVE('',#1189,#5629);
#5629 = DEFINITIONAL_REPRESENTATION('',(#5630),#5633);
#5630 = B_SPLINE_CURVE_WITH_KNOTS('',1,(#5631,#5632),.UNSPECIFIED.,.F.,
  .F.,(2,2),(-27.6,-5.4),.PIECEWISE_BEZIER_KNOTS.);
#5631 = CARTESIAN_POINT('',(33.,-46.2));
#5632 = CARTESIAN_POINT('',(10.8,-46.2));
#5633 = ( GEOMETRIC_REPRESENTATION_CONTEXT(2) 
PARAMETRIC_REPRESENTATION_CONTEXT() REPRESENTATION_CONTEXT('2D SPACE',''
  ) );
#5634 = PCURVE('',#5635,#5640);
#5635 = PLANE('',#5636);
#5636 = AXIS2_PLACEMENT_3D('',#5637,#5638,#5639);
#5637 = CARTESIAN_POINT('',(34.7,-11.1,46.2));
#5638 = DIRECTION('',(0.,0.,-1.));
#5639 = DIRECTION('',(0.,1.,0.));
#5640 = DEFINITIONAL_REPRESENTATION('',(#5641),#5644);
#5641 = B_SPLINE_CURVE_WITH_KNOTS('',1,(#5642,#5643),.UNSPECIFIED.,.F.,
  .F.,(2,2),(-27.6,-5.4),.PIECEWISE_BEZIER_KNOTS.);
#5642 = CARTESIAN_POINT('',(22.2,-0.2));
#5643 = CARTESIAN_POINT('',(0.,-0.2));
#5644 = ( GEOMETRIC_REPRESENTATION_CONTEXT(2) 
PARAMETRIC_REPRESENTATION_CONTEXT() REPRESENTATION_CONTEXT('2D SPACE',''
  ) );
#5645 = ORIENTED_EDGE('',*,*,#5646,.T.);
#5646 = EDGE_CURVE('',#5619,#5647,#5649,.T.);
#5647 = VERTEX_POINT('',#5648);
#5648 = CARTESIAN_POINT('',(34.5,11.1,49.2));
#5649 = SURFACE_CURVE('',#5650,(#5655,#5666),.PCURVE_S1.);
#5650 = CIRCLE('',#5651,1.5);
#5651 = AXIS2_PLACEMENT_3D('',#5652,#5653,#5654);
#5652 = CARTESIAN_POINT('',(34.5,11.1,47.7));
#5653 = DIRECTION('',(1.,0.,-0.));
#5654 = DIRECTION('',(0.,-1.,0.));
#5655 = PCURVE('',#1189,#5656);
#5656 = DEFINITIONAL_REPRESENTATION('',(#5657),#5665);
#5657 = ( BOUNDED_CURVE() B_SPLINE_CURVE(2,(#5658,#5659,#5660,#5661,
#5662,#5663,#5664),.UNSPECIFIED.,.T.,.F.) B_SPLINE_CURVE_WITH_KNOTS((1,2
    ,2,2,2,1),(-2.094395102393,0.,2.094395102393,4.188790204786,
6.28318530718,8.377580409573),.UNSPECIFIED.) CURVE() 
GEOMETRIC_REPRESENTATION_ITEM() RATIONAL_B_SPLINE_CURVE((1.,0.5,1.,0.5,
1.,0.5,1.)) REPRESENTATION_ITEM('') );
#5658 = CARTESIAN_POINT('',(31.5,-47.7));
#5659 = CARTESIAN_POINT('',(31.5,-45.10192378864));
#5660 = CARTESIAN_POINT('',(33.75,-46.40096189432));
#5661 = CARTESIAN_POINT('',(36.,-47.7));
#5662 = CARTESIAN_POINT('',(33.75,-48.99903810567));
#5663 = CARTESIAN_POINT('',(31.5,-50.29807621135));
#5664 = CARTESIAN_POINT('',(31.5,-47.7));
#5665 = ( GEOMETRIC_REPRESENTATION_CONTEXT(2) 
PARAMETRIC_REPRESENTATION_CONTEXT() REPRESENTATION_CONTEXT('2D SPACE',''
  ) );
#5666 = PCURVE('',#5667,#5672);
#5667 = CYLINDRICAL_SURFACE('',#5668,1.5);
#5668 = AXIS2_PLACEMENT_3D('',#5669,#5670,#5671);
#5669 = CARTESIAN_POINT('',(34.7,11.1,47.7));
#5670 = DIRECTION('',(1.,-0.,-0.));
#5671 = DIRECTION('',(0.,-1.,0.));
#5672 = DEFINITIONAL_REPRESENTATION('',(#5673),#5677);
#5673 = LINE('',#5674,#5675);
#5674 = CARTESIAN_POINT('',(-6.28318530718,-0.2));
#5675 = VECTOR('',#5676,1.);
#5676 = DIRECTION('',(1.,-0.));
#5677 = ( GEOMETRIC_REPRESENTATION_CONTEXT(2) 
PARAMETRIC_REPRESENTATION_CONTEXT() REPRESENTATION_CONTEXT('2D SPACE',''
  ) );
#5678 = ORIENTED_EDGE('',*,*,#5679,.F.);
#5679 = EDGE_CURVE('',#5680,#5647,#5682,.T.);
#5680 = VERTEX_POINT('',#5681);
#5681 = CARTESIAN_POINT('',(34.5,-11.1,49.2));
#5682 = SURFACE_CURVE('',#5683,(#5687,#5693),.PCURVE_S1.);
#5683 = LINE('',#5684,#5685);
#5684 = CARTESIAN_POINT('',(34.5,-5.4,49.2));
#5685 = VECTOR('',#5686,1.);
#5686 = DIRECTION('',(0.,1.,0.));
#5687 = PCURVE('',#1189,#5688);
#5688 = DEFINITIONAL_REPRESENTATION('',(#5689),#5692);
#5689 = B_SPLINE_CURVE_WITH_KNOTS('',1,(#5690,#5691),.UNSPECIFIED.,.F.,
  .F.,(2,2),(-5.7,16.5),.PIECEWISE_BEZIER_KNOTS.);
#5690 = CARTESIAN_POINT('',(10.8,-49.2));
#5691 = CARTESIAN_POINT('',(33.,-49.2));
#5692 = ( GEOMETRIC_REPRESENTATION_CONTEXT(2) 
PARAMETRIC_REPRESENTATION_CONTEXT() REPRESENTATION_CONTEXT('2D SPACE',''
  ) );
#5693 = PCURVE('',#5694,#5699);
#5694 = PLANE('',#5695);
#5695 = AXIS2_PLACEMENT_3D('',#5696,#5697,#5698);
#5696 = CARTESIAN_POINT('',(34.7,11.1,49.2));
#5697 = DIRECTION('',(-0.,0.,1.));
#5698 = DIRECTION('',(0.,-1.,0.));
#5699 = DEFINITIONAL_REPRESENTATION('',(#5700),#5703);
#5700 = B_SPLINE_CURVE_WITH_KNOTS('',1,(#5701,#5702),.UNSPECIFIED.,.F.,
  .F.,(2,2),(-5.7,16.5),.PIECEWISE_BEZIER_KNOTS.);
#5701 = CARTESIAN_POINT('',(22.2,-0.2));
#5702 = CARTESIAN_POINT('',(0.,-0.2));
#5703 = ( GEOMETRIC_REPRESENTATION_CONTEXT(2) 
PARAMETRIC_REPRESENTATION_CONTEXT() REPRESENTATION_CONTEXT('2D SPACE',''
  ) );
#5704 = ORIENTED_EDGE('',*,*,#5705,.T.);
#5705 = EDGE_CURVE('',#5680,#5621,#5706,.T.);
#5706 = SURFACE_CURVE('',#5707,(#5712,#5723),.PCURVE_S1.);
#5707 = CIRCLE('',#5708,1.5);
#5708 = AXIS2_PLACEMENT_3D('',#5709,#5710,#5711);
#5709 = CARTESIAN_POINT('',(34.5,-11.1,47.7));
#5710 = DIRECTION('',(1.,0.,-0.));
#5711 = DIRECTION('',(0.,1.,0.));
#5712 = PCURVE('',#1189,#5713);
#5713 = DEFINITIONAL_REPRESENTATION('',(#5714),#5722);
#5714 = ( BOUNDED_CURVE() B_SPLINE_CURVE(2,(#5715,#5716,#5717,#5718,
#5719,#5720,#5721),.UNSPECIFIED.,.T.,.F.) B_SPLINE_CURVE_WITH_KNOTS((1,2
    ,2,2,2,1),(-2.094395102393,0.,2.094395102393,4.188790204786,
6.28318530718,8.377580409573),.UNSPECIFIED.) CURVE() 
GEOMETRIC_REPRESENTATION_ITEM() RATIONAL_B_SPLINE_CURVE((1.,0.5,1.,0.5,
1.,0.5,1.)) REPRESENTATION_ITEM('') );
#5715 = CARTESIAN_POINT('',(12.3,-47.7));
#5716 = CARTESIAN_POINT('',(12.3,-50.29807621135));
#5717 = CARTESIAN_POINT('',(10.05,-48.99903810567));
#5718 = CARTESIAN_POINT('',(7.8,-47.7));
#5719 = CARTESIAN_POINT('',(10.05,-46.40096189432));
#5720 = CARTESIAN_POINT('',(12.3,-45.10192378864));
#5721 = CARTESIAN_POINT('',(12.3,-47.7));
#5722 = ( GEOMETRIC_REPRESENTATION_CONTEXT(2) 
PARAMETRIC_REPRESENTATION_CONTEXT() REPRESENTATION_CONTEXT('2D SPACE',''
  ) );
#5723 = PCURVE('',#5724,#5729);
#5724 = CYLINDRICAL_SURFACE('',#5725,1.5);
#5725 = AXIS2_PLACEMENT_3D('',#5726,#5727,#5728);
#5726 = CARTESIAN_POINT('',(34.7,-11.1,47.7));
#5727 = DIRECTION('',(1.,-0.,-0.));
#5728 = DIRECTION('',(0.,1.,0.));
#5729 = DEFINITIONAL_REPRESENTATION('',(#5730),#5734);
#5730 = LINE('',#5731,#5732);
#5731 = CARTESIAN_POINT('',(-6.28318530718,-0.2));
#5732 = VECTOR('',#5733,1.);
#5733 = DIRECTION('',(1.,-0.));
#5734 = ( GEOMETRIC_REPRESENTATION_CONTEXT(2) 
PARAMETRIC_REPRESENTATION_CONTEXT() REPRESENTATION_CONTEXT('2D SPACE',''
  ) );
#5735 = FACE_BOUND('',#5736,.F.);
#5736 = EDGE_LOOP('',(#5737,#5765,#5798,#5824));
#5737 = ORIENTED_EDGE('',*,*,#5738,.F.);
#5738 = EDGE_CURVE('',#5739,#5741,#5743,.T.);
#5739 = VERTEX_POINT('',#5740);
#5740 = CARTESIAN_POINT('',(34.5,11.1,37.2));
#5741 = VERTEX_POINT('',#5742);
#5742 = CARTESIAN_POINT('',(34.5,-11.1,37.2));
#5743 = SURFACE_CURVE('',#5744,(#5748,#5754),.PCURVE_S1.);
#5744 = LINE('',#5745,#5746);
#5745 = CARTESIAN_POINT('',(34.5,-16.5,37.2));
#5746 = VECTOR('',#5747,1.);
#5747 = DIRECTION('',(-0.,-1.,-0.));
#5748 = PCURVE('',#1189,#5749);
#5749 = DEFINITIONAL_REPRESENTATION('',(#5750),#5753);
#5750 = B_SPLINE_CURVE_WITH_KNOTS('',1,(#5751,#5752),.UNSPECIFIED.,.F.,
  .F.,(2,2),(-27.6,-5.4),.PIECEWISE_BEZIER_KNOTS.);
#5751 = CARTESIAN_POINT('',(33.,-37.2));
#5752 = CARTESIAN_POINT('',(10.8,-37.2));
#5753 = ( GEOMETRIC_REPRESENTATION_CONTEXT(2) 
PARAMETRIC_REPRESENTATION_CONTEXT() REPRESENTATION_CONTEXT('2D SPACE',''
  ) );
#5754 = PCURVE('',#5755,#5760);
#5755 = PLANE('',#5756);
#5756 = AXIS2_PLACEMENT_3D('',#5757,#5758,#5759);
#5757 = CARTESIAN_POINT('',(34.7,-11.1,37.2));
#5758 = DIRECTION('',(0.,0.,-1.));
#5759 = DIRECTION('',(0.,1.,0.));
#5760 = DEFINITIONAL_REPRESENTATION('',(#5761),#5764);
#5761 = B_SPLINE_CURVE_WITH_KNOTS('',1,(#5762,#5763),.UNSPECIFIED.,.F.,
  .F.,(2,2),(-27.6,-5.4),.PIECEWISE_BEZIER_KNOTS.);
#5762 = CARTESIAN_POINT('',(22.2,-0.2));
#5763 = CARTESIAN_POINT('',(0.,-0.2));
#5764 = ( GEOMETRIC_REPRESENTATION_CONTEXT(2) 
PARAMETRIC_REPRESENTATION_CONTEXT() REPRESENTATION_CONTEXT('2D SPACE',''
  ) );
#5765 = ORIENTED_EDGE('',*,*,#5766,.T.);
#5766 = EDGE_CURVE('',#5739,#5767,#5769,.T.);
#5767 = VERTEX_POINT('',#5768);
#5768 = CARTESIAN_POINT('',(34.5,11.1,40.2));
#5769 = SURFACE_CURVE('',#5770,(#5775,#5786),.PCURVE_S1.);
#5770 = CIRCLE('',#5771,1.5);
#5771 = AXIS2_PLACEMENT_3D('',#5772,#5773,#5774);
#5772 = CARTESIAN_POINT('',(34.5,11.1,38.7));
#5773 = DIRECTION('',(1.,0.,-0.));
#5774 = DIRECTION('',(0.,-1.,0.));
#5775 = PCURVE('',#1189,#5776);
#5776 = DEFINITIONAL_REPRESENTATION('',(#5777),#5785);
#5777 = ( BOUNDED_CURVE() B_SPLINE_CURVE(2,(#5778,#5779,#5780,#5781,
#5782,#5783,#5784),.UNSPECIFIED.,.T.,.F.) B_SPLINE_CURVE_WITH_KNOTS((1,2
    ,2,2,2,1),(-2.094395102393,0.,2.094395102393,4.188790204786,
6.28318530718,8.377580409573),.UNSPECIFIED.) CURVE() 
GEOMETRIC_REPRESENTATION_ITEM() RATIONAL_B_SPLINE_CURVE((1.,0.5,1.,0.5,
1.,0.5,1.)) REPRESENTATION_ITEM('') );
#5778 = CARTESIAN_POINT('',(31.5,-38.7));
#5779 = CARTESIAN_POINT('',(31.5,-36.10192378864));
#5780 = CARTESIAN_POINT('',(33.75,-37.40096189432));
#5781 = CARTESIAN_POINT('',(36.,-38.7));
#5782 = CARTESIAN_POINT('',(33.75,-39.99903810567));
#5783 = CARTESIAN_POINT('',(31.5,-41.29807621135));
#5784 = CARTESIAN_POINT('',(31.5,-38.7));
#5785 = ( GEOMETRIC_REPRESENTATION_CONTEXT(2) 
PARAMETRIC_REPRESENTATION_CONTEXT() REPRESENTATION_CONTEXT('2D SPACE',''
  ) );
#5786 = PCURVE('',#5787,#5792);
#5787 = CYLINDRICAL_SURFACE('',#5788,1.5);
#5788 = AXIS2_PLACEMENT_3D('',#5789,#5790,#5791);
#5789 = CARTESIAN_POINT('',(34.7,11.1,38.7));
#5790 = DIRECTION('',(1.,-0.,-0.));
#5791 = DIRECTION('',(0.,-1.,0.));
#5792 = DEFINITIONAL_REPRESENTATION('',(#5793),#5797);
#5793 = LINE('',#5794,#5795);
#5794 = CARTESIAN_POINT('',(-6.28318530718,-0.2));
#5795 = VECTOR('',#5796,1.);
#5796 = DIRECTION('',(1.,-0.));
#5797 = ( GEOMETRIC_REPRESENTATION_CONTEXT(2) 
PARAMETRIC_REPRESENTATION_CONTEXT() REPRESENTATION_CONTEXT('2D SPACE',''
  ) );
#5798 = ORIENTED_EDGE('',*,*,#5799,.F.);
#5799 = EDGE_CURVE('',#5800,#5767,#5802,.T.);
#5800 = VERTEX_POINT('',#5801);
#5801 = CARTESIAN_POINT('',(34.5,-11.1,40.2));
#5802 = SURFACE_CURVE('',#5803,(#5807,#5813),.PCURVE_S1.);
#5803 = LINE('',#5804,#5805);
#5804 = CARTESIAN_POINT('',(34.5,-5.4,40.2));
#5805 = VECTOR('',#5806,1.);
#5806 = DIRECTION('',(0.,1.,0.));
#5807 = PCURVE('',#1189,#5808);
#5808 = DEFINITIONAL_REPRESENTATION('',(#5809),#5812);
#5809 = B_SPLINE_CURVE_WITH_KNOTS('',1,(#5810,#5811),.UNSPECIFIED.,.F.,
  .F.,(2,2),(-5.7,16.5),.PIECEWISE_BEZIER_KNOTS.);
#5810 = CARTESIAN_POINT('',(10.8,-40.2));
#5811 = CARTESIAN_POINT('',(33.,-40.2));
#5812 = ( GEOMETRIC_REPRESENTATION_CONTEXT(2) 
PARAMETRIC_REPRESENTATION_CONTEXT() REPRESENTATION_CONTEXT('2D SPACE',''
  ) );
#5813 = PCURVE('',#5814,#5819);
#5814 = PLANE('',#5815);
#5815 = AXIS2_PLACEMENT_3D('',#5816,#5817,#5818);
#5816 = CARTESIAN_POINT('',(34.7,11.1,40.2));
#5817 = DIRECTION('',(-0.,0.,1.));
#5818 = DIRECTION('',(0.,-1.,0.));
#5819 = DEFINITIONAL_REPRESENTATION('',(#5820),#5823);
#5820 = B_SPLINE_CURVE_WITH_KNOTS('',1,(#5821,#5822),.UNSPECIFIED.,.F.,
  .F.,(2,2),(-5.7,16.5),.PIECEWISE_BEZIER_KNOTS.);
#5821 = CARTESIAN_POINT('',(22.2,-0.2));
#5822 = CARTESIAN_POINT('',(0.,-0.2));
#5823 = ( GEOMETRIC_REPRESENTATION_CONTEXT(2) 
PARAMETRIC_REPRESENTATION_CONTEXT() REPRESENTATION_CONTEXT('2D SPACE',''
  ) );
#5824 = ORIENTED_EDGE('',*,*,#5825,.T.);
#5825 = EDGE_CURVE('',#5800,#5741,#5826,.T.);
#5826 = SURFACE_CURVE('',#5827,(#5832,#5843),.PCURVE_S1.);
#5827 = CIRCLE('',#5828,1.5);
#5828 = AXIS2_PLACEMENT_3D('',#5829,#5830,#5831);
#5829 = CARTESIAN_POINT('',(34.5,-11.1,38.7));
#5830 = DIRECTION('',(1.,0.,-0.));
#5831 = DIRECTION('',(0.,1.,0.));
#5832 = PCURVE('',#1189,#5833);
#5833 = DEFINITIONAL_REPRESENTATION('',(#5834),#5842);
#5834 = ( BOUNDED_CURVE() B_SPLINE_CURVE(2,(#5835,#5836,#5837,#5838,
#5839,#5840,#5841),.UNSPECIFIED.,.T.,.F.) B_SPLINE_CURVE_WITH_KNOTS((1,2
    ,2,2,2,1),(-2.094395102393,0.,2.094395102393,4.188790204786,
6.28318530718,8.377580409573),.UNSPECIFIED.) CURVE() 
GEOMETRIC_REPRESENTATION_ITEM() RATIONAL_B_SPLINE_CURVE((1.,0.5,1.,0.5,
1.,0.5,1.)) REPRESENTATION_ITEM('') );
#5835 = CARTESIAN_POINT('',(12.3,-38.7));
#5836 = CARTESIAN_POINT('',(12.3,-41.29807621135));
#5837 = CARTESIAN_POINT('',(10.05,-39.99903810567));
#5838 = CARTESIAN_POINT('',(7.8,-38.7));
#5839 = CARTESIAN_POINT('',(10.05,-37.40096189432));
#5840 = CARTESIAN_POINT('',(12.3,-36.10192378864));
#5841 = CARTESIAN_POINT('',(12.3,-38.7));
#5842 = ( GEOMETRIC_REPRESENTATION_CONTEXT(2) 
PARAMETRIC_REPRESENTATION_CONTEXT() REPRESENTATION_CONTEXT('2D SPACE',''
  ) );
#5843 = PCURVE('',#5844,#5849);
#5844 = CYLINDRICAL_SURFACE('',#5845,1.5);
#5845 = AXIS2_PLACEMENT_3D('',#5846,#5847,#5848);
#5846 = CARTESIAN_POINT('',(34.7,-11.1,38.7));
#5847 = DIRECTION('',(1.,-0.,-0.));
#5848 = DIRECTION('',(0.,1.,0.));
#5849 = DEFINITIONAL_REPRESENTATION('',(#5850),#5854);
#5850 = LINE('',#5851,#5852);
#5851 = CARTESIAN_POINT('',(-6.28318530718,-0.2));
#5852 = VECTOR('',#5853,1.);
#5853 = DIRECTION('',(1.,-0.));
#5854 = ( GEOMETRIC_REPRESENTATION_CONTEXT(2) 
PARAMETRIC_REPRESENTATION_CONTEXT() REPRESENTATION_CONTEXT('2D SPACE',''
  ) );
#5855 = FACE_BOUND('',#5856,.F.);
#5856 = EDGE_LOOP('',(#5857,#5885,#5918,#5944));
#5857 = ORIENTED_EDGE('',*,*,#5858,.F.);
#5858 = EDGE_CURVE('',#5859,#5861,#5863,.T.);
#5859 = VERTEX_POINT('',#5860);
#5860 = CARTESIAN_POINT('',(34.5,11.1,28.2));
#5861 = VERTEX_POINT('',#5862);
#5862 = CARTESIAN_POINT('',(34.5,-11.1,28.2));
#5863 = SURFACE_CURVE('',#5864,(#5868,#5874),.PCURVE_S1.);
#5864 = LINE('',#5865,#5866);
#5865 = CARTESIAN_POINT('',(34.5,-16.5,28.2));
#5866 = VECTOR('',#5867,1.);
#5867 = DIRECTION('',(-0.,-1.,-0.));
#5868 = PCURVE('',#1189,#5869);
#5869 = DEFINITIONAL_REPRESENTATION('',(#5870),#5873);
#5870 = B_SPLINE_CURVE_WITH_KNOTS('',1,(#5871,#5872),.UNSPECIFIED.,.F.,
  .F.,(2,2),(-27.6,-5.4),.PIECEWISE_BEZIER_KNOTS.);
#5871 = CARTESIAN_POINT('',(33.,-28.2));
#5872 = CARTESIAN_POINT('',(10.8,-28.2));
#5873 = ( GEOMETRIC_REPRESENTATION_CONTEXT(2) 
PARAMETRIC_REPRESENTATION_CONTEXT() REPRESENTATION_CONTEXT('2D SPACE',''
  ) );
#5874 = PCURVE('',#5875,#5880);
#5875 = PLANE('',#5876);
#5876 = AXIS2_PLACEMENT_3D('',#5877,#5878,#5879);
#5877 = CARTESIAN_POINT('',(34.7,-11.1,28.2));
#5878 = DIRECTION('',(0.,0.,-1.));
#5879 = DIRECTION('',(0.,1.,0.));
#5880 = DEFINITIONAL_REPRESENTATION('',(#5881),#5884);
#5881 = B_SPLINE_CURVE_WITH_KNOTS('',1,(#5882,#5883),.UNSPECIFIED.,.F.,
  .F.,(2,2),(-27.6,-5.4),.PIECEWISE_BEZIER_KNOTS.);
#5882 = CARTESIAN_POINT('',(22.2,-0.2));
#5883 = CARTESIAN_POINT('',(0.,-0.2));
#5884 = ( GEOMETRIC_REPRESENTATION_CONTEXT(2) 
PARAMETRIC_REPRESENTATION_CONTEXT() REPRESENTATION_CONTEXT('2D SPACE',''
  ) );
#5885 = ORIENTED_EDGE('',*,*,#5886,.T.);
#5886 = EDGE_CURVE('',#5859,#5887,#5889,.T.);
#5887 = VERTEX_POINT('',#5888);
#5888 = CARTESIAN_POINT('',(34.5,11.1,31.2));
#5889 = SURFACE_CURVE('',#5890,(#5895,#5906),.PCURVE_S1.);
#5890 = CIRCLE('',#5891,1.5);
#5891 = AXIS2_PLACEMENT_3D('',#5892,#5893,#5894);
#5892 = CARTESIAN_POINT('',(34.5,11.1,29.7));
#5893 = DIRECTION('',(1.,0.,-0.));
#5894 = DIRECTION('',(0.,-1.,0.));
#5895 = PCURVE('',#1189,#5896);
#5896 = DEFINITIONAL_REPRESENTATION('',(#5897),#5905);
#5897 = ( BOUNDED_CURVE() B_SPLINE_CURVE(2,(#5898,#5899,#5900,#5901,
#5902,#5903,#5904),.UNSPECIFIED.,.T.,.F.) B_SPLINE_CURVE_WITH_KNOTS((1,2
    ,2,2,2,1),(-2.094395102393,0.,2.094395102393,4.188790204786,
6.28318530718,8.377580409573),.UNSPECIFIED.) CURVE() 
GEOMETRIC_REPRESENTATION_ITEM() RATIONAL_B_SPLINE_CURVE((1.,0.5,1.,0.5,
1.,0.5,1.)) REPRESENTATION_ITEM('') );
#5898 = CARTESIAN_POINT('',(31.5,-29.7));
#5899 = CARTESIAN_POINT('',(31.5,-27.10192378864));
#5900 = CARTESIAN_POINT('',(33.75,-28.40096189432));
#5901 = CARTESIAN_POINT('',(36.,-29.7));
#5902 = CARTESIAN_POINT('',(33.75,-30.99903810567));
#5903 = CARTESIAN_POINT('',(31.5,-32.29807621135));
#5904 = CARTESIAN_POINT('',(31.5,-29.7));
#5905 = ( GEOMETRIC_REPRESENTATION_CONTEXT(2) 
PARAMETRIC_REPRESENTATION_CONTEXT() REPRESENTATION_CONTEXT('2D SPACE',''
  ) );
#5906 = PCURVE('',#5907,#5912);
#5907 = CYLINDRICAL_SURFACE('',#5908,1.5);
#5908 = AXIS2_PLACEMENT_3D('',#5909,#5910,#5911);
#5909 = CARTESIAN_POINT('',(34.7,11.1,29.7));
#5910 = DIRECTION('',(1.,-0.,-0.));
#5911 = DIRECTION('',(0.,-1.,0.));
#5912 = DEFINITIONAL_REPRESENTATION('',(#5913),#5917);
#5913 = LINE('',#5914,#5915);
#5914 = CARTESIAN_POINT('',(-6.28318530718,-0.2));
#5915 = VECTOR('',#5916,1.);
#5916 = DIRECTION('',(1.,-0.));
#5917 = ( GEOMETRIC_REPRESENTATION_CONTEXT(2) 
PARAMETRIC_REPRESENTATION_CONTEXT() REPRESENTATION_CONTEXT('2D SPACE',''
  ) );
#5918 = ORIENTED_EDGE('',*,*,#5919,.F.);
#5919 = EDGE_CURVE('',#5920,#5887,#5922,.T.);
#5920 = VERTEX_POINT('',#5921);
#5921 = CARTESIAN_POINT('',(34.5,-11.1,31.2));
#5922 = SURFACE_CURVE('',#5923,(#5927,#5933),.PCURVE_S1.);
#5923 = LINE('',#5924,#5925);
#5924 = CARTESIAN_POINT('',(34.5,-5.4,31.2));
#5925 = VECTOR('',#5926,1.);
#5926 = DIRECTION('',(0.,1.,0.));
#5927 = PCURVE('',#1189,#5928);
#5928 = DEFINITIONAL_REPRESENTATION('',(#5929),#5932);
#5929 = B_SPLINE_CURVE_WITH_KNOTS('',1,(#5930,#5931),.UNSPECIFIED.,.F.,
  .F.,(2,2),(-5.7,16.5),.PIECEWISE_BEZIER_KNOTS.);
#5930 = CARTESIAN_POINT('',(10.8,-31.2));
#5931 = CARTESIAN_POINT('',(33.,-31.2));
#5932 = ( GEOMETRIC_REPRESENTATION_CONTEXT(2) 
PARAMETRIC_REPRESENTATION_CONTEXT() REPRESENTATION_CONTEXT('2D SPACE',''
  ) );
#5933 = PCURVE('',#5934,#5939);
#5934 = PLANE('',#5935);
#5935 = AXIS2_PLACEMENT_3D('',#5936,#5937,#5938);
#5936 = CARTESIAN_POINT('',(34.7,11.1,31.2));
#5937 = DIRECTION('',(-0.,0.,1.));
#5938 = DIRECTION('',(0.,-1.,0.));
#5939 = DEFINITIONAL_REPRESENTATION('',(#5940),#5943);
#5940 = B_SPLINE_CURVE_WITH_KNOTS('',1,(#5941,#5942),.UNSPECIFIED.,.F.,
  .F.,(2,2),(-5.7,16.5),.PIECEWISE_BEZIER_KNOTS.);
#5941 = CARTESIAN_POINT('',(22.2,-0.2));
#5942 = CARTESIAN_POINT('',(0.,-0.2));
#5943 = ( GEOMETRIC_REPRESENTATION_CONTEXT(2) 
PARAMETRIC_REPRESENTATION_CONTEXT() REPRESENTATION_CONTEXT('2D SPACE',''
  ) );
#5944 = ORIENTED_EDGE('',*,*,#5945,.T.);
#5945 = EDGE_CURVE('',#5920,#5861,#5946,.T.);
#5946 = SURFACE_CURVE('',#5947,(#5952,#5963),.PCURVE_S1.);
#5947 = CIRCLE('',#5948,1.5);
#5948 = AXIS2_PLACEMENT_3D('',#5949,#5950,#5951);
#5949 = CARTESIAN_POINT('',(34.5,-11.1,29.7));
#5950 = DIRECTION('',(1.,0.,-0.));
#5951 = DIRECTION('',(0.,1.,0.));
#5952 = PCURVE('',#1189,#5953);
#5953 = DEFINITIONAL_REPRESENTATION('',(#5954),#5962);
#5954 = ( BOUNDED_CURVE() B_SPLINE_CURVE(2,(#5955,#5956,#5957,#5958,
#5959,#5960,#5961),.UNSPECIFIED.,.T.,.F.) B_SPLINE_CURVE_WITH_KNOTS((1,2
    ,2,2,2,1),(-2.094395102393,0.,2.094395102393,4.188790204786,
6.28318530718,8.377580409573),.UNSPECIFIED.) CURVE() 
GEOMETRIC_REPRESENTATION_ITEM() RATIONAL_B_SPLINE_CURVE((1.,0.5,1.,0.5,
1.,0.5,1.)) REPRESENTATION_ITEM('') );
#5955 = CARTESIAN_POINT('',(12.3,-29.7));
#5956 = CARTESIAN_POINT('',(12.3,-32.29807621135));
#5957 = CARTESIAN_POINT('',(10.05,-30.99903810567));
#5958 = CARTESIAN_POINT('',(7.8,-29.7));
#5959 = CARTESIAN_POINT('',(10.05,-28.40096189432));
#5960 = CARTESIAN_POINT('',(12.3,-27.10192378864));
#5961 = CARTESIAN_POINT('',(12.3,-29.7));
#5962 = ( GEOMETRIC_REPRESENTATION_CONTEXT(2) 
PARAMETRIC_REPRESENTATION_CONTEXT() REPRESENTATION_CONTEXT('2D SPACE',''
  ) );
#5963 = PCURVE('',#5964,#5969);
#5964 = CYLINDRICAL_SURFACE('',#5965,1.5);
#5965 = AXIS2_PLACEMENT_3D('',#5966,#5967,#5968);
#5966 = CARTESIAN_POINT('',(34.7,-11.1,29.7));
#5967 = DIRECTION('',(1.,-0.,-0.));
#5968 = DIRECTION('',(0.,1.,0.));
#5969 = DEFINITIONAL_REPRESENTATION('',(#5970),#5974);
#5970 = LINE('',#5971,#5972);
#5971 = CARTESIAN_POINT('',(-6.28318530718,-0.2));
#5972 = VECTOR('',#5973,1.);
#5973 = DIRECTION('',(1.,-0.));
#5974 = ( GEOMETRIC_REPRESENTATION_CONTEXT(2) 
PARAMETRIC_REPRESENTATION_CONTEXT() REPRESENTATION_CONTEXT('2D SPACE',''
  ) );
#5975 = FACE_BOUND('',#5976,.F.);
#5976 = EDGE_LOOP('',(#5977,#6005,#6038,#6064));
#5977 = ORIENTED_EDGE('',*,*,#5978,.F.);
#5978 = EDGE_CURVE('',#5979,#5981,#5983,.T.);
#5979 = VERTEX_POINT('',#5980);
#5980 = CARTESIAN_POINT('',(34.5,11.1,19.2));
#5981 = VERTEX_POINT('',#5982);
#5982 = CARTESIAN_POINT('',(34.5,-11.1,19.2));
#5983 = SURFACE_CURVE('',#5984,(#5988,#5994),.PCURVE_S1.);
#5984 = LINE('',#5985,#5986);
#5985 = CARTESIAN_POINT('',(34.5,-16.5,19.2));
#5986 = VECTOR('',#5987,1.);
#5987 = DIRECTION('',(-0.,-1.,-0.));
#5988 = PCURVE('',#1189,#5989);
#5989 = DEFINITIONAL_REPRESENTATION('',(#5990),#5993);
#5990 = B_SPLINE_CURVE_WITH_KNOTS('',1,(#5991,#5992),.UNSPECIFIED.,.F.,
  .F.,(2,2),(-27.6,-5.4),.PIECEWISE_BEZIER_KNOTS.);
#5991 = CARTESIAN_POINT('',(33.,-19.2));
#5992 = CARTESIAN_POINT('',(10.8,-19.2));
#5993 = ( GEOMETRIC_REPRESENTATION_CONTEXT(2) 
PARAMETRIC_REPRESENTATION_CONTEXT() REPRESENTATION_CONTEXT('2D SPACE',''
  ) );
#5994 = PCURVE('',#5995,#6000);
#5995 = PLANE('',#5996);
#5996 = AXIS2_PLACEMENT_3D('',#5997,#5998,#5999);
#5997 = CARTESIAN_POINT('',(34.7,-11.1,19.2));
#5998 = DIRECTION('',(0.,0.,-1.));
#5999 = DIRECTION('',(0.,1.,0.));
#6000 = DEFINITIONAL_REPRESENTATION('',(#6001),#6004);
#6001 = B_SPLINE_CURVE_WITH_KNOTS('',1,(#6002,#6003),.UNSPECIFIED.,.F.,
  .F.,(2,2),(-27.6,-5.4),.PIECEWISE_BEZIER_KNOTS.);
#6002 = CARTESIAN_POINT('',(22.2,-0.2));
#6003 = CARTESIAN_POINT('',(0.,-0.2));
#6004 = ( GEOMETRIC_REPRESENTATION_CONTEXT(2) 
PARAMETRIC_REPRESENTATION_CONTEXT() REPRESENTATION_CONTEXT('2D SPACE',''
  ) );
#6005 = ORIENTED_EDGE('',*,*,#6006,.T.);
#6006 = EDGE_CURVE('',#5979,#6007,#6009,.T.);
#6007 = VERTEX_POINT('',#6008);
#6008 = CARTESIAN_POINT('',(34.5,11.1,22.2));
#6009 = SURFACE_CURVE('',#6010,(#6015,#6026),.PCURVE_S1.);
#6010 = CIRCLE('',#6011,1.5);
#6011 = AXIS2_PLACEMENT_3D('',#6012,#6013,#6014);
#6012 = CARTESIAN_POINT('',(34.5,11.1,20.7));
#6013 = DIRECTION('',(1.,0.,-0.));
#6014 = DIRECTION('',(0.,-1.,0.));
#6015 = PCURVE('',#1189,#6016);
#6016 = DEFINITIONAL_REPRESENTATION('',(#6017),#6025);
#6017 = ( BOUNDED_CURVE() B_SPLINE_CURVE(2,(#6018,#6019,#6020,#6021,
#6022,#6023,#6024),.UNSPECIFIED.,.T.,.F.) B_SPLINE_CURVE_WITH_KNOTS((1,2
    ,2,2,2,1),(-2.094395102393,0.,2.094395102393,4.188790204786,
6.28318530718,8.377580409573),.UNSPECIFIED.) CURVE() 
GEOMETRIC_REPRESENTATION_ITEM() RATIONAL_B_SPLINE_CURVE((1.,0.5,1.,0.5,
1.,0.5,1.)) REPRESENTATION_ITEM('') );
#6018 = CARTESIAN_POINT('',(31.5,-20.7));
#6019 = CARTESIAN_POINT('',(31.5,-18.10192378864));
#6020 = CARTESIAN_POINT('',(33.75,-19.40096189432));
#6021 = CARTESIAN_POINT('',(36.,-20.7));
#6022 = CARTESIAN_POINT('',(33.75,-21.99903810567));
#6023 = CARTESIAN_POINT('',(31.5,-23.29807621135));
#6024 = CARTESIAN_POINT('',(31.5,-20.7));
#6025 = ( GEOMETRIC_REPRESENTATION_CONTEXT(2) 
PARAMETRIC_REPRESENTATION_CONTEXT() REPRESENTATION_CONTEXT('2D SPACE',''
  ) );
#6026 = PCURVE('',#6027,#6032);
#6027 = CYLINDRICAL_SURFACE('',#6028,1.5);
#6028 = AXIS2_PLACEMENT_3D('',#6029,#6030,#6031);
#6029 = CARTESIAN_POINT('',(34.7,11.1,20.7));
#6030 = DIRECTION('',(1.,-0.,-0.));
#6031 = DIRECTION('',(0.,-1.,0.));
#6032 = DEFINITIONAL_REPRESENTATION('',(#6033),#6037);
#6033 = LINE('',#6034,#6035);
#6034 = CARTESIAN_POINT('',(-6.28318530718,-0.2));
#6035 = VECTOR('',#6036,1.);
#6036 = DIRECTION('',(1.,-0.));
#6037 = ( GEOMETRIC_REPRESENTATION_CONTEXT(2) 
PARAMETRIC_REPRESENTATION_CONTEXT() REPRESENTATION_CONTEXT('2D SPACE',''
  ) );
#6038 = ORIENTED_EDGE('',*,*,#6039,.F.);
#6039 = EDGE_CURVE('',#6040,#6007,#6042,.T.);
#6040 = VERTEX_POINT('',#6041);
#6041 = CARTESIAN_POINT('',(34.5,-11.1,22.2));
#6042 = SURFACE_CURVE('',#6043,(#6047,#6053),.PCURVE_S1.);
#6043 = LINE('',#6044,#6045);
#6044 = CARTESIAN_POINT('',(34.5,-5.4,22.2));
#6045 = VECTOR('',#6046,1.);
#6046 = DIRECTION('',(0.,1.,0.));
#6047 = PCURVE('',#1189,#6048);
#6048 = DEFINITIONAL_REPRESENTATION('',(#6049),#6052);
#6049 = B_SPLINE_CURVE_WITH_KNOTS('',1,(#6050,#6051),.UNSPECIFIED.,.F.,
  .F.,(2,2),(-5.7,16.5),.PIECEWISE_BEZIER_KNOTS.);
#6050 = CARTESIAN_POINT('',(10.8,-22.2));
#6051 = CARTESIAN_POINT('',(33.,-22.2));
#6052 = ( GEOMETRIC_REPRESENTATION_CONTEXT(2) 
PARAMETRIC_REPRESENTATION_CONTEXT() REPRESENTATION_CONTEXT('2D SPACE',''
  ) );
#6053 = PCURVE('',#6054,#6059);
#6054 = PLANE('',#6055);
#6055 = AXIS2_PLACEMENT_3D('',#6056,#6057,#6058);
#6056 = CARTESIAN_POINT('',(34.7,11.1,22.2));
#6057 = DIRECTION('',(-0.,0.,1.));
#6058 = DIRECTION('',(0.,-1.,0.));
#6059 = DEFINITIONAL_REPRESENTATION('',(#6060),#6063);
#6060 = B_SPLINE_CURVE_WITH_KNOTS('',1,(#6061,#6062),.UNSPECIFIED.,.F.,
  .F.,(2,2),(-5.7,16.5),.PIECEWISE_BEZIER_KNOTS.);
#6061 = CARTESIAN_POINT('',(22.2,-0.2));
#6062 = CARTESIAN_POINT('',(0.,-0.2));
#6063 = ( GEOMETRIC_REPRESENTATION_CONTEXT(2) 
PARAMETRIC_REPRESENTATION_CONTEXT() REPRESENTATION_CONTEXT('2D SPACE',''
  ) );
#6064 = ORIENTED_EDGE('',*,*,#6065,.T.);
#6065 = EDGE_CURVE('',#6040,#5981,#6066,.T.);
#6066 = SURFACE_CURVE('',#6067,(#6072,#6083),.PCURVE_S1.);
#6067 = CIRCLE('',#6068,1.5);
#6068 = AXIS2_PLACEMENT_3D('',#6069,#6070,#6071);
#6069 = CARTESIAN_POINT('',(34.5,-11.1,20.7));
#6070 = DIRECTION('',(1.,0.,-0.));
#6071 = DIRECTION('',(0.,1.,0.));
#6072 = PCURVE('',#1189,#6073);
#6073 = DEFINITIONAL_REPRESENTATION('',(#6074),#6082);
#6074 = ( BOUNDED_CURVE() B_SPLINE_CURVE(2,(#6075,#6076,#6077,#6078,
#6079,#6080,#6081),.UNSPECIFIED.,.T.,.F.) B_SPLINE_CURVE_WITH_KNOTS((1,2
    ,2,2,2,1),(-2.094395102393,0.,2.094395102393,4.188790204786,
6.28318530718,8.377580409573),.UNSPECIFIED.) CURVE() 
GEOMETRIC_REPRESENTATION_ITEM() RATIONAL_B_SPLINE_CURVE((1.,0.5,1.,0.5,
1.,0.5,1.)) REPRESENTATION_ITEM('') );
#6075 = CARTESIAN_POINT('',(12.3,-20.7));
#6076 = CARTESIAN_POINT('',(12.3,-23.29807621135));
#6077 = CARTESIAN_POINT('',(10.05,-21.99903810567));
#6078 = CARTESIAN_POINT('',(7.8,-20.7));
#6079 = CARTESIAN_POINT('',(10.05,-19.40096189432));
#6080 = CARTESIAN_POINT('',(12.3,-18.10192378864));
#6081 = CARTESIAN_POINT('',(12.3,-20.7));
#6082 = ( GEOMETRIC_REPRESENTATION_CONTEXT(2) 
PARAMETRIC_REPRESENTATION_CONTEXT() REPRESENTATION_CONTEXT('2D SPACE',''
  ) );
#6083 = PCURVE('',#6084,#6089);
#6084 = CYLINDRICAL_SURFACE('',#6085,1.5);
#6085 = AXIS2_PLACEMENT_3D('',#6086,#6087,#6088);
#6086 = CARTESIAN_POINT('',(34.7,-11.1,20.7));
#6087 = DIRECTION('',(1.,-0.,-0.));
#6088 = DIRECTION('',(0.,1.,0.));
#6089 = DEFINITIONAL_REPRESENTATION('',(#6090),#6094);
#6090 = LINE('',#6091,#6092);
#6091 = CARTESIAN_POINT('',(-6.28318530718,-0.2));
#6092 = VECTOR('',#6093,1.);
#6093 = DIRECTION('',(1.,-0.));
#6094 = ( GEOMETRIC_REPRESENTATION_CONTEXT(2) 
PARAMETRIC_REPRESENTATION_CONTEXT() REPRESENTATION_CONTEXT('2D SPACE',''
  ) );
#6095 = ADVANCED_FACE('',(#6096),#1224,.F.);
#6096 = FACE_BOUND('',#6097,.T.);
#6097 = EDGE_LOOP('',(#6098,#6099,#6122,#6153));
#6098 = ORIENTED_EDGE('',*,*,#1203,.T.);
#6099 = ORIENTED_EDGE('',*,*,#6100,.T.);
#6100 = EDGE_CURVE('',#1204,#6101,#6103,.T.);
#6101 = VERTEX_POINT('',#6102);
#6102 = CARTESIAN_POINT('',(18.85,0.,3.));
#6103 = SEAM_CURVE('',#6104,(#6108,#6115),.PCURVE_S1.);
#6104 = LINE('',#6105,#6106);
#6105 = CARTESIAN_POINT('',(18.85,0.,-0.2));
#6106 = VECTOR('',#6107,1.);
#6107 = DIRECTION('',(0.,0.,1.));
#6108 = PCURVE('',#1224,#6109);
#6109 = DEFINITIONAL_REPRESENTATION('',(#6110),#6114);
#6110 = LINE('',#6111,#6112);
#6111 = CARTESIAN_POINT('',(-6.28318530718,0.));
#6112 = VECTOR('',#6113,1.);
#6113 = DIRECTION('',(-0.,-1.));
#6114 = ( GEOMETRIC_REPRESENTATION_CONTEXT(2) 
PARAMETRIC_REPRESENTATION_CONTEXT() REPRESENTATION_CONTEXT('2D SPACE',''
  ) );
#6115 = PCURVE('',#1224,#6116);
#6116 = DEFINITIONAL_REPRESENTATION('',(#6117),#6121);
#6117 = LINE('',#6118,#6119);
#6118 = CARTESIAN_POINT('',(-0.,0.));
#6119 = VECTOR('',#6120,1.);
#6120 = DIRECTION('',(-0.,-1.));
#6121 = ( GEOMETRIC_REPRESENTATION_CONTEXT(2) 
PARAMETRIC_REPRESENTATION_CONTEXT() REPRESENTATION_CONTEXT('2D SPACE',''
  ) );
#6122 = ORIENTED_EDGE('',*,*,#6123,.F.);
#6123 = EDGE_CURVE('',#6101,#6101,#6124,.T.);
#6124 = SURFACE_CURVE('',#6125,(#6130,#6137),.PCURVE_S1.);
#6125 = CIRCLE('',#6126,18.85);
#6126 = AXIS2_PLACEMENT_3D('',#6127,#6128,#6129);
#6127 = CARTESIAN_POINT('',(0.,0.,3.));
#6128 = DIRECTION('',(0.,0.,-1.));
#6129 = DIRECTION('',(1.,0.,0.));
#6130 = PCURVE('',#1224,#6131);
#6131 = DEFINITIONAL_REPRESENTATION('',(#6132),#6136);
#6132 = LINE('',#6133,#6134);
#6133 = CARTESIAN_POINT('',(-6.28318530718,-3.2));
#6134 = VECTOR('',#6135,1.);
#6135 = DIRECTION('',(1.,-0.));
#6136 = ( GEOMETRIC_REPRESENTATION_CONTEXT(2) 
PARAMETRIC_REPRESENTATION_CONTEXT() REPRESENTATION_CONTEXT('2D SPACE',''
  ) );
#6137 = PCURVE('',#6138,#6143);
#6138 = PLANE('',#6139);
#6139 = AXIS2_PLACEMENT_3D('',#6140,#6141,#6142);
#6140 = CARTESIAN_POINT('',(0.,0.,3.));
#6141 = DIRECTION('',(0.,0.,1.));
#6142 = DIRECTION('',(1.,0.,0.));
#6143 = DEFINITIONAL_REPRESENTATION('',(#6144),#6152);
#6144 = ( BOUNDED_CURVE() B_SPLINE_CURVE(2,(#6145,#6146,#6147,#6148,
#6149,#6150,#6151),.UNSPECIFIED.,.T.,.F.) B_SPLINE_CURVE_WITH_KNOTS((1,2
    ,2,2,2,1),(-2.094395102393,0.,2.094395102393,4.188790204786,
6.28318530718,8.377580409573),.UNSPECIFIED.) CURVE() 
GEOMETRIC_REPRESENTATION_ITEM() RATIONAL_B_SPLINE_CURVE((1.,0.5,1.,0.5,
1.,0.5,1.)) REPRESENTATION_ITEM('') );
#6145 = CARTESIAN_POINT('',(18.85,0.));
#6146 = CARTESIAN_POINT('',(18.85,-32.64915772267));
#6147 = CARTESIAN_POINT('',(-9.425,-16.32457886133));
#6148 = CARTESIAN_POINT('',(-37.7,-4.616918432786E-15));
#6149 = CARTESIAN_POINT('',(-9.425,16.324578861337));
#6150 = CARTESIAN_POINT('',(18.85,32.649157722673));
#6151 = CARTESIAN_POINT('',(18.85,0.));
#6152 = ( GEOMETRIC_REPRESENTATION_CONTEXT(2) 
PARAMETRIC_REPRESENTATION_CONTEXT() REPRESENTATION_CONTEXT('2D SPACE',''
  ) );
#6153 = ORIENTED_EDGE('',*,*,#6100,.F.);
#6154 = ADVANCED_FACE('',(#6155),#1256,.T.);
#6155 = FACE_BOUND('',#6156,.F.);
#6156 = EDGE_LOOP('',(#6157,#6158,#6258,#6286));
#6157 = ORIENTED_EDGE('',*,*,#1238,.F.);
#6158 = ORIENTED_EDGE('',*,*,#6159,.F.);
#6159 = EDGE_CURVE('',#6160,#1239,#6162,.T.);
#6160 = VERTEX_POINT('',#6161);
#6161 = CARTESIAN_POINT('',(-9.806678368612,23.35,-1.));
#6162 = SURFACE_CURVE('',#6163,(#6172,#6178),.PCURVE_S1.);
#6163 = B_SPLINE_CURVE_WITH_KNOTS('',7,(#6164,#6165,#6166,#6167,#6168,
    #6169,#6170,#6171),.UNSPECIFIED.,.F.,.F.,(8,8),(0.,1.),
  .PIECEWISE_BEZIER_KNOTS.);
#6164 = CARTESIAN_POINT('',(-9.806678368612,23.35,-1.));
#6165 = CARTESIAN_POINT('',(-9.806670842783,23.35,-0.775600524744));
#6166 = CARTESIAN_POINT('',(-9.806663316954,23.291251113448,
    -0.551202135017));
#6167 = CARTESIAN_POINT('',(-9.806655791125,23.173762722203,
    -0.345253059177));
#6168 = CARTESIAN_POINT('',(-9.806648265296,23.004746940823,
    -0.176237277798));
#6169 = CARTESIAN_POINT('',(-9.806640739467,22.798797864984,
    -5.874888655165E-02));
#6170 = CARTESIAN_POINT('',(-9.806633213638,22.574399475256,
    -2.886579864025E-15));
#6171 = CARTESIAN_POINT('',(-9.806625687808,22.35,-2.775557561563E-15));
#6172 = PCURVE('',#1256,#6173);
#6173 = DEFINITIONAL_REPRESENTATION('',(#6174),#6177);
#6174 = B_SPLINE_CURVE_WITH_KNOTS('',1,(#6175,#6176),.UNSPECIFIED.,.F.,
  .F.,(2,2),(0.,1.),.PIECEWISE_BEZIER_KNOTS.);
#6175 = CARTESIAN_POINT('',(-1.570796326795,2.403972719679));
#6176 = CARTESIAN_POINT('',(0.,2.404025400483));
#6177 = ( GEOMETRIC_REPRESENTATION_CONTEXT(2) 
PARAMETRIC_REPRESENTATION_CONTEXT() REPRESENTATION_CONTEXT('2D SPACE',''
  ) );
#6178 = PCURVE('',#6179,#6252);
#6179 = B_SPLINE_SURFACE_WITH_KNOTS('',7,8,(
    (#6180,#6181,#6182,#6183,#6184,#6185,#6186,#6187,#6188)
    ,(#6189,#6190,#6191,#6192,#6193,#6194,#6195,#6196,#6197)
    ,(#6198,#6199,#6200,#6201,#6202,#6203,#6204,#6205,#6206)
    ,(#6207,#6208,#6209,#6210,#6211,#6212,#6213,#6214,#6215)
    ,(#6216,#6217,#6218,#6219,#6220,#6221,#6222,#6223,#6224)
    ,(#6225,#6226,#6227,#6228,#6229,#6230,#6231,#6232,#6233)
    ,(#6234,#6235,#6236,#6237,#6238,#6239,#6240,#6241,#6242)
    ,(#6243,#6244,#6245,#6246,#6247,#6248,#6249,#6250,#6251
  )),.UNSPECIFIED.,.F.,.F.,.F.,(8,8),(9,9),(0.,1.),(0.,1.),
  .PIECEWISE_BEZIER_KNOTS.);
#6180 = CARTESIAN_POINT('',(-10.13355217138,23.09517190354,
    -1.581238193719));
#6181 = CARTESIAN_POINT('',(-10.10007976207,23.156020885427,
    -1.522057291578));
#6182 = CARTESIAN_POINT('',(-10.06355854298,23.20978448805,
    -1.457304921486));
#6183 = CARTESIAN_POINT('',(-10.02440356003,23.255681562184,
    -1.387744243587));
#6184 = CARTESIAN_POINT('',(-9.983080859915,23.293072183692,
    -1.314230320389));
#6185 = CARTESIAN_POINT('',(-9.940100482846,23.321451035836,
    -1.237697653697));
#6186 = CARTESIAN_POINT('',(-9.896004055854,23.340484562337,
    -1.159138267692));
#6187 = CARTESIAN_POINT('',(-9.85134357932,23.35,-1.07956375466));
#6188 = CARTESIAN_POINT('',(-9.806678368612,23.35,-1.));
#6189 = CARTESIAN_POINT('',(-10.13355216706,23.095171906983,
    -1.581238191733));
#6190 = CARTESIAN_POINT('',(-10.11158593563,23.180509284301,
    -1.484190229165));
#6191 = CARTESIAN_POINT('',(-10.08462092478,23.252029078749,
    -1.378125653344));
#6192 = CARTESIAN_POINT('',(-10.05171857286,23.307877794848,
    -1.266894995815));
#6193 = CARTESIAN_POINT('',(-10.01217342695,23.347082977769,
    -1.154757630211));
#6194 = CARTESIAN_POINT('',(-9.965982925673,23.369345793924,
    -1.045924407777));
#6195 = CARTESIAN_POINT('',(-9.91466315163,23.375442503782,
    -0.94461414811));
#6196 = CARTESIAN_POINT('',(-9.860675484244,23.36785058255,
    -0.853990820582));
#6197 = CARTESIAN_POINT('',(-9.806670842783,23.35,-0.775600524744));
#6198 = CARTESIAN_POINT('',(-10.13355216066,23.095171918963,
    -1.581238191733));
#6199 = CARTESIAN_POINT('',(-10.13892434828,23.212981227754,
    -1.427182263702));
#6200 = CARTESIAN_POINT('',(-10.12956909069,23.325339556415,
    -1.285882743581));
#6201 = CARTESIAN_POINT('',(-10.10301997856,23.374321759376,
    -1.117851081855));
#6202 = CARTESIAN_POINT('',(-10.05839798988,23.382146784691,
    -0.955995661201));
#6203 = CARTESIAN_POINT('',(-10.00065203585,23.364039957336,
    -0.816925025098));
#6204 = CARTESIAN_POINT('',(-9.936410371273,23.335815528929,
    -0.70118811133));
#6205 = CARTESIAN_POINT('',(-9.870007389168,23.32639581762,
    -0.628553697069));
#6206 = CARTESIAN_POINT('',(-9.806663316954,23.291251113448,
    -0.551202135017));
#6207 = CARTESIAN_POINT('',(-10.13355216005,23.095171922887,
    -1.581238192925));
#6208 = CARTESIAN_POINT('',(-10.14523884907,23.221911270779,
    -1.412181781212));
#6209 = CARTESIAN_POINT('',(-10.14150447122,23.320556852873,
    -1.22435295141));
#6210 = CARTESIAN_POINT('',(-10.11787924609,23.359004833649,
    -1.018001482809));
#6211 = CARTESIAN_POINT('',(-10.07212200784,23.347041331105,
    -0.822569131262));
#6212 = CARTESIAN_POINT('',(-10.01300212048,23.309313713912,
    -0.663465266149));
#6213 = CARTESIAN_POINT('',(-9.948724134083,23.266267432012,
    -0.529619644539));
#6214 = CARTESIAN_POINT('',(-9.879339294093,23.228252615118,
    -0.426335585712));
#6215 = CARTESIAN_POINT('',(-9.806655791125,23.173762722203,
    -0.345253059177));
#6216 = CARTESIAN_POINT('',(-10.1335521603,23.095171926121,
    -1.581238194513));
#6217 = CARTESIAN_POINT('',(-10.14935233768,23.22430205389,
    -1.406802875029));
#6218 = CARTESIAN_POINT('',(-10.14994611494,23.299543753145,
    -1.180247235392));
#6219 = CARTESIAN_POINT('',(-10.12899525042,23.326459410584,
    -0.947755570181));
#6220 = CARTESIAN_POINT('',(-10.08297694967,23.295754413314,
    -0.729643407507));
#6221 = CARTESIAN_POINT('',(-10.02376009106,23.237850580359,
    -0.557309672845));
#6222 = CARTESIAN_POINT('',(-9.960425452997,23.174886469162,
    -0.408022683989));
#6223 = CARTESIAN_POINT('',(-9.888671199017,23.092723658994,
    -0.268483952857));
#6224 = CARTESIAN_POINT('',(-9.806648265296,23.004746940823,
    -0.176237277798));
#6225 = CARTESIAN_POINT('',(-10.13355215969,23.095171930045,
    -1.581238195705));
#6226 = CARTESIAN_POINT('',(-10.15616795114,23.225024196224,
    -1.402043211657));
#6227 = CARTESIAN_POINT('',(-10.16280866593,23.283515244419,
    -1.146291548272));
#6228 = CARTESIAN_POINT('',(-10.14578501503,23.304056126932,
    -0.892109214642));
#6229 = CARTESIAN_POINT('',(-10.10077828178,23.259810639917,
    -0.653683344258));
#6230 = CARTESIAN_POINT('',(-10.04069470801,23.179907403313,
    -0.466641403633));
#6231 = CARTESIAN_POINT('',(-9.974999692544,23.084851776215,
    -0.305855747201));
#6232 = CARTESIAN_POINT('',(-9.898003103942,22.94346485185,
    -0.147264984384));
#6233 = CARTESIAN_POINT('',(-9.806640739467,22.798797864984,
    -5.874888655165E-02));
#6234 = CARTESIAN_POINT('',(-10.13355215329,23.095171942024,
    -1.581238195705));
#6235 = CARTESIAN_POINT('',(-10.18450858913,23.241080338294,
    -1.365516884429));
#6236 = CARTESIAN_POINT('',(-10.20961117277,23.328046071158,
    -1.101729099324));
#6237 = CARTESIAN_POINT('',(-10.20094741492,23.337789307707,
    -0.815620380983));
#6238 = CARTESIAN_POINT('',(-10.15515747301,23.262409711971,
    -0.545619244491));
#6239 = CARTESIAN_POINT('',(-10.08453288284,23.129682580425,
    -0.332931170256));
#6240 = CARTESIAN_POINT('',(-10.00126786566,22.967175473497,
    -0.169529957005));
#6241 = CARTESIAN_POINT('',(-9.907335008866,22.779179718929,
    -5.628004088798E-02));
#6242 = CARTESIAN_POINT('',(-9.806633213638,22.574399475256,
    -2.886579864025E-15));
#6243 = CARTESIAN_POINT('',(-10.13355214897,23.095171945468,
    -1.581238193719));
#6244 = CARTESIAN_POINT('',(-10.19751810071,23.240945035093,
    -1.358372279369));
#6245 = CARTESIAN_POINT('',(-10.23345506596,23.322837693198,
    -1.085677371148));
#6246 = CARTESIAN_POINT('',(-10.23405391904,23.324191939194,
    -0.788639570397));
#6247 = CARTESIAN_POINT('',(-10.19648198251,23.238552044917,
    -0.500658142905));
#6248 = CARTESIAN_POINT('',(-10.12416892264,23.073734660527,
    -0.257172629198));
#6249 = CARTESIAN_POINT('',(-10.02670839165,22.851604572047,
    -8.572784076862E-02));
#6250 = CARTESIAN_POINT('',(-9.916666913791,22.60080187399,
    -2.817190924986E-15));
#6251 = CARTESIAN_POINT('',(-9.806625687808,22.35,-2.775557561563E-15));
#6252 = DEFINITIONAL_REPRESENTATION('',(#6253),#6257);
#6253 = LINE('',#6254,#6255);
#6254 = CARTESIAN_POINT('',(0.,1.));
#6255 = VECTOR('',#6256,1.);
#6256 = DIRECTION('',(1.,0.));
#6257 = ( GEOMETRIC_REPRESENTATION_CONTEXT(2) 
PARAMETRIC_REPRESENTATION_CONTEXT() REPRESENTATION_CONTEXT('2D SPACE',''
  ) );
#6258 = ORIENTED_EDGE('',*,*,#6259,.T.);
#6259 = EDGE_CURVE('',#6160,#6260,#6262,.T.);
#6260 = VERTEX_POINT('',#6261);
#6261 = CARTESIAN_POINT('',(9.806678368612,23.35,-1.));
#6262 = SURFACE_CURVE('',#6263,(#6267,#6274),.PCURVE_S1.);
#6263 = LINE('',#6264,#6265);
#6264 = CARTESIAN_POINT('',(-12.21065108829,23.35,-1.));
#6265 = VECTOR('',#6266,1.);
#6266 = DIRECTION('',(1.,-0.,0.));
#6267 = PCURVE('',#1256,#6268);
#6268 = DEFINITIONAL_REPRESENTATION('',(#6269),#6273);
#6269 = LINE('',#6270,#6271);
#6270 = CARTESIAN_POINT('',(-1.570796326795,0.));
#6271 = VECTOR('',#6272,1.);
#6272 = DIRECTION('',(-0.,1.));
#6273 = ( GEOMETRIC_REPRESENTATION_CONTEXT(2) 
PARAMETRIC_REPRESENTATION_CONTEXT() REPRESENTATION_CONTEXT('2D SPACE',''
  ) );
#6274 = PCURVE('',#6275,#6280);
#6275 = PLANE('',#6276);
#6276 = AXIS2_PLACEMENT_3D('',#6277,#6278,#6279);
#6277 = CARTESIAN_POINT('',(-34.5,23.35,-14.5));
#6278 = DIRECTION('',(0.,1.,0.));
#6279 = DIRECTION('',(0.,0.,1.));
#6280 = DEFINITIONAL_REPRESENTATION('',(#6281),#6285);
#6281 = LINE('',#6282,#6283);
#6282 = CARTESIAN_POINT('',(13.5,22.289348911708));
#6283 = VECTOR('',#6284,1.);
#6284 = DIRECTION('',(0.,1.));
#6285 = ( GEOMETRIC_REPRESENTATION_CONTEXT(2) 
PARAMETRIC_REPRESENTATION_CONTEXT() REPRESENTATION_CONTEXT('2D SPACE',''
  ) );
#6286 = ORIENTED_EDGE('',*,*,#6287,.F.);
#6287 = EDGE_CURVE('',#1241,#6260,#6288,.T.);
#6288 = SURFACE_CURVE('',#6289,(#6298,#6304),.PCURVE_S1.);
#6289 = B_SPLINE_CURVE_WITH_KNOTS('',7,(#6290,#6291,#6292,#6293,#6294,
    #6295,#6296,#6297),.UNSPECIFIED.,.F.,.F.,(8,8),(0.,1.),
  .PIECEWISE_BEZIER_KNOTS.);
#6290 = CARTESIAN_POINT('',(9.806625687808,22.35,-2.831068712794E-15));
#6291 = CARTESIAN_POINT('',(9.806633213638,22.574399475256,
    -3.632015323417E-15));
#6292 = CARTESIAN_POINT('',(9.806640739467,22.798797864983,
    -5.874888655163E-02));
#6293 = CARTESIAN_POINT('',(9.806648265296,23.004746940823,
    -0.176237277798));
#6294 = CARTESIAN_POINT('',(9.806655791125,23.173762722202,
    -0.345253059177));
#6295 = CARTESIAN_POINT('',(9.806663316954,23.291251113449,
    -0.551202135017));
#6296 = CARTESIAN_POINT('',(9.806670842783,23.35,-0.775600524744));
#6297 = CARTESIAN_POINT('',(9.806678368612,23.35,-1.));
#6298 = PCURVE('',#1256,#6299);
#6299 = DEFINITIONAL_REPRESENTATION('',(#6300),#6303);
#6300 = B_SPLINE_CURVE_WITH_KNOTS('',1,(#6301,#6302),.UNSPECIFIED.,.F.,
  .F.,(2,2),(0.,1.),.PIECEWISE_BEZIER_KNOTS.);
#6301 = CARTESIAN_POINT('',(0.,22.0172767761));
#6302 = CARTESIAN_POINT('',(-1.570796326795,22.017329456904));
#6303 = ( GEOMETRIC_REPRESENTATION_CONTEXT(2) 
PARAMETRIC_REPRESENTATION_CONTEXT() REPRESENTATION_CONTEXT('2D SPACE',''
  ) );
#6304 = PCURVE('',#6305,#6386);
#6305 = B_SPLINE_SURFACE_WITH_KNOTS('',7,9,(
    (#6306,#6307,#6308,#6309,#6310,#6311,#6312,#6313,#6314,#6315)
    ,(#6316,#6317,#6318,#6319,#6320,#6321,#6322,#6323,#6324,#6325)
    ,(#6326,#6327,#6328,#6329,#6330,#6331,#6332,#6333,#6334,#6335)
    ,(#6336,#6337,#6338,#6339,#6340,#6341,#6342,#6343,#6344,#6345)
    ,(#6346,#6347,#6348,#6349,#6350,#6351,#6352,#6353,#6354,#6355)
    ,(#6356,#6357,#6358,#6359,#6360,#6361,#6362,#6363,#6364,#6365)
    ,(#6366,#6367,#6368,#6369,#6370,#6371,#6372,#6373,#6374,#6375)
    ,(#6376,#6377,#6378,#6379,#6380,#6381,#6382,#6383,#6384,#6385
  )),.UNSPECIFIED.,.F.,.F.,.F.,(8,8),(10,10),(0.,1.),(0.,1.),
  .PIECEWISE_BEZIER_KNOTS.);
#6306 = CARTESIAN_POINT('',(10.133552148979,23.095171945468,
    -1.581238193719));
#6307 = CARTESIAN_POINT('',(10.19041077274,23.224748025135,
    -1.383135158741));
#6308 = CARTESIAN_POINT('',(10.22546930646,23.304639856549,
    -1.14627736693));
#6309 = CARTESIAN_POINT('',(10.2338534023,23.323738474806,
    -0.887647822534));
#6310 = CARTESIAN_POINT('',(10.21318221928,23.276617862919,
    -0.628657618436));
#6311 = CARTESIAN_POINT('',(10.164341246483,23.165296231311,
    -0.392434629056));
#6312 = CARTESIAN_POINT('',(10.091682978027,22.999693346756,
    -0.200028714502));
#6313 = CARTESIAN_POINT('',(10.002254497131,22.795870107328,
    -6.667608219812E-02));
#6314 = CARTESIAN_POINT('',(9.904440110904,22.572934999102,
    -2.855740335564E-15));
#6315 = CARTESIAN_POINT('',(9.806625687808,22.35,-2.831068712794E-15));
#6316 = CARTESIAN_POINT('',(10.133552153297,23.095171942024,
    -1.581238195705));
#6317 = CARTESIAN_POINT('',(10.178846762934,23.224868294264,
    -1.389485919016));
#6318 = CARTESIAN_POINT('',(10.204063063364,23.308789315499,
    -1.160342457443));
#6319 = CARTESIAN_POINT('',(10.203718683338,23.334275565239,
    -0.911013673964));
#6320 = CARTESIAN_POINT('',(10.175715937634,23.296384637991,
    -0.665577580352));
#6321 = CARTESIAN_POINT('',(10.123561386951,23.202946992259,
    -0.451133380743));
#6322 = CARTESIAN_POINT('',(10.05689452799,23.075779541734,
    -0.278440378972));
#6323 = CARTESIAN_POINT('',(9.980363654979,22.925329676395,
    -0.14436945866));
#6324 = CARTESIAN_POINT('',(9.896145920508,22.756426358521,
    -5.002670301154E-02));
#6325 = CARTESIAN_POINT('',(9.806633213638,22.574399475256,
    -3.632015323417E-15));
#6326 = CARTESIAN_POINT('',(10.133552159698,23.095171930045,
    -1.581238195705));
#6327 = CARTESIAN_POINT('',(10.153655085427,23.210596166648,
    -1.42195376544));
#6328 = CARTESIAN_POINT('',(10.161372840128,23.266827635992,
    -1.198889421247));
#6329 = CARTESIAN_POINT('',(10.151304902489,23.296856645278,
    -0.976871406246));
#6330 = CARTESIAN_POINT('',(10.121056230515,23.280102004486,
    -0.75958862521));
#6331 = CARTESIAN_POINT('',(10.073799515048,23.223671386642,
    -0.570615365422));
#6332 = CARTESIAN_POINT('',(10.018951032374,23.148574715096,
    -0.413011437762));
#6333 = CARTESIAN_POINT('',(9.95784945093,23.057122057407,
    -0.274849185463));
#6334 = CARTESIAN_POINT('',(9.887851730111,22.927390742198,
    -0.137429862402));
#6335 = CARTESIAN_POINT('',(9.806640739467,22.798797864983,
    -5.874888655163E-02));
#6336 = CARTESIAN_POINT('',(10.133552160309,23.095171926121,
    -1.581238194513));
#6337 = CARTESIAN_POINT('',(10.147596762421,23.209954261916,
    -1.426184577194));
#6338 = CARTESIAN_POINT('',(10.149850051132,23.281707906792,
    -1.228561989482));
#6339 = CARTESIAN_POINT('',(10.135840129141,23.31717177687,
    -1.025284870415));
#6340 = CARTESIAN_POINT('',(10.103676181628,23.309962408371,
    -0.826525118035));
#6341 = CARTESIAN_POINT('',(10.056411692003,23.269458046843,
    -0.653107664985));
#6342 = CARTESIAN_POINT('',(10.002787287833,23.217178291195,
    -0.507515264729));
#6343 = CARTESIAN_POINT('',(9.944444176536,23.157743535644,
    -0.379045020678));
#6344 = CARTESIAN_POINT('',(9.879557539715,23.082948468086,
    -0.258234322295));
#6345 = CARTESIAN_POINT('',(9.806648265296,23.004746940823,
    -0.176237277798));
#6346 = CARTESIAN_POINT('',(10.133552160055,23.095171922887,
    -1.581238192925));
#6347 = CARTESIAN_POINT('',(10.143940328072,23.207829121013,
    -1.430965826958));
#6348 = CARTESIAN_POINT('',(10.142358268518,23.300712366882,
    -1.267284350226));
#6349 = CARTESIAN_POINT('',(10.125662321002,23.34598006218,
    -1.086807177726));
#6350 = CARTESIAN_POINT('',(10.092622113965,23.352729604017,
    -0.909389070529));
#6351 = CARTESIAN_POINT('',(10.045682946559,23.329902340572,
    -0.751895185966));
#6352 = CARTESIAN_POINT('',(9.99166812515,23.295173731154,
    -0.618828186897));
#6353 = CARTESIAN_POINT('',(9.933281345201,23.25574294045,
    -0.505475972607));
#6354 = CARTESIAN_POINT('',(9.871263349319,23.222198182571,
    -0.417326416097));
#6355 = CARTESIAN_POINT('',(9.806655791125,23.173762722202,
    -0.345253059177));
#6356 = CARTESIAN_POINT('',(10.133552160665,23.095171918963,
    -1.581238191733));
#6357 = CARTESIAN_POINT('',(10.138327438551,23.199891304555,
    -1.444299589038));
#6358 = CARTESIAN_POINT('',(10.13165802499,23.304619888748,
    -1.321061144873));
#6359 = CARTESIAN_POINT('',(10.111831963699,23.357909391084,
    -1.173871218144));
#6360 = CARTESIAN_POINT('',(10.078297040697,23.378820048651,
    -1.027914368371));
#6361 = CARTESIAN_POINT('',(10.032666065583,23.373948252879,
    -0.894203524942));
#6362 = CARTESIAN_POINT('',(9.979275866576,23.35471678184,
    -0.778336471462));
#6363 = CARTESIAN_POINT('',(9.921644164866,23.329473409937,
    -0.681268622452));
#6364 = CARTESIAN_POINT('',(9.862969158923,23.32249085049,
    -0.619959079063));
#6365 = CARTESIAN_POINT('',(9.806663316954,23.291251113449,
    -0.551202135017));
#6366 = CARTESIAN_POINT('',(10.133552167067,23.095171906983,
    -1.581238191733));
#6367 = CARTESIAN_POINT('',(10.114026628015,23.171027353488,
    -1.494973336117));
#6368 = CARTESIAN_POINT('',(10.090612892691,23.236135120549,
    -1.401695204667));
#6369 = CARTESIAN_POINT('',(10.062687014938,23.289264140292,
    -1.303973248688));
#6370 = CARTESIAN_POINT('',(10.029747284816,23.329653857995,
    -1.204594029092));
#6371 = CARTESIAN_POINT('',(9.991646077817,23.356982156759,
    -1.106389739406));
#6372 = CARTESIAN_POINT('',(9.948875342894,23.3713754464,-1.01215295419)
  );
#6373 = CARTESIAN_POINT('',(9.902666148938,23.373756080721,
    -0.924475985297));
#6374 = CARTESIAN_POINT('',(9.854674968526,23.365867184489,
    -0.845280787711));
#6375 = CARTESIAN_POINT('',(9.806670842783,23.35,-0.775600524744));
#6376 = CARTESIAN_POINT('',(10.133552171385,23.09517190354,
    -1.581238193719));
#6377 = CARTESIAN_POINT('',(10.103798918666,23.14925988744,
    -1.528632947371));
#6378 = CARTESIAN_POINT('',(10.071674286,23.197837085236,-1.471694188758
    ));
#6379 = CARTESIAN_POINT('',(10.037455544108,23.240382286689,
    -1.41093170825));
#6380 = CARTESIAN_POINT('',(10.001445930027,23.276454575527,
    -1.346902158202));
#6381 = CARTESIAN_POINT('',(9.963979044491,23.30568456103,
    -1.280216818801));
#6382 = CARTESIAN_POINT('',(9.925401350758,23.327795795453,
    -1.211510619666));
#6383 = CARTESIAN_POINT('',(9.886079588967,23.342599039605,
    -1.141455190878));
#6384 = CARTESIAN_POINT('',(9.84638077813,23.35,-1.070723337475));
#6385 = CARTESIAN_POINT('',(9.806678368612,23.35,-1.));
#6386 = DEFINITIONAL_REPRESENTATION('',(#6387),#6391);
#6387 = LINE('',#6388,#6389);
#6388 = CARTESIAN_POINT('',(0.,1.));
#6389 = VECTOR('',#6390,1.);
#6390 = DIRECTION('',(1.,0.));
#6391 = ( GEOMETRIC_REPRESENTATION_CONTEXT(2) 
PARAMETRIC_REPRESENTATION_CONTEXT() REPRESENTATION_CONTEXT('2D SPACE',''
  ) );
#6392 = ADVANCED_FACE('',(#6393),#1289,.T.);
#6393 = FACE_BOUND('',#6394,.F.);
#6394 = EDGE_LOOP('',(#6395,#6423,#6452,#6561));
#6395 = ORIENTED_EDGE('',*,*,#6396,.F.);
#6396 = EDGE_CURVE('',#6397,#1241,#6399,.T.);
#6397 = VERTEX_POINT('',#6398);
#6398 = CARTESIAN_POINT('',(10.133552148979,23.095171945468,
    -1.581238193719));
#6399 = SURFACE_CURVE('',#6400,(#6411,#6417),.PCURVE_S1.);
#6400 = B_SPLINE_CURVE_WITH_KNOTS('',9,(#6401,#6402,#6403,#6404,#6405,
    #6406,#6407,#6408,#6409,#6410),.UNSPECIFIED.,.F.,.F.,(10,10),(0.,1.)
  ,.PIECEWISE_BEZIER_KNOTS.);
#6401 = CARTESIAN_POINT('',(10.133552148979,23.095171945468,
    -1.581238193719));
#6402 = CARTESIAN_POINT('',(10.19041077274,23.224748025135,
    -1.383135158741));
#6403 = CARTESIAN_POINT('',(10.22546930646,23.304639856549,
    -1.14627736693));
#6404 = CARTESIAN_POINT('',(10.2338534023,23.323738474806,
    -0.887647822534));
#6405 = CARTESIAN_POINT('',(10.21318221928,23.276617862919,
    -0.628657618436));
#6406 = CARTESIAN_POINT('',(10.164341246483,23.165296231311,
    -0.392434629056));
#6407 = CARTESIAN_POINT('',(10.091682978027,22.999693346756,
    -0.200028714502));
#6408 = CARTESIAN_POINT('',(10.002254497131,22.795870107328,
    -6.667608219812E-02));
#6409 = CARTESIAN_POINT('',(9.904440110904,22.572934999102,
    -2.855740335564E-15));
#6410 = CARTESIAN_POINT('',(9.806625687808,22.35,-2.831068712794E-15));
#6411 = PCURVE('',#1289,#6412);
#6412 = DEFINITIONAL_REPRESENTATION('',(#6413),#6416);
#6413 = B_SPLINE_CURVE_WITH_KNOTS('',1,(#6414,#6415),.UNSPECIFIED.,.F.,
  .F.,(2,2),(0.,1.),.PIECEWISE_BEZIER_KNOTS.);
#6414 = CARTESIAN_POINT('',(6.835186370055E-02,5.662935821197));
#6415 = CARTESIAN_POINT('',(6.835053742806E-02,7.853981633974));
#6416 = ( GEOMETRIC_REPRESENTATION_CONTEXT(2) 
PARAMETRIC_REPRESENTATION_CONTEXT() REPRESENTATION_CONTEXT('2D SPACE',''
  ) );
#6417 = PCURVE('',#6305,#6418);
#6418 = DEFINITIONAL_REPRESENTATION('',(#6419),#6422);
#6419 = B_SPLINE_CURVE_WITH_KNOTS('',1,(#6420,#6421),.UNSPECIFIED.,.F.,
  .F.,(2,2),(0.,1.),.PIECEWISE_BEZIER_KNOTS.);
#6420 = CARTESIAN_POINT('',(0.,0.));
#6421 = CARTESIAN_POINT('',(0.,1.));
#6422 = ( GEOMETRIC_REPRESENTATION_CONTEXT(2) 
PARAMETRIC_REPRESENTATION_CONTEXT() REPRESENTATION_CONTEXT('2D SPACE',''
  ) );
#6423 = ORIENTED_EDGE('',*,*,#6424,.T.);
#6424 = EDGE_CURVE('',#6397,#6425,#6427,.T.);
#6425 = VERTEX_POINT('',#6426);
#6426 = CARTESIAN_POINT('',(25.199367345819,1.033321329351,
    -1.581238193719));
#6427 = SURFACE_CURVE('',#6428,(#6433,#6440),.PCURVE_S1.);
#6428 = CIRCLE('',#6429,25.220544147344);
#6429 = AXIS2_PLACEMENT_3D('',#6430,#6431,#6432);
#6430 = CARTESIAN_POINT('',(0.,-1.936458292628E-16,-1.581238193719));
#6431 = DIRECTION('',(-8.281719203304E-34,-1.224646799147E-16,-1.));
#6432 = DIRECTION('',(0.463402318341,0.88614800759,-1.085218321066E-16)
  );
#6433 = PCURVE('',#1289,#6434);
#6434 = DEFINITIONAL_REPRESENTATION('',(#6435),#6439);
#6435 = LINE('',#6436,#6437);
#6436 = CARTESIAN_POINT('',(-0.,5.662935821197));
#6437 = VECTOR('',#6438,1.);
#6438 = DIRECTION('',(-1.,0.));
#6439 = ( GEOMETRIC_REPRESENTATION_CONTEXT(2) 
PARAMETRIC_REPRESENTATION_CONTEXT() REPRESENTATION_CONTEXT('2D SPACE',''
  ) );
#6440 = PCURVE('',#6441,#6446);
#6441 = CONICAL_SURFACE('',#6442,26.35,0.620249485983);
#6442 = AXIS2_PLACEMENT_3D('',#6443,#6444,#6445);
#6443 = CARTESIAN_POINT('',(0.,0.,0.));
#6444 = DIRECTION('',(-0.,1.224646799147E-16,1.));
#6445 = DIRECTION('',(1.,0.,0.));
#6446 = DEFINITIONAL_REPRESENTATION('',(#6447),#6451);
#6447 = LINE('',#6448,#6449);
#6448 = CARTESIAN_POINT('',(-5.194219788628,-1.581238193719));
#6449 = VECTOR('',#6450,1.);
#6450 = DIRECTION('',(-1.,-0.));
#6451 = ( GEOMETRIC_REPRESENTATION_CONTEXT(2) 
PARAMETRIC_REPRESENTATION_CONTEXT() REPRESENTATION_CONTEXT('2D SPACE',''
  ) );
#6452 = ORIENTED_EDGE('',*,*,#6453,.F.);
#6453 = EDGE_CURVE('',#1269,#6425,#6454,.T.);
#6454 = SURFACE_CURVE('',#6455,(#6466,#6474),.PCURVE_S1.);
#6455 = B_SPLINE_CURVE_WITH_KNOTS('',9,(#6456,#6457,#6458,#6459,#6460,
    #6461,#6462,#6463,#6464,#6465),.UNSPECIFIED.,.F.,.F.,(10,10),(0.,1.)
  ,.PIECEWISE_BEZIER_KNOTS.);
#6456 = CARTESIAN_POINT('',(24.386315986241,1.,-1.942890293094E-16));
#6457 = CARTESIAN_POINT('',(24.629561256693,1.009970676566,
    -7.501743425548E-15));
#6458 = CARTESIAN_POINT('',(24.872806542254,1.019944749386,
    -6.667607335321E-02));
#6459 = CARTESIAN_POINT('',(25.095198669502,1.029061339569,
    -0.200028691758));
#6460 = CARTESIAN_POINT('',(25.275888146856,1.036467705586,
    -0.39243459115));
#6461 = CARTESIAN_POINT('',(25.39735077866,1.041445493924,
    -0.628657567894));
#6462 = CARTESIAN_POINT('',(25.448763025664,1.043551135449,
    -0.887647765674));
#6463 = CARTESIAN_POINT('',(25.427922817824,1.04269459622,-1.14627731386
    ));
#6464 = CARTESIAN_POINT('',(25.340750519399,1.039120892467,
    -1.383135123361));
#6465 = CARTESIAN_POINT('',(25.199367345819,1.033321329351,
    -1.581238193719));
#6466 = PCURVE('',#1289,#6467);
#6467 = DEFINITIONAL_REPRESENTATION('',(#6468),#6473);
#6468 = B_SPLINE_CURVE_WITH_KNOTS('',3,(#6469,#6470,#6471,#6472),
  .UNSPECIFIED.,.F.,.F.,(4,4),(0.,1.),.PIECEWISE_BEZIER_KNOTS.);
#6469 = CARTESIAN_POINT('',(-1.047981876269,7.853981633974));
#6470 = CARTESIAN_POINT('',(-1.047982365789,7.123633029709));
#6471 = CARTESIAN_POINT('',(-1.047982855309,6.393284346596));
#6472 = CARTESIAN_POINT('',(-1.047983344829,5.662935821197));
#6473 = ( GEOMETRIC_REPRESENTATION_CONTEXT(2) 
PARAMETRIC_REPRESENTATION_CONTEXT() REPRESENTATION_CONTEXT('2D SPACE',''
  ) );
#6474 = PCURVE('',#6475,#6556);
#6475 = B_SPLINE_SURFACE_WITH_KNOTS('',7,9,(
    (#6476,#6477,#6478,#6479,#6480,#6481,#6482,#6483,#6484,#6485)
    ,(#6486,#6487,#6488,#6489,#6490,#6491,#6492,#6493,#6494,#6495)
    ,(#6496,#6497,#6498,#6499,#6500,#6501,#6502,#6503,#6504,#6505)
    ,(#6506,#6507,#6508,#6509,#6510,#6511,#6512,#6513,#6514,#6515)
    ,(#6516,#6517,#6518,#6519,#6520,#6521,#6522,#6523,#6524,#6525)
    ,(#6526,#6527,#6528,#6529,#6530,#6531,#6532,#6533,#6534,#6535)
    ,(#6536,#6537,#6538,#6539,#6540,#6541,#6542,#6543,#6544,#6545)
    ,(#6546,#6547,#6548,#6549,#6550,#6551,#6552,#6553,#6554,#6555
  )),.UNSPECIFIED.,.F.,.F.,.F.,(8,8),(10,10),(0.,1.),(0.,1.),
  .PIECEWISE_BEZIER_KNOTS.);
#6476 = CARTESIAN_POINT('',(24.386315986241,1.,-1.942890293094E-16));
#6477 = CARTESIAN_POINT('',(24.629561256693,1.009970676566,
    -7.501743425548E-15));
#6478 = CARTESIAN_POINT('',(24.872806542254,1.019944749386,
    -6.667607335321E-02));
#6479 = CARTESIAN_POINT('',(25.095198669502,1.029061339569,
    -0.200028691758));
#6480 = CARTESIAN_POINT('',(25.275888146856,1.036467705586,
    -0.39243459115));
#6481 = CARTESIAN_POINT('',(25.39735077866,1.041445493924,
    -0.628657567894));
#6482 = CARTESIAN_POINT('',(25.448763025664,1.043551135449,
    -0.887647765674));
#6483 = CARTESIAN_POINT('',(25.427922817824,1.04269459622,-1.14627731386
    ));
#6484 = CARTESIAN_POINT('',(25.340750519399,1.039120892467,
    -1.383135123361));
#6485 = CARTESIAN_POINT('',(25.199367345819,1.033321329351,
    -1.581238193719));
#6486 = CARTESIAN_POINT('',(24.386315986241,1.,-1.903239470786E-16));
#6487 = CARTESIAN_POINT('',(24.608411559512,0.974582727313,
    -7.322789171507E-15));
#6488 = CARTESIAN_POINT('',(24.835816969876,0.949386602595,
    -5.424466852444E-02));
#6489 = CARTESIAN_POINT('',(25.058011327064,0.925073014977,
    -0.168262708655));
#6490 = CARTESIAN_POINT('',(25.258989390109,0.902086426535,
    -0.346619607338));
#6491 = CARTESIAN_POINT('',(25.412399327274,0.880354718799,
    -0.598384468447));
#6492 = CARTESIAN_POINT('',(25.468288174272,0.858657243707,
    -0.889951604784));
#6493 = CARTESIAN_POINT('',(25.43544223857,0.837929758815,
    -1.165451885097));
#6494 = CARTESIAN_POINT('',(25.339392689589,0.819509042425,
    -1.399904544897));
#6495 = CARTESIAN_POINT('',(25.205613726087,0.804433927467,
    -1.585629352855));
#6496 = CARTESIAN_POINT('',(24.386315986241,1.,-1.605858303476E-16));
#6497 = CARTESIAN_POINT('',(24.546044985423,0.913390006616,
    -5.312695235411E-15));
#6498 = CARTESIAN_POINT('',(24.749423468594,0.857137447189,
    -6.122309192322E-02));
#6499 = CARTESIAN_POINT('',(24.949019279048,0.785943867536,
    -0.161094635015));
#6500 = CARTESIAN_POINT('',(25.145428004651,0.717038741167,
    -0.321323745779));
#6501 = CARTESIAN_POINT('',(25.309714030787,0.653468605669,
    -0.566477327926));
#6502 = CARTESIAN_POINT('',(25.377644619591,0.60383421474,-0.86350379282
    ));
#6503 = CARTESIAN_POINT('',(25.358379508367,0.574146651173,
    -1.142290495142));
#6504 = CARTESIAN_POINT('',(25.292599105021,0.580387293714,
    -1.384225298523));
#6505 = CARTESIAN_POINT('',(25.162022196966,0.572979056873,
    -1.554428814318));
#6506 = CARTESIAN_POINT('',(24.386315986241,1.,-1.498801083244E-16));
#6507 = CARTESIAN_POINT('',(24.53397036004,0.896396750503,
    -4.497937884195E-15));
#6508 = CARTESIAN_POINT('',(24.710899169298,0.797516413561,
    -4.931752536948E-02));
#6509 = CARTESIAN_POINT('',(24.890921979729,0.689136663798,
    -0.139300194602));
#6510 = CARTESIAN_POINT('',(25.068275528001,0.57777293513,
    -0.287837009738));
#6511 = CARTESIAN_POINT('',(25.216320418337,0.469655050613,
    -0.523572930708));
#6512 = CARTESIAN_POINT('',(25.276649844041,0.387201010711,
    -0.817689073729));
#6513 = CARTESIAN_POINT('',(25.256910226064,0.343057911294,
    -1.095491222068));
#6514 = CARTESIAN_POINT('',(25.187414639109,0.341361760831,
    -1.326831437205));
#6515 = CARTESIAN_POINT('',(25.068218498599,0.360003098829,
    -1.487364002396));
#6516 = CARTESIAN_POINT('',(24.386315986241,1.,-1.395708945243E-16));
#6517 = CARTESIAN_POINT('',(24.52469926446,0.888176565422,
    -3.628900520727E-15));
#6518 = CARTESIAN_POINT('',(24.663639743493,0.75014014983,
    -3.263909777968E-02));
#6519 = CARTESIAN_POINT('',(24.808546171901,0.610936645193,
    -0.110439399641));
#6520 = CARTESIAN_POINT('',(24.945369271952,0.463649632136,
    -0.242760936495));
#6521 = CARTESIAN_POINT('',(25.054884886452,0.3173954362,-0.456318772448
    ));
#6522 = CARTESIAN_POINT('',(25.097647820891,0.206968606637,
    -0.73111104505));
#6523 = CARTESIAN_POINT('',(25.079480004314,0.150679085477,
    -0.999489308086));
#6524 = CARTESIAN_POINT('',(25.014207316132,0.138181761098,
    -1.220831147902));
#6525 = CARTESIAN_POINT('',(24.929439698358,0.183636348022,
    -1.388172053547));
#6526 = CARTESIAN_POINT('',(24.386315986241,1.,-1.268826313857E-16));
#6527 = CARTESIAN_POINT('',(24.505492590908,0.879660715216,
    -2.65072779705E-15));
#6528 = CARTESIAN_POINT('',(24.599024326799,0.717058063314,
    -1.899852350395E-02));
#6529 = CARTESIAN_POINT('',(24.698301848449,0.562929575172,
    -8.618503263862E-02));
#6530 = CARTESIAN_POINT('',(24.784117006345,0.400139238604,
    -0.201933723618));
#6531 = CARTESIAN_POINT('',(24.846480632933,0.237771918342,
    -0.386184553754));
#6532 = CARTESIAN_POINT('',(24.868493753115,0.114081775162,
    -0.628415406616));
#6533 = CARTESIAN_POINT('',(24.854068787495,4.779765467574E-02,
    -0.876673003298));
#6534 = CARTESIAN_POINT('',(24.801667321807,1.74283996696E-02,
    -1.086725899771));
#6535 = CARTESIAN_POINT('',(24.759389000574,6.128942688422E-02,
    -1.266639417964));
#6536 = CARTESIAN_POINT('',(24.386315986241,1.,-9.31794324239E-17));
#6537 = CARTESIAN_POINT('',(24.428861920478,0.835422806333,
    -4.664110638416E-16));
#6538 = CARTESIAN_POINT('',(24.471407867737,0.66867116314,
    -3.034060667769E-02));
#6539 = CARTESIAN_POINT('',(24.510974787449,0.500344440161,
    -9.265356027693E-02));
#6540 = CARTESIAN_POINT('',(24.544584185816,0.332741134362,
    -0.19214360097));
#6541 = CARTESIAN_POINT('',(24.569732606112,0.174528392585,
    -0.339819783223));
#6542 = CARTESIAN_POINT('',(24.584873828246,5.595962548114E-02,
    -0.533485794844));
#6543 = CARTESIAN_POINT('',(24.58969327058,-8.702096484743E-03,
    -0.744775943652));
#6544 = CARTESIAN_POINT('',(24.585036704437,-2.324407655447E-02,
    -0.949699312159));
#6545 = CARTESIAN_POINT('',(24.572635716225,-3.529009910608E-16,
    -1.133169815741));
#6546 = CARTESIAN_POINT('',(24.386315986241,1.,-8.326672684689E-17));
#6547 = CARTESIAN_POINT('',(24.386316078786,0.825467074801,
    -1.773364486208E-16));
#6548 = CARTESIAN_POINT('',(24.386316171331,0.6509341471,
    -3.426945695555E-02));
#6549 = CARTESIAN_POINT('',(24.386316263875,0.484091286839,
    -0.102808394842));
#6550 = CARTESIAN_POINT('',(24.38631635642,0.332628455119,
    -0.203603460589));
#6551 = CARTESIAN_POINT('',(24.386316448965,0.203603460589,
    -0.332628455119));
#6552 = CARTESIAN_POINT('',(24.386316541509,0.102808394842,
    -0.484091286839));
#6553 = CARTESIAN_POINT('',(24.386316634054,3.426945695555E-02,
    -0.6509341471));
#6554 = CARTESIAN_POINT('',(24.386316726599,-3.515706244646E-16,
    -0.825467074801));
#6555 = CARTESIAN_POINT('',(24.386316819144,-3.330669073875E-16,-1.));
#6556 = DEFINITIONAL_REPRESENTATION('',(#6557),#6560);
#6557 = B_SPLINE_CURVE_WITH_KNOTS('',1,(#6558,#6559),.UNSPECIFIED.,.F.,
  .F.,(2,2),(0.,1.),.PIECEWISE_BEZIER_KNOTS.);
#6558 = CARTESIAN_POINT('',(0.,0.));
#6559 = CARTESIAN_POINT('',(0.,1.));
#6560 = ( GEOMETRIC_REPRESENTATION_CONTEXT(2) 
PARAMETRIC_REPRESENTATION_CONTEXT() REPRESENTATION_CONTEXT('2D SPACE',''
  ) );
#6561 = ORIENTED_EDGE('',*,*,#1268,.F.);
#6562 = ADVANCED_FACE('',(#6563),#1317,.T.);
#6563 = FACE_BOUND('',#6564,.F.);
#6564 = EDGE_LOOP('',(#6565,#6592,#6593,#6621));
#6565 = ORIENTED_EDGE('',*,*,#6566,.F.);
#6566 = EDGE_CURVE('',#1302,#6567,#6569,.T.);
#6567 = VERTEX_POINT('',#6568);
#6568 = CARTESIAN_POINT('',(20.826005377892,-2.22044604925E-16,-1.));
#6569 = SURFACE_CURVE('',#6570,(#6575,#6581),.PCURVE_S1.);
#6570 = CIRCLE('',#6571,1.);
#6571 = AXIS2_PLACEMENT_3D('',#6572,#6573,#6574);
#6572 = CARTESIAN_POINT('',(20.826005377892,1.,-1.));
#6573 = DIRECTION('',(1.,-1.020017403874E-14,1.249161048729E-30));
#6574 = DIRECTION('',(-1.020017403874E-14,-1.,1.224646799147E-16));
#6575 = PCURVE('',#1317,#6576);
#6576 = DEFINITIONAL_REPRESENTATION('',(#6577),#6580);
#6577 = B_SPLINE_CURVE_WITH_KNOTS('',1,(#6578,#6579),.UNSPECIFIED.,.F.,
  .F.,(2,2),(4.712388980385,6.28318530718),.PIECEWISE_BEZIER_KNOTS.);
#6578 = CARTESIAN_POINT('',(-1.570796326795,0.976005377892));
#6579 = CARTESIAN_POINT('',(0.,0.976005377892));
#6580 = ( GEOMETRIC_REPRESENTATION_CONTEXT(2) 
PARAMETRIC_REPRESENTATION_CONTEXT() REPRESENTATION_CONTEXT('2D SPACE',''
  ) );
#6581 = PCURVE('',#6582,#6587);
#6582 = SPHERICAL_SURFACE('',#6583,1.);
#6583 = AXIS2_PLACEMENT_3D('',#6584,#6585,#6586);
#6584 = CARTESIAN_POINT('',(20.826005377892,1.,-1.));
#6585 = DIRECTION('',(0.,-1.224646799147E-16,-1.));
#6586 = DIRECTION('',(-0.998849178796,-4.796163069543E-02,
    5.873605751305E-18));
#6587 = DEFINITIONAL_REPRESENTATION('',(#6588),#6591);
#6588 = B_SPLINE_CURVE_WITH_KNOTS('',1,(#6589,#6590),.UNSPECIFIED.,.F.,
  .F.,(2,2),(4.712388980385,6.28318530718),.PIECEWISE_BEZIER_KNOTS.);
#6589 = CARTESIAN_POINT('',(-1.522816289205,-1.570796326795));
#6590 = CARTESIAN_POINT('',(-1.522816289205,0.));
#6591 = ( GEOMETRIC_REPRESENTATION_CONTEXT(2) 
PARAMETRIC_REPRESENTATION_CONTEXT() REPRESENTATION_CONTEXT('2D SPACE',''
  ) );
#6592 = ORIENTED_EDGE('',*,*,#1301,.T.);
#6593 = ORIENTED_EDGE('',*,*,#6594,.T.);
#6594 = EDGE_CURVE('',#1269,#6595,#6597,.T.);
#6595 = VERTEX_POINT('',#6596);
#6596 = CARTESIAN_POINT('',(24.386316819144,-3.330669073875E-16,-1.));
#6597 = SURFACE_CURVE('',#6598,(#6609,#6615),.PCURVE_S1.);
#6598 = B_SPLINE_CURVE_WITH_KNOTS('',9,(#6599,#6600,#6601,#6602,#6603,
    #6604,#6605,#6606,#6607,#6608),.UNSPECIFIED.,.F.,.F.,(10,10),(0.,1.)
  ,.PIECEWISE_BEZIER_KNOTS.);
#6599 = CARTESIAN_POINT('',(24.386315986241,1.,-8.326672684689E-17));
#6600 = CARTESIAN_POINT('',(24.386316078786,0.825467074801,
    -1.773364486208E-16));
#6601 = CARTESIAN_POINT('',(24.386316171331,0.6509341471,
    -3.426945695555E-02));
#6602 = CARTESIAN_POINT('',(24.386316263875,0.484091286839,
    -0.102808394842));
#6603 = CARTESIAN_POINT('',(24.38631635642,0.332628455119,
    -0.203603460589));
#6604 = CARTESIAN_POINT('',(24.386316448965,0.203603460589,
    -0.332628455119));
#6605 = CARTESIAN_POINT('',(24.386316541509,0.102808394842,
    -0.484091286839));
#6606 = CARTESIAN_POINT('',(24.386316634054,3.426945695555E-02,
    -0.6509341471));
#6607 = CARTESIAN_POINT('',(24.386316726599,-3.515706244646E-16,
    -0.825467074801));
#6608 = CARTESIAN_POINT('',(24.386316819144,-3.330669073875E-16,-1.));
#6609 = PCURVE('',#1317,#6610);
#6610 = DEFINITIONAL_REPRESENTATION('',(#6611),#6614);
#6611 = B_SPLINE_CURVE_WITH_KNOTS('',1,(#6612,#6613),.UNSPECIFIED.,.F.,
  .F.,(2,2),(0.,1.),.PIECEWISE_BEZIER_KNOTS.);
#6612 = CARTESIAN_POINT('',(-1.570796326795,4.536315986241));
#6613 = CARTESIAN_POINT('',(0.,4.536316819144));
#6614 = ( GEOMETRIC_REPRESENTATION_CONTEXT(2) 
PARAMETRIC_REPRESENTATION_CONTEXT() REPRESENTATION_CONTEXT('2D SPACE',''
  ) );
#6615 = PCURVE('',#6475,#6616);
#6616 = DEFINITIONAL_REPRESENTATION('',(#6617),#6620);
#6617 = B_SPLINE_CURVE_WITH_KNOTS('',1,(#6618,#6619),.UNSPECIFIED.,.F.,
  .F.,(2,2),(0.,1.),.PIECEWISE_BEZIER_KNOTS.);
#6618 = CARTESIAN_POINT('',(1.,0.));
#6619 = CARTESIAN_POINT('',(1.,1.));
#6620 = ( GEOMETRIC_REPRESENTATION_CONTEXT(2) 
PARAMETRIC_REPRESENTATION_CONTEXT() REPRESENTATION_CONTEXT('2D SPACE',''
  ) );
#6621 = ORIENTED_EDGE('',*,*,#6622,.F.);
#6622 = EDGE_CURVE('',#6567,#6595,#6623,.T.);
#6623 = SURFACE_CURVE('',#6624,(#6628,#6635),.PCURVE_S1.);
#6624 = LINE('',#6625,#6626);
#6625 = CARTESIAN_POINT('',(19.85,-2.22044604925E-16,-1.));
#6626 = VECTOR('',#6627,1.);
#6627 = DIRECTION('',(1.,-0.,0.));
#6628 = PCURVE('',#1317,#6629);
#6629 = DEFINITIONAL_REPRESENTATION('',(#6630),#6634);
#6630 = LINE('',#6631,#6632);
#6631 = CARTESIAN_POINT('',(-0.,0.));
#6632 = VECTOR('',#6633,1.);
#6633 = DIRECTION('',(-0.,1.));
#6634 = ( GEOMETRIC_REPRESENTATION_CONTEXT(2) 
PARAMETRIC_REPRESENTATION_CONTEXT() REPRESENTATION_CONTEXT('2D SPACE',''
  ) );
#6635 = PCURVE('',#6636,#6641);
#6636 = PLANE('',#6637);
#6637 = AXIS2_PLACEMENT_3D('',#6638,#6639,#6640);
#6638 = CARTESIAN_POINT('',(-34.5,0.,-14.5));
#6639 = DIRECTION('',(0.,1.,0.));
#6640 = DIRECTION('',(0.,0.,1.));
#6641 = DEFINITIONAL_REPRESENTATION('',(#6642),#6646);
#6642 = LINE('',#6643,#6644);
#6643 = CARTESIAN_POINT('',(13.5,54.35));
#6644 = VECTOR('',#6645,1.);
#6645 = DIRECTION('',(0.,1.));
#6646 = ( GEOMETRIC_REPRESENTATION_CONTEXT(2) 
PARAMETRIC_REPRESENTATION_CONTEXT() REPRESENTATION_CONTEXT('2D SPACE',''
  ) );
#6647 = ADVANCED_FACE('',(#6648),#1350,.T.);
#6648 = FACE_BOUND('',#6649,.F.);
#6649 = EDGE_LOOP('',(#6650,#6677,#6678,#6700));
#6650 = ORIENTED_EDGE('',*,*,#6651,.F.);
#6651 = EDGE_CURVE('',#1330,#6652,#6654,.T.);
#6652 = VERTEX_POINT('',#6653);
#6653 = CARTESIAN_POINT('',(-19.82715619909,0.952038369305,-1.));
#6654 = SURFACE_CURVE('',#6655,(#6660,#6666),.PCURVE_S1.);
#6655 = CIRCLE('',#6656,1.);
#6656 = AXIS2_PLACEMENT_3D('',#6657,#6658,#6659);
#6657 = CARTESIAN_POINT('',(-20.82600537789,1.,-1.));
#6658 = DIRECTION('',(4.796163069545E-02,0.998849178796,
    -1.223237449643E-16));
#6659 = DIRECTION('',(0.998849178796,-4.796163069545E-02,
    5.873605751307E-18));
#6660 = PCURVE('',#1350,#6661);
#6661 = DEFINITIONAL_REPRESENTATION('',(#6662),#6665);
#6662 = B_SPLINE_CURVE_WITH_KNOTS('',1,(#6663,#6664),.UNSPECIFIED.,.F.,
  .F.,(2,2),(4.712388980385,6.28318530718),.PIECEWISE_BEZIER_KNOTS.);
#6663 = CARTESIAN_POINT('',(-4.798003758947E-02,1.570796326795));
#6664 = CARTESIAN_POINT('',(-4.798003758947E-02,3.14159265359));
#6665 = ( GEOMETRIC_REPRESENTATION_CONTEXT(2) 
PARAMETRIC_REPRESENTATION_CONTEXT() REPRESENTATION_CONTEXT('2D SPACE',''
  ) );
#6666 = PCURVE('',#6667,#6672);
#6667 = SPHERICAL_SURFACE('',#6668,1.);
#6668 = AXIS2_PLACEMENT_3D('',#6669,#6670,#6671);
#6669 = CARTESIAN_POINT('',(-20.82600537789,1.,-1.));
#6670 = DIRECTION('',(0.,-1.224646799147E-16,-1.));
#6671 = DIRECTION('',(0.,-1.,1.224646799147E-16));
#6672 = DEFINITIONAL_REPRESENTATION('',(#6673),#6676);
#6673 = B_SPLINE_CURVE_WITH_KNOTS('',1,(#6674,#6675),.UNSPECIFIED.,.F.,
  .F.,(2,2),(4.712388980385,6.28318530718),.PIECEWISE_BEZIER_KNOTS.);
#6674 = CARTESIAN_POINT('',(-1.522816289205,-1.570796326795));
#6675 = CARTESIAN_POINT('',(-1.522816289205,0.));
#6676 = ( GEOMETRIC_REPRESENTATION_CONTEXT(2) 
PARAMETRIC_REPRESENTATION_CONTEXT() REPRESENTATION_CONTEXT('2D SPACE',''
  ) );
#6677 = ORIENTED_EDGE('',*,*,#1329,.T.);
#6678 = ORIENTED_EDGE('',*,*,#6679,.T.);
#6679 = EDGE_CURVE('',#1302,#6680,#6682,.T.);
#6680 = VERTEX_POINT('',#6681);
#6681 = CARTESIAN_POINT('',(19.827156199097,0.952038369305,-1.));
#6682 = SURFACE_CURVE('',#6683,(#6688,#6694),.PCURVE_S1.);
#6683 = CIRCLE('',#6684,1.);
#6684 = AXIS2_PLACEMENT_3D('',#6685,#6686,#6687);
#6685 = CARTESIAN_POINT('',(20.826005377892,1.,-1.));
#6686 = DIRECTION('',(4.796163069543E-02,-0.998849178796,
    1.223237449643E-16));
#6687 = DIRECTION('',(-0.998849178796,-4.796163069543E-02,
    5.873605751305E-18));
#6688 = PCURVE('',#1350,#6689);
#6689 = DEFINITIONAL_REPRESENTATION('',(#6690),#6693);
#6690 = B_SPLINE_CURVE_WITH_KNOTS('',1,(#6691,#6692),.UNSPECIFIED.,.F.,
  .F.,(2,2),(4.712388980385,6.28318530718),.PIECEWISE_BEZIER_KNOTS.);
#6691 = CARTESIAN_POINT('',(-3.093612616,1.570796326795));
#6692 = CARTESIAN_POINT('',(-3.093612616,3.14159265359));
#6693 = ( GEOMETRIC_REPRESENTATION_CONTEXT(2) 
PARAMETRIC_REPRESENTATION_CONTEXT() REPRESENTATION_CONTEXT('2D SPACE',''
  ) );
#6694 = PCURVE('',#6582,#6695);
#6695 = DEFINITIONAL_REPRESENTATION('',(#6696),#6699);
#6696 = B_SPLINE_CURVE_WITH_KNOTS('',1,(#6697,#6698),.UNSPECIFIED.,.F.,
  .F.,(2,2),(4.712388980385,6.28318530718),.PIECEWISE_BEZIER_KNOTS.);
#6697 = CARTESIAN_POINT('',(0.,-1.570796326795));
#6698 = CARTESIAN_POINT('',(0.,0.));
#6699 = ( GEOMETRIC_REPRESENTATION_CONTEXT(2) 
PARAMETRIC_REPRESENTATION_CONTEXT() REPRESENTATION_CONTEXT('2D SPACE',''
  ) );
#6700 = ORIENTED_EDGE('',*,*,#6701,.F.);
#6701 = EDGE_CURVE('',#6652,#6680,#6702,.T.);
#6702 = SURFACE_CURVE('',#6703,(#6708,#6715),.PCURVE_S1.);
#6703 = CIRCLE('',#6704,19.85);
#6704 = AXIS2_PLACEMENT_3D('',#6705,#6706,#6707);
#6705 = CARTESIAN_POINT('',(0.,-1.347111479062E-16,-1.));
#6706 = DIRECTION('',(3.195391954317E-49,-1.224646799147E-16,-1.));
#6707 = DIRECTION('',(-1.,-1.224646799147E-16,1.499759782662E-32));
#6708 = PCURVE('',#1350,#6709);
#6709 = DEFINITIONAL_REPRESENTATION('',(#6710),#6714);
#6710 = LINE('',#6711,#6712);
#6711 = CARTESIAN_POINT('',(-0.,3.14159265359));
#6712 = VECTOR('',#6713,1.);
#6713 = DIRECTION('',(-1.,0.));
#6714 = ( GEOMETRIC_REPRESENTATION_CONTEXT(2) 
PARAMETRIC_REPRESENTATION_CONTEXT() REPRESENTATION_CONTEXT('2D SPACE',''
  ) );
#6715 = PCURVE('',#6716,#6721);
#6716 = CYLINDRICAL_SURFACE('',#6717,19.85);
#6717 = AXIS2_PLACEMENT_3D('',#6718,#6719,#6720);
#6718 = CARTESIAN_POINT('',(0.,0.,0.1));
#6719 = DIRECTION('',(0.,-1.224646799147E-16,-1.));
#6720 = DIRECTION('',(1.,0.,0.));
#6721 = DEFINITIONAL_REPRESENTATION('',(#6722),#6726);
#6722 = LINE('',#6723,#6724);
#6723 = CARTESIAN_POINT('',(3.14159265359,1.1));
#6724 = VECTOR('',#6725,1.);
#6725 = DIRECTION('',(1.,0.));
#6726 = ( GEOMETRIC_REPRESENTATION_CONTEXT(2) 
PARAMETRIC_REPRESENTATION_CONTEXT() REPRESENTATION_CONTEXT('2D SPACE',''
  ) );
#6727 = ADVANCED_FACE('',(#6728),#1378,.T.);
#6728 = FACE_BOUND('',#6729,.T.);
#6729 = EDGE_LOOP('',(#6730,#6839,#6867,#6887));
#6730 = ORIENTED_EDGE('',*,*,#6731,.F.);
#6731 = EDGE_CURVE('',#6732,#1363,#6734,.T.);
#6732 = VERTEX_POINT('',#6733);
#6733 = CARTESIAN_POINT('',(-24.38631681914,6.938893903907E-17,-1.));
#6734 = SURFACE_CURVE('',#6735,(#6745,#6751),.PCURVE_S1.);
#6735 = B_SPLINE_CURVE_WITH_KNOTS('',8,(#6736,#6737,#6738,#6739,#6740,
    #6741,#6742,#6743,#6744),.UNSPECIFIED.,.F.,.F.,(9,9),(0.,1.),
  .PIECEWISE_BEZIER_KNOTS.);
#6736 = CARTESIAN_POINT('',(-24.38631681914,-2.359223927328E-16,-1.));
#6737 = CARTESIAN_POINT('',(-24.38631671503,-3.833914340404E-16,
    -0.803650459151));
#6738 = CARTESIAN_POINT('',(-24.38631661091,4.40607889612E-02,
    -0.607300856496));
#6739 = CARTESIAN_POINT('',(-24.3863165068,0.132181934129,
    -0.422486765665));
#6740 = CARTESIAN_POINT('',(-24.38631640269,0.26074124422,-0.26074124422
    ));
#6741 = CARTESIAN_POINT('',(-24.38631629857,0.422486765665,
    -0.132181934129));
#6742 = CARTESIAN_POINT('',(-24.38631619446,0.607300856496,
    -4.40607889612E-02));
#6743 = CARTESIAN_POINT('',(-24.38631609035,0.803650459151,
    7.578573185674E-17));
#6744 = CARTESIAN_POINT('',(-24.38631598624,1.,5.551115123126E-17));
#6745 = PCURVE('',#1378,#6746);
#6746 = DEFINITIONAL_REPRESENTATION('',(#6747),#6750);
#6747 = B_SPLINE_CURVE_WITH_KNOTS('',1,(#6748,#6749),.UNSPECIFIED.,.F.,
  .F.,(2,2),(0.,1.),.PIECEWISE_BEZIER_KNOTS.);
#6748 = CARTESIAN_POINT('',(1.570796326795,1.963683180856));
#6749 = CARTESIAN_POINT('',(0.,1.963684013759));
#6750 = ( GEOMETRIC_REPRESENTATION_CONTEXT(2) 
PARAMETRIC_REPRESENTATION_CONTEXT() REPRESENTATION_CONTEXT('2D SPACE',''
  ) );
#6751 = PCURVE('',#6752,#6834);
#6752 = B_SPLINE_SURFACE_WITH_KNOTS('',8,8,(
    (#6753,#6754,#6755,#6756,#6757,#6758,#6759,#6760,#6761)
    ,(#6762,#6763,#6764,#6765,#6766,#6767,#6768,#6769,#6770)
    ,(#6771,#6772,#6773,#6774,#6775,#6776,#6777,#6778,#6779)
    ,(#6780,#6781,#6782,#6783,#6784,#6785,#6786,#6787,#6788)
    ,(#6789,#6790,#6791,#6792,#6793,#6794,#6795,#6796,#6797)
    ,(#6798,#6799,#6800,#6801,#6802,#6803,#6804,#6805,#6806)
    ,(#6807,#6808,#6809,#6810,#6811,#6812,#6813,#6814,#6815)
    ,(#6816,#6817,#6818,#6819,#6820,#6821,#6822,#6823,#6824)
    ,(#6825,#6826,#6827,#6828,#6829,#6830,#6831,#6832,#6833
  )),.UNSPECIFIED.,.F.,.F.,.F.,(9,9),(9,9),(0.,1.),(0.,1.),
  .PIECEWISE_BEZIER_KNOTS.);
#6753 = CARTESIAN_POINT('',(-24.38631681914,6.938893903907E-17,-1.));
#6754 = CARTESIAN_POINT('',(-24.54934581316,1.879272217464E-15,
    -1.116523588773));
#6755 = CARTESIAN_POINT('',(-24.71275164235,4.590579822132E-02,
    -1.233308456668));
#6756 = CARTESIAN_POINT('',(-24.86550739736,0.137950275964,
    -1.342480709572));
#6757 = CARTESIAN_POINT('',(-24.9990575749,0.271548090709,
    -1.437931275855));
#6758 = CARTESIAN_POINT('',(-25.10323162539,0.440063106465,
    -1.512396701236));
#6759 = CARTESIAN_POINT('',(-25.1729710655,0.630782781857,
    -1.562265388212));
#6760 = CARTESIAN_POINT('',(-25.20483292855,0.833044852703,
    -1.585080457963));
#6761 = CARTESIAN_POINT('',(-25.19936734581,1.033321329351,
    -1.581238193719));
#6762 = CARTESIAN_POINT('',(-24.38631681914,7.979727989493E-17,-1.));
#6763 = CARTESIAN_POINT('',(-24.56155311401,1.972640601692E-15,
    -1.074263055054));
#6764 = CARTESIAN_POINT('',(-24.73765346847,3.914426437605E-02,
    -1.149136702329));
#6765 = CARTESIAN_POINT('',(-24.90891406774,0.118523238293,
    -1.221993270554));
#6766 = CARTESIAN_POINT('',(-25.07275332648,0.239876344581,
    -1.292435090206));
#6767 = CARTESIAN_POINT('',(-25.21326329219,0.41616361919,
    -1.350360908082));
#6768 = CARTESIAN_POINT('',(-25.30680061707,0.625098545124,
    -1.379778990594));
#6769 = CARTESIAN_POINT('',(-25.35243060487,0.839618376257,
    -1.380477798661));
#6770 = CARTESIAN_POINT('',(-25.35842341609,1.039845837857,
    -1.358372239566));
#6771 = CARTESIAN_POINT('',(-24.38631681914,4.956352788506E-18,-1.));
#6772 = CARTESIAN_POINT('',(-24.53799356154,1.444600192927E-15,
    -0.982048056604));
#6773 = CARTESIAN_POINT('',(-24.73334965806,3.550311991169E-02,
    -1.020934278501));
#6774 = CARTESIAN_POINT('',(-24.9134155176,0.105826070216,
    -1.036367876399));
#6775 = CARTESIAN_POINT('',(-25.09522590478,0.218094276576,
    -1.058816167257));
#6776 = CARTESIAN_POINT('',(-25.25953296357,0.399116425439,
    -1.082118207815));
#6777 = CARTESIAN_POINT('',(-25.37275194501,0.620541049535,
    -1.093188119611));
#6778 = CARTESIAN_POINT('',(-25.4509836817,0.844178323797,
    -1.120065963631));
#6779 = CARTESIAN_POINT('',(-25.4477790211,1.043509775909,
    -1.085677314287));
#6780 = CARTESIAN_POINT('',(-24.38631681914,-3.766828119264E-17,-1.));
#6781 = CARTESIAN_POINT('',(-24.53556395682,1.157848953086E-15,
    -0.949111327298));
#6782 = CARTESIAN_POINT('',(-24.73322013094,3.273889557674E-02,
    -0.927932444823));
#6783 = CARTESIAN_POINT('',(-24.92226714333,9.782701698674E-02,
    -0.89375218618));
#6784 = CARTESIAN_POINT('',(-25.11443051032,0.204825361692,
    -0.864264472906));
#6785 = CARTESIAN_POINT('',(-25.2870395161,0.388731260213,-0.83903111617
    ));
#6786 = CARTESIAN_POINT('',(-25.40272140433,0.617461046671,
    -0.816901055609));
#6787 = CARTESIAN_POINT('',(-25.47190257815,0.845558418836,
    -0.81433982489));
#6788 = CARTESIAN_POINT('',(-25.44925834647,1.043573871614,
    -0.788639513537));
#6789 = CARTESIAN_POINT('',(-24.38631681914,-8.326672684688E-17,-1.));
#6790 = CARTESIAN_POINT('',(-24.52964655185,8.446416560113E-16,
    -0.928249036198));
#6791 = CARTESIAN_POINT('',(-24.70803927712,3.121372939997E-02,
    -0.839178942032));
#6792 = CARTESIAN_POINT('',(-24.88624446027,9.415339574122E-02,
    -0.749714524652));
#6793 = CARTESIAN_POINT('',(-25.06557090014,0.198848025368,
    -0.65938995132));
#6794 = CARTESIAN_POINT('',(-25.22434809117,0.38297765522,
    -0.577373507938));
#6795 = CARTESIAN_POINT('',(-25.32950904299,0.613554811029,
    -0.521059054582));
#6796 = CARTESIAN_POINT('',(-25.38168844508,0.842382098281,
    -0.490941542287));
#6797 = CARTESIAN_POINT('',(-25.35581749987,1.039746336318,
    -0.500658097417));
#6798 = CARTESIAN_POINT('',(-24.38631681914,-1.288651725011E-16,-1.));
#6799 = CARTESIAN_POINT('',(-24.51600223591,5.197815595244E-16,
    -0.911366493568));
#6800 = CARTESIAN_POINT('',(-24.65010307891,3.087904110919E-02,
    -0.76709186262));
#6801 = CARTESIAN_POINT('',(-24.78932956032,9.443129703797E-02,
    -0.636524588762));
#6802 = CARTESIAN_POINT('',(-24.92634169489,0.199488354703,
    -0.500236157299));
#6803 = CARTESIAN_POINT('',(-25.04701101741,0.381018192078,
    -0.373802174643));
#6804 = CARTESIAN_POINT('',(-25.13086219829,0.608009319164,
    -0.288983205842));
#6805 = CARTESIAN_POINT('',(-25.17090994393,0.834261846713,
    -0.229114426554));
#6806 = CARTESIAN_POINT('',(-25.1759852816,1.032376180171,
    -0.257172600768));
#6807 = CARTESIAN_POINT('',(-24.38631681914,-1.714898064823E-16,-1.));
#6808 = CARTESIAN_POINT('',(-24.49039189828,1.971858001921E-16,
    -0.890369009674));
#6809 = CARTESIAN_POINT('',(-24.57375129628,3.25901958752E-02,
    -0.713023732684));
#6810 = CARTESIAN_POINT('',(-24.66678196195,0.100389533876,
    -0.560761841722));
#6811 = CARTESIAN_POINT('',(-24.75494859069,0.209373936231,
    -0.402531744563));
#6812 = CARTESIAN_POINT('',(-24.83121946777,0.386142326701,
    -0.25458028146));
#6813 = CARTESIAN_POINT('',(-24.88708306067,0.60421699251,
    -0.152614131223));
#6814 = CARTESIAN_POINT('',(-24.90920496693,0.824052528343,
    -6.838546489448E-02));
#6815 = CARTESIAN_POINT('',(-24.93361856265,1.022440977993,
    -8.572782939664E-02));
#6816 = CARTESIAN_POINT('',(-24.38631681914,-2.463307335887E-16,-1.));
#6817 = CARTESIAN_POINT('',(-24.42819779096,-3.914160470329E-16,
    -0.818052753577));
#6818 = CARTESIAN_POINT('',(-24.47012585913,3.754453544522E-02,
    -0.635698139601));
#6819 = CARTESIAN_POINT('',(-24.51072267424,0.1133508555,-0.457114985743
    ));
#6820 = CARTESIAN_POINT('',(-24.54891879216,0.229838855892,
    -0.285451565554));
#6821 = CARTESIAN_POINT('',(-24.58344289311,0.399514166424,
    -0.136687838523));
#6822 = CARTESIAN_POINT('',(-24.61366266557,0.603264969785,
    -4.033384163596E-02));
#6823 = CARTESIAN_POINT('',(-24.6391477325,0.81349708169,
    2.203100017319E-03));
#6824 = CARTESIAN_POINT('',(-24.65996687457,1.011219249873,
    5.551113773752E-17));
#6825 = CARTESIAN_POINT('',(-24.38631681914,-2.359223927328E-16,-1.));
#6826 = CARTESIAN_POINT('',(-24.38631671503,-3.833914340404E-16,
    -0.803650459151));
#6827 = CARTESIAN_POINT('',(-24.38631661091,4.40607889612E-02,
    -0.607300856496));
#6828 = CARTESIAN_POINT('',(-24.3863165068,0.132181934129,
    -0.422486765665));
#6829 = CARTESIAN_POINT('',(-24.38631640269,0.26074124422,-0.26074124422
    ));
#6830 = CARTESIAN_POINT('',(-24.38631629857,0.422486765665,
    -0.132181934129));
#6831 = CARTESIAN_POINT('',(-24.38631619446,0.607300856496,
    -4.40607889612E-02));
#6832 = CARTESIAN_POINT('',(-24.38631609035,0.803650459151,
    7.578573185674E-17));
#6833 = CARTESIAN_POINT('',(-24.38631598624,1.,5.551115123126E-17));
#6834 = DEFINITIONAL_REPRESENTATION('',(#6835),#6838);
#6835 = B_SPLINE_CURVE_WITH_KNOTS('',1,(#6836,#6837),.UNSPECIFIED.,.F.,
  .F.,(2,2),(0.,1.),.PIECEWISE_BEZIER_KNOTS.);
#6836 = CARTESIAN_POINT('',(1.,0.));
#6837 = CARTESIAN_POINT('',(1.,1.));
#6838 = ( GEOMETRIC_REPRESENTATION_CONTEXT(2) 
PARAMETRIC_REPRESENTATION_CONTEXT() REPRESENTATION_CONTEXT('2D SPACE',''
  ) );
#6839 = ORIENTED_EDGE('',*,*,#6840,.T.);
#6840 = EDGE_CURVE('',#6732,#6841,#6843,.T.);
#6841 = VERTEX_POINT('',#6842);
#6842 = CARTESIAN_POINT('',(-20.82600537789,-2.22044604925E-16,-1.));
#6843 = SURFACE_CURVE('',#6844,(#6848,#6855),.PCURVE_S1.);
#6844 = LINE('',#6845,#6846);
#6845 = CARTESIAN_POINT('',(-26.35,-2.22044604925E-16,-1.));
#6846 = VECTOR('',#6847,1.);
#6847 = DIRECTION('',(1.,-0.,0.));
#6848 = PCURVE('',#1378,#6849);
#6849 = DEFINITIONAL_REPRESENTATION('',(#6850),#6854);
#6850 = LINE('',#6851,#6852);
#6851 = CARTESIAN_POINT('',(1.570796326795,0.));
#6852 = VECTOR('',#6853,1.);
#6853 = DIRECTION('',(0.,1.));
#6854 = ( GEOMETRIC_REPRESENTATION_CONTEXT(2) 
PARAMETRIC_REPRESENTATION_CONTEXT() REPRESENTATION_CONTEXT('2D SPACE',''
  ) );
#6855 = PCURVE('',#6856,#6861);
#6856 = PLANE('',#6857);
#6857 = AXIS2_PLACEMENT_3D('',#6858,#6859,#6860);
#6858 = CARTESIAN_POINT('',(-34.5,0.,-14.5));
#6859 = DIRECTION('',(0.,1.,0.));
#6860 = DIRECTION('',(0.,0.,1.));
#6861 = DEFINITIONAL_REPRESENTATION('',(#6862),#6866);
#6862 = LINE('',#6863,#6864);
#6863 = CARTESIAN_POINT('',(13.5,8.15));
#6864 = VECTOR('',#6865,1.);
#6865 = DIRECTION('',(0.,1.));
#6866 = ( GEOMETRIC_REPRESENTATION_CONTEXT(2) 
PARAMETRIC_REPRESENTATION_CONTEXT() REPRESENTATION_CONTEXT('2D SPACE',''
  ) );
#6867 = ORIENTED_EDGE('',*,*,#6868,.F.);
#6868 = EDGE_CURVE('',#1330,#6841,#6869,.T.);
#6869 = SURFACE_CURVE('',#6870,(#6875,#6881),.PCURVE_S1.);
#6870 = CIRCLE('',#6871,1.);
#6871 = AXIS2_PLACEMENT_3D('',#6872,#6873,#6874);
#6872 = CARTESIAN_POINT('',(-20.82600537789,1.,-1.));
#6873 = DIRECTION('',(1.,0.,0.));
#6874 = DIRECTION('',(0.,-1.,1.224646799147E-16));
#6875 = PCURVE('',#1378,#6876);
#6876 = DEFINITIONAL_REPRESENTATION('',(#6877),#6880);
#6877 = B_SPLINE_CURVE_WITH_KNOTS('',1,(#6878,#6879),.UNSPECIFIED.,.F.,
  .F.,(2,2),(4.712388980385,6.28318530718),.PIECEWISE_BEZIER_KNOTS.);
#6878 = CARTESIAN_POINT('',(0.,5.523994622108));
#6879 = CARTESIAN_POINT('',(1.570796326795,5.523994622108));
#6880 = ( GEOMETRIC_REPRESENTATION_CONTEXT(2) 
PARAMETRIC_REPRESENTATION_CONTEXT() REPRESENTATION_CONTEXT('2D SPACE',''
  ) );
#6881 = PCURVE('',#6667,#6882);
#6882 = DEFINITIONAL_REPRESENTATION('',(#6883),#6886);
#6883 = B_SPLINE_CURVE_WITH_KNOTS('',1,(#6884,#6885),.UNSPECIFIED.,.F.,
  .F.,(2,2),(4.712388980385,6.28318530718),.PIECEWISE_BEZIER_KNOTS.);
#6884 = CARTESIAN_POINT('',(0.,-1.570796326795));
#6885 = CARTESIAN_POINT('',(0.,0.));
#6886 = ( GEOMETRIC_REPRESENTATION_CONTEXT(2) 
PARAMETRIC_REPRESENTATION_CONTEXT() REPRESENTATION_CONTEXT('2D SPACE',''
  ) );
#6887 = ORIENTED_EDGE('',*,*,#1362,.F.);
#6888 = ADVANCED_FACE('',(#6889),#1409,.T.);
#6889 = FACE_BOUND('',#6890,.F.);
#6890 = EDGE_LOOP('',(#6891,#6917,#6942,#6943));
#6891 = ORIENTED_EDGE('',*,*,#6892,.T.);
#6892 = EDGE_CURVE('',#6893,#6895,#6897,.T.);
#6893 = VERTEX_POINT('',#6894);
#6894 = CARTESIAN_POINT('',(-25.19936734581,1.033321329351,
    -1.581238193719));
#6895 = VERTEX_POINT('',#6896);
#6896 = CARTESIAN_POINT('',(-10.13355217138,23.09517190354,
    -1.581238193719));
#6897 = SURFACE_CURVE('',#6898,(#6903,#6910),.PCURVE_S1.);
#6898 = CIRCLE('',#6899,25.220544147344);
#6899 = AXIS2_PLACEMENT_3D('',#6900,#6901,#6902);
#6900 = CARTESIAN_POINT('',(0.,-1.936458292628E-16,-1.581238193719));
#6901 = DIRECTION('',(-6.07070356081E-49,-1.224646799147E-16,-1.));
#6902 = DIRECTION('',(-1.,-1.836970198721E-16,2.249639673993E-32));
#6903 = PCURVE('',#1409,#6904);
#6904 = DEFINITIONAL_REPRESENTATION('',(#6905),#6909);
#6905 = LINE('',#6906,#6907);
#6906 = CARTESIAN_POINT('',(-0.,5.662935821197));
#6907 = VECTOR('',#6908,1.);
#6908 = DIRECTION('',(-1.,0.));
#6909 = ( GEOMETRIC_REPRESENTATION_CONTEXT(2) 
PARAMETRIC_REPRESENTATION_CONTEXT() REPRESENTATION_CONTEXT('2D SPACE',''
  ) );
#6910 = PCURVE('',#6441,#6911);
#6911 = DEFINITIONAL_REPRESENTATION('',(#6912),#6916);
#6912 = LINE('',#6913,#6914);
#6913 = CARTESIAN_POINT('',(-3.14159265359,-1.581238193719));
#6914 = VECTOR('',#6915,1.);
#6915 = DIRECTION('',(-1.,-0.));
#6916 = ( GEOMETRIC_REPRESENTATION_CONTEXT(2) 
PARAMETRIC_REPRESENTATION_CONTEXT() REPRESENTATION_CONTEXT('2D SPACE',''
  ) );
#6917 = ORIENTED_EDGE('',*,*,#6918,.T.);
#6918 = EDGE_CURVE('',#6895,#1239,#6919,.T.);
#6919 = SURFACE_CURVE('',#6920,(#6930,#6936),.PCURVE_S1.);
#6920 = B_SPLINE_CURVE_WITH_KNOTS('',8,(#6921,#6922,#6923,#6924,#6925,
    #6926,#6927,#6928,#6929),.UNSPECIFIED.,.F.,.F.,(9,9),(0.,1.),
  .PIECEWISE_BEZIER_KNOTS.);
#6921 = CARTESIAN_POINT('',(-10.13355214897,23.095171945468,
    -1.581238193719));
#6922 = CARTESIAN_POINT('',(-10.19751810071,23.240945035093,
    -1.358372279369));
#6923 = CARTESIAN_POINT('',(-10.23345506596,23.322837693198,
    -1.085677371148));
#6924 = CARTESIAN_POINT('',(-10.23405391904,23.324191939194,
    -0.788639570397));
#6925 = CARTESIAN_POINT('',(-10.19648198251,23.238552044917,
    -0.500658142905));
#6926 = CARTESIAN_POINT('',(-10.12416892264,23.073734660527,
    -0.257172629198));
#6927 = CARTESIAN_POINT('',(-10.02670839165,22.851604572047,
    -8.572784076862E-02));
#6928 = CARTESIAN_POINT('',(-9.916666913791,22.60080187399,
    -2.817190924986E-15));
#6929 = CARTESIAN_POINT('',(-9.806625687808,22.35,-2.775557561563E-15));
#6930 = PCURVE('',#1409,#6931);
#6931 = DEFINITIONAL_REPRESENTATION('',(#6932),#6935);
#6932 = B_SPLINE_CURVE_WITH_KNOTS('',1,(#6933,#6934),.UNSPECIFIED.,.F.,
  .F.,(2,2),(0.,1.),.PIECEWISE_BEZIER_KNOTS.);
#6933 = CARTESIAN_POINT('',(-1.157317382253,5.662935821197));
#6934 = CARTESIAN_POINT('',(-1.15731605598,7.853981633974));
#6935 = ( GEOMETRIC_REPRESENTATION_CONTEXT(2) 
PARAMETRIC_REPRESENTATION_CONTEXT() REPRESENTATION_CONTEXT('2D SPACE',''
  ) );
#6936 = PCURVE('',#6179,#6937);
#6937 = DEFINITIONAL_REPRESENTATION('',(#6938),#6941);
#6938 = B_SPLINE_CURVE_WITH_KNOTS('',1,(#6939,#6940),.UNSPECIFIED.,.F.,
  .F.,(2,2),(0.,1.),.PIECEWISE_BEZIER_KNOTS.);
#6939 = CARTESIAN_POINT('',(1.,0.));
#6940 = CARTESIAN_POINT('',(1.,1.));
#6941 = ( GEOMETRIC_REPRESENTATION_CONTEXT(2) 
PARAMETRIC_REPRESENTATION_CONTEXT() REPRESENTATION_CONTEXT('2D SPACE',''
  ) );
#6942 = ORIENTED_EDGE('',*,*,#1390,.F.);
#6943 = ORIENTED_EDGE('',*,*,#6944,.F.);
#6944 = EDGE_CURVE('',#6893,#1363,#6945,.T.);
#6945 = SURFACE_CURVE('',#6946,(#6956,#6964),.PCURVE_S1.);
#6946 = B_SPLINE_CURVE_WITH_KNOTS('',8,(#6947,#6948,#6949,#6950,#6951,
    #6952,#6953,#6954,#6955),.UNSPECIFIED.,.F.,.F.,(9,9),(0.,1.),
  .PIECEWISE_BEZIER_KNOTS.);
#6947 = CARTESIAN_POINT('',(-25.19936734581,1.033321329351,
    -1.581238193719));
#6948 = CARTESIAN_POINT('',(-25.35842341609,1.039845837857,
    -1.358372239566));
#6949 = CARTESIAN_POINT('',(-25.4477790211,1.043509775909,
    -1.085677314287));
#6950 = CARTESIAN_POINT('',(-25.44925834647,1.043573871614,
    -0.788639513537));
#6951 = CARTESIAN_POINT('',(-25.35581749987,1.039746336318,
    -0.500658097417));
#6952 = CARTESIAN_POINT('',(-25.1759852816,1.032376180171,
    -0.257172600768));
#6953 = CARTESIAN_POINT('',(-24.93361856265,1.022440977993,
    -8.572782939664E-02));
#6954 = CARTESIAN_POINT('',(-24.65996687457,1.011219249873,
    5.551113773752E-17));
#6955 = CARTESIAN_POINT('',(-24.38631598624,1.,5.551115123126E-17));
#6956 = PCURVE('',#1409,#6957);
#6957 = DEFINITIONAL_REPRESENTATION('',(#6958),#6963);
#6958 = B_SPLINE_CURVE_WITH_KNOTS('',3,(#6959,#6960,#6961,#6962),
  .UNSPECIFIED.,.F.,.F.,(4,4),(0.,1.),.PIECEWISE_BEZIER_KNOTS.);
#6959 = CARTESIAN_POINT('',(-4.098217372303E-02,5.662935821197));
#6960 = CARTESIAN_POINT('',(-4.098266324302E-02,6.393284346596));
#6961 = CARTESIAN_POINT('',(-4.098315276302E-02,7.123632894231));
#6962 = CARTESIAN_POINT('',(-4.098364228315E-02,7.853981633974));
#6963 = ( GEOMETRIC_REPRESENTATION_CONTEXT(2) 
PARAMETRIC_REPRESENTATION_CONTEXT() REPRESENTATION_CONTEXT('2D SPACE',''
  ) );
#6964 = PCURVE('',#6752,#6965);
#6965 = DEFINITIONAL_REPRESENTATION('',(#6966),#6970);
#6966 = LINE('',#6967,#6968);
#6967 = CARTESIAN_POINT('',(0.,1.));
#6968 = VECTOR('',#6969,1.);
#6969 = DIRECTION('',(1.,0.));
#6970 = ( GEOMETRIC_REPRESENTATION_CONTEXT(2) 
PARAMETRIC_REPRESENTATION_CONTEXT() REPRESENTATION_CONTEXT('2D SPACE',''
  ) );
#6971 = ADVANCED_FACE('',(#6972,#7042,#7128,#7220,#7312,#7404,#7496),
  #2356,.F.);
#6972 = FACE_BOUND('',#6973,.F.);
#6973 = EDGE_LOOP('',(#6974,#6999,#7020,#7021));
#6974 = ORIENTED_EDGE('',*,*,#6975,.F.);
#6975 = EDGE_CURVE('',#6976,#6978,#6980,.T.);
#6976 = VERTEX_POINT('',#6977);
#6977 = CARTESIAN_POINT('',(-32.3,-21.9,3.));
#6978 = VERTEX_POINT('',#6979);
#6979 = CARTESIAN_POINT('',(-32.3,21.9,3.));
#6980 = SURFACE_CURVE('',#6981,(#6985,#6992),.PCURVE_S1.);
#6981 = LINE('',#6982,#6983);
#6982 = CARTESIAN_POINT('',(-32.3,0.,3.));
#6983 = VECTOR('',#6984,1.);
#6984 = DIRECTION('',(0.,1.,0.));
#6985 = PCURVE('',#2356,#6986);
#6986 = DEFINITIONAL_REPRESENTATION('',(#6987),#6991);
#6987 = LINE('',#6988,#6989);
#6988 = CARTESIAN_POINT('',(21.9,0.));
#6989 = VECTOR('',#6990,1.);
#6990 = DIRECTION('',(1.,0.));
#6991 = ( GEOMETRIC_REPRESENTATION_CONTEXT(2) 
PARAMETRIC_REPRESENTATION_CONTEXT() REPRESENTATION_CONTEXT('2D SPACE',''
  ) );
#6992 = PCURVE('',#6138,#6993);
#6993 = DEFINITIONAL_REPRESENTATION('',(#6994),#6998);
#6994 = LINE('',#6995,#6996);
#6995 = CARTESIAN_POINT('',(-32.3,0.));
#6996 = VECTOR('',#6997,1.);
#6997 = DIRECTION('',(0.,1.));
#6998 = ( GEOMETRIC_REPRESENTATION_CONTEXT(2) 
PARAMETRIC_REPRESENTATION_CONTEXT() REPRESENTATION_CONTEXT('2D SPACE',''
  ) );
#6999 = ORIENTED_EDGE('',*,*,#7000,.T.);
#7000 = EDGE_CURVE('',#6976,#2341,#7001,.T.);
#7001 = SURFACE_CURVE('',#7002,(#7006,#7013),.PCURVE_S1.);
#7002 = LINE('',#7003,#7004);
#7003 = CARTESIAN_POINT('',(-32.3,-21.9,3.));
#7004 = VECTOR('',#7005,1.);
#7005 = DIRECTION('',(0.,0.,1.));
#7006 = PCURVE('',#2356,#7007);
#7007 = DEFINITIONAL_REPRESENTATION('',(#7008),#7012);
#7008 = LINE('',#7009,#7010);
#7009 = CARTESIAN_POINT('',(0.,0.));
#7010 = VECTOR('',#7011,1.);
#7011 = DIRECTION('',(0.,-1.));
#7012 = ( GEOMETRIC_REPRESENTATION_CONTEXT(2) 
PARAMETRIC_REPRESENTATION_CONTEXT() REPRESENTATION_CONTEXT('2D SPACE',''
  ) );
#7013 = PCURVE('',#2751,#7014);
#7014 = DEFINITIONAL_REPRESENTATION('',(#7015),#7019);
#7015 = LINE('',#7016,#7017);
#7016 = CARTESIAN_POINT('',(-3.14159265359,0.));
#7017 = VECTOR('',#7018,1.);
#7018 = DIRECTION('',(-0.,-1.));
#7019 = ( GEOMETRIC_REPRESENTATION_CONTEXT(2) 
PARAMETRIC_REPRESENTATION_CONTEXT() REPRESENTATION_CONTEXT('2D SPACE',''
  ) );
#7020 = ORIENTED_EDGE('',*,*,#2338,.F.);
#7021 = ORIENTED_EDGE('',*,*,#7022,.F.);
#7022 = EDGE_CURVE('',#6978,#2339,#7023,.T.);
#7023 = SURFACE_CURVE('',#7024,(#7028,#7035),.PCURVE_S1.);
#7024 = LINE('',#7025,#7026);
#7025 = CARTESIAN_POINT('',(-32.3,21.9,3.));
#7026 = VECTOR('',#7027,1.);
#7027 = DIRECTION('',(0.,0.,1.));
#7028 = PCURVE('',#2356,#7029);
#7029 = DEFINITIONAL_REPRESENTATION('',(#7030),#7034);
#7030 = LINE('',#7031,#7032);
#7031 = CARTESIAN_POINT('',(43.8,0.));
#7032 = VECTOR('',#7033,1.);
#7033 = DIRECTION('',(0.,-1.));
#7034 = ( GEOMETRIC_REPRESENTATION_CONTEXT(2) 
PARAMETRIC_REPRESENTATION_CONTEXT() REPRESENTATION_CONTEXT('2D SPACE',''
  ) );
#7035 = PCURVE('',#2388,#7036);
#7036 = DEFINITIONAL_REPRESENTATION('',(#7037),#7041);
#7037 = LINE('',#7038,#7039);
#7038 = CARTESIAN_POINT('',(-3.14159265359,0.));
#7039 = VECTOR('',#7040,1.);
#7040 = DIRECTION('',(-0.,-1.));
#7041 = ( GEOMETRIC_REPRESENTATION_CONTEXT(2) 
PARAMETRIC_REPRESENTATION_CONTEXT() REPRESENTATION_CONTEXT('2D SPACE',''
  ) );
#7042 = FACE_BOUND('',#7043,.F.);
#7043 = EDGE_LOOP('',(#7044,#7067,#7088,#7109));
#7044 = ORIENTED_EDGE('',*,*,#7045,.F.);
#7045 = EDGE_CURVE('',#7046,#7048,#7050,.T.);
#7046 = VERTEX_POINT('',#7047);
#7047 = CARTESIAN_POINT('',(-32.3,-5.,71.65));
#7048 = VERTEX_POINT('',#7049);
#7049 = CARTESIAN_POINT('',(-32.3,-5.,75.65));
#7050 = SURFACE_CURVE('',#7051,(#7055,#7061),.PCURVE_S1.);
#7051 = LINE('',#7052,#7053);
#7052 = CARTESIAN_POINT('',(-32.3,-5.,37.325));
#7053 = VECTOR('',#7054,1.);
#7054 = DIRECTION('',(0.,0.,1.));
#7055 = PCURVE('',#2356,#7056);
#7056 = DEFINITIONAL_REPRESENTATION('',(#7057),#7060);
#7057 = B_SPLINE_CURVE_WITH_KNOTS('',1,(#7058,#7059),.UNSPECIFIED.,.F.,
  .F.,(2,2),(34.325,38.325),.PIECEWISE_BEZIER_KNOTS.);
#7058 = CARTESIAN_POINT('',(16.9,-68.65));
#7059 = CARTESIAN_POINT('',(16.9,-72.65));
#7060 = ( GEOMETRIC_REPRESENTATION_CONTEXT(2) 
PARAMETRIC_REPRESENTATION_CONTEXT() REPRESENTATION_CONTEXT('2D SPACE',''
  ) );
#7061 = PCURVE('',#3562,#7062);
#7062 = DEFINITIONAL_REPRESENTATION('',(#7063),#7066);
#7063 = B_SPLINE_CURVE_WITH_KNOTS('',1,(#7064,#7065),.UNSPECIFIED.,.F.,
  .F.,(2,2),(34.325,38.325),.PIECEWISE_BEZIER_KNOTS.);
#7064 = CARTESIAN_POINT('',(0.,-2.4));
#7065 = CARTESIAN_POINT('',(4.,-2.4));
#7066 = ( GEOMETRIC_REPRESENTATION_CONTEXT(2) 
PARAMETRIC_REPRESENTATION_CONTEXT() REPRESENTATION_CONTEXT('2D SPACE',''
  ) );
#7067 = ORIENTED_EDGE('',*,*,#7068,.T.);
#7068 = EDGE_CURVE('',#7046,#7069,#7071,.T.);
#7069 = VERTEX_POINT('',#7070);
#7070 = CARTESIAN_POINT('',(-32.3,5.,71.65));
#7071 = SURFACE_CURVE('',#7072,(#7076,#7082),.PCURVE_S1.);
#7072 = LINE('',#7073,#7074);
#7073 = CARTESIAN_POINT('',(-32.3,-13.45,71.65));
#7074 = VECTOR('',#7075,1.);
#7075 = DIRECTION('',(0.,1.,-0.));
#7076 = PCURVE('',#2356,#7077);
#7077 = DEFINITIONAL_REPRESENTATION('',(#7078),#7081);
#7078 = B_SPLINE_CURVE_WITH_KNOTS('',1,(#7079,#7080),.UNSPECIFIED.,.F.,
  .F.,(2,2),(8.45,18.45),.PIECEWISE_BEZIER_KNOTS.);
#7079 = CARTESIAN_POINT('',(16.9,-68.65));
#7080 = CARTESIAN_POINT('',(26.9,-68.65));
#7081 = ( GEOMETRIC_REPRESENTATION_CONTEXT(2) 
PARAMETRIC_REPRESENTATION_CONTEXT() REPRESENTATION_CONTEXT('2D SPACE',''
  ) );
#7082 = PCURVE('',#3588,#7083);
#7083 = DEFINITIONAL_REPRESENTATION('',(#7084),#7087);
#7084 = B_SPLINE_CURVE_WITH_KNOTS('',1,(#7085,#7086),.UNSPECIFIED.,.F.,
  .F.,(2,2),(8.45,18.45),.PIECEWISE_BEZIER_KNOTS.);
#7085 = CARTESIAN_POINT('',(0.,-2.4));
#7086 = CARTESIAN_POINT('',(10.,-2.4));
#7087 = ( GEOMETRIC_REPRESENTATION_CONTEXT(2) 
PARAMETRIC_REPRESENTATION_CONTEXT() REPRESENTATION_CONTEXT('2D SPACE',''
  ) );
#7088 = ORIENTED_EDGE('',*,*,#7089,.T.);
#7089 = EDGE_CURVE('',#7069,#7090,#7092,.T.);
#7090 = VERTEX_POINT('',#7091);
#7091 = CARTESIAN_POINT('',(-32.3,5.,75.65));
#7092 = SURFACE_CURVE('',#7093,(#7097,#7103),.PCURVE_S1.);
#7093 = LINE('',#7094,#7095);
#7094 = CARTESIAN_POINT('',(-32.3,5.,37.325));
#7095 = VECTOR('',#7096,1.);
#7096 = DIRECTION('',(0.,0.,1.));
#7097 = PCURVE('',#2356,#7098);
#7098 = DEFINITIONAL_REPRESENTATION('',(#7099),#7102);
#7099 = B_SPLINE_CURVE_WITH_KNOTS('',1,(#7100,#7101),.UNSPECIFIED.,.F.,
  .F.,(2,2),(34.325,38.325),.PIECEWISE_BEZIER_KNOTS.);
#7100 = CARTESIAN_POINT('',(26.9,-68.65));
#7101 = CARTESIAN_POINT('',(26.9,-72.65));
#7102 = ( GEOMETRIC_REPRESENTATION_CONTEXT(2) 
PARAMETRIC_REPRESENTATION_CONTEXT() REPRESENTATION_CONTEXT('2D SPACE',''
  ) );
#7103 = PCURVE('',#3614,#7104);
#7104 = DEFINITIONAL_REPRESENTATION('',(#7105),#7108);
#7105 = B_SPLINE_CURVE_WITH_KNOTS('',1,(#7106,#7107),.UNSPECIFIED.,.F.,
  .F.,(2,2),(34.325,38.325),.PIECEWISE_BEZIER_KNOTS.);
#7106 = CARTESIAN_POINT('',(0.,-2.4));
#7107 = CARTESIAN_POINT('',(4.,-2.4));
#7108 = ( GEOMETRIC_REPRESENTATION_CONTEXT(2) 
PARAMETRIC_REPRESENTATION_CONTEXT() REPRESENTATION_CONTEXT('2D SPACE',''
  ) );
#7109 = ORIENTED_EDGE('',*,*,#7110,.F.);
#7110 = EDGE_CURVE('',#7048,#7090,#7111,.T.);
#7111 = SURFACE_CURVE('',#7112,(#7116,#7122),.PCURVE_S1.);
#7112 = LINE('',#7113,#7114);
#7113 = CARTESIAN_POINT('',(-32.3,-13.45,75.65));
#7114 = VECTOR('',#7115,1.);
#7115 = DIRECTION('',(0.,1.,-0.));
#7116 = PCURVE('',#2356,#7117);
#7117 = DEFINITIONAL_REPRESENTATION('',(#7118),#7121);
#7118 = B_SPLINE_CURVE_WITH_KNOTS('',1,(#7119,#7120),.UNSPECIFIED.,.F.,
  .F.,(2,2),(8.45,18.45),.PIECEWISE_BEZIER_KNOTS.);
#7119 = CARTESIAN_POINT('',(16.9,-72.65));
#7120 = CARTESIAN_POINT('',(26.9,-72.65));
#7121 = ( GEOMETRIC_REPRESENTATION_CONTEXT(2) 
PARAMETRIC_REPRESENTATION_CONTEXT() REPRESENTATION_CONTEXT('2D SPACE',''
  ) );
#7122 = PCURVE('',#3638,#7123);
#7123 = DEFINITIONAL_REPRESENTATION('',(#7124),#7127);
#7124 = B_SPLINE_CURVE_WITH_KNOTS('',1,(#7125,#7126),.UNSPECIFIED.,.F.,
  .F.,(2,2),(8.45,18.45),.PIECEWISE_BEZIER_KNOTS.);
#7125 = CARTESIAN_POINT('',(0.,-2.4));
#7126 = CARTESIAN_POINT('',(10.,-2.4));
#7127 = ( GEOMETRIC_REPRESENTATION_CONTEXT(2) 
PARAMETRIC_REPRESENTATION_CONTEXT() REPRESENTATION_CONTEXT('2D SPACE',''
  ) );
#7128 = FACE_BOUND('',#7129,.F.);
#7129 = EDGE_LOOP('',(#7130,#7156,#7177,#7201));
#7130 = ORIENTED_EDGE('',*,*,#7131,.F.);
#7131 = EDGE_CURVE('',#7132,#7134,#7136,.T.);
#7132 = VERTEX_POINT('',#7133);
#7133 = CARTESIAN_POINT('',(-32.3,11.1,58.2));
#7134 = VERTEX_POINT('',#7135);
#7135 = CARTESIAN_POINT('',(-32.3,11.1,55.2));
#7136 = SURFACE_CURVE('',#7137,(#7142,#7149),.PCURVE_S1.);
#7137 = CIRCLE('',#7138,1.5);
#7138 = AXIS2_PLACEMENT_3D('',#7139,#7140,#7141);
#7139 = CARTESIAN_POINT('',(-32.3,11.1,56.7));
#7140 = DIRECTION('',(-1.,0.,0.));
#7141 = DIRECTION('',(0.,-1.,0.));
#7142 = PCURVE('',#2356,#7143);
#7143 = DEFINITIONAL_REPRESENTATION('',(#7144),#7148);
#7144 = CIRCLE('',#7145,1.5);
#7145 = AXIS2_PLACEMENT_2D('',#7146,#7147);
#7146 = CARTESIAN_POINT('',(33.,-53.7));
#7147 = DIRECTION('',(-1.,0.));
#7148 = ( GEOMETRIC_REPRESENTATION_CONTEXT(2) 
PARAMETRIC_REPRESENTATION_CONTEXT() REPRESENTATION_CONTEXT('2D SPACE',''
  ) );
#7149 = PCURVE('',#3670,#7150);
#7150 = DEFINITIONAL_REPRESENTATION('',(#7151),#7155);
#7151 = LINE('',#7152,#7153);
#7152 = CARTESIAN_POINT('',(0.,-2.4));
#7153 = VECTOR('',#7154,1.);
#7154 = DIRECTION('',(1.,0.));
#7155 = ( GEOMETRIC_REPRESENTATION_CONTEXT(2) 
PARAMETRIC_REPRESENTATION_CONTEXT() REPRESENTATION_CONTEXT('2D SPACE',''
  ) );
#7156 = ORIENTED_EDGE('',*,*,#7157,.T.);
#7157 = EDGE_CURVE('',#7132,#7158,#7160,.T.);
#7158 = VERTEX_POINT('',#7159);
#7159 = CARTESIAN_POINT('',(-32.3,-11.1,58.2));
#7160 = SURFACE_CURVE('',#7161,(#7165,#7171),.PCURVE_S1.);
#7161 = LINE('',#7162,#7163);
#7162 = CARTESIAN_POINT('',(-32.3,-5.4,58.2));
#7163 = VECTOR('',#7164,1.);
#7164 = DIRECTION('',(-0.,-1.,-0.));
#7165 = PCURVE('',#2356,#7166);
#7166 = DEFINITIONAL_REPRESENTATION('',(#7167),#7170);
#7167 = B_SPLINE_CURVE_WITH_KNOTS('',1,(#7168,#7169),.UNSPECIFIED.,.F.,
  .F.,(2,2),(-16.5,5.7),.PIECEWISE_BEZIER_KNOTS.);
#7168 = CARTESIAN_POINT('',(33.,-55.2));
#7169 = CARTESIAN_POINT('',(10.8,-55.2));
#7170 = ( GEOMETRIC_REPRESENTATION_CONTEXT(2) 
PARAMETRIC_REPRESENTATION_CONTEXT() REPRESENTATION_CONTEXT('2D SPACE',''
  ) );
#7171 = PCURVE('',#3697,#7172);
#7172 = DEFINITIONAL_REPRESENTATION('',(#7173),#7176);
#7173 = B_SPLINE_CURVE_WITH_KNOTS('',1,(#7174,#7175),.UNSPECIFIED.,.F.,
  .F.,(2,2),(-16.5,5.7),.PIECEWISE_BEZIER_KNOTS.);
#7174 = CARTESIAN_POINT('',(0.,-2.4));
#7175 = CARTESIAN_POINT('',(22.2,-2.4));
#7176 = ( GEOMETRIC_REPRESENTATION_CONTEXT(2) 
PARAMETRIC_REPRESENTATION_CONTEXT() REPRESENTATION_CONTEXT('2D SPACE',''
  ) );
#7177 = ORIENTED_EDGE('',*,*,#7178,.F.);
#7178 = EDGE_CURVE('',#7179,#7158,#7181,.T.);
#7179 = VERTEX_POINT('',#7180);
#7180 = CARTESIAN_POINT('',(-32.3,-11.1,55.2));
#7181 = SURFACE_CURVE('',#7182,(#7187,#7194),.PCURVE_S1.);
#7182 = CIRCLE('',#7183,1.5);
#7183 = AXIS2_PLACEMENT_3D('',#7184,#7185,#7186);
#7184 = CARTESIAN_POINT('',(-32.3,-11.1,56.7));
#7185 = DIRECTION('',(-1.,0.,0.));
#7186 = DIRECTION('',(0.,1.,0.));
#7187 = PCURVE('',#2356,#7188);
#7188 = DEFINITIONAL_REPRESENTATION('',(#7189),#7193);
#7189 = CIRCLE('',#7190,1.5);
#7190 = AXIS2_PLACEMENT_2D('',#7191,#7192);
#7191 = CARTESIAN_POINT('',(10.8,-53.7));
#7192 = DIRECTION('',(1.,0.));
#7193 = ( GEOMETRIC_REPRESENTATION_CONTEXT(2) 
PARAMETRIC_REPRESENTATION_CONTEXT() REPRESENTATION_CONTEXT('2D SPACE',''
  ) );
#7194 = PCURVE('',#3725,#7195);
#7195 = DEFINITIONAL_REPRESENTATION('',(#7196),#7200);
#7196 = LINE('',#7197,#7198);
#7197 = CARTESIAN_POINT('',(0.,-2.4));
#7198 = VECTOR('',#7199,1.);
#7199 = DIRECTION('',(1.,0.));
#7200 = ( GEOMETRIC_REPRESENTATION_CONTEXT(2) 
PARAMETRIC_REPRESENTATION_CONTEXT() REPRESENTATION_CONTEXT('2D SPACE',''
  ) );
#7201 = ORIENTED_EDGE('',*,*,#7202,.T.);
#7202 = EDGE_CURVE('',#7179,#7134,#7203,.T.);
#7203 = SURFACE_CURVE('',#7204,(#7208,#7214),.PCURVE_S1.);
#7204 = LINE('',#7205,#7206);
#7205 = CARTESIAN_POINT('',(-32.3,-16.5,55.2));
#7206 = VECTOR('',#7207,1.);
#7207 = DIRECTION('',(0.,1.,-0.));
#7208 = PCURVE('',#2356,#7209);
#7209 = DEFINITIONAL_REPRESENTATION('',(#7210),#7213);
#7210 = B_SPLINE_CURVE_WITH_KNOTS('',1,(#7211,#7212),.UNSPECIFIED.,.F.,
  .F.,(2,2),(5.4,27.6),.PIECEWISE_BEZIER_KNOTS.);
#7211 = CARTESIAN_POINT('',(10.8,-52.2));
#7212 = CARTESIAN_POINT('',(33.,-52.2));
#7213 = ( GEOMETRIC_REPRESENTATION_CONTEXT(2) 
PARAMETRIC_REPRESENTATION_CONTEXT() REPRESENTATION_CONTEXT('2D SPACE',''
  ) );
#7214 = PCURVE('',#3750,#7215);
#7215 = DEFINITIONAL_REPRESENTATION('',(#7216),#7219);
#7216 = B_SPLINE_CURVE_WITH_KNOTS('',1,(#7217,#7218),.UNSPECIFIED.,.F.,
  .F.,(2,2),(5.4,27.6),.PIECEWISE_BEZIER_KNOTS.);
#7217 = CARTESIAN_POINT('',(0.,-2.4));
#7218 = CARTESIAN_POINT('',(22.2,-2.4));
#7219 = ( GEOMETRIC_REPRESENTATION_CONTEXT(2) 
PARAMETRIC_REPRESENTATION_CONTEXT() REPRESENTATION_CONTEXT('2D SPACE',''
  ) );
#7220 = FACE_BOUND('',#7221,.F.);
#7221 = EDGE_LOOP('',(#7222,#7248,#7269,#7293));
#7222 = ORIENTED_EDGE('',*,*,#7223,.F.);
#7223 = EDGE_CURVE('',#7224,#7226,#7228,.T.);
#7224 = VERTEX_POINT('',#7225);
#7225 = CARTESIAN_POINT('',(-32.3,11.1,49.2));
#7226 = VERTEX_POINT('',#7227);
#7227 = CARTESIAN_POINT('',(-32.3,11.1,46.2));
#7228 = SURFACE_CURVE('',#7229,(#7234,#7241),.PCURVE_S1.);
#7229 = CIRCLE('',#7230,1.5);
#7230 = AXIS2_PLACEMENT_3D('',#7231,#7232,#7233);
#7231 = CARTESIAN_POINT('',(-32.3,11.1,47.7));
#7232 = DIRECTION('',(-1.,0.,0.));
#7233 = DIRECTION('',(0.,-1.,0.));
#7234 = PCURVE('',#2356,#7235);
#7235 = DEFINITIONAL_REPRESENTATION('',(#7236),#7240);
#7236 = CIRCLE('',#7237,1.5);
#7237 = AXIS2_PLACEMENT_2D('',#7238,#7239);
#7238 = CARTESIAN_POINT('',(33.,-44.7));
#7239 = DIRECTION('',(-1.,0.));
#7240 = ( GEOMETRIC_REPRESENTATION_CONTEXT(2) 
PARAMETRIC_REPRESENTATION_CONTEXT() REPRESENTATION_CONTEXT('2D SPACE',''
  ) );
#7241 = PCURVE('',#3782,#7242);
#7242 = DEFINITIONAL_REPRESENTATION('',(#7243),#7247);
#7243 = LINE('',#7244,#7245);
#7244 = CARTESIAN_POINT('',(0.,-2.4));
#7245 = VECTOR('',#7246,1.);
#7246 = DIRECTION('',(1.,0.));
#7247 = ( GEOMETRIC_REPRESENTATION_CONTEXT(2) 
PARAMETRIC_REPRESENTATION_CONTEXT() REPRESENTATION_CONTEXT('2D SPACE',''
  ) );
#7248 = ORIENTED_EDGE('',*,*,#7249,.T.);
#7249 = EDGE_CURVE('',#7224,#7250,#7252,.T.);
#7250 = VERTEX_POINT('',#7251);
#7251 = CARTESIAN_POINT('',(-32.3,-11.1,49.2));
#7252 = SURFACE_CURVE('',#7253,(#7257,#7263),.PCURVE_S1.);
#7253 = LINE('',#7254,#7255);
#7254 = CARTESIAN_POINT('',(-32.3,-5.4,49.2));
#7255 = VECTOR('',#7256,1.);
#7256 = DIRECTION('',(-0.,-1.,-0.));
#7257 = PCURVE('',#2356,#7258);
#7258 = DEFINITIONAL_REPRESENTATION('',(#7259),#7262);
#7259 = B_SPLINE_CURVE_WITH_KNOTS('',1,(#7260,#7261),.UNSPECIFIED.,.F.,
  .F.,(2,2),(-16.5,5.7),.PIECEWISE_BEZIER_KNOTS.);
#7260 = CARTESIAN_POINT('',(33.,-46.2));
#7261 = CARTESIAN_POINT('',(10.8,-46.2));
#7262 = ( GEOMETRIC_REPRESENTATION_CONTEXT(2) 
PARAMETRIC_REPRESENTATION_CONTEXT() REPRESENTATION_CONTEXT('2D SPACE',''
  ) );
#7263 = PCURVE('',#3809,#7264);
#7264 = DEFINITIONAL_REPRESENTATION('',(#7265),#7268);
#7265 = B_SPLINE_CURVE_WITH_KNOTS('',1,(#7266,#7267),.UNSPECIFIED.,.F.,
  .F.,(2,2),(-16.5,5.7),.PIECEWISE_BEZIER_KNOTS.);
#7266 = CARTESIAN_POINT('',(0.,-2.4));
#7267 = CARTESIAN_POINT('',(22.2,-2.4));
#7268 = ( GEOMETRIC_REPRESENTATION_CONTEXT(2) 
PARAMETRIC_REPRESENTATION_CONTEXT() REPRESENTATION_CONTEXT('2D SPACE',''
  ) );
#7269 = ORIENTED_EDGE('',*,*,#7270,.F.);
#7270 = EDGE_CURVE('',#7271,#7250,#7273,.T.);
#7271 = VERTEX_POINT('',#7272);
#7272 = CARTESIAN_POINT('',(-32.3,-11.1,46.2));
#7273 = SURFACE_CURVE('',#7274,(#7279,#7286),.PCURVE_S1.);
#7274 = CIRCLE('',#7275,1.5);
#7275 = AXIS2_PLACEMENT_3D('',#7276,#7277,#7278);
#7276 = CARTESIAN_POINT('',(-32.3,-11.1,47.7));
#7277 = DIRECTION('',(-1.,0.,0.));
#7278 = DIRECTION('',(0.,1.,0.));
#7279 = PCURVE('',#2356,#7280);
#7280 = DEFINITIONAL_REPRESENTATION('',(#7281),#7285);
#7281 = CIRCLE('',#7282,1.5);
#7282 = AXIS2_PLACEMENT_2D('',#7283,#7284);
#7283 = CARTESIAN_POINT('',(10.8,-44.7));
#7284 = DIRECTION('',(1.,0.));
#7285 = ( GEOMETRIC_REPRESENTATION_CONTEXT(2) 
PARAMETRIC_REPRESENTATION_CONTEXT() REPRESENTATION_CONTEXT('2D SPACE',''
  ) );
#7286 = PCURVE('',#3837,#7287);
#7287 = DEFINITIONAL_REPRESENTATION('',(#7288),#7292);
#7288 = LINE('',#7289,#7290);
#7289 = CARTESIAN_POINT('',(0.,-2.4));
#7290 = VECTOR('',#7291,1.);
#7291 = DIRECTION('',(1.,0.));
#7292 = ( GEOMETRIC_REPRESENTATION_CONTEXT(2) 
PARAMETRIC_REPRESENTATION_CONTEXT() REPRESENTATION_CONTEXT('2D SPACE',''
  ) );
#7293 = ORIENTED_EDGE('',*,*,#7294,.T.);
#7294 = EDGE_CURVE('',#7271,#7226,#7295,.T.);
#7295 = SURFACE_CURVE('',#7296,(#7300,#7306),.PCURVE_S1.);
#7296 = LINE('',#7297,#7298);
#7297 = CARTESIAN_POINT('',(-32.3,-16.5,46.2));
#7298 = VECTOR('',#7299,1.);
#7299 = DIRECTION('',(0.,1.,-0.));
#7300 = PCURVE('',#2356,#7301);
#7301 = DEFINITIONAL_REPRESENTATION('',(#7302),#7305);
#7302 = B_SPLINE_CURVE_WITH_KNOTS('',1,(#7303,#7304),.UNSPECIFIED.,.F.,
  .F.,(2,2),(5.4,27.6),.PIECEWISE_BEZIER_KNOTS.);
#7303 = CARTESIAN_POINT('',(10.8,-43.2));
#7304 = CARTESIAN_POINT('',(33.,-43.2));
#7305 = ( GEOMETRIC_REPRESENTATION_CONTEXT(2) 
PARAMETRIC_REPRESENTATION_CONTEXT() REPRESENTATION_CONTEXT('2D SPACE',''
  ) );
#7306 = PCURVE('',#3862,#7307);
#7307 = DEFINITIONAL_REPRESENTATION('',(#7308),#7311);
#7308 = B_SPLINE_CURVE_WITH_KNOTS('',1,(#7309,#7310),.UNSPECIFIED.,.F.,
  .F.,(2,2),(5.4,27.6),.PIECEWISE_BEZIER_KNOTS.);
#7309 = CARTESIAN_POINT('',(0.,-2.4));
#7310 = CARTESIAN_POINT('',(22.2,-2.4));
#7311 = ( GEOMETRIC_REPRESENTATION_CONTEXT(2) 
PARAMETRIC_REPRESENTATION_CONTEXT() REPRESENTATION_CONTEXT('2D SPACE',''
  ) );
#7312 = FACE_BOUND('',#7313,.F.);
#7313 = EDGE_LOOP('',(#7314,#7340,#7361,#7385));
#7314 = ORIENTED_EDGE('',*,*,#7315,.F.);
#7315 = EDGE_CURVE('',#7316,#7318,#7320,.T.);
#7316 = VERTEX_POINT('',#7317);
#7317 = CARTESIAN_POINT('',(-32.3,11.1,40.2));
#7318 = VERTEX_POINT('',#7319);
#7319 = CARTESIAN_POINT('',(-32.3,11.1,37.2));
#7320 = SURFACE_CURVE('',#7321,(#7326,#7333),.PCURVE_S1.);
#7321 = CIRCLE('',#7322,1.5);
#7322 = AXIS2_PLACEMENT_3D('',#7323,#7324,#7325);
#7323 = CARTESIAN_POINT('',(-32.3,11.1,38.7));
#7324 = DIRECTION('',(-1.,0.,0.));
#7325 = DIRECTION('',(0.,-1.,0.));
#7326 = PCURVE('',#2356,#7327);
#7327 = DEFINITIONAL_REPRESENTATION('',(#7328),#7332);
#7328 = CIRCLE('',#7329,1.5);
#7329 = AXIS2_PLACEMENT_2D('',#7330,#7331);
#7330 = CARTESIAN_POINT('',(33.,-35.7));
#7331 = DIRECTION('',(-1.,0.));
#7332 = ( GEOMETRIC_REPRESENTATION_CONTEXT(2) 
PARAMETRIC_REPRESENTATION_CONTEXT() REPRESENTATION_CONTEXT('2D SPACE',''
  ) );
#7333 = PCURVE('',#3894,#7334);
#7334 = DEFINITIONAL_REPRESENTATION('',(#7335),#7339);
#7335 = LINE('',#7336,#7337);
#7336 = CARTESIAN_POINT('',(0.,-2.4));
#7337 = VECTOR('',#7338,1.);
#7338 = DIRECTION('',(1.,0.));
#7339 = ( GEOMETRIC_REPRESENTATION_CONTEXT(2) 
PARAMETRIC_REPRESENTATION_CONTEXT() REPRESENTATION_CONTEXT('2D SPACE',''
  ) );
#7340 = ORIENTED_EDGE('',*,*,#7341,.T.);
#7341 = EDGE_CURVE('',#7316,#7342,#7344,.T.);
#7342 = VERTEX_POINT('',#7343);
#7343 = CARTESIAN_POINT('',(-32.3,-11.1,40.2));
#7344 = SURFACE_CURVE('',#7345,(#7349,#7355),.PCURVE_S1.);
#7345 = LINE('',#7346,#7347);
#7346 = CARTESIAN_POINT('',(-32.3,-5.4,40.2));
#7347 = VECTOR('',#7348,1.);
#7348 = DIRECTION('',(-0.,-1.,-0.));
#7349 = PCURVE('',#2356,#7350);
#7350 = DEFINITIONAL_REPRESENTATION('',(#7351),#7354);
#7351 = B_SPLINE_CURVE_WITH_KNOTS('',1,(#7352,#7353),.UNSPECIFIED.,.F.,
  .F.,(2,2),(-16.5,5.7),.PIECEWISE_BEZIER_KNOTS.);
#7352 = CARTESIAN_POINT('',(33.,-37.2));
#7353 = CARTESIAN_POINT('',(10.8,-37.2));
#7354 = ( GEOMETRIC_REPRESENTATION_CONTEXT(2) 
PARAMETRIC_REPRESENTATION_CONTEXT() REPRESENTATION_CONTEXT('2D SPACE',''
  ) );
#7355 = PCURVE('',#3921,#7356);
#7356 = DEFINITIONAL_REPRESENTATION('',(#7357),#7360);
#7357 = B_SPLINE_CURVE_WITH_KNOTS('',1,(#7358,#7359),.UNSPECIFIED.,.F.,
  .F.,(2,2),(-16.5,5.7),.PIECEWISE_BEZIER_KNOTS.);
#7358 = CARTESIAN_POINT('',(0.,-2.4));
#7359 = CARTESIAN_POINT('',(22.2,-2.4));
#7360 = ( GEOMETRIC_REPRESENTATION_CONTEXT(2) 
PARAMETRIC_REPRESENTATION_CONTEXT() REPRESENTATION_CONTEXT('2D SPACE',''
  ) );
#7361 = ORIENTED_EDGE('',*,*,#7362,.F.);
#7362 = EDGE_CURVE('',#7363,#7342,#7365,.T.);
#7363 = VERTEX_POINT('',#7364);
#7364 = CARTESIAN_POINT('',(-32.3,-11.1,37.2));
#7365 = SURFACE_CURVE('',#7366,(#7371,#7378),.PCURVE_S1.);
#7366 = CIRCLE('',#7367,1.5);
#7367 = AXIS2_PLACEMENT_3D('',#7368,#7369,#7370);
#7368 = CARTESIAN_POINT('',(-32.3,-11.1,38.7));
#7369 = DIRECTION('',(-1.,0.,0.));
#7370 = DIRECTION('',(0.,1.,0.));
#7371 = PCURVE('',#2356,#7372);
#7372 = DEFINITIONAL_REPRESENTATION('',(#7373),#7377);
#7373 = CIRCLE('',#7374,1.5);
#7374 = AXIS2_PLACEMENT_2D('',#7375,#7376);
#7375 = CARTESIAN_POINT('',(10.8,-35.7));
#7376 = DIRECTION('',(1.,0.));
#7377 = ( GEOMETRIC_REPRESENTATION_CONTEXT(2) 
PARAMETRIC_REPRESENTATION_CONTEXT() REPRESENTATION_CONTEXT('2D SPACE',''
  ) );
#7378 = PCURVE('',#3949,#7379);
#7379 = DEFINITIONAL_REPRESENTATION('',(#7380),#7384);
#7380 = LINE('',#7381,#7382);
#7381 = CARTESIAN_POINT('',(0.,-2.4));
#7382 = VECTOR('',#7383,1.);
#7383 = DIRECTION('',(1.,0.));
#7384 = ( GEOMETRIC_REPRESENTATION_CONTEXT(2) 
PARAMETRIC_REPRESENTATION_CONTEXT() REPRESENTATION_CONTEXT('2D SPACE',''
  ) );
#7385 = ORIENTED_EDGE('',*,*,#7386,.T.);
#7386 = EDGE_CURVE('',#7363,#7318,#7387,.T.);
#7387 = SURFACE_CURVE('',#7388,(#7392,#7398),.PCURVE_S1.);
#7388 = LINE('',#7389,#7390);
#7389 = CARTESIAN_POINT('',(-32.3,-16.5,37.2));
#7390 = VECTOR('',#7391,1.);
#7391 = DIRECTION('',(0.,1.,-0.));
#7392 = PCURVE('',#2356,#7393);
#7393 = DEFINITIONAL_REPRESENTATION('',(#7394),#7397);
#7394 = B_SPLINE_CURVE_WITH_KNOTS('',1,(#7395,#7396),.UNSPECIFIED.,.F.,
  .F.,(2,2),(5.4,27.6),.PIECEWISE_BEZIER_KNOTS.);
#7395 = CARTESIAN_POINT('',(10.8,-34.2));
#7396 = CARTESIAN_POINT('',(33.,-34.2));
#7397 = ( GEOMETRIC_REPRESENTATION_CONTEXT(2) 
PARAMETRIC_REPRESENTATION_CONTEXT() REPRESENTATION_CONTEXT('2D SPACE',''
  ) );
#7398 = PCURVE('',#3974,#7399);
#7399 = DEFINITIONAL_REPRESENTATION('',(#7400),#7403);
#7400 = B_SPLINE_CURVE_WITH_KNOTS('',1,(#7401,#7402),.UNSPECIFIED.,.F.,
  .F.,(2,2),(5.4,27.6),.PIECEWISE_BEZIER_KNOTS.);
#7401 = CARTESIAN_POINT('',(0.,-2.4));
#7402 = CARTESIAN_POINT('',(22.2,-2.4));
#7403 = ( GEOMETRIC_REPRESENTATION_CONTEXT(2) 
PARAMETRIC_REPRESENTATION_CONTEXT() REPRESENTATION_CONTEXT('2D SPACE',''
  ) );
#7404 = FACE_BOUND('',#7405,.F.);
#7405 = EDGE_LOOP('',(#7406,#7432,#7453,#7477));
#7406 = ORIENTED_EDGE('',*,*,#7407,.F.);
#7407 = EDGE_CURVE('',#7408,#7410,#7412,.T.);
#7408 = VERTEX_POINT('',#7409);
#7409 = CARTESIAN_POINT('',(-32.3,11.1,31.2));
#7410 = VERTEX_POINT('',#7411);
#7411 = CARTESIAN_POINT('',(-32.3,11.1,28.2));
#7412 = SURFACE_CURVE('',#7413,(#7418,#7425),.PCURVE_S1.);
#7413 = CIRCLE('',#7414,1.5);
#7414 = AXIS2_PLACEMENT_3D('',#7415,#7416,#7417);
#7415 = CARTESIAN_POINT('',(-32.3,11.1,29.7));
#7416 = DIRECTION('',(-1.,0.,0.));
#7417 = DIRECTION('',(0.,-1.,0.));
#7418 = PCURVE('',#2356,#7419);
#7419 = DEFINITIONAL_REPRESENTATION('',(#7420),#7424);
#7420 = CIRCLE('',#7421,1.5);
#7421 = AXIS2_PLACEMENT_2D('',#7422,#7423);
#7422 = CARTESIAN_POINT('',(33.,-26.7));
#7423 = DIRECTION('',(-1.,0.));
#7424 = ( GEOMETRIC_REPRESENTATION_CONTEXT(2) 
PARAMETRIC_REPRESENTATION_CONTEXT() REPRESENTATION_CONTEXT('2D SPACE',''
  ) );
#7425 = PCURVE('',#4006,#7426);
#7426 = DEFINITIONAL_REPRESENTATION('',(#7427),#7431);
#7427 = LINE('',#7428,#7429);
#7428 = CARTESIAN_POINT('',(0.,-2.4));
#7429 = VECTOR('',#7430,1.);
#7430 = DIRECTION('',(1.,0.));
#7431 = ( GEOMETRIC_REPRESENTATION_CONTEXT(2) 
PARAMETRIC_REPRESENTATION_CONTEXT() REPRESENTATION_CONTEXT('2D SPACE',''
  ) );
#7432 = ORIENTED_EDGE('',*,*,#7433,.T.);
#7433 = EDGE_CURVE('',#7408,#7434,#7436,.T.);
#7434 = VERTEX_POINT('',#7435);
#7435 = CARTESIAN_POINT('',(-32.3,-11.1,31.2));
#7436 = SURFACE_CURVE('',#7437,(#7441,#7447),.PCURVE_S1.);
#7437 = LINE('',#7438,#7439);
#7438 = CARTESIAN_POINT('',(-32.3,-5.4,31.2));
#7439 = VECTOR('',#7440,1.);
#7440 = DIRECTION('',(-0.,-1.,-0.));
#7441 = PCURVE('',#2356,#7442);
#7442 = DEFINITIONAL_REPRESENTATION('',(#7443),#7446);
#7443 = B_SPLINE_CURVE_WITH_KNOTS('',1,(#7444,#7445),.UNSPECIFIED.,.F.,
  .F.,(2,2),(-16.5,5.7),.PIECEWISE_BEZIER_KNOTS.);
#7444 = CARTESIAN_POINT('',(33.,-28.2));
#7445 = CARTESIAN_POINT('',(10.8,-28.2));
#7446 = ( GEOMETRIC_REPRESENTATION_CONTEXT(2) 
PARAMETRIC_REPRESENTATION_CONTEXT() REPRESENTATION_CONTEXT('2D SPACE',''
  ) );
#7447 = PCURVE('',#4033,#7448);
#7448 = DEFINITIONAL_REPRESENTATION('',(#7449),#7452);
#7449 = B_SPLINE_CURVE_WITH_KNOTS('',1,(#7450,#7451),.UNSPECIFIED.,.F.,
  .F.,(2,2),(-16.5,5.7),.PIECEWISE_BEZIER_KNOTS.);
#7450 = CARTESIAN_POINT('',(0.,-2.4));
#7451 = CARTESIAN_POINT('',(22.2,-2.4));
#7452 = ( GEOMETRIC_REPRESENTATION_CONTEXT(2) 
PARAMETRIC_REPRESENTATION_CONTEXT() REPRESENTATION_CONTEXT('2D SPACE',''
  ) );
#7453 = ORIENTED_EDGE('',*,*,#7454,.F.);
#7454 = EDGE_CURVE('',#7455,#7434,#7457,.T.);
#7455 = VERTEX_POINT('',#7456);
#7456 = CARTESIAN_POINT('',(-32.3,-11.1,28.2));
#7457 = SURFACE_CURVE('',#7458,(#7463,#7470),.PCURVE_S1.);
#7458 = CIRCLE('',#7459,1.5);
#7459 = AXIS2_PLACEMENT_3D('',#7460,#7461,#7462);
#7460 = CARTESIAN_POINT('',(-32.3,-11.1,29.7));
#7461 = DIRECTION('',(-1.,0.,0.));
#7462 = DIRECTION('',(0.,1.,0.));
#7463 = PCURVE('',#2356,#7464);
#7464 = DEFINITIONAL_REPRESENTATION('',(#7465),#7469);
#7465 = CIRCLE('',#7466,1.5);
#7466 = AXIS2_PLACEMENT_2D('',#7467,#7468);
#7467 = CARTESIAN_POINT('',(10.8,-26.7));
#7468 = DIRECTION('',(1.,0.));
#7469 = ( GEOMETRIC_REPRESENTATION_CONTEXT(2) 
PARAMETRIC_REPRESENTATION_CONTEXT() REPRESENTATION_CONTEXT('2D SPACE',''
  ) );
#7470 = PCURVE('',#4061,#7471);
#7471 = DEFINITIONAL_REPRESENTATION('',(#7472),#7476);
#7472 = LINE('',#7473,#7474);
#7473 = CARTESIAN_POINT('',(0.,-2.4));
#7474 = VECTOR('',#7475,1.);
#7475 = DIRECTION('',(1.,0.));
#7476 = ( GEOMETRIC_REPRESENTATION_CONTEXT(2) 
PARAMETRIC_REPRESENTATION_CONTEXT() REPRESENTATION_CONTEXT('2D SPACE',''
  ) );
#7477 = ORIENTED_EDGE('',*,*,#7478,.T.);
#7478 = EDGE_CURVE('',#7455,#7410,#7479,.T.);
#7479 = SURFACE_CURVE('',#7480,(#7484,#7490),.PCURVE_S1.);
#7480 = LINE('',#7481,#7482);
#7481 = CARTESIAN_POINT('',(-32.3,-16.5,28.2));
#7482 = VECTOR('',#7483,1.);
#7483 = DIRECTION('',(0.,1.,-0.));
#7484 = PCURVE('',#2356,#7485);
#7485 = DEFINITIONAL_REPRESENTATION('',(#7486),#7489);
#7486 = B_SPLINE_CURVE_WITH_KNOTS('',1,(#7487,#7488),.UNSPECIFIED.,.F.,
  .F.,(2,2),(5.4,27.6),.PIECEWISE_BEZIER_KNOTS.);
#7487 = CARTESIAN_POINT('',(10.8,-25.2));
#7488 = CARTESIAN_POINT('',(33.,-25.2));
#7489 = ( GEOMETRIC_REPRESENTATION_CONTEXT(2) 
PARAMETRIC_REPRESENTATION_CONTEXT() REPRESENTATION_CONTEXT('2D SPACE',''
  ) );
#7490 = PCURVE('',#4086,#7491);
#7491 = DEFINITIONAL_REPRESENTATION('',(#7492),#7495);
#7492 = B_SPLINE_CURVE_WITH_KNOTS('',1,(#7493,#7494),.UNSPECIFIED.,.F.,
  .F.,(2,2),(5.4,27.6),.PIECEWISE_BEZIER_KNOTS.);
#7493 = CARTESIAN_POINT('',(0.,-2.4));
#7494 = CARTESIAN_POINT('',(22.2,-2.4));
#7495 = ( GEOMETRIC_REPRESENTATION_CONTEXT(2) 
PARAMETRIC_REPRESENTATION_CONTEXT() REPRESENTATION_CONTEXT('2D SPACE',''
  ) );
#7496 = FACE_BOUND('',#7497,.F.);
#7497 = EDGE_LOOP('',(#7498,#7524,#7545,#7569));
#7498 = ORIENTED_EDGE('',*,*,#7499,.F.);
#7499 = EDGE_CURVE('',#7500,#7502,#7504,.T.);
#7500 = VERTEX_POINT('',#7501);
#7501 = CARTESIAN_POINT('',(-32.3,11.1,22.2));
#7502 = VERTEX_POINT('',#7503);
#7503 = CARTESIAN_POINT('',(-32.3,11.1,19.2));
#7504 = SURFACE_CURVE('',#7505,(#7510,#7517),.PCURVE_S1.);
#7505 = CIRCLE('',#7506,1.5);
#7506 = AXIS2_PLACEMENT_3D('',#7507,#7508,#7509);
#7507 = CARTESIAN_POINT('',(-32.3,11.1,20.7));
#7508 = DIRECTION('',(-1.,0.,0.));
#7509 = DIRECTION('',(0.,-1.,0.));
#7510 = PCURVE('',#2356,#7511);
#7511 = DEFINITIONAL_REPRESENTATION('',(#7512),#7516);
#7512 = CIRCLE('',#7513,1.5);
#7513 = AXIS2_PLACEMENT_2D('',#7514,#7515);
#7514 = CARTESIAN_POINT('',(33.,-17.7));
#7515 = DIRECTION('',(-1.,0.));
#7516 = ( GEOMETRIC_REPRESENTATION_CONTEXT(2) 
PARAMETRIC_REPRESENTATION_CONTEXT() REPRESENTATION_CONTEXT('2D SPACE',''
  ) );
#7517 = PCURVE('',#4118,#7518);
#7518 = DEFINITIONAL_REPRESENTATION('',(#7519),#7523);
#7519 = LINE('',#7520,#7521);
#7520 = CARTESIAN_POINT('',(0.,-2.4));
#7521 = VECTOR('',#7522,1.);
#7522 = DIRECTION('',(1.,0.));
#7523 = ( GEOMETRIC_REPRESENTATION_CONTEXT(2) 
PARAMETRIC_REPRESENTATION_CONTEXT() REPRESENTATION_CONTEXT('2D SPACE',''
  ) );
#7524 = ORIENTED_EDGE('',*,*,#7525,.T.);
#7525 = EDGE_CURVE('',#7500,#7526,#7528,.T.);
#7526 = VERTEX_POINT('',#7527);
#7527 = CARTESIAN_POINT('',(-32.3,-11.1,22.2));
#7528 = SURFACE_CURVE('',#7529,(#7533,#7539),.PCURVE_S1.);
#7529 = LINE('',#7530,#7531);
#7530 = CARTESIAN_POINT('',(-32.3,-5.4,22.2));
#7531 = VECTOR('',#7532,1.);
#7532 = DIRECTION('',(-0.,-1.,-0.));
#7533 = PCURVE('',#2356,#7534);
#7534 = DEFINITIONAL_REPRESENTATION('',(#7535),#7538);
#7535 = B_SPLINE_CURVE_WITH_KNOTS('',1,(#7536,#7537),.UNSPECIFIED.,.F.,
  .F.,(2,2),(-16.5,5.7),.PIECEWISE_BEZIER_KNOTS.);
#7536 = CARTESIAN_POINT('',(33.,-19.2));
#7537 = CARTESIAN_POINT('',(10.8,-19.2));
#7538 = ( GEOMETRIC_REPRESENTATION_CONTEXT(2) 
PARAMETRIC_REPRESENTATION_CONTEXT() REPRESENTATION_CONTEXT('2D SPACE',''
  ) );
#7539 = PCURVE('',#4145,#7540);
#7540 = DEFINITIONAL_REPRESENTATION('',(#7541),#7544);
#7541 = B_SPLINE_CURVE_WITH_KNOTS('',1,(#7542,#7543),.UNSPECIFIED.,.F.,
  .F.,(2,2),(-16.5,5.7),.PIECEWISE_BEZIER_KNOTS.);
#7542 = CARTESIAN_POINT('',(0.,-2.4));
#7543 = CARTESIAN_POINT('',(22.2,-2.4));
#7544 = ( GEOMETRIC_REPRESENTATION_CONTEXT(2) 
PARAMETRIC_REPRESENTATION_CONTEXT() REPRESENTATION_CONTEXT('2D SPACE',''
  ) );
#7545 = ORIENTED_EDGE('',*,*,#7546,.F.);
#7546 = EDGE_CURVE('',#7547,#7526,#7549,.T.);
#7547 = VERTEX_POINT('',#7548);
#7548 = CARTESIAN_POINT('',(-32.3,-11.1,19.2));
#7549 = SURFACE_CURVE('',#7550,(#7555,#7562),.PCURVE_S1.);
#7550 = CIRCLE('',#7551,1.5);
#7551 = AXIS2_PLACEMENT_3D('',#7552,#7553,#7554);
#7552 = CARTESIAN_POINT('',(-32.3,-11.1,20.7));
#7553 = DIRECTION('',(-1.,0.,0.));
#7554 = DIRECTION('',(0.,1.,0.));
#7555 = PCURVE('',#2356,#7556);
#7556 = DEFINITIONAL_REPRESENTATION('',(#7557),#7561);
#7557 = CIRCLE('',#7558,1.5);
#7558 = AXIS2_PLACEMENT_2D('',#7559,#7560);
#7559 = CARTESIAN_POINT('',(10.8,-17.7));
#7560 = DIRECTION('',(1.,0.));
#7561 = ( GEOMETRIC_REPRESENTATION_CONTEXT(2) 
PARAMETRIC_REPRESENTATION_CONTEXT() REPRESENTATION_CONTEXT('2D SPACE',''
  ) );
#7562 = PCURVE('',#4173,#7563);
#7563 = DEFINITIONAL_REPRESENTATION('',(#7564),#7568);
#7564 = LINE('',#7565,#7566);
#7565 = CARTESIAN_POINT('',(0.,-2.4));
#7566 = VECTOR('',#7567,1.);
#7567 = DIRECTION('',(1.,0.));
#7568 = ( GEOMETRIC_REPRESENTATION_CONTEXT(2) 
PARAMETRIC_REPRESENTATION_CONTEXT() REPRESENTATION_CONTEXT('2D SPACE',''
  ) );
#7569 = ORIENTED_EDGE('',*,*,#7570,.T.);
#7570 = EDGE_CURVE('',#7547,#7502,#7571,.T.);
#7571 = SURFACE_CURVE('',#7572,(#7576,#7582),.PCURVE_S1.);
#7572 = LINE('',#7573,#7574);
#7573 = CARTESIAN_POINT('',(-32.3,-16.5,19.2));
#7574 = VECTOR('',#7575,1.);
#7575 = DIRECTION('',(0.,1.,-0.));
#7576 = PCURVE('',#2356,#7577);
#7577 = DEFINITIONAL_REPRESENTATION('',(#7578),#7581);
#7578 = B_SPLINE_CURVE_WITH_KNOTS('',1,(#7579,#7580),.UNSPECIFIED.,.F.,
  .F.,(2,2),(5.4,27.6),.PIECEWISE_BEZIER_KNOTS.);
#7579 = CARTESIAN_POINT('',(10.8,-16.2));
#7580 = CARTESIAN_POINT('',(33.,-16.2));
#7581 = ( GEOMETRIC_REPRESENTATION_CONTEXT(2) 
PARAMETRIC_REPRESENTATION_CONTEXT() REPRESENTATION_CONTEXT('2D SPACE',''
  ) );
#7582 = PCURVE('',#4198,#7583);
#7583 = DEFINITIONAL_REPRESENTATION('',(#7584),#7587);
#7584 = B_SPLINE_CURVE_WITH_KNOTS('',1,(#7585,#7586),.UNSPECIFIED.,.F.,
  .F.,(2,2),(5.4,27.6),.PIECEWISE_BEZIER_KNOTS.);
#7585 = CARTESIAN_POINT('',(0.,-2.4));
#7586 = CARTESIAN_POINT('',(22.2,-2.4));
#7587 = ( GEOMETRIC_REPRESENTATION_CONTEXT(2) 
PARAMETRIC_REPRESENTATION_CONTEXT() REPRESENTATION_CONTEXT('2D SPACE',''
  ) );
#7588 = ADVANCED_FACE('',(#7589),#2388,.F.);
#7589 = FACE_BOUND('',#7590,.T.);
#7590 = EDGE_LOOP('',(#7591,#7615,#7636,#7637,#7658,#7691,#7710,#7711));
#7591 = ORIENTED_EDGE('',*,*,#7592,.F.);
#7592 = EDGE_CURVE('',#7593,#6978,#7595,.T.);
#7593 = VERTEX_POINT('',#7594);
#7594 = CARTESIAN_POINT('',(-26.5,27.7,3.));
#7595 = SURFACE_CURVE('',#7596,(#7601,#7608),.PCURVE_S1.);
#7596 = CIRCLE('',#7597,5.8);
#7597 = AXIS2_PLACEMENT_3D('',#7598,#7599,#7600);
#7598 = CARTESIAN_POINT('',(-26.5,21.9,3.));
#7599 = DIRECTION('',(0.,0.,1.));
#7600 = DIRECTION('',(1.,0.,0.));
#7601 = PCURVE('',#2388,#7602);
#7602 = DEFINITIONAL_REPRESENTATION('',(#7603),#7607);
#7603 = LINE('',#7604,#7605);
#7604 = CARTESIAN_POINT('',(-0.,0.));
#7605 = VECTOR('',#7606,1.);
#7606 = DIRECTION('',(-1.,0.));
#7607 = ( GEOMETRIC_REPRESENTATION_CONTEXT(2) 
PARAMETRIC_REPRESENTATION_CONTEXT() REPRESENTATION_CONTEXT('2D SPACE',''
  ) );
#7608 = PCURVE('',#6138,#7609);
#7609 = DEFINITIONAL_REPRESENTATION('',(#7610),#7614);
#7610 = CIRCLE('',#7611,5.8);
#7611 = AXIS2_PLACEMENT_2D('',#7612,#7613);
#7612 = CARTESIAN_POINT('',(-26.5,21.9));
#7613 = DIRECTION('',(1.,0.));
#7614 = ( GEOMETRIC_REPRESENTATION_CONTEXT(2) 
PARAMETRIC_REPRESENTATION_CONTEXT() REPRESENTATION_CONTEXT('2D SPACE',''
  ) );
#7615 = ORIENTED_EDGE('',*,*,#7616,.T.);
#7616 = EDGE_CURVE('',#7593,#2434,#7617,.T.);
#7617 = SURFACE_CURVE('',#7618,(#7622,#7629),.PCURVE_S1.);
#7618 = LINE('',#7619,#7620);
#7619 = CARTESIAN_POINT('',(-26.5,27.7,3.));
#7620 = VECTOR('',#7621,1.);
#7621 = DIRECTION('',(0.,0.,1.));
#7622 = PCURVE('',#2388,#7623);
#7623 = DEFINITIONAL_REPRESENTATION('',(#7624),#7628);
#7624 = LINE('',#7625,#7626);
#7625 = CARTESIAN_POINT('',(-1.570796326795,0.));
#7626 = VECTOR('',#7627,1.);
#7627 = DIRECTION('',(-0.,-1.));
#7628 = ( GEOMETRIC_REPRESENTATION_CONTEXT(2) 
PARAMETRIC_REPRESENTATION_CONTEXT() REPRESENTATION_CONTEXT('2D SPACE',''
  ) );
#7629 = PCURVE('',#2477,#7630);
#7630 = DEFINITIONAL_REPRESENTATION('',(#7631),#7635);
#7631 = LINE('',#7632,#7633);
#7632 = CARTESIAN_POINT('',(0.,0.));
#7633 = VECTOR('',#7634,1.);
#7634 = DIRECTION('',(0.,-1.));
#7635 = ( GEOMETRIC_REPRESENTATION_CONTEXT(2) 
PARAMETRIC_REPRESENTATION_CONTEXT() REPRESENTATION_CONTEXT('2D SPACE',''
  ) );
#7636 = ORIENTED_EDGE('',*,*,#2433,.F.);
#7637 = ORIENTED_EDGE('',*,*,#7638,.T.);
#7638 = EDGE_CURVE('',#2401,#7639,#7641,.T.);
#7639 = VERTEX_POINT('',#7640);
#7640 = CARTESIAN_POINT('',(-27.54100451507,27.605813666743,72.25));
#7641 = SURFACE_CURVE('',#7642,(#7646,#7652),.PCURVE_S1.);
#7642 = LINE('',#7643,#7644);
#7643 = CARTESIAN_POINT('',(-27.54100451507,27.605813666743,3.));
#7644 = VECTOR('',#7645,1.);
#7645 = DIRECTION('',(-0.,-0.,-1.));
#7646 = PCURVE('',#2388,#7647);
#7647 = DEFINITIONAL_REPRESENTATION('',(#7648),#7651);
#7648 = B_SPLINE_CURVE_WITH_KNOTS('',1,(#7649,#7650),.UNSPECIFIED.,.F.,
  .F.,(2,2),(-74.4000006,-69.2499994),.PIECEWISE_BEZIER_KNOTS.);
#7649 = CARTESIAN_POINT('',(-1.751257764659,-74.4000006));
#7650 = CARTESIAN_POINT('',(-1.751257764659,-69.2499994));
#7651 = ( GEOMETRIC_REPRESENTATION_CONTEXT(2) 
PARAMETRIC_REPRESENTATION_CONTEXT() REPRESENTATION_CONTEXT('2D SPACE',''
  ) );
#7652 = PCURVE('',#2421,#7653);
#7653 = DEFINITIONAL_REPRESENTATION('',(#7654),#7657);
#7654 = B_SPLINE_CURVE_WITH_KNOTS('',1,(#7655,#7656),.UNSPECIFIED.,.F.,
  .F.,(2,2),(-74.4000006,-69.2499994),.PIECEWISE_BEZIER_KNOTS.);
#7655 = CARTESIAN_POINT('',(-1.684437849145,-5.1500006));
#7656 = CARTESIAN_POINT('',(-1.684437849145,6.000000070117E-07));
#7657 = ( GEOMETRIC_REPRESENTATION_CONTEXT(2) 
PARAMETRIC_REPRESENTATION_CONTEXT() REPRESENTATION_CONTEXT('2D SPACE',''
  ) );
#7658 = ORIENTED_EDGE('',*,*,#7659,.F.);
#7659 = EDGE_CURVE('',#7660,#7639,#7662,.T.);
#7660 = VERTEX_POINT('',#7661);
#7661 = CARTESIAN_POINT('',(-32.20581366674,22.941004515076,72.25));
#7662 = SURFACE_CURVE('',#7663,(#7668,#7675),.PCURVE_S1.);
#7663 = CIRCLE('',#7664,5.8);
#7664 = AXIS2_PLACEMENT_3D('',#7665,#7666,#7667);
#7665 = CARTESIAN_POINT('',(-26.5,21.9,72.25));
#7666 = DIRECTION('',(0.,0.,-1.));
#7667 = DIRECTION('',(1.,0.,0.));
#7668 = PCURVE('',#2388,#7669);
#7669 = DEFINITIONAL_REPRESENTATION('',(#7670),#7674);
#7670 = LINE('',#7671,#7672);
#7671 = CARTESIAN_POINT('',(-6.28318530718,-69.25));
#7672 = VECTOR('',#7673,1.);
#7673 = DIRECTION('',(1.,-0.));
#7674 = ( GEOMETRIC_REPRESENTATION_CONTEXT(2) 
PARAMETRIC_REPRESENTATION_CONTEXT() REPRESENTATION_CONTEXT('2D SPACE',''
  ) );
#7675 = PCURVE('',#7676,#7681);
#7676 = PLANE('',#7677);
#7677 = AXIS2_PLACEMENT_3D('',#7678,#7679,#7680);
#7678 = CARTESIAN_POINT('',(0.,0.,72.25));
#7679 = DIRECTION('',(0.,0.,1.));
#7680 = DIRECTION('',(1.,0.,0.));
#7681 = DEFINITIONAL_REPRESENTATION('',(#7682),#7690);
#7682 = ( BOUNDED_CURVE() B_SPLINE_CURVE(2,(#7683,#7684,#7685,#7686,
#7687,#7688,#7689),.UNSPECIFIED.,.T.,.F.) B_SPLINE_CURVE_WITH_KNOTS((1,2
    ,2,2,2,1),(-2.094395102393,0.,2.094395102393,4.188790204786,
6.28318530718,8.377580409573),.UNSPECIFIED.) CURVE() 
GEOMETRIC_REPRESENTATION_ITEM() RATIONAL_B_SPLINE_CURVE((1.,0.5,1.,0.5,
1.,0.5,1.)) REPRESENTATION_ITEM('') );
#7683 = CARTESIAN_POINT('',(-20.7,21.9));
#7684 = CARTESIAN_POINT('',(-20.7,11.854105316101));
#7685 = CARTESIAN_POINT('',(-29.4,16.87705265805));
#7686 = CARTESIAN_POINT('',(-38.1,21.9));
#7687 = CARTESIAN_POINT('',(-29.4,26.92294734195));
#7688 = CARTESIAN_POINT('',(-20.7,31.945894683899));
#7689 = CARTESIAN_POINT('',(-20.7,21.9));
#7690 = ( GEOMETRIC_REPRESENTATION_CONTEXT(2) 
PARAMETRIC_REPRESENTATION_CONTEXT() REPRESENTATION_CONTEXT('2D SPACE',''
  ) );
#7691 = ORIENTED_EDGE('',*,*,#7692,.F.);
#7692 = EDGE_CURVE('',#2368,#7660,#7693,.T.);
#7693 = SURFACE_CURVE('',#7694,(#7698,#7704),.PCURVE_S1.);
#7694 = LINE('',#7695,#7696);
#7695 = CARTESIAN_POINT('',(-32.20581366674,22.941004515075,3.));
#7696 = VECTOR('',#7697,1.);
#7697 = DIRECTION('',(-0.,-0.,-1.));
#7698 = PCURVE('',#2388,#7699);
#7699 = DEFINITIONAL_REPRESENTATION('',(#7700),#7703);
#7700 = B_SPLINE_CURVE_WITH_KNOTS('',1,(#7701,#7702),.UNSPECIFIED.,.F.,
  .F.,(2,2),(-74.4000006,-69.2499994),.PIECEWISE_BEZIER_KNOTS.);
#7701 = CARTESIAN_POINT('',(-2.961131215726,-74.4000006));
#7702 = CARTESIAN_POINT('',(-2.961131215726,-69.2499994));
#7703 = ( GEOMETRIC_REPRESENTATION_CONTEXT(2) 
PARAMETRIC_REPRESENTATION_CONTEXT() REPRESENTATION_CONTEXT('2D SPACE',''
  ) );
#7704 = PCURVE('',#2421,#7705);
#7705 = DEFINITIONAL_REPRESENTATION('',(#7706),#7709);
#7706 = B_SPLINE_CURVE_WITH_KNOTS('',1,(#7707,#7708),.UNSPECIFIED.,.F.,
  .F.,(2,2),(-74.4000006,-69.2499994),.PIECEWISE_BEZIER_KNOTS.);
#7707 = CARTESIAN_POINT('',(-3.02795113124,-5.1500006));
#7708 = CARTESIAN_POINT('',(-3.02795113124,6.000000070117E-07));
#7709 = ( GEOMETRIC_REPRESENTATION_CONTEXT(2) 
PARAMETRIC_REPRESENTATION_CONTEXT() REPRESENTATION_CONTEXT('2D SPACE',''
  ) );
#7710 = ORIENTED_EDGE('',*,*,#2367,.F.);
#7711 = ORIENTED_EDGE('',*,*,#7022,.F.);
#7712 = ADVANCED_FACE('',(#7713),#2421,.F.);
#7713 = FACE_BOUND('',#7714,.T.);
#7714 = EDGE_LOOP('',(#7715,#7737,#7738,#7739));
#7715 = ORIENTED_EDGE('',*,*,#7716,.F.);
#7716 = EDGE_CURVE('',#7639,#7660,#7717,.T.);
#7717 = SURFACE_CURVE('',#7718,(#7723,#7730),.PCURVE_S1.);
#7718 = CIRCLE('',#7719,5.3);
#7719 = AXIS2_PLACEMENT_3D('',#7720,#7721,#7722);
#7720 = CARTESIAN_POINT('',(-26.94,22.34,72.25));
#7721 = DIRECTION('',(0.,0.,1.));
#7722 = DIRECTION('',(1.,0.,0.));
#7723 = PCURVE('',#2421,#7724);
#7724 = DEFINITIONAL_REPRESENTATION('',(#7725),#7729);
#7725 = LINE('',#7726,#7727);
#7726 = CARTESIAN_POINT('',(-0.,0.));
#7727 = VECTOR('',#7728,1.);
#7728 = DIRECTION('',(-1.,0.));
#7729 = ( GEOMETRIC_REPRESENTATION_CONTEXT(2) 
PARAMETRIC_REPRESENTATION_CONTEXT() REPRESENTATION_CONTEXT('2D SPACE',''
  ) );
#7730 = PCURVE('',#7676,#7731);
#7731 = DEFINITIONAL_REPRESENTATION('',(#7732),#7736);
#7732 = CIRCLE('',#7733,5.3);
#7733 = AXIS2_PLACEMENT_2D('',#7734,#7735);
#7734 = CARTESIAN_POINT('',(-26.94,22.34));
#7735 = DIRECTION('',(1.,0.));
#7736 = ( GEOMETRIC_REPRESENTATION_CONTEXT(2) 
PARAMETRIC_REPRESENTATION_CONTEXT() REPRESENTATION_CONTEXT('2D SPACE',''
  ) );
#7737 = ORIENTED_EDGE('',*,*,#7638,.F.);
#7738 = ORIENTED_EDGE('',*,*,#2400,.F.);
#7739 = ORIENTED_EDGE('',*,*,#7692,.T.);
#7740 = ADVANCED_FACE('',(#7741,#7789,#7881,#8072,#8164,#8256),#2477,.F.
  );
#7741 = FACE_BOUND('',#7742,.F.);
#7742 = EDGE_LOOP('',(#7743,#7766,#7767,#7768));
#7743 = ORIENTED_EDGE('',*,*,#7744,.F.);
#7744 = EDGE_CURVE('',#7593,#7745,#7747,.T.);
#7745 = VERTEX_POINT('',#7746);
#7746 = CARTESIAN_POINT('',(26.5,27.7,3.));
#7747 = SURFACE_CURVE('',#7748,(#7752,#7759),.PCURVE_S1.);
#7748 = LINE('',#7749,#7750);
#7749 = CARTESIAN_POINT('',(0.,27.7,3.));
#7750 = VECTOR('',#7751,1.);
#7751 = DIRECTION('',(1.,0.,0.));
#7752 = PCURVE('',#2477,#7753);
#7753 = DEFINITIONAL_REPRESENTATION('',(#7754),#7758);
#7754 = LINE('',#7755,#7756);
#7755 = CARTESIAN_POINT('',(26.5,0.));
#7756 = VECTOR('',#7757,1.);
#7757 = DIRECTION('',(1.,0.));
#7758 = ( GEOMETRIC_REPRESENTATION_CONTEXT(2) 
PARAMETRIC_REPRESENTATION_CONTEXT() REPRESENTATION_CONTEXT('2D SPACE',''
  ) );
#7759 = PCURVE('',#6138,#7760);
#7760 = DEFINITIONAL_REPRESENTATION('',(#7761),#7765);
#7761 = LINE('',#7762,#7763);
#7762 = CARTESIAN_POINT('',(0.,27.7));
#7763 = VECTOR('',#7764,1.);
#7764 = DIRECTION('',(1.,0.));
#7765 = ( GEOMETRIC_REPRESENTATION_CONTEXT(2) 
PARAMETRIC_REPRESENTATION_CONTEXT() REPRESENTATION_CONTEXT('2D SPACE',''
  ) );
#7766 = ORIENTED_EDGE('',*,*,#7616,.T.);
#7767 = ORIENTED_EDGE('',*,*,#2461,.F.);
#7768 = ORIENTED_EDGE('',*,*,#7769,.F.);
#7769 = EDGE_CURVE('',#7745,#2462,#7770,.T.);
#7770 = SURFACE_CURVE('',#7771,(#7775,#7782),.PCURVE_S1.);
#7771 = LINE('',#7772,#7773);
#7772 = CARTESIAN_POINT('',(26.5,27.7,3.));
#7773 = VECTOR('',#7774,1.);
#7774 = DIRECTION('',(0.,0.,1.));
#7775 = PCURVE('',#2477,#7776);
#7776 = DEFINITIONAL_REPRESENTATION('',(#7777),#7781);
#7777 = LINE('',#7778,#7779);
#7778 = CARTESIAN_POINT('',(53.,0.));
#7779 = VECTOR('',#7780,1.);
#7780 = DIRECTION('',(0.,-1.));
#7781 = ( GEOMETRIC_REPRESENTATION_CONTEXT(2) 
PARAMETRIC_REPRESENTATION_CONTEXT() REPRESENTATION_CONTEXT('2D SPACE',''
  ) );
#7782 = PCURVE('',#2509,#7783);
#7783 = DEFINITIONAL_REPRESENTATION('',(#7784),#7788);
#7784 = LINE('',#7785,#7786);
#7785 = CARTESIAN_POINT('',(-1.570796326795,0.));
#7786 = VECTOR('',#7787,1.);
#7787 = DIRECTION('',(-0.,-1.));
#7788 = ( GEOMETRIC_REPRESENTATION_CONTEXT(2) 
PARAMETRIC_REPRESENTATION_CONTEXT() REPRESENTATION_CONTEXT('2D SPACE',''
  ) );
#7789 = FACE_BOUND('',#7790,.F.);
#7790 = EDGE_LOOP('',(#7791,#7817,#7838,#7862));
#7791 = ORIENTED_EDGE('',*,*,#7792,.F.);
#7792 = EDGE_CURVE('',#7793,#7795,#7797,.T.);
#7793 = VERTEX_POINT('',#7794);
#7794 = CARTESIAN_POINT('',(13.9,27.7,58.2));
#7795 = VERTEX_POINT('',#7796);
#7796 = CARTESIAN_POINT('',(13.9,27.7,55.2));
#7797 = SURFACE_CURVE('',#7798,(#7803,#7810),.PCURVE_S1.);
#7798 = CIRCLE('',#7799,1.5);
#7799 = AXIS2_PLACEMENT_3D('',#7800,#7801,#7802);
#7800 = CARTESIAN_POINT('',(13.9,27.7,56.7));
#7801 = DIRECTION('',(-0.,1.,0.));
#7802 = DIRECTION('',(-1.,-0.,0.));
#7803 = PCURVE('',#2477,#7804);
#7804 = DEFINITIONAL_REPRESENTATION('',(#7805),#7809);
#7805 = CIRCLE('',#7806,1.5);
#7806 = AXIS2_PLACEMENT_2D('',#7807,#7808);
#7807 = CARTESIAN_POINT('',(40.4,-53.7));
#7808 = DIRECTION('',(-1.,-0.));
#7809 = ( GEOMETRIC_REPRESENTATION_CONTEXT(2) 
PARAMETRIC_REPRESENTATION_CONTEXT() REPRESENTATION_CONTEXT('2D SPACE',''
  ) );
#7810 = PCURVE('',#4619,#7811);
#7811 = DEFINITIONAL_REPRESENTATION('',(#7812),#7816);
#7812 = LINE('',#7813,#7814);
#7813 = CARTESIAN_POINT('',(0.,-2.4));
#7814 = VECTOR('',#7815,1.);
#7815 = DIRECTION('',(1.,0.));
#7816 = ( GEOMETRIC_REPRESENTATION_CONTEXT(2) 
PARAMETRIC_REPRESENTATION_CONTEXT() REPRESENTATION_CONTEXT('2D SPACE',''
  ) );
#7817 = ORIENTED_EDGE('',*,*,#7818,.T.);
#7818 = EDGE_CURVE('',#7793,#7819,#7821,.T.);
#7819 = VERTEX_POINT('',#7820);
#7820 = CARTESIAN_POINT('',(-13.9,27.7,58.2));
#7821 = SURFACE_CURVE('',#7822,(#7826,#7832),.PCURVE_S1.);
#7822 = LINE('',#7823,#7824);
#7823 = CARTESIAN_POINT('',(-6.3,27.7,58.2));
#7824 = VECTOR('',#7825,1.);
#7825 = DIRECTION('',(-1.,0.,0.));
#7826 = PCURVE('',#2477,#7827);
#7827 = DEFINITIONAL_REPRESENTATION('',(#7828),#7831);
#7828 = B_SPLINE_CURVE_WITH_KNOTS('',1,(#7829,#7830),.UNSPECIFIED.,.F.,
  .F.,(2,2),(-20.2,7.6),.PIECEWISE_BEZIER_KNOTS.);
#7829 = CARTESIAN_POINT('',(40.4,-55.2));
#7830 = CARTESIAN_POINT('',(12.6,-55.2));
#7831 = ( GEOMETRIC_REPRESENTATION_CONTEXT(2) 
PARAMETRIC_REPRESENTATION_CONTEXT() REPRESENTATION_CONTEXT('2D SPACE',''
  ) );
#7832 = PCURVE('',#4646,#7833);
#7833 = DEFINITIONAL_REPRESENTATION('',(#7834),#7837);
#7834 = B_SPLINE_CURVE_WITH_KNOTS('',1,(#7835,#7836),.UNSPECIFIED.,.F.,
  .F.,(2,2),(-20.2,7.6),.PIECEWISE_BEZIER_KNOTS.);
#7835 = CARTESIAN_POINT('',(0.,-2.4));
#7836 = CARTESIAN_POINT('',(27.8,-2.4));
#7837 = ( GEOMETRIC_REPRESENTATION_CONTEXT(2) 
PARAMETRIC_REPRESENTATION_CONTEXT() REPRESENTATION_CONTEXT('2D SPACE',''
  ) );
#7838 = ORIENTED_EDGE('',*,*,#7839,.F.);
#7839 = EDGE_CURVE('',#7840,#7819,#7842,.T.);
#7840 = VERTEX_POINT('',#7841);
#7841 = CARTESIAN_POINT('',(-13.9,27.7,55.2));
#7842 = SURFACE_CURVE('',#7843,(#7848,#7855),.PCURVE_S1.);
#7843 = CIRCLE('',#7844,1.5);
#7844 = AXIS2_PLACEMENT_3D('',#7845,#7846,#7847);
#7845 = CARTESIAN_POINT('',(-13.9,27.7,56.7));
#7846 = DIRECTION('',(-0.,1.,0.));
#7847 = DIRECTION('',(1.,0.,0.));
#7848 = PCURVE('',#2477,#7849);
#7849 = DEFINITIONAL_REPRESENTATION('',(#7850),#7854);
#7850 = CIRCLE('',#7851,1.5);
#7851 = AXIS2_PLACEMENT_2D('',#7852,#7853);
#7852 = CARTESIAN_POINT('',(12.6,-53.7));
#7853 = DIRECTION('',(1.,0.));
#7854 = ( GEOMETRIC_REPRESENTATION_CONTEXT(2) 
PARAMETRIC_REPRESENTATION_CONTEXT() REPRESENTATION_CONTEXT('2D SPACE',''
  ) );
#7855 = PCURVE('',#4674,#7856);
#7856 = DEFINITIONAL_REPRESENTATION('',(#7857),#7861);
#7857 = LINE('',#7858,#7859);
#7858 = CARTESIAN_POINT('',(0.,-2.4));
#7859 = VECTOR('',#7860,1.);
#7860 = DIRECTION('',(1.,0.));
#7861 = ( GEOMETRIC_REPRESENTATION_CONTEXT(2) 
PARAMETRIC_REPRESENTATION_CONTEXT() REPRESENTATION_CONTEXT('2D SPACE',''
  ) );
#7862 = ORIENTED_EDGE('',*,*,#7863,.T.);
#7863 = EDGE_CURVE('',#7840,#7795,#7864,.T.);
#7864 = SURFACE_CURVE('',#7865,(#7869,#7875),.PCURVE_S1.);
#7865 = LINE('',#7866,#7867);
#7866 = CARTESIAN_POINT('',(-20.2,27.7,55.2));
#7867 = VECTOR('',#7868,1.);
#7868 = DIRECTION('',(1.,-0.,0.));
#7869 = PCURVE('',#2477,#7870);
#7870 = DEFINITIONAL_REPRESENTATION('',(#7871),#7874);
#7871 = B_SPLINE_CURVE_WITH_KNOTS('',1,(#7872,#7873),.UNSPECIFIED.,.F.,
  .F.,(2,2),(6.3,34.1),.PIECEWISE_BEZIER_KNOTS.);
#7872 = CARTESIAN_POINT('',(12.6,-52.2));
#7873 = CARTESIAN_POINT('',(40.4,-52.2));
#7874 = ( GEOMETRIC_REPRESENTATION_CONTEXT(2) 
PARAMETRIC_REPRESENTATION_CONTEXT() REPRESENTATION_CONTEXT('2D SPACE',''
  ) );
#7875 = PCURVE('',#4699,#7876);
#7876 = DEFINITIONAL_REPRESENTATION('',(#7877),#7880);
#7877 = B_SPLINE_CURVE_WITH_KNOTS('',1,(#7878,#7879),.UNSPECIFIED.,.F.,
  .F.,(2,2),(6.3,34.1),.PIECEWISE_BEZIER_KNOTS.);
#7878 = CARTESIAN_POINT('',(0.,-2.4));
#7879 = CARTESIAN_POINT('',(27.8,-2.4));
#7880 = ( GEOMETRIC_REPRESENTATION_CONTEXT(2) 
PARAMETRIC_REPRESENTATION_CONTEXT() REPRESENTATION_CONTEXT('2D SPACE',''
  ) );
#7881 = FACE_BOUND('',#7882,.F.);
#7882 = EDGE_LOOP('',(#7883,#7906,#7927,#7948,#7969,#7997,#8025,#8053));
#7883 = ORIENTED_EDGE('',*,*,#7884,.F.);
#7884 = EDGE_CURVE('',#7885,#7887,#7889,.T.);
#7885 = VERTEX_POINT('',#7886);
#7886 = CARTESIAN_POINT('',(-5.,27.7,71.65));
#7887 = VERTEX_POINT('',#7888);
#7888 = CARTESIAN_POINT('',(-5.,27.7,75.65));
#7889 = SURFACE_CURVE('',#7890,(#7894,#7900),.PCURVE_S1.);
#7890 = LINE('',#7891,#7892);
#7891 = CARTESIAN_POINT('',(-5.,27.7,37.325));
#7892 = VECTOR('',#7893,1.);
#7893 = DIRECTION('',(0.,-0.,1.));
#7894 = PCURVE('',#2477,#7895);
#7895 = DEFINITIONAL_REPRESENTATION('',(#7896),#7899);
#7896 = B_SPLINE_CURVE_WITH_KNOTS('',1,(#7897,#7898),.UNSPECIFIED.,.F.,
  .F.,(2,2),(34.325,38.325),.PIECEWISE_BEZIER_KNOTS.);
#7897 = CARTESIAN_POINT('',(21.5,-68.65));
#7898 = CARTESIAN_POINT('',(21.5,-72.65));
#7899 = ( GEOMETRIC_REPRESENTATION_CONTEXT(2) 
PARAMETRIC_REPRESENTATION_CONTEXT() REPRESENTATION_CONTEXT('2D SPACE',''
  ) );
#7900 = PCURVE('',#4511,#7901);
#7901 = DEFINITIONAL_REPRESENTATION('',(#7902),#7905);
#7902 = B_SPLINE_CURVE_WITH_KNOTS('',1,(#7903,#7904),.UNSPECIFIED.,.F.,
  .F.,(2,2),(34.325,38.325),.PIECEWISE_BEZIER_KNOTS.);
#7903 = CARTESIAN_POINT('',(0.,-2.4));
#7904 = CARTESIAN_POINT('',(4.,-2.4));
#7905 = ( GEOMETRIC_REPRESENTATION_CONTEXT(2) 
PARAMETRIC_REPRESENTATION_CONTEXT() REPRESENTATION_CONTEXT('2D SPACE',''
  ) );
#7906 = ORIENTED_EDGE('',*,*,#7907,.T.);
#7907 = EDGE_CURVE('',#7885,#7908,#7910,.T.);
#7908 = VERTEX_POINT('',#7909);
#7909 = CARTESIAN_POINT('',(5.,27.7,71.65));
#7910 = SURFACE_CURVE('',#7911,(#7915,#7921),.PCURVE_S1.);
#7911 = LINE('',#7912,#7913);
#7912 = CARTESIAN_POINT('',(-15.75,27.7,71.65));
#7913 = VECTOR('',#7914,1.);
#7914 = DIRECTION('',(1.,-0.,0.));
#7915 = PCURVE('',#2477,#7916);
#7916 = DEFINITIONAL_REPRESENTATION('',(#7917),#7920);
#7917 = B_SPLINE_CURVE_WITH_KNOTS('',1,(#7918,#7919),.UNSPECIFIED.,.F.,
  .F.,(2,2),(10.75,20.75),.PIECEWISE_BEZIER_KNOTS.);
#7918 = CARTESIAN_POINT('',(21.5,-68.65));
#7919 = CARTESIAN_POINT('',(31.5,-68.65));
#7920 = ( GEOMETRIC_REPRESENTATION_CONTEXT(2) 
PARAMETRIC_REPRESENTATION_CONTEXT() REPRESENTATION_CONTEXT('2D SPACE',''
  ) );
#7921 = PCURVE('',#4537,#7922);
#7922 = DEFINITIONAL_REPRESENTATION('',(#7923),#7926);
#7923 = B_SPLINE_CURVE_WITH_KNOTS('',1,(#7924,#7925),.UNSPECIFIED.,.F.,
  .F.,(2,2),(10.75,20.75),.PIECEWISE_BEZIER_KNOTS.);
#7924 = CARTESIAN_POINT('',(0.,-2.4));
#7925 = CARTESIAN_POINT('',(10.,-2.4));
#7926 = ( GEOMETRIC_REPRESENTATION_CONTEXT(2) 
PARAMETRIC_REPRESENTATION_CONTEXT() REPRESENTATION_CONTEXT('2D SPACE',''
  ) );
#7927 = ORIENTED_EDGE('',*,*,#7928,.T.);
#7928 = EDGE_CURVE('',#7908,#7929,#7931,.T.);
#7929 = VERTEX_POINT('',#7930);
#7930 = CARTESIAN_POINT('',(5.,27.7,75.65));
#7931 = SURFACE_CURVE('',#7932,(#7936,#7942),.PCURVE_S1.);
#7932 = LINE('',#7933,#7934);
#7933 = CARTESIAN_POINT('',(5.,27.7,37.325));
#7934 = VECTOR('',#7935,1.);
#7935 = DIRECTION('',(0.,-0.,1.));
#7936 = PCURVE('',#2477,#7937);
#7937 = DEFINITIONAL_REPRESENTATION('',(#7938),#7941);
#7938 = B_SPLINE_CURVE_WITH_KNOTS('',1,(#7939,#7940),.UNSPECIFIED.,.F.,
  .F.,(2,2),(34.325,38.325),.PIECEWISE_BEZIER_KNOTS.);
#7939 = CARTESIAN_POINT('',(31.5,-68.65));
#7940 = CARTESIAN_POINT('',(31.5,-72.65));
#7941 = ( GEOMETRIC_REPRESENTATION_CONTEXT(2) 
PARAMETRIC_REPRESENTATION_CONTEXT() REPRESENTATION_CONTEXT('2D SPACE',''
  ) );
#7942 = PCURVE('',#4563,#7943);
#7943 = DEFINITIONAL_REPRESENTATION('',(#7944),#7947);
#7944 = B_SPLINE_CURVE_WITH_KNOTS('',1,(#7945,#7946),.UNSPECIFIED.,.F.,
  .F.,(2,2),(34.325,38.325),.PIECEWISE_BEZIER_KNOTS.);
#7945 = CARTESIAN_POINT('',(0.,-2.4));
#7946 = CARTESIAN_POINT('',(4.,-2.4));
#7947 = ( GEOMETRIC_REPRESENTATION_CONTEXT(2) 
PARAMETRIC_REPRESENTATION_CONTEXT() REPRESENTATION_CONTEXT('2D SPACE',''
  ) );
#7948 = ORIENTED_EDGE('',*,*,#7949,.F.);
#7949 = EDGE_CURVE('',#7950,#7929,#7952,.T.);
#7950 = VERTEX_POINT('',#7951);
#7951 = CARTESIAN_POINT('',(4.,27.7,75.65));
#7952 = SURFACE_CURVE('',#7953,(#7957,#7963),.PCURVE_S1.);
#7953 = LINE('',#7954,#7955);
#7954 = CARTESIAN_POINT('',(-15.75,27.7,75.65));
#7955 = VECTOR('',#7956,1.);
#7956 = DIRECTION('',(1.,-0.,0.));
#7957 = PCURVE('',#2477,#7958);
#7958 = DEFINITIONAL_REPRESENTATION('',(#7959),#7962);
#7959 = B_SPLINE_CURVE_WITH_KNOTS('',1,(#7960,#7961),.UNSPECIFIED.,.F.,
  .F.,(2,2),(10.75,20.75),.PIECEWISE_BEZIER_KNOTS.);
#7960 = CARTESIAN_POINT('',(21.5,-72.65));
#7961 = CARTESIAN_POINT('',(31.5,-72.65));
#7962 = ( GEOMETRIC_REPRESENTATION_CONTEXT(2) 
PARAMETRIC_REPRESENTATION_CONTEXT() REPRESENTATION_CONTEXT('2D SPACE',''
  ) );
#7963 = PCURVE('',#4587,#7964);
#7964 = DEFINITIONAL_REPRESENTATION('',(#7965),#7968);
#7965 = B_SPLINE_CURVE_WITH_KNOTS('',1,(#7966,#7967),.UNSPECIFIED.,.F.,
  .F.,(2,2),(10.75,20.75),.PIECEWISE_BEZIER_KNOTS.);
#7966 = CARTESIAN_POINT('',(0.,-2.4));
#7967 = CARTESIAN_POINT('',(10.,-2.4));
#7968 = ( GEOMETRIC_REPRESENTATION_CONTEXT(2) 
PARAMETRIC_REPRESENTATION_CONTEXT() REPRESENTATION_CONTEXT('2D SPACE',''
  ) );
#7969 = ORIENTED_EDGE('',*,*,#7970,.T.);
#7970 = EDGE_CURVE('',#7950,#7971,#7973,.T.);
#7971 = VERTEX_POINT('',#7972);
#7972 = CARTESIAN_POINT('',(4.,27.7,76.4));
#7973 = SURFACE_CURVE('',#7974,(#7978,#7985),.PCURVE_S1.);
#7974 = LINE('',#7975,#7976);
#7975 = CARTESIAN_POINT('',(4.,27.7,72.4));
#7976 = VECTOR('',#7977,1.);
#7977 = DIRECTION('',(0.,0.,1.));
#7978 = PCURVE('',#2477,#7979);
#7979 = DEFINITIONAL_REPRESENTATION('',(#7980),#7984);
#7980 = LINE('',#7981,#7982);
#7981 = CARTESIAN_POINT('',(30.5,-69.4));
#7982 = VECTOR('',#7983,1.);
#7983 = DIRECTION('',(0.,-1.));
#7984 = ( GEOMETRIC_REPRESENTATION_CONTEXT(2) 
PARAMETRIC_REPRESENTATION_CONTEXT() REPRESENTATION_CONTEXT('2D SPACE',''
  ) );
#7985 = PCURVE('',#7986,#7991);
#7986 = PLANE('',#7987);
#7987 = AXIS2_PLACEMENT_3D('',#7988,#7989,#7990);
#7988 = CARTESIAN_POINT('',(4.,27.7,72.4));
#7989 = DIRECTION('',(1.,0.,0.));
#7990 = DIRECTION('',(0.,0.,1.));
#7991 = DEFINITIONAL_REPRESENTATION('',(#7992),#7996);
#7992 = LINE('',#7993,#7994);
#7993 = CARTESIAN_POINT('',(0.,0.));
#7994 = VECTOR('',#7995,1.);
#7995 = DIRECTION('',(1.,0.));
#7996 = ( GEOMETRIC_REPRESENTATION_CONTEXT(2) 
PARAMETRIC_REPRESENTATION_CONTEXT() REPRESENTATION_CONTEXT('2D SPACE',''
  ) );
#7997 = ORIENTED_EDGE('',*,*,#7998,.F.);
#7998 = EDGE_CURVE('',#7999,#7971,#8001,.T.);
#7999 = VERTEX_POINT('',#8000);
#8000 = CARTESIAN_POINT('',(-4.,27.7,76.4));
#8001 = SURFACE_CURVE('',#8002,(#8006,#8013),.PCURVE_S1.);
#8002 = LINE('',#8003,#8004);
#8003 = CARTESIAN_POINT('',(-4.,27.7,76.4));
#8004 = VECTOR('',#8005,1.);
#8005 = DIRECTION('',(1.,0.,0.));
#8006 = PCURVE('',#2477,#8007);
#8007 = DEFINITIONAL_REPRESENTATION('',(#8008),#8012);
#8008 = LINE('',#8009,#8010);
#8009 = CARTESIAN_POINT('',(22.5,-73.4));
#8010 = VECTOR('',#8011,1.);
#8011 = DIRECTION('',(1.,0.));
#8012 = ( GEOMETRIC_REPRESENTATION_CONTEXT(2) 
PARAMETRIC_REPRESENTATION_CONTEXT() REPRESENTATION_CONTEXT('2D SPACE',''
  ) );
#8013 = PCURVE('',#8014,#8019);
#8014 = PLANE('',#8015);
#8015 = AXIS2_PLACEMENT_3D('',#8016,#8017,#8018);
#8016 = CARTESIAN_POINT('',(-4.,27.7,76.4));
#8017 = DIRECTION('',(0.,0.,1.));
#8018 = DIRECTION('',(1.,0.,0.));
#8019 = DEFINITIONAL_REPRESENTATION('',(#8020),#8024);
#8020 = LINE('',#8021,#8022);
#8021 = CARTESIAN_POINT('',(0.,0.));
#8022 = VECTOR('',#8023,1.);
#8023 = DIRECTION('',(1.,0.));
#8024 = ( GEOMETRIC_REPRESENTATION_CONTEXT(2) 
PARAMETRIC_REPRESENTATION_CONTEXT() REPRESENTATION_CONTEXT('2D SPACE',''
  ) );
#8025 = ORIENTED_EDGE('',*,*,#8026,.F.);
#8026 = EDGE_CURVE('',#8027,#7999,#8029,.T.);
#8027 = VERTEX_POINT('',#8028);
#8028 = CARTESIAN_POINT('',(-4.,27.7,75.65));
#8029 = SURFACE_CURVE('',#8030,(#8034,#8041),.PCURVE_S1.);
#8030 = LINE('',#8031,#8032);
#8031 = CARTESIAN_POINT('',(-4.,27.7,72.4));
#8032 = VECTOR('',#8033,1.);
#8033 = DIRECTION('',(0.,0.,1.));
#8034 = PCURVE('',#2477,#8035);
#8035 = DEFINITIONAL_REPRESENTATION('',(#8036),#8040);
#8036 = LINE('',#8037,#8038);
#8037 = CARTESIAN_POINT('',(22.5,-69.4));
#8038 = VECTOR('',#8039,1.);
#8039 = DIRECTION('',(0.,-1.));
#8040 = ( GEOMETRIC_REPRESENTATION_CONTEXT(2) 
PARAMETRIC_REPRESENTATION_CONTEXT() REPRESENTATION_CONTEXT('2D SPACE',''
  ) );
#8041 = PCURVE('',#8042,#8047);
#8042 = PLANE('',#8043);
#8043 = AXIS2_PLACEMENT_3D('',#8044,#8045,#8046);
#8044 = CARTESIAN_POINT('',(-4.,27.7,72.4));
#8045 = DIRECTION('',(1.,0.,0.));
#8046 = DIRECTION('',(0.,0.,1.));
#8047 = DEFINITIONAL_REPRESENTATION('',(#8048),#8052);
#8048 = LINE('',#8049,#8050);
#8049 = CARTESIAN_POINT('',(0.,0.));
#8050 = VECTOR('',#8051,1.);
#8051 = DIRECTION('',(1.,0.));
#8052 = ( GEOMETRIC_REPRESENTATION_CONTEXT(2) 
PARAMETRIC_REPRESENTATION_CONTEXT() REPRESENTATION_CONTEXT('2D SPACE',''
  ) );
#8053 = ORIENTED_EDGE('',*,*,#8054,.F.);
#8054 = EDGE_CURVE('',#7887,#8027,#8055,.T.);
#8055 = SURFACE_CURVE('',#8056,(#8060,#8066),.PCURVE_S1.);
#8056 = LINE('',#8057,#8058);
#8057 = CARTESIAN_POINT('',(-15.75,27.7,75.65));
#8058 = VECTOR('',#8059,1.);
#8059 = DIRECTION('',(1.,-0.,0.));
#8060 = PCURVE('',#2477,#8061);
#8061 = DEFINITIONAL_REPRESENTATION('',(#8062),#8065);
#8062 = B_SPLINE_CURVE_WITH_KNOTS('',1,(#8063,#8064),.UNSPECIFIED.,.F.,
  .F.,(2,2),(10.75,20.75),.PIECEWISE_BEZIER_KNOTS.);
#8063 = CARTESIAN_POINT('',(21.5,-72.65));
#8064 = CARTESIAN_POINT('',(31.5,-72.65));
#8065 = ( GEOMETRIC_REPRESENTATION_CONTEXT(2) 
PARAMETRIC_REPRESENTATION_CONTEXT() REPRESENTATION_CONTEXT('2D SPACE',''
  ) );
#8066 = PCURVE('',#4587,#8067);
#8067 = DEFINITIONAL_REPRESENTATION('',(#8068),#8071);
#8068 = B_SPLINE_CURVE_WITH_KNOTS('',1,(#8069,#8070),.UNSPECIFIED.,.F.,
  .F.,(2,2),(10.75,20.75),.PIECEWISE_BEZIER_KNOTS.);
#8069 = CARTESIAN_POINT('',(0.,-2.4));
#8070 = CARTESIAN_POINT('',(10.,-2.4));
#8071 = ( GEOMETRIC_REPRESENTATION_CONTEXT(2) 
PARAMETRIC_REPRESENTATION_CONTEXT() REPRESENTATION_CONTEXT('2D SPACE',''
  ) );
#8072 = FACE_BOUND('',#8073,.F.);
#8073 = EDGE_LOOP('',(#8074,#8100,#8121,#8145));
#8074 = ORIENTED_EDGE('',*,*,#8075,.F.);
#8075 = EDGE_CURVE('',#8076,#8078,#8080,.T.);
#8076 = VERTEX_POINT('',#8077);
#8077 = CARTESIAN_POINT('',(13.9,27.7,46.2));
#8078 = VERTEX_POINT('',#8079);
#8079 = CARTESIAN_POINT('',(13.9,27.7,43.2));
#8080 = SURFACE_CURVE('',#8081,(#8086,#8093),.PCURVE_S1.);
#8081 = CIRCLE('',#8082,1.5);
#8082 = AXIS2_PLACEMENT_3D('',#8083,#8084,#8085);
#8083 = CARTESIAN_POINT('',(13.9,27.7,44.7));
#8084 = DIRECTION('',(-0.,1.,0.));
#8085 = DIRECTION('',(-1.,-0.,0.));
#8086 = PCURVE('',#2477,#8087);
#8087 = DEFINITIONAL_REPRESENTATION('',(#8088),#8092);
#8088 = CIRCLE('',#8089,1.5);
#8089 = AXIS2_PLACEMENT_2D('',#8090,#8091);
#8090 = CARTESIAN_POINT('',(40.4,-41.7));
#8091 = DIRECTION('',(-1.,-0.));
#8092 = ( GEOMETRIC_REPRESENTATION_CONTEXT(2) 
PARAMETRIC_REPRESENTATION_CONTEXT() REPRESENTATION_CONTEXT('2D SPACE',''
  ) );
#8093 = PCURVE('',#4731,#8094);
#8094 = DEFINITIONAL_REPRESENTATION('',(#8095),#8099);
#8095 = LINE('',#8096,#8097);
#8096 = CARTESIAN_POINT('',(0.,-2.4));
#8097 = VECTOR('',#8098,1.);
#8098 = DIRECTION('',(1.,0.));
#8099 = ( GEOMETRIC_REPRESENTATION_CONTEXT(2) 
PARAMETRIC_REPRESENTATION_CONTEXT() REPRESENTATION_CONTEXT('2D SPACE',''
  ) );
#8100 = ORIENTED_EDGE('',*,*,#8101,.T.);
#8101 = EDGE_CURVE('',#8076,#8102,#8104,.T.);
#8102 = VERTEX_POINT('',#8103);
#8103 = CARTESIAN_POINT('',(-13.9,27.7,46.2));
#8104 = SURFACE_CURVE('',#8105,(#8109,#8115),.PCURVE_S1.);
#8105 = LINE('',#8106,#8107);
#8106 = CARTESIAN_POINT('',(-6.3,27.7,46.2));
#8107 = VECTOR('',#8108,1.);
#8108 = DIRECTION('',(-1.,0.,0.));
#8109 = PCURVE('',#2477,#8110);
#8110 = DEFINITIONAL_REPRESENTATION('',(#8111),#8114);
#8111 = B_SPLINE_CURVE_WITH_KNOTS('',1,(#8112,#8113),.UNSPECIFIED.,.F.,
  .F.,(2,2),(-20.2,7.6),.PIECEWISE_BEZIER_KNOTS.);
#8112 = CARTESIAN_POINT('',(40.4,-43.2));
#8113 = CARTESIAN_POINT('',(12.6,-43.2));
#8114 = ( GEOMETRIC_REPRESENTATION_CONTEXT(2) 
PARAMETRIC_REPRESENTATION_CONTEXT() REPRESENTATION_CONTEXT('2D SPACE',''
  ) );
#8115 = PCURVE('',#4758,#8116);
#8116 = DEFINITIONAL_REPRESENTATION('',(#8117),#8120);
#8117 = B_SPLINE_CURVE_WITH_KNOTS('',1,(#8118,#8119),.UNSPECIFIED.,.F.,
  .F.,(2,2),(-20.2,7.6),.PIECEWISE_BEZIER_KNOTS.);
#8118 = CARTESIAN_POINT('',(0.,-2.4));
#8119 = CARTESIAN_POINT('',(27.8,-2.4));
#8120 = ( GEOMETRIC_REPRESENTATION_CONTEXT(2) 
PARAMETRIC_REPRESENTATION_CONTEXT() REPRESENTATION_CONTEXT('2D SPACE',''
  ) );
#8121 = ORIENTED_EDGE('',*,*,#8122,.F.);
#8122 = EDGE_CURVE('',#8123,#8102,#8125,.T.);
#8123 = VERTEX_POINT('',#8124);
#8124 = CARTESIAN_POINT('',(-13.9,27.7,43.2));
#8125 = SURFACE_CURVE('',#8126,(#8131,#8138),.PCURVE_S1.);
#8126 = CIRCLE('',#8127,1.5);
#8127 = AXIS2_PLACEMENT_3D('',#8128,#8129,#8130);
#8128 = CARTESIAN_POINT('',(-13.9,27.7,44.7));
#8129 = DIRECTION('',(-0.,1.,0.));
#8130 = DIRECTION('',(1.,0.,0.));
#8131 = PCURVE('',#2477,#8132);
#8132 = DEFINITIONAL_REPRESENTATION('',(#8133),#8137);
#8133 = CIRCLE('',#8134,1.5);
#8134 = AXIS2_PLACEMENT_2D('',#8135,#8136);
#8135 = CARTESIAN_POINT('',(12.6,-41.7));
#8136 = DIRECTION('',(1.,0.));
#8137 = ( GEOMETRIC_REPRESENTATION_CONTEXT(2) 
PARAMETRIC_REPRESENTATION_CONTEXT() REPRESENTATION_CONTEXT('2D SPACE',''
  ) );
#8138 = PCURVE('',#4786,#8139);
#8139 = DEFINITIONAL_REPRESENTATION('',(#8140),#8144);
#8140 = LINE('',#8141,#8142);
#8141 = CARTESIAN_POINT('',(0.,-2.4));
#8142 = VECTOR('',#8143,1.);
#8143 = DIRECTION('',(1.,0.));
#8144 = ( GEOMETRIC_REPRESENTATION_CONTEXT(2) 
PARAMETRIC_REPRESENTATION_CONTEXT() REPRESENTATION_CONTEXT('2D SPACE',''
  ) );
#8145 = ORIENTED_EDGE('',*,*,#8146,.T.);
#8146 = EDGE_CURVE('',#8123,#8078,#8147,.T.);
#8147 = SURFACE_CURVE('',#8148,(#8152,#8158),.PCURVE_S1.);
#8148 = LINE('',#8149,#8150);
#8149 = CARTESIAN_POINT('',(-20.2,27.7,43.2));
#8150 = VECTOR('',#8151,1.);
#8151 = DIRECTION('',(1.,-0.,0.));
#8152 = PCURVE('',#2477,#8153);
#8153 = DEFINITIONAL_REPRESENTATION('',(#8154),#8157);
#8154 = B_SPLINE_CURVE_WITH_KNOTS('',1,(#8155,#8156),.UNSPECIFIED.,.F.,
  .F.,(2,2),(6.3,34.1),.PIECEWISE_BEZIER_KNOTS.);
#8155 = CARTESIAN_POINT('',(12.6,-40.2));
#8156 = CARTESIAN_POINT('',(40.4,-40.2));
#8157 = ( GEOMETRIC_REPRESENTATION_CONTEXT(2) 
PARAMETRIC_REPRESENTATION_CONTEXT() REPRESENTATION_CONTEXT('2D SPACE',''
  ) );
#8158 = PCURVE('',#4811,#8159);
#8159 = DEFINITIONAL_REPRESENTATION('',(#8160),#8163);
#8160 = B_SPLINE_CURVE_WITH_KNOTS('',1,(#8161,#8162),.UNSPECIFIED.,.F.,
  .F.,(2,2),(6.3,34.1),.PIECEWISE_BEZIER_KNOTS.);
#8161 = CARTESIAN_POINT('',(0.,-2.4));
#8162 = CARTESIAN_POINT('',(27.8,-2.4));
#8163 = ( GEOMETRIC_REPRESENTATION_CONTEXT(2) 
PARAMETRIC_REPRESENTATION_CONTEXT() REPRESENTATION_CONTEXT('2D SPACE',''
  ) );
#8164 = FACE_BOUND('',#8165,.F.);
#8165 = EDGE_LOOP('',(#8166,#8192,#8213,#8237));
#8166 = ORIENTED_EDGE('',*,*,#8167,.F.);
#8167 = EDGE_CURVE('',#8168,#8170,#8172,.T.);
#8168 = VERTEX_POINT('',#8169);
#8169 = CARTESIAN_POINT('',(13.9,27.7,34.2));
#8170 = VERTEX_POINT('',#8171);
#8171 = CARTESIAN_POINT('',(13.9,27.7,31.2));
#8172 = SURFACE_CURVE('',#8173,(#8178,#8185),.PCURVE_S1.);
#8173 = CIRCLE('',#8174,1.5);
#8174 = AXIS2_PLACEMENT_3D('',#8175,#8176,#8177);
#8175 = CARTESIAN_POINT('',(13.9,27.7,32.7));
#8176 = DIRECTION('',(-0.,1.,0.));
#8177 = DIRECTION('',(-1.,-0.,0.));
#8178 = PCURVE('',#2477,#8179);
#8179 = DEFINITIONAL_REPRESENTATION('',(#8180),#8184);
#8180 = CIRCLE('',#8181,1.5);
#8181 = AXIS2_PLACEMENT_2D('',#8182,#8183);
#8182 = CARTESIAN_POINT('',(40.4,-29.7));
#8183 = DIRECTION('',(-1.,-0.));
#8184 = ( GEOMETRIC_REPRESENTATION_CONTEXT(2) 
PARAMETRIC_REPRESENTATION_CONTEXT() REPRESENTATION_CONTEXT('2D SPACE',''
  ) );
#8185 = PCURVE('',#4843,#8186);
#8186 = DEFINITIONAL_REPRESENTATION('',(#8187),#8191);
#8187 = LINE('',#8188,#8189);
#8188 = CARTESIAN_POINT('',(0.,-2.4));
#8189 = VECTOR('',#8190,1.);
#8190 = DIRECTION('',(1.,0.));
#8191 = ( GEOMETRIC_REPRESENTATION_CONTEXT(2) 
PARAMETRIC_REPRESENTATION_CONTEXT() REPRESENTATION_CONTEXT('2D SPACE',''
  ) );
#8192 = ORIENTED_EDGE('',*,*,#8193,.T.);
#8193 = EDGE_CURVE('',#8168,#8194,#8196,.T.);
#8194 = VERTEX_POINT('',#8195);
#8195 = CARTESIAN_POINT('',(-13.9,27.7,34.2));
#8196 = SURFACE_CURVE('',#8197,(#8201,#8207),.PCURVE_S1.);
#8197 = LINE('',#8198,#8199);
#8198 = CARTESIAN_POINT('',(-6.3,27.7,34.2));
#8199 = VECTOR('',#8200,1.);
#8200 = DIRECTION('',(-1.,0.,0.));
#8201 = PCURVE('',#2477,#8202);
#8202 = DEFINITIONAL_REPRESENTATION('',(#8203),#8206);
#8203 = B_SPLINE_CURVE_WITH_KNOTS('',1,(#8204,#8205),.UNSPECIFIED.,.F.,
  .F.,(2,2),(-20.2,7.6),.PIECEWISE_BEZIER_KNOTS.);
#8204 = CARTESIAN_POINT('',(40.4,-31.2));
#8205 = CARTESIAN_POINT('',(12.6,-31.2));
#8206 = ( GEOMETRIC_REPRESENTATION_CONTEXT(2) 
PARAMETRIC_REPRESENTATION_CONTEXT() REPRESENTATION_CONTEXT('2D SPACE',''
  ) );
#8207 = PCURVE('',#4870,#8208);
#8208 = DEFINITIONAL_REPRESENTATION('',(#8209),#8212);
#8209 = B_SPLINE_CURVE_WITH_KNOTS('',1,(#8210,#8211),.UNSPECIFIED.,.F.,
  .F.,(2,2),(-20.2,7.6),.PIECEWISE_BEZIER_KNOTS.);
#8210 = CARTESIAN_POINT('',(0.,-2.4));
#8211 = CARTESIAN_POINT('',(27.8,-2.4));
#8212 = ( GEOMETRIC_REPRESENTATION_CONTEXT(2) 
PARAMETRIC_REPRESENTATION_CONTEXT() REPRESENTATION_CONTEXT('2D SPACE',''
  ) );
#8213 = ORIENTED_EDGE('',*,*,#8214,.F.);
#8214 = EDGE_CURVE('',#8215,#8194,#8217,.T.);
#8215 = VERTEX_POINT('',#8216);
#8216 = CARTESIAN_POINT('',(-13.9,27.7,31.2));
#8217 = SURFACE_CURVE('',#8218,(#8223,#8230),.PCURVE_S1.);
#8218 = CIRCLE('',#8219,1.5);
#8219 = AXIS2_PLACEMENT_3D('',#8220,#8221,#8222);
#8220 = CARTESIAN_POINT('',(-13.9,27.7,32.7));
#8221 = DIRECTION('',(-0.,1.,0.));
#8222 = DIRECTION('',(1.,0.,0.));
#8223 = PCURVE('',#2477,#8224);
#8224 = DEFINITIONAL_REPRESENTATION('',(#8225),#8229);
#8225 = CIRCLE('',#8226,1.5);
#8226 = AXIS2_PLACEMENT_2D('',#8227,#8228);
#8227 = CARTESIAN_POINT('',(12.6,-29.7));
#8228 = DIRECTION('',(1.,0.));
#8229 = ( GEOMETRIC_REPRESENTATION_CONTEXT(2) 
PARAMETRIC_REPRESENTATION_CONTEXT() REPRESENTATION_CONTEXT('2D SPACE',''
  ) );
#8230 = PCURVE('',#4898,#8231);
#8231 = DEFINITIONAL_REPRESENTATION('',(#8232),#8236);
#8232 = LINE('',#8233,#8234);
#8233 = CARTESIAN_POINT('',(0.,-2.4));
#8234 = VECTOR('',#8235,1.);
#8235 = DIRECTION('',(1.,0.));
#8236 = ( GEOMETRIC_REPRESENTATION_CONTEXT(2) 
PARAMETRIC_REPRESENTATION_CONTEXT() REPRESENTATION_CONTEXT('2D SPACE',''
  ) );
#8237 = ORIENTED_EDGE('',*,*,#8238,.T.);
#8238 = EDGE_CURVE('',#8215,#8170,#8239,.T.);
#8239 = SURFACE_CURVE('',#8240,(#8244,#8250),.PCURVE_S1.);
#8240 = LINE('',#8241,#8242);
#8241 = CARTESIAN_POINT('',(-20.2,27.7,31.2));
#8242 = VECTOR('',#8243,1.);
#8243 = DIRECTION('',(1.,-0.,0.));
#8244 = PCURVE('',#2477,#8245);
#8245 = DEFINITIONAL_REPRESENTATION('',(#8246),#8249);
#8246 = B_SPLINE_CURVE_WITH_KNOTS('',1,(#8247,#8248),.UNSPECIFIED.,.F.,
  .F.,(2,2),(6.3,34.1),.PIECEWISE_BEZIER_KNOTS.);
#8247 = CARTESIAN_POINT('',(12.6,-28.2));
#8248 = CARTESIAN_POINT('',(40.4,-28.2));
#8249 = ( GEOMETRIC_REPRESENTATION_CONTEXT(2) 
PARAMETRIC_REPRESENTATION_CONTEXT() REPRESENTATION_CONTEXT('2D SPACE',''
  ) );
#8250 = PCURVE('',#4923,#8251);
#8251 = DEFINITIONAL_REPRESENTATION('',(#8252),#8255);
#8252 = B_SPLINE_CURVE_WITH_KNOTS('',1,(#8253,#8254),.UNSPECIFIED.,.F.,
  .F.,(2,2),(6.3,34.1),.PIECEWISE_BEZIER_KNOTS.);
#8253 = CARTESIAN_POINT('',(0.,-2.4));
#8254 = CARTESIAN_POINT('',(27.8,-2.4));
#8255 = ( GEOMETRIC_REPRESENTATION_CONTEXT(2) 
PARAMETRIC_REPRESENTATION_CONTEXT() REPRESENTATION_CONTEXT('2D SPACE',''
  ) );
#8256 = FACE_BOUND('',#8257,.F.);
#8257 = EDGE_LOOP('',(#8258,#8284,#8305,#8329));
#8258 = ORIENTED_EDGE('',*,*,#8259,.F.);
#8259 = EDGE_CURVE('',#8260,#8262,#8264,.T.);
#8260 = VERTEX_POINT('',#8261);
#8261 = CARTESIAN_POINT('',(13.9,27.7,22.2));
#8262 = VERTEX_POINT('',#8263);
#8263 = CARTESIAN_POINT('',(13.9,27.7,19.2));
#8264 = SURFACE_CURVE('',#8265,(#8270,#8277),.PCURVE_S1.);
#8265 = CIRCLE('',#8266,1.5);
#8266 = AXIS2_PLACEMENT_3D('',#8267,#8268,#8269);
#8267 = CARTESIAN_POINT('',(13.9,27.7,20.7));
#8268 = DIRECTION('',(-0.,1.,0.));
#8269 = DIRECTION('',(-1.,-0.,0.));
#8270 = PCURVE('',#2477,#8271);
#8271 = DEFINITIONAL_REPRESENTATION('',(#8272),#8276);
#8272 = CIRCLE('',#8273,1.5);
#8273 = AXIS2_PLACEMENT_2D('',#8274,#8275);
#8274 = CARTESIAN_POINT('',(40.4,-17.7));
#8275 = DIRECTION('',(-1.,-0.));
#8276 = ( GEOMETRIC_REPRESENTATION_CONTEXT(2) 
PARAMETRIC_REPRESENTATION_CONTEXT() REPRESENTATION_CONTEXT('2D SPACE',''
  ) );
#8277 = PCURVE('',#4955,#8278);
#8278 = DEFINITIONAL_REPRESENTATION('',(#8279),#8283);
#8279 = LINE('',#8280,#8281);
#8280 = CARTESIAN_POINT('',(0.,-2.4));
#8281 = VECTOR('',#8282,1.);
#8282 = DIRECTION('',(1.,0.));
#8283 = ( GEOMETRIC_REPRESENTATION_CONTEXT(2) 
PARAMETRIC_REPRESENTATION_CONTEXT() REPRESENTATION_CONTEXT('2D SPACE',''
  ) );
#8284 = ORIENTED_EDGE('',*,*,#8285,.T.);
#8285 = EDGE_CURVE('',#8260,#8286,#8288,.T.);
#8286 = VERTEX_POINT('',#8287);
#8287 = CARTESIAN_POINT('',(-13.9,27.7,22.2));
#8288 = SURFACE_CURVE('',#8289,(#8293,#8299),.PCURVE_S1.);
#8289 = LINE('',#8290,#8291);
#8290 = CARTESIAN_POINT('',(-6.3,27.7,22.2));
#8291 = VECTOR('',#8292,1.);
#8292 = DIRECTION('',(-1.,0.,0.));
#8293 = PCURVE('',#2477,#8294);
#8294 = DEFINITIONAL_REPRESENTATION('',(#8295),#8298);
#8295 = B_SPLINE_CURVE_WITH_KNOTS('',1,(#8296,#8297),.UNSPECIFIED.,.F.,
  .F.,(2,2),(-20.2,7.6),.PIECEWISE_BEZIER_KNOTS.);
#8296 = CARTESIAN_POINT('',(40.4,-19.2));
#8297 = CARTESIAN_POINT('',(12.6,-19.2));
#8298 = ( GEOMETRIC_REPRESENTATION_CONTEXT(2) 
PARAMETRIC_REPRESENTATION_CONTEXT() REPRESENTATION_CONTEXT('2D SPACE',''
  ) );
#8299 = PCURVE('',#4982,#8300);
#8300 = DEFINITIONAL_REPRESENTATION('',(#8301),#8304);
#8301 = B_SPLINE_CURVE_WITH_KNOTS('',1,(#8302,#8303),.UNSPECIFIED.,.F.,
  .F.,(2,2),(-20.2,7.6),.PIECEWISE_BEZIER_KNOTS.);
#8302 = CARTESIAN_POINT('',(0.,-2.4));
#8303 = CARTESIAN_POINT('',(27.8,-2.4));
#8304 = ( GEOMETRIC_REPRESENTATION_CONTEXT(2) 
PARAMETRIC_REPRESENTATION_CONTEXT() REPRESENTATION_CONTEXT('2D SPACE',''
  ) );
#8305 = ORIENTED_EDGE('',*,*,#8306,.F.);
#8306 = EDGE_CURVE('',#8307,#8286,#8309,.T.);
#8307 = VERTEX_POINT('',#8308);
#8308 = CARTESIAN_POINT('',(-13.9,27.7,19.2));
#8309 = SURFACE_CURVE('',#8310,(#8315,#8322),.PCURVE_S1.);
#8310 = CIRCLE('',#8311,1.5);
#8311 = AXIS2_PLACEMENT_3D('',#8312,#8313,#8314);
#8312 = CARTESIAN_POINT('',(-13.9,27.7,20.7));
#8313 = DIRECTION('',(-0.,1.,0.));
#8314 = DIRECTION('',(1.,0.,0.));
#8315 = PCURVE('',#2477,#8316);
#8316 = DEFINITIONAL_REPRESENTATION('',(#8317),#8321);
#8317 = CIRCLE('',#8318,1.5);
#8318 = AXIS2_PLACEMENT_2D('',#8319,#8320);
#8319 = CARTESIAN_POINT('',(12.6,-17.7));
#8320 = DIRECTION('',(1.,0.));
#8321 = ( GEOMETRIC_REPRESENTATION_CONTEXT(2) 
PARAMETRIC_REPRESENTATION_CONTEXT() REPRESENTATION_CONTEXT('2D SPACE',''
  ) );
#8322 = PCURVE('',#5010,#8323);
#8323 = DEFINITIONAL_REPRESENTATION('',(#8324),#8328);
#8324 = LINE('',#8325,#8326);
#8325 = CARTESIAN_POINT('',(0.,-2.4));
#8326 = VECTOR('',#8327,1.);
#8327 = DIRECTION('',(1.,0.));
#8328 = ( GEOMETRIC_REPRESENTATION_CONTEXT(2) 
PARAMETRIC_REPRESENTATION_CONTEXT() REPRESENTATION_CONTEXT('2D SPACE',''
  ) );
#8329 = ORIENTED_EDGE('',*,*,#8330,.T.);
#8330 = EDGE_CURVE('',#8307,#8262,#8331,.T.);
#8331 = SURFACE_CURVE('',#8332,(#8336,#8342),.PCURVE_S1.);
#8332 = LINE('',#8333,#8334);
#8333 = CARTESIAN_POINT('',(-20.2,27.7,19.2));
#8334 = VECTOR('',#8335,1.);
#8335 = DIRECTION('',(1.,-0.,0.));
#8336 = PCURVE('',#2477,#8337);
#8337 = DEFINITIONAL_REPRESENTATION('',(#8338),#8341);
#8338 = B_SPLINE_CURVE_WITH_KNOTS('',1,(#8339,#8340),.UNSPECIFIED.,.F.,
  .F.,(2,2),(6.3,34.1),.PIECEWISE_BEZIER_KNOTS.);
#8339 = CARTESIAN_POINT('',(12.6,-16.2));
#8340 = CARTESIAN_POINT('',(40.4,-16.2));
#8341 = ( GEOMETRIC_REPRESENTATION_CONTEXT(2) 
PARAMETRIC_REPRESENTATION_CONTEXT() REPRESENTATION_CONTEXT('2D SPACE',''
  ) );
#8342 = PCURVE('',#5035,#8343);
#8343 = DEFINITIONAL_REPRESENTATION('',(#8344),#8347);
#8344 = B_SPLINE_CURVE_WITH_KNOTS('',1,(#8345,#8346),.UNSPECIFIED.,.F.,
  .F.,(2,2),(6.3,34.1),.PIECEWISE_BEZIER_KNOTS.);
#8345 = CARTESIAN_POINT('',(0.,-2.4));
#8346 = CARTESIAN_POINT('',(27.8,-2.4));
#8347 = ( GEOMETRIC_REPRESENTATION_CONTEXT(2) 
PARAMETRIC_REPRESENTATION_CONTEXT() REPRESENTATION_CONTEXT('2D SPACE',''
  ) );
#8348 = ADVANCED_FACE('',(#8349),#2509,.F.);
#8349 = FACE_BOUND('',#8350,.T.);
#8350 = EDGE_LOOP('',(#8351,#8375,#8396,#8397,#8418,#8451,#8470,#8471));
#8351 = ORIENTED_EDGE('',*,*,#8352,.F.);
#8352 = EDGE_CURVE('',#8353,#7745,#8355,.T.);
#8353 = VERTEX_POINT('',#8354);
#8354 = CARTESIAN_POINT('',(32.3,21.9,3.));
#8355 = SURFACE_CURVE('',#8356,(#8361,#8368),.PCURVE_S1.);
#8356 = CIRCLE('',#8357,5.8);
#8357 = AXIS2_PLACEMENT_3D('',#8358,#8359,#8360);
#8358 = CARTESIAN_POINT('',(26.5,21.9,3.));
#8359 = DIRECTION('',(0.,0.,1.));
#8360 = DIRECTION('',(1.,0.,0.));
#8361 = PCURVE('',#2509,#8362);
#8362 = DEFINITIONAL_REPRESENTATION('',(#8363),#8367);
#8363 = LINE('',#8364,#8365);
#8364 = CARTESIAN_POINT('',(-0.,0.));
#8365 = VECTOR('',#8366,1.);
#8366 = DIRECTION('',(-1.,0.));
#8367 = ( GEOMETRIC_REPRESENTATION_CONTEXT(2) 
PARAMETRIC_REPRESENTATION_CONTEXT() REPRESENTATION_CONTEXT('2D SPACE',''
  ) );
#8368 = PCURVE('',#6138,#8369);
#8369 = DEFINITIONAL_REPRESENTATION('',(#8370),#8374);
#8370 = CIRCLE('',#8371,5.8);
#8371 = AXIS2_PLACEMENT_2D('',#8372,#8373);
#8372 = CARTESIAN_POINT('',(26.5,21.9));
#8373 = DIRECTION('',(1.,0.));
#8374 = ( GEOMETRIC_REPRESENTATION_CONTEXT(2) 
PARAMETRIC_REPRESENTATION_CONTEXT() REPRESENTATION_CONTEXT('2D SPACE',''
  ) );
#8375 = ORIENTED_EDGE('',*,*,#8376,.T.);
#8376 = EDGE_CURVE('',#8353,#2555,#8377,.T.);
#8377 = SURFACE_CURVE('',#8378,(#8382,#8389),.PCURVE_S1.);
#8378 = LINE('',#8379,#8380);
#8379 = CARTESIAN_POINT('',(32.3,21.9,3.));
#8380 = VECTOR('',#8381,1.);
#8381 = DIRECTION('',(0.,0.,1.));
#8382 = PCURVE('',#2509,#8383);
#8383 = DEFINITIONAL_REPRESENTATION('',(#8384),#8388);
#8384 = LINE('',#8385,#8386);
#8385 = CARTESIAN_POINT('',(-0.,0.));
#8386 = VECTOR('',#8387,1.);
#8387 = DIRECTION('',(-0.,-1.));
#8388 = ( GEOMETRIC_REPRESENTATION_CONTEXT(2) 
PARAMETRIC_REPRESENTATION_CONTEXT() REPRESENTATION_CONTEXT('2D SPACE',''
  ) );
#8389 = PCURVE('',#2598,#8390);
#8390 = DEFINITIONAL_REPRESENTATION('',(#8391),#8395);
#8391 = LINE('',#8392,#8393);
#8392 = CARTESIAN_POINT('',(43.8,0.));
#8393 = VECTOR('',#8394,1.);
#8394 = DIRECTION('',(0.,-1.));
#8395 = ( GEOMETRIC_REPRESENTATION_CONTEXT(2) 
PARAMETRIC_REPRESENTATION_CONTEXT() REPRESENTATION_CONTEXT('2D SPACE',''
  ) );
#8396 = ORIENTED_EDGE('',*,*,#2554,.F.);
#8397 = ORIENTED_EDGE('',*,*,#8398,.T.);
#8398 = EDGE_CURVE('',#2522,#8399,#8401,.T.);
#8399 = VERTEX_POINT('',#8400);
#8400 = CARTESIAN_POINT('',(32.205813666743,22.941004515076,72.25));
#8401 = SURFACE_CURVE('',#8402,(#8406,#8412),.PCURVE_S1.);
#8402 = LINE('',#8403,#8404);
#8403 = CARTESIAN_POINT('',(32.205813666743,22.941004515075,3.));
#8404 = VECTOR('',#8405,1.);
#8405 = DIRECTION('',(-0.,-0.,-1.));
#8406 = PCURVE('',#2509,#8407);
#8407 = DEFINITIONAL_REPRESENTATION('',(#8408),#8411);
#8408 = B_SPLINE_CURVE_WITH_KNOTS('',1,(#8409,#8410),.UNSPECIFIED.,.F.,
  .F.,(2,2),(-74.4000006,-69.2499994),.PIECEWISE_BEZIER_KNOTS.);
#8409 = CARTESIAN_POINT('',(-0.180461437864,-74.4000006));
#8410 = CARTESIAN_POINT('',(-0.180461437864,-69.2499994));
#8411 = ( GEOMETRIC_REPRESENTATION_CONTEXT(2) 
PARAMETRIC_REPRESENTATION_CONTEXT() REPRESENTATION_CONTEXT('2D SPACE',''
  ) );
#8412 = PCURVE('',#2542,#8413);
#8413 = DEFINITIONAL_REPRESENTATION('',(#8414),#8417);
#8414 = B_SPLINE_CURVE_WITH_KNOTS('',1,(#8415,#8416),.UNSPECIFIED.,.F.,
  .F.,(2,2),(-74.4000006,-69.2499994),.PIECEWISE_BEZIER_KNOTS.);
#8415 = CARTESIAN_POINT('',(-0.11364152235,-5.1500006));
#8416 = CARTESIAN_POINT('',(-0.11364152235,6.000000070117E-07));
#8417 = ( GEOMETRIC_REPRESENTATION_CONTEXT(2) 
PARAMETRIC_REPRESENTATION_CONTEXT() REPRESENTATION_CONTEXT('2D SPACE',''
  ) );
#8418 = ORIENTED_EDGE('',*,*,#8419,.F.);
#8419 = EDGE_CURVE('',#8420,#8399,#8422,.T.);
#8420 = VERTEX_POINT('',#8421);
#8421 = CARTESIAN_POINT('',(27.541004515076,27.605813666743,72.25));
#8422 = SURFACE_CURVE('',#8423,(#8428,#8435),.PCURVE_S1.);
#8423 = CIRCLE('',#8424,5.8);
#8424 = AXIS2_PLACEMENT_3D('',#8425,#8426,#8427);
#8425 = CARTESIAN_POINT('',(26.5,21.9,72.25));
#8426 = DIRECTION('',(0.,0.,-1.));
#8427 = DIRECTION('',(1.,0.,0.));
#8428 = PCURVE('',#2509,#8429);
#8429 = DEFINITIONAL_REPRESENTATION('',(#8430),#8434);
#8430 = LINE('',#8431,#8432);
#8431 = CARTESIAN_POINT('',(-6.28318530718,-69.25));
#8432 = VECTOR('',#8433,1.);
#8433 = DIRECTION('',(1.,-0.));
#8434 = ( GEOMETRIC_REPRESENTATION_CONTEXT(2) 
PARAMETRIC_REPRESENTATION_CONTEXT() REPRESENTATION_CONTEXT('2D SPACE',''
  ) );
#8435 = PCURVE('',#8436,#8441);
#8436 = PLANE('',#8437);
#8437 = AXIS2_PLACEMENT_3D('',#8438,#8439,#8440);
#8438 = CARTESIAN_POINT('',(0.,0.,72.25));
#8439 = DIRECTION('',(0.,0.,1.));
#8440 = DIRECTION('',(1.,0.,0.));
#8441 = DEFINITIONAL_REPRESENTATION('',(#8442),#8450);
#8442 = ( BOUNDED_CURVE() B_SPLINE_CURVE(2,(#8443,#8444,#8445,#8446,
#8447,#8448,#8449),.UNSPECIFIED.,.T.,.F.) B_SPLINE_CURVE_WITH_KNOTS((1,2
    ,2,2,2,1),(-2.094395102393,0.,2.094395102393,4.188790204786,
6.28318530718,8.377580409573),.UNSPECIFIED.) CURVE() 
GEOMETRIC_REPRESENTATION_ITEM() RATIONAL_B_SPLINE_CURVE((1.,0.5,1.,0.5,
1.,0.5,1.)) REPRESENTATION_ITEM('') );
#8443 = CARTESIAN_POINT('',(32.3,21.9));
#8444 = CARTESIAN_POINT('',(32.3,11.854105316101));
#8445 = CARTESIAN_POINT('',(23.6,16.87705265805));
#8446 = CARTESIAN_POINT('',(14.9,21.9));
#8447 = CARTESIAN_POINT('',(23.6,26.92294734195));
#8448 = CARTESIAN_POINT('',(32.3,31.945894683899));
#8449 = CARTESIAN_POINT('',(32.3,21.9));
#8450 = ( GEOMETRIC_REPRESENTATION_CONTEXT(2) 
PARAMETRIC_REPRESENTATION_CONTEXT() REPRESENTATION_CONTEXT('2D SPACE',''
  ) );
#8451 = ORIENTED_EDGE('',*,*,#8452,.F.);
#8452 = EDGE_CURVE('',#2489,#8420,#8453,.T.);
#8453 = SURFACE_CURVE('',#8454,(#8458,#8464),.PCURVE_S1.);
#8454 = LINE('',#8455,#8456);
#8455 = CARTESIAN_POINT('',(27.541004515075,27.605813666743,3.));
#8456 = VECTOR('',#8457,1.);
#8457 = DIRECTION('',(-0.,-0.,-1.));
#8458 = PCURVE('',#2509,#8459);
#8459 = DEFINITIONAL_REPRESENTATION('',(#8460),#8463);
#8460 = B_SPLINE_CURVE_WITH_KNOTS('',1,(#8461,#8462),.UNSPECIFIED.,.F.,
  .F.,(2,2),(-74.4000006,-69.2499994),.PIECEWISE_BEZIER_KNOTS.);
#8461 = CARTESIAN_POINT('',(-1.390334888931,-74.4000006));
#8462 = CARTESIAN_POINT('',(-1.390334888931,-69.2499994));
#8463 = ( GEOMETRIC_REPRESENTATION_CONTEXT(2) 
PARAMETRIC_REPRESENTATION_CONTEXT() REPRESENTATION_CONTEXT('2D SPACE',''
  ) );
#8464 = PCURVE('',#2542,#8465);
#8465 = DEFINITIONAL_REPRESENTATION('',(#8466),#8469);
#8466 = B_SPLINE_CURVE_WITH_KNOTS('',1,(#8467,#8468),.UNSPECIFIED.,.F.,
  .F.,(2,2),(-74.4000006,-69.2499994),.PIECEWISE_BEZIER_KNOTS.);
#8467 = CARTESIAN_POINT('',(-1.457154804445,-5.1500006));
#8468 = CARTESIAN_POINT('',(-1.457154804445,6.000000070117E-07));
#8469 = ( GEOMETRIC_REPRESENTATION_CONTEXT(2) 
PARAMETRIC_REPRESENTATION_CONTEXT() REPRESENTATION_CONTEXT('2D SPACE',''
  ) );
#8470 = ORIENTED_EDGE('',*,*,#2488,.F.);
#8471 = ORIENTED_EDGE('',*,*,#7769,.F.);
#8472 = ADVANCED_FACE('',(#8473),#2542,.F.);
#8473 = FACE_BOUND('',#8474,.T.);
#8474 = EDGE_LOOP('',(#8475,#8497,#8498,#8499));
#8475 = ORIENTED_EDGE('',*,*,#8476,.F.);
#8476 = EDGE_CURVE('',#8399,#8420,#8477,.T.);
#8477 = SURFACE_CURVE('',#8478,(#8483,#8490),.PCURVE_S1.);
#8478 = CIRCLE('',#8479,5.3);
#8479 = AXIS2_PLACEMENT_3D('',#8480,#8481,#8482);
#8480 = CARTESIAN_POINT('',(26.94,22.34,72.25));
#8481 = DIRECTION('',(0.,0.,1.));
#8482 = DIRECTION('',(1.,0.,0.));
#8483 = PCURVE('',#2542,#8484);
#8484 = DEFINITIONAL_REPRESENTATION('',(#8485),#8489);
#8485 = LINE('',#8486,#8487);
#8486 = CARTESIAN_POINT('',(-0.,0.));
#8487 = VECTOR('',#8488,1.);
#8488 = DIRECTION('',(-1.,0.));
#8489 = ( GEOMETRIC_REPRESENTATION_CONTEXT(2) 
PARAMETRIC_REPRESENTATION_CONTEXT() REPRESENTATION_CONTEXT('2D SPACE',''
  ) );
#8490 = PCURVE('',#8436,#8491);
#8491 = DEFINITIONAL_REPRESENTATION('',(#8492),#8496);
#8492 = CIRCLE('',#8493,5.3);
#8493 = AXIS2_PLACEMENT_2D('',#8494,#8495);
#8494 = CARTESIAN_POINT('',(26.94,22.34));
#8495 = DIRECTION('',(1.,0.));
#8496 = ( GEOMETRIC_REPRESENTATION_CONTEXT(2) 
PARAMETRIC_REPRESENTATION_CONTEXT() REPRESENTATION_CONTEXT('2D SPACE',''
  ) );
#8497 = ORIENTED_EDGE('',*,*,#8398,.F.);
#8498 = ORIENTED_EDGE('',*,*,#2521,.F.);
#8499 = ORIENTED_EDGE('',*,*,#8452,.T.);
#8500 = ADVANCED_FACE('',(#8501,#8549,#8635,#8735,#8835,#8935,#9035),
  #2598,.T.);
#8501 = FACE_BOUND('',#8502,.T.);
#8502 = EDGE_LOOP('',(#8503,#8526,#8547,#8548));
#8503 = ORIENTED_EDGE('',*,*,#8504,.F.);
#8504 = EDGE_CURVE('',#8505,#8353,#8507,.T.);
#8505 = VERTEX_POINT('',#8506);
#8506 = CARTESIAN_POINT('',(32.3,-21.9,3.));
#8507 = SURFACE_CURVE('',#8508,(#8512,#8519),.PCURVE_S1.);
#8508 = LINE('',#8509,#8510);
#8509 = CARTESIAN_POINT('',(32.3,0.,3.));
#8510 = VECTOR('',#8511,1.);
#8511 = DIRECTION('',(0.,1.,0.));
#8512 = PCURVE('',#2598,#8513);
#8513 = DEFINITIONAL_REPRESENTATION('',(#8514),#8518);
#8514 = LINE('',#8515,#8516);
#8515 = CARTESIAN_POINT('',(21.9,0.));
#8516 = VECTOR('',#8517,1.);
#8517 = DIRECTION('',(1.,0.));
#8518 = ( GEOMETRIC_REPRESENTATION_CONTEXT(2) 
PARAMETRIC_REPRESENTATION_CONTEXT() REPRESENTATION_CONTEXT('2D SPACE',''
  ) );
#8519 = PCURVE('',#6138,#8520);
#8520 = DEFINITIONAL_REPRESENTATION('',(#8521),#8525);
#8521 = LINE('',#8522,#8523);
#8522 = CARTESIAN_POINT('',(32.3,0.));
#8523 = VECTOR('',#8524,1.);
#8524 = DIRECTION('',(0.,1.));
#8525 = ( GEOMETRIC_REPRESENTATION_CONTEXT(2) 
PARAMETRIC_REPRESENTATION_CONTEXT() REPRESENTATION_CONTEXT('2D SPACE',''
  ) );
#8526 = ORIENTED_EDGE('',*,*,#8527,.T.);
#8527 = EDGE_CURVE('',#8505,#2583,#8528,.T.);
#8528 = SURFACE_CURVE('',#8529,(#8533,#8540),.PCURVE_S1.);
#8529 = LINE('',#8530,#8531);
#8530 = CARTESIAN_POINT('',(32.3,-21.9,3.));
#8531 = VECTOR('',#8532,1.);
#8532 = DIRECTION('',(0.,0.,1.));
#8533 = PCURVE('',#2598,#8534);
#8534 = DEFINITIONAL_REPRESENTATION('',(#8535),#8539);
#8535 = LINE('',#8536,#8537);
#8536 = CARTESIAN_POINT('',(0.,0.));
#8537 = VECTOR('',#8538,1.);
#8538 = DIRECTION('',(0.,-1.));
#8539 = ( GEOMETRIC_REPRESENTATION_CONTEXT(2) 
PARAMETRIC_REPRESENTATION_CONTEXT() REPRESENTATION_CONTEXT('2D SPACE',''
  ) );
#8540 = PCURVE('',#2630,#8541);
#8541 = DEFINITIONAL_REPRESENTATION('',(#8542),#8546);
#8542 = LINE('',#8543,#8544);
#8543 = CARTESIAN_POINT('',(-6.28318530718,0.));
#8544 = VECTOR('',#8545,1.);
#8545 = DIRECTION('',(-0.,-1.));
#8546 = ( GEOMETRIC_REPRESENTATION_CONTEXT(2) 
PARAMETRIC_REPRESENTATION_CONTEXT() REPRESENTATION_CONTEXT('2D SPACE',''
  ) );
#8547 = ORIENTED_EDGE('',*,*,#2582,.F.);
#8548 = ORIENTED_EDGE('',*,*,#8376,.F.);
#8549 = FACE_BOUND('',#8550,.T.);
#8550 = EDGE_LOOP('',(#8551,#8574,#8595,#8616));
#8551 = ORIENTED_EDGE('',*,*,#8552,.T.);
#8552 = EDGE_CURVE('',#8553,#8555,#8557,.T.);
#8553 = VERTEX_POINT('',#8554);
#8554 = CARTESIAN_POINT('',(32.3,5.,75.65));
#8555 = VERTEX_POINT('',#8556);
#8556 = CARTESIAN_POINT('',(32.3,-5.,75.65));
#8557 = SURFACE_CURVE('',#8558,(#8562,#8568),.PCURVE_S1.);
#8558 = LINE('',#8559,#8560);
#8559 = CARTESIAN_POINT('',(32.3,-13.45,75.65));
#8560 = VECTOR('',#8561,1.);
#8561 = DIRECTION('',(-0.,-1.,-0.));
#8562 = PCURVE('',#2598,#8563);
#8563 = DEFINITIONAL_REPRESENTATION('',(#8564),#8567);
#8564 = B_SPLINE_CURVE_WITH_KNOTS('',1,(#8565,#8566),.UNSPECIFIED.,.F.,
  .F.,(2,2),(-18.45,-8.45),.PIECEWISE_BEZIER_KNOTS.);
#8565 = CARTESIAN_POINT('',(26.9,-72.65));
#8566 = CARTESIAN_POINT('',(16.9,-72.65));
#8567 = ( GEOMETRIC_REPRESENTATION_CONTEXT(2) 
PARAMETRIC_REPRESENTATION_CONTEXT() REPRESENTATION_CONTEXT('2D SPACE',''
  ) );
#8568 = PCURVE('',#5409,#8569);
#8569 = DEFINITIONAL_REPRESENTATION('',(#8570),#8573);
#8570 = B_SPLINE_CURVE_WITH_KNOTS('',1,(#8571,#8572),.UNSPECIFIED.,.F.,
  .F.,(2,2),(-18.45,-8.45),.PIECEWISE_BEZIER_KNOTS.);
#8571 = CARTESIAN_POINT('',(10.,-2.4));
#8572 = CARTESIAN_POINT('',(0.,-2.4));
#8573 = ( GEOMETRIC_REPRESENTATION_CONTEXT(2) 
PARAMETRIC_REPRESENTATION_CONTEXT() REPRESENTATION_CONTEXT('2D SPACE',''
  ) );
#8574 = ORIENTED_EDGE('',*,*,#8575,.T.);
#8575 = EDGE_CURVE('',#8555,#8576,#8578,.T.);
#8576 = VERTEX_POINT('',#8577);
#8577 = CARTESIAN_POINT('',(32.3,-5.,71.65));
#8578 = SURFACE_CURVE('',#8579,(#8583,#8589),.PCURVE_S1.);
#8579 = LINE('',#8580,#8581);
#8580 = CARTESIAN_POINT('',(32.3,-5.,37.325));
#8581 = VECTOR('',#8582,1.);
#8582 = DIRECTION('',(0.,0.,-1.));
#8583 = PCURVE('',#2598,#8584);
#8584 = DEFINITIONAL_REPRESENTATION('',(#8585),#8588);
#8585 = B_SPLINE_CURVE_WITH_KNOTS('',1,(#8586,#8587),.UNSPECIFIED.,.F.,
  .F.,(2,2),(-38.325,-34.325),.PIECEWISE_BEZIER_KNOTS.);
#8586 = CARTESIAN_POINT('',(16.9,-72.65));
#8587 = CARTESIAN_POINT('',(16.9,-68.65));
#8588 = ( GEOMETRIC_REPRESENTATION_CONTEXT(2) 
PARAMETRIC_REPRESENTATION_CONTEXT() REPRESENTATION_CONTEXT('2D SPACE',''
  ) );
#8589 = PCURVE('',#5435,#8590);
#8590 = DEFINITIONAL_REPRESENTATION('',(#8591),#8594);
#8591 = B_SPLINE_CURVE_WITH_KNOTS('',1,(#8592,#8593),.UNSPECIFIED.,.F.,
  .F.,(2,2),(-38.325,-34.325),.PIECEWISE_BEZIER_KNOTS.);
#8592 = CARTESIAN_POINT('',(4.,-2.4));
#8593 = CARTESIAN_POINT('',(0.,-2.4));
#8594 = ( GEOMETRIC_REPRESENTATION_CONTEXT(2) 
PARAMETRIC_REPRESENTATION_CONTEXT() REPRESENTATION_CONTEXT('2D SPACE',''
  ) );
#8595 = ORIENTED_EDGE('',*,*,#8596,.F.);
#8596 = EDGE_CURVE('',#8597,#8576,#8599,.T.);
#8597 = VERTEX_POINT('',#8598);
#8598 = CARTESIAN_POINT('',(32.3,5.,71.65));
#8599 = SURFACE_CURVE('',#8600,(#8604,#8610),.PCURVE_S1.);
#8600 = LINE('',#8601,#8602);
#8601 = CARTESIAN_POINT('',(32.3,-13.45,71.65));
#8602 = VECTOR('',#8603,1.);
#8603 = DIRECTION('',(-0.,-1.,-0.));
#8604 = PCURVE('',#2598,#8605);
#8605 = DEFINITIONAL_REPRESENTATION('',(#8606),#8609);
#8606 = B_SPLINE_CURVE_WITH_KNOTS('',1,(#8607,#8608),.UNSPECIFIED.,.F.,
  .F.,(2,2),(-18.45,-8.45),.PIECEWISE_BEZIER_KNOTS.);
#8607 = CARTESIAN_POINT('',(26.9,-68.65));
#8608 = CARTESIAN_POINT('',(16.9,-68.65));
#8609 = ( GEOMETRIC_REPRESENTATION_CONTEXT(2) 
PARAMETRIC_REPRESENTATION_CONTEXT() REPRESENTATION_CONTEXT('2D SPACE',''
  ) );
#8610 = PCURVE('',#5461,#8611);
#8611 = DEFINITIONAL_REPRESENTATION('',(#8612),#8615);
#8612 = B_SPLINE_CURVE_WITH_KNOTS('',1,(#8613,#8614),.UNSPECIFIED.,.F.,
  .F.,(2,2),(-18.45,-8.45),.PIECEWISE_BEZIER_KNOTS.);
#8613 = CARTESIAN_POINT('',(10.,-2.4));
#8614 = CARTESIAN_POINT('',(0.,-2.4));
#8615 = ( GEOMETRIC_REPRESENTATION_CONTEXT(2) 
PARAMETRIC_REPRESENTATION_CONTEXT() REPRESENTATION_CONTEXT('2D SPACE',''
  ) );
#8616 = ORIENTED_EDGE('',*,*,#8617,.F.);
#8617 = EDGE_CURVE('',#8553,#8597,#8618,.T.);
#8618 = SURFACE_CURVE('',#8619,(#8623,#8629),.PCURVE_S1.);
#8619 = LINE('',#8620,#8621);
#8620 = CARTESIAN_POINT('',(32.3,5.,37.325));
#8621 = VECTOR('',#8622,1.);
#8622 = DIRECTION('',(0.,0.,-1.));
#8623 = PCURVE('',#2598,#8624);
#8624 = DEFINITIONAL_REPRESENTATION('',(#8625),#8628);
#8625 = B_SPLINE_CURVE_WITH_KNOTS('',1,(#8626,#8627),.UNSPECIFIED.,.F.,
  .F.,(2,2),(-38.325,-34.325),.PIECEWISE_BEZIER_KNOTS.);
#8626 = CARTESIAN_POINT('',(26.9,-72.65));
#8627 = CARTESIAN_POINT('',(26.9,-68.65));
#8628 = ( GEOMETRIC_REPRESENTATION_CONTEXT(2) 
PARAMETRIC_REPRESENTATION_CONTEXT() REPRESENTATION_CONTEXT('2D SPACE',''
  ) );
#8629 = PCURVE('',#5485,#8630);
#8630 = DEFINITIONAL_REPRESENTATION('',(#8631),#8634);
#8631 = B_SPLINE_CURVE_WITH_KNOTS('',1,(#8632,#8633),.UNSPECIFIED.,.F.,
  .F.,(2,2),(-38.325,-34.325),.PIECEWISE_BEZIER_KNOTS.);
#8632 = CARTESIAN_POINT('',(4.,-2.4));
#8633 = CARTESIAN_POINT('',(0.,-2.4));
#8634 = ( GEOMETRIC_REPRESENTATION_CONTEXT(2) 
PARAMETRIC_REPRESENTATION_CONTEXT() REPRESENTATION_CONTEXT('2D SPACE',''
  ) );
#8635 = FACE_BOUND('',#8636,.T.);
#8636 = EDGE_LOOP('',(#8637,#8660,#8688,#8709));
#8637 = ORIENTED_EDGE('',*,*,#8638,.F.);
#8638 = EDGE_CURVE('',#8639,#8641,#8643,.T.);
#8639 = VERTEX_POINT('',#8640);
#8640 = CARTESIAN_POINT('',(32.3,11.1,55.2));
#8641 = VERTEX_POINT('',#8642);
#8642 = CARTESIAN_POINT('',(32.3,-11.1,55.2));
#8643 = SURFACE_CURVE('',#8644,(#8648,#8654),.PCURVE_S1.);
#8644 = LINE('',#8645,#8646);
#8645 = CARTESIAN_POINT('',(32.3,-16.5,55.2));
#8646 = VECTOR('',#8647,1.);
#8647 = DIRECTION('',(-0.,-1.,-0.));
#8648 = PCURVE('',#2598,#8649);
#8649 = DEFINITIONAL_REPRESENTATION('',(#8650),#8653);
#8650 = B_SPLINE_CURVE_WITH_KNOTS('',1,(#8651,#8652),.UNSPECIFIED.,.F.,
  .F.,(2,2),(-27.6,-5.4),.PIECEWISE_BEZIER_KNOTS.);
#8651 = CARTESIAN_POINT('',(33.,-52.2));
#8652 = CARTESIAN_POINT('',(10.8,-52.2));
#8653 = ( GEOMETRIC_REPRESENTATION_CONTEXT(2) 
PARAMETRIC_REPRESENTATION_CONTEXT() REPRESENTATION_CONTEXT('2D SPACE',''
  ) );
#8654 = PCURVE('',#5515,#8655);
#8655 = DEFINITIONAL_REPRESENTATION('',(#8656),#8659);
#8656 = B_SPLINE_CURVE_WITH_KNOTS('',1,(#8657,#8658),.UNSPECIFIED.,.F.,
  .F.,(2,2),(-27.6,-5.4),.PIECEWISE_BEZIER_KNOTS.);
#8657 = CARTESIAN_POINT('',(22.2,-2.4));
#8658 = CARTESIAN_POINT('',(0.,-2.4));
#8659 = ( GEOMETRIC_REPRESENTATION_CONTEXT(2) 
PARAMETRIC_REPRESENTATION_CONTEXT() REPRESENTATION_CONTEXT('2D SPACE',''
  ) );
#8660 = ORIENTED_EDGE('',*,*,#8661,.T.);
#8661 = EDGE_CURVE('',#8639,#8662,#8664,.T.);
#8662 = VERTEX_POINT('',#8663);
#8663 = CARTESIAN_POINT('',(32.3,11.1,58.2));
#8664 = SURFACE_CURVE('',#8665,(#8670,#8681),.PCURVE_S1.);
#8665 = CIRCLE('',#8666,1.5);
#8666 = AXIS2_PLACEMENT_3D('',#8667,#8668,#8669);
#8667 = CARTESIAN_POINT('',(32.3,11.1,56.7));
#8668 = DIRECTION('',(1.,0.,-0.));
#8669 = DIRECTION('',(0.,-1.,0.));
#8670 = PCURVE('',#2598,#8671);
#8671 = DEFINITIONAL_REPRESENTATION('',(#8672),#8680);
#8672 = ( BOUNDED_CURVE() B_SPLINE_CURVE(2,(#8673,#8674,#8675,#8676,
#8677,#8678,#8679),.UNSPECIFIED.,.T.,.F.) B_SPLINE_CURVE_WITH_KNOTS((1,2
    ,2,2,2,1),(-2.094395102393,0.,2.094395102393,4.188790204786,
6.28318530718,8.377580409573),.UNSPECIFIED.) CURVE() 
GEOMETRIC_REPRESENTATION_ITEM() RATIONAL_B_SPLINE_CURVE((1.,0.5,1.,0.5,
1.,0.5,1.)) REPRESENTATION_ITEM('') );
#8673 = CARTESIAN_POINT('',(31.5,-53.7));
#8674 = CARTESIAN_POINT('',(31.5,-51.10192378864));
#8675 = CARTESIAN_POINT('',(33.75,-52.40096189432));
#8676 = CARTESIAN_POINT('',(36.,-53.7));
#8677 = CARTESIAN_POINT('',(33.75,-54.99903810567));
#8678 = CARTESIAN_POINT('',(31.5,-56.29807621135));
#8679 = CARTESIAN_POINT('',(31.5,-53.7));
#8680 = ( GEOMETRIC_REPRESENTATION_CONTEXT(2) 
PARAMETRIC_REPRESENTATION_CONTEXT() REPRESENTATION_CONTEXT('2D SPACE',''
  ) );
#8681 = PCURVE('',#5547,#8682);
#8682 = DEFINITIONAL_REPRESENTATION('',(#8683),#8687);
#8683 = LINE('',#8684,#8685);
#8684 = CARTESIAN_POINT('',(-6.28318530718,-2.4));
#8685 = VECTOR('',#8686,1.);
#8686 = DIRECTION('',(1.,-0.));
#8687 = ( GEOMETRIC_REPRESENTATION_CONTEXT(2) 
PARAMETRIC_REPRESENTATION_CONTEXT() REPRESENTATION_CONTEXT('2D SPACE',''
  ) );
#8688 = ORIENTED_EDGE('',*,*,#8689,.F.);
#8689 = EDGE_CURVE('',#8690,#8662,#8692,.T.);
#8690 = VERTEX_POINT('',#8691);
#8691 = CARTESIAN_POINT('',(32.3,-11.1,58.2));
#8692 = SURFACE_CURVE('',#8693,(#8697,#8703),.PCURVE_S1.);
#8693 = LINE('',#8694,#8695);
#8694 = CARTESIAN_POINT('',(32.3,-5.4,58.2));
#8695 = VECTOR('',#8696,1.);
#8696 = DIRECTION('',(0.,1.,0.));
#8697 = PCURVE('',#2598,#8698);
#8698 = DEFINITIONAL_REPRESENTATION('',(#8699),#8702);
#8699 = B_SPLINE_CURVE_WITH_KNOTS('',1,(#8700,#8701),.UNSPECIFIED.,.F.,
  .F.,(2,2),(-5.7,16.5),.PIECEWISE_BEZIER_KNOTS.);
#8700 = CARTESIAN_POINT('',(10.8,-55.2));
#8701 = CARTESIAN_POINT('',(33.,-55.2));
#8702 = ( GEOMETRIC_REPRESENTATION_CONTEXT(2) 
PARAMETRIC_REPRESENTATION_CONTEXT() REPRESENTATION_CONTEXT('2D SPACE',''
  ) );
#8703 = PCURVE('',#5574,#8704);
#8704 = DEFINITIONAL_REPRESENTATION('',(#8705),#8708);
#8705 = B_SPLINE_CURVE_WITH_KNOTS('',1,(#8706,#8707),.UNSPECIFIED.,.F.,
  .F.,(2,2),(-5.7,16.5),.PIECEWISE_BEZIER_KNOTS.);
#8706 = CARTESIAN_POINT('',(22.2,-2.4));
#8707 = CARTESIAN_POINT('',(0.,-2.4));
#8708 = ( GEOMETRIC_REPRESENTATION_CONTEXT(2) 
PARAMETRIC_REPRESENTATION_CONTEXT() REPRESENTATION_CONTEXT('2D SPACE',''
  ) );
#8709 = ORIENTED_EDGE('',*,*,#8710,.T.);
#8710 = EDGE_CURVE('',#8690,#8641,#8711,.T.);
#8711 = SURFACE_CURVE('',#8712,(#8717,#8728),.PCURVE_S1.);
#8712 = CIRCLE('',#8713,1.5);
#8713 = AXIS2_PLACEMENT_3D('',#8714,#8715,#8716);
#8714 = CARTESIAN_POINT('',(32.3,-11.1,56.7));
#8715 = DIRECTION('',(1.,0.,-0.));
#8716 = DIRECTION('',(0.,1.,0.));
#8717 = PCURVE('',#2598,#8718);
#8718 = DEFINITIONAL_REPRESENTATION('',(#8719),#8727);
#8719 = ( BOUNDED_CURVE() B_SPLINE_CURVE(2,(#8720,#8721,#8722,#8723,
#8724,#8725,#8726),.UNSPECIFIED.,.T.,.F.) B_SPLINE_CURVE_WITH_KNOTS((1,2
    ,2,2,2,1),(-2.094395102393,0.,2.094395102393,4.188790204786,
6.28318530718,8.377580409573),.UNSPECIFIED.) CURVE() 
GEOMETRIC_REPRESENTATION_ITEM() RATIONAL_B_SPLINE_CURVE((1.,0.5,1.,0.5,
1.,0.5,1.)) REPRESENTATION_ITEM('') );
#8720 = CARTESIAN_POINT('',(12.3,-53.7));
#8721 = CARTESIAN_POINT('',(12.3,-56.29807621135));
#8722 = CARTESIAN_POINT('',(10.05,-54.99903810567));
#8723 = CARTESIAN_POINT('',(7.8,-53.7));
#8724 = CARTESIAN_POINT('',(10.05,-52.40096189432));
#8725 = CARTESIAN_POINT('',(12.3,-51.10192378864));
#8726 = CARTESIAN_POINT('',(12.3,-53.7));
#8727 = ( GEOMETRIC_REPRESENTATION_CONTEXT(2) 
PARAMETRIC_REPRESENTATION_CONTEXT() REPRESENTATION_CONTEXT('2D SPACE',''
  ) );
#8728 = PCURVE('',#5604,#8729);
#8729 = DEFINITIONAL_REPRESENTATION('',(#8730),#8734);
#8730 = LINE('',#8731,#8732);
#8731 = CARTESIAN_POINT('',(-6.28318530718,-2.4));
#8732 = VECTOR('',#8733,1.);
#8733 = DIRECTION('',(1.,-0.));
#8734 = ( GEOMETRIC_REPRESENTATION_CONTEXT(2) 
PARAMETRIC_REPRESENTATION_CONTEXT() REPRESENTATION_CONTEXT('2D SPACE',''
  ) );
#8735 = FACE_BOUND('',#8736,.T.);
#8736 = EDGE_LOOP('',(#8737,#8760,#8788,#8809));
#8737 = ORIENTED_EDGE('',*,*,#8738,.F.);
#8738 = EDGE_CURVE('',#8739,#8741,#8743,.T.);
#8739 = VERTEX_POINT('',#8740);
#8740 = CARTESIAN_POINT('',(32.3,11.1,46.2));
#8741 = VERTEX_POINT('',#8742);
#8742 = CARTESIAN_POINT('',(32.3,-11.1,46.2));
#8743 = SURFACE_CURVE('',#8744,(#8748,#8754),.PCURVE_S1.);
#8744 = LINE('',#8745,#8746);
#8745 = CARTESIAN_POINT('',(32.3,-16.5,46.2));
#8746 = VECTOR('',#8747,1.);
#8747 = DIRECTION('',(-0.,-1.,-0.));
#8748 = PCURVE('',#2598,#8749);
#8749 = DEFINITIONAL_REPRESENTATION('',(#8750),#8753);
#8750 = B_SPLINE_CURVE_WITH_KNOTS('',1,(#8751,#8752),.UNSPECIFIED.,.F.,
  .F.,(2,2),(-27.6,-5.4),.PIECEWISE_BEZIER_KNOTS.);
#8751 = CARTESIAN_POINT('',(33.,-43.2));
#8752 = CARTESIAN_POINT('',(10.8,-43.2));
#8753 = ( GEOMETRIC_REPRESENTATION_CONTEXT(2) 
PARAMETRIC_REPRESENTATION_CONTEXT() REPRESENTATION_CONTEXT('2D SPACE',''
  ) );
#8754 = PCURVE('',#5635,#8755);
#8755 = DEFINITIONAL_REPRESENTATION('',(#8756),#8759);
#8756 = B_SPLINE_CURVE_WITH_KNOTS('',1,(#8757,#8758),.UNSPECIFIED.,.F.,
  .F.,(2,2),(-27.6,-5.4),.PIECEWISE_BEZIER_KNOTS.);
#8757 = CARTESIAN_POINT('',(22.2,-2.4));
#8758 = CARTESIAN_POINT('',(0.,-2.4));
#8759 = ( GEOMETRIC_REPRESENTATION_CONTEXT(2) 
PARAMETRIC_REPRESENTATION_CONTEXT() REPRESENTATION_CONTEXT('2D SPACE',''
  ) );
#8760 = ORIENTED_EDGE('',*,*,#8761,.T.);
#8761 = EDGE_CURVE('',#8739,#8762,#8764,.T.);
#8762 = VERTEX_POINT('',#8763);
#8763 = CARTESIAN_POINT('',(32.3,11.1,49.2));
#8764 = SURFACE_CURVE('',#8765,(#8770,#8781),.PCURVE_S1.);
#8765 = CIRCLE('',#8766,1.5);
#8766 = AXIS2_PLACEMENT_3D('',#8767,#8768,#8769);
#8767 = CARTESIAN_POINT('',(32.3,11.1,47.7));
#8768 = DIRECTION('',(1.,0.,-0.));
#8769 = DIRECTION('',(0.,-1.,0.));
#8770 = PCURVE('',#2598,#8771);
#8771 = DEFINITIONAL_REPRESENTATION('',(#8772),#8780);
#8772 = ( BOUNDED_CURVE() B_SPLINE_CURVE(2,(#8773,#8774,#8775,#8776,
#8777,#8778,#8779),.UNSPECIFIED.,.T.,.F.) B_SPLINE_CURVE_WITH_KNOTS((1,2
    ,2,2,2,1),(-2.094395102393,0.,2.094395102393,4.188790204786,
6.28318530718,8.377580409573),.UNSPECIFIED.) CURVE() 
GEOMETRIC_REPRESENTATION_ITEM() RATIONAL_B_SPLINE_CURVE((1.,0.5,1.,0.5,
1.,0.5,1.)) REPRESENTATION_ITEM('') );
#8773 = CARTESIAN_POINT('',(31.5,-44.7));
#8774 = CARTESIAN_POINT('',(31.5,-42.10192378864));
#8775 = CARTESIAN_POINT('',(33.75,-43.40096189432));
#8776 = CARTESIAN_POINT('',(36.,-44.7));
#8777 = CARTESIAN_POINT('',(33.75,-45.99903810567));
#8778 = CARTESIAN_POINT('',(31.5,-47.29807621135));
#8779 = CARTESIAN_POINT('',(31.5,-44.7));
#8780 = ( GEOMETRIC_REPRESENTATION_CONTEXT(2) 
PARAMETRIC_REPRESENTATION_CONTEXT() REPRESENTATION_CONTEXT('2D SPACE',''
  ) );
#8781 = PCURVE('',#5667,#8782);
#8782 = DEFINITIONAL_REPRESENTATION('',(#8783),#8787);
#8783 = LINE('',#8784,#8785);
#8784 = CARTESIAN_POINT('',(-6.28318530718,-2.4));
#8785 = VECTOR('',#8786,1.);
#8786 = DIRECTION('',(1.,-0.));
#8787 = ( GEOMETRIC_REPRESENTATION_CONTEXT(2) 
PARAMETRIC_REPRESENTATION_CONTEXT() REPRESENTATION_CONTEXT('2D SPACE',''
  ) );
#8788 = ORIENTED_EDGE('',*,*,#8789,.F.);
#8789 = EDGE_CURVE('',#8790,#8762,#8792,.T.);
#8790 = VERTEX_POINT('',#8791);
#8791 = CARTESIAN_POINT('',(32.3,-11.1,49.2));
#8792 = SURFACE_CURVE('',#8793,(#8797,#8803),.PCURVE_S1.);
#8793 = LINE('',#8794,#8795);
#8794 = CARTESIAN_POINT('',(32.3,-5.4,49.2));
#8795 = VECTOR('',#8796,1.);
#8796 = DIRECTION('',(0.,1.,0.));
#8797 = PCURVE('',#2598,#8798);
#8798 = DEFINITIONAL_REPRESENTATION('',(#8799),#8802);
#8799 = B_SPLINE_CURVE_WITH_KNOTS('',1,(#8800,#8801),.UNSPECIFIED.,.F.,
  .F.,(2,2),(-5.7,16.5),.PIECEWISE_BEZIER_KNOTS.);
#8800 = CARTESIAN_POINT('',(10.8,-46.2));
#8801 = CARTESIAN_POINT('',(33.,-46.2));
#8802 = ( GEOMETRIC_REPRESENTATION_CONTEXT(2) 
PARAMETRIC_REPRESENTATION_CONTEXT() REPRESENTATION_CONTEXT('2D SPACE',''
  ) );
#8803 = PCURVE('',#5694,#8804);
#8804 = DEFINITIONAL_REPRESENTATION('',(#8805),#8808);
#8805 = B_SPLINE_CURVE_WITH_KNOTS('',1,(#8806,#8807),.UNSPECIFIED.,.F.,
  .F.,(2,2),(-5.7,16.5),.PIECEWISE_BEZIER_KNOTS.);
#8806 = CARTESIAN_POINT('',(22.2,-2.4));
#8807 = CARTESIAN_POINT('',(0.,-2.4));
#8808 = ( GEOMETRIC_REPRESENTATION_CONTEXT(2) 
PARAMETRIC_REPRESENTATION_CONTEXT() REPRESENTATION_CONTEXT('2D SPACE',''
  ) );
#8809 = ORIENTED_EDGE('',*,*,#8810,.T.);
#8810 = EDGE_CURVE('',#8790,#8741,#8811,.T.);
#8811 = SURFACE_CURVE('',#8812,(#8817,#8828),.PCURVE_S1.);
#8812 = CIRCLE('',#8813,1.5);
#8813 = AXIS2_PLACEMENT_3D('',#8814,#8815,#8816);
#8814 = CARTESIAN_POINT('',(32.3,-11.1,47.7));
#8815 = DIRECTION('',(1.,0.,-0.));
#8816 = DIRECTION('',(0.,1.,0.));
#8817 = PCURVE('',#2598,#8818);
#8818 = DEFINITIONAL_REPRESENTATION('',(#8819),#8827);
#8819 = ( BOUNDED_CURVE() B_SPLINE_CURVE(2,(#8820,#8821,#8822,#8823,
#8824,#8825,#8826),.UNSPECIFIED.,.T.,.F.) B_SPLINE_CURVE_WITH_KNOTS((1,2
    ,2,2,2,1),(-2.094395102393,0.,2.094395102393,4.188790204786,
6.28318530718,8.377580409573),.UNSPECIFIED.) CURVE() 
GEOMETRIC_REPRESENTATION_ITEM() RATIONAL_B_SPLINE_CURVE((1.,0.5,1.,0.5,
1.,0.5,1.)) REPRESENTATION_ITEM('') );
#8820 = CARTESIAN_POINT('',(12.3,-44.7));
#8821 = CARTESIAN_POINT('',(12.3,-47.29807621135));
#8822 = CARTESIAN_POINT('',(10.05,-45.99903810567));
#8823 = CARTESIAN_POINT('',(7.8,-44.7));
#8824 = CARTESIAN_POINT('',(10.05,-43.40096189432));
#8825 = CARTESIAN_POINT('',(12.3,-42.10192378864));
#8826 = CARTESIAN_POINT('',(12.3,-44.7));
#8827 = ( GEOMETRIC_REPRESENTATION_CONTEXT(2) 
PARAMETRIC_REPRESENTATION_CONTEXT() REPRESENTATION_CONTEXT('2D SPACE',''
  ) );
#8828 = PCURVE('',#5724,#8829);
#8829 = DEFINITIONAL_REPRESENTATION('',(#8830),#8834);
#8830 = LINE('',#8831,#8832);
#8831 = CARTESIAN_POINT('',(-6.28318530718,-2.4));
#8832 = VECTOR('',#8833,1.);
#8833 = DIRECTION('',(1.,-0.));
#8834 = ( GEOMETRIC_REPRESENTATION_CONTEXT(2) 
PARAMETRIC_REPRESENTATION_CONTEXT() REPRESENTATION_CONTEXT('2D SPACE',''
  ) );
#8835 = FACE_BOUND('',#8836,.T.);
#8836 = EDGE_LOOP('',(#8837,#8860,#8888,#8909));
#8837 = ORIENTED_EDGE('',*,*,#8838,.F.);
#8838 = EDGE_CURVE('',#8839,#8841,#8843,.T.);
#8839 = VERTEX_POINT('',#8840);
#8840 = CARTESIAN_POINT('',(32.3,11.1,37.2));
#8841 = VERTEX_POINT('',#8842);
#8842 = CARTESIAN_POINT('',(32.3,-11.1,37.2));
#8843 = SURFACE_CURVE('',#8844,(#8848,#8854),.PCURVE_S1.);
#8844 = LINE('',#8845,#8846);
#8845 = CARTESIAN_POINT('',(32.3,-16.5,37.2));
#8846 = VECTOR('',#8847,1.);
#8847 = DIRECTION('',(-0.,-1.,-0.));
#8848 = PCURVE('',#2598,#8849);
#8849 = DEFINITIONAL_REPRESENTATION('',(#8850),#8853);
#8850 = B_SPLINE_CURVE_WITH_KNOTS('',1,(#8851,#8852),.UNSPECIFIED.,.F.,
  .F.,(2,2),(-27.6,-5.4),.PIECEWISE_BEZIER_KNOTS.);
#8851 = CARTESIAN_POINT('',(33.,-34.2));
#8852 = CARTESIAN_POINT('',(10.8,-34.2));
#8853 = ( GEOMETRIC_REPRESENTATION_CONTEXT(2) 
PARAMETRIC_REPRESENTATION_CONTEXT() REPRESENTATION_CONTEXT('2D SPACE',''
  ) );
#8854 = PCURVE('',#5755,#8855);
#8855 = DEFINITIONAL_REPRESENTATION('',(#8856),#8859);
#8856 = B_SPLINE_CURVE_WITH_KNOTS('',1,(#8857,#8858),.UNSPECIFIED.,.F.,
  .F.,(2,2),(-27.6,-5.4),.PIECEWISE_BEZIER_KNOTS.);
#8857 = CARTESIAN_POINT('',(22.2,-2.4));
#8858 = CARTESIAN_POINT('',(0.,-2.4));
#8859 = ( GEOMETRIC_REPRESENTATION_CONTEXT(2) 
PARAMETRIC_REPRESENTATION_CONTEXT() REPRESENTATION_CONTEXT('2D SPACE',''
  ) );
#8860 = ORIENTED_EDGE('',*,*,#8861,.T.);
#8861 = EDGE_CURVE('',#8839,#8862,#8864,.T.);
#8862 = VERTEX_POINT('',#8863);
#8863 = CARTESIAN_POINT('',(32.3,11.1,40.2));
#8864 = SURFACE_CURVE('',#8865,(#8870,#8881),.PCURVE_S1.);
#8865 = CIRCLE('',#8866,1.5);
#8866 = AXIS2_PLACEMENT_3D('',#8867,#8868,#8869);
#8867 = CARTESIAN_POINT('',(32.3,11.1,38.7));
#8868 = DIRECTION('',(1.,0.,-0.));
#8869 = DIRECTION('',(0.,-1.,0.));
#8870 = PCURVE('',#2598,#8871);
#8871 = DEFINITIONAL_REPRESENTATION('',(#8872),#8880);
#8872 = ( BOUNDED_CURVE() B_SPLINE_CURVE(2,(#8873,#8874,#8875,#8876,
#8877,#8878,#8879),.UNSPECIFIED.,.T.,.F.) B_SPLINE_CURVE_WITH_KNOTS((1,2
    ,2,2,2,1),(-2.094395102393,0.,2.094395102393,4.188790204786,
6.28318530718,8.377580409573),.UNSPECIFIED.) CURVE() 
GEOMETRIC_REPRESENTATION_ITEM() RATIONAL_B_SPLINE_CURVE((1.,0.5,1.,0.5,
1.,0.5,1.)) REPRESENTATION_ITEM('') );
#8873 = CARTESIAN_POINT('',(31.5,-35.7));
#8874 = CARTESIAN_POINT('',(31.5,-33.10192378864));
#8875 = CARTESIAN_POINT('',(33.75,-34.40096189432));
#8876 = CARTESIAN_POINT('',(36.,-35.7));
#8877 = CARTESIAN_POINT('',(33.75,-36.99903810567));
#8878 = CARTESIAN_POINT('',(31.5,-38.29807621135));
#8879 = CARTESIAN_POINT('',(31.5,-35.7));
#8880 = ( GEOMETRIC_REPRESENTATION_CONTEXT(2) 
PARAMETRIC_REPRESENTATION_CONTEXT() REPRESENTATION_CONTEXT('2D SPACE',''
  ) );
#8881 = PCURVE('',#5787,#8882);
#8882 = DEFINITIONAL_REPRESENTATION('',(#8883),#8887);
#8883 = LINE('',#8884,#8885);
#8884 = CARTESIAN_POINT('',(-6.28318530718,-2.4));
#8885 = VECTOR('',#8886,1.);
#8886 = DIRECTION('',(1.,-0.));
#8887 = ( GEOMETRIC_REPRESENTATION_CONTEXT(2) 
PARAMETRIC_REPRESENTATION_CONTEXT() REPRESENTATION_CONTEXT('2D SPACE',''
  ) );
#8888 = ORIENTED_EDGE('',*,*,#8889,.F.);
#8889 = EDGE_CURVE('',#8890,#8862,#8892,.T.);
#8890 = VERTEX_POINT('',#8891);
#8891 = CARTESIAN_POINT('',(32.3,-11.1,40.2));
#8892 = SURFACE_CURVE('',#8893,(#8897,#8903),.PCURVE_S1.);
#8893 = LINE('',#8894,#8895);
#8894 = CARTESIAN_POINT('',(32.3,-5.4,40.2));
#8895 = VECTOR('',#8896,1.);
#8896 = DIRECTION('',(0.,1.,0.));
#8897 = PCURVE('',#2598,#8898);
#8898 = DEFINITIONAL_REPRESENTATION('',(#8899),#8902);
#8899 = B_SPLINE_CURVE_WITH_KNOTS('',1,(#8900,#8901),.UNSPECIFIED.,.F.,
  .F.,(2,2),(-5.7,16.5),.PIECEWISE_BEZIER_KNOTS.);
#8900 = CARTESIAN_POINT('',(10.8,-37.2));
#8901 = CARTESIAN_POINT('',(33.,-37.2));
#8902 = ( GEOMETRIC_REPRESENTATION_CONTEXT(2) 
PARAMETRIC_REPRESENTATION_CONTEXT() REPRESENTATION_CONTEXT('2D SPACE',''
  ) );
#8903 = PCURVE('',#5814,#8904);
#8904 = DEFINITIONAL_REPRESENTATION('',(#8905),#8908);
#8905 = B_SPLINE_CURVE_WITH_KNOTS('',1,(#8906,#8907),.UNSPECIFIED.,.F.,
  .F.,(2,2),(-5.7,16.5),.PIECEWISE_BEZIER_KNOTS.);
#8906 = CARTESIAN_POINT('',(22.2,-2.4));
#8907 = CARTESIAN_POINT('',(0.,-2.4));
#8908 = ( GEOMETRIC_REPRESENTATION_CONTEXT(2) 
PARAMETRIC_REPRESENTATION_CONTEXT() REPRESENTATION_CONTEXT('2D SPACE',''
  ) );
#8909 = ORIENTED_EDGE('',*,*,#8910,.T.);
#8910 = EDGE_CURVE('',#8890,#8841,#8911,.T.);
#8911 = SURFACE_CURVE('',#8912,(#8917,#8928),.PCURVE_S1.);
#8912 = CIRCLE('',#8913,1.5);
#8913 = AXIS2_PLACEMENT_3D('',#8914,#8915,#8916);
#8914 = CARTESIAN_POINT('',(32.3,-11.1,38.7));
#8915 = DIRECTION('',(1.,0.,-0.));
#8916 = DIRECTION('',(0.,1.,0.));
#8917 = PCURVE('',#2598,#8918);
#8918 = DEFINITIONAL_REPRESENTATION('',(#8919),#8927);
#8919 = ( BOUNDED_CURVE() B_SPLINE_CURVE(2,(#8920,#8921,#8922,#8923,
#8924,#8925,#8926),.UNSPECIFIED.,.T.,.F.) B_SPLINE_CURVE_WITH_KNOTS((1,2
    ,2,2,2,1),(-2.094395102393,0.,2.094395102393,4.188790204786,
6.28318530718,8.377580409573),.UNSPECIFIED.) CURVE() 
GEOMETRIC_REPRESENTATION_ITEM() RATIONAL_B_SPLINE_CURVE((1.,0.5,1.,0.5,
1.,0.5,1.)) REPRESENTATION_ITEM('') );
#8920 = CARTESIAN_POINT('',(12.3,-35.7));
#8921 = CARTESIAN_POINT('',(12.3,-38.29807621135));
#8922 = CARTESIAN_POINT('',(10.05,-36.99903810567));
#8923 = CARTESIAN_POINT('',(7.8,-35.7));
#8924 = CARTESIAN_POINT('',(10.05,-34.40096189432));
#8925 = CARTESIAN_POINT('',(12.3,-33.10192378864));
#8926 = CARTESIAN_POINT('',(12.3,-35.7));
#8927 = ( GEOMETRIC_REPRESENTATION_CONTEXT(2) 
PARAMETRIC_REPRESENTATION_CONTEXT() REPRESENTATION_CONTEXT('2D SPACE',''
  ) );
#8928 = PCURVE('',#5844,#8929);
#8929 = DEFINITIONAL_REPRESENTATION('',(#8930),#8934);
#8930 = LINE('',#8931,#8932);
#8931 = CARTESIAN_POINT('',(-6.28318530718,-2.4));
#8932 = VECTOR('',#8933,1.);
#8933 = DIRECTION('',(1.,-0.));
#8934 = ( GEOMETRIC_REPRESENTATION_CONTEXT(2) 
PARAMETRIC_REPRESENTATION_CONTEXT() REPRESENTATION_CONTEXT('2D SPACE',''
  ) );
#8935 = FACE_BOUND('',#8936,.T.);
#8936 = EDGE_LOOP('',(#8937,#8960,#8988,#9009));
#8937 = ORIENTED_EDGE('',*,*,#8938,.F.);
#8938 = EDGE_CURVE('',#8939,#8941,#8943,.T.);
#8939 = VERTEX_POINT('',#8940);
#8940 = CARTESIAN_POINT('',(32.3,11.1,28.2));
#8941 = VERTEX_POINT('',#8942);
#8942 = CARTESIAN_POINT('',(32.3,-11.1,28.2));
#8943 = SURFACE_CURVE('',#8944,(#8948,#8954),.PCURVE_S1.);
#8944 = LINE('',#8945,#8946);
#8945 = CARTESIAN_POINT('',(32.3,-16.5,28.2));
#8946 = VECTOR('',#8947,1.);
#8947 = DIRECTION('',(-0.,-1.,-0.));
#8948 = PCURVE('',#2598,#8949);
#8949 = DEFINITIONAL_REPRESENTATION('',(#8950),#8953);
#8950 = B_SPLINE_CURVE_WITH_KNOTS('',1,(#8951,#8952),.UNSPECIFIED.,.F.,
  .F.,(2,2),(-27.6,-5.4),.PIECEWISE_BEZIER_KNOTS.);
#8951 = CARTESIAN_POINT('',(33.,-25.2));
#8952 = CARTESIAN_POINT('',(10.8,-25.2));
#8953 = ( GEOMETRIC_REPRESENTATION_CONTEXT(2) 
PARAMETRIC_REPRESENTATION_CONTEXT() REPRESENTATION_CONTEXT('2D SPACE',''
  ) );
#8954 = PCURVE('',#5875,#8955);
#8955 = DEFINITIONAL_REPRESENTATION('',(#8956),#8959);
#8956 = B_SPLINE_CURVE_WITH_KNOTS('',1,(#8957,#8958),.UNSPECIFIED.,.F.,
  .F.,(2,2),(-27.6,-5.4),.PIECEWISE_BEZIER_KNOTS.);
#8957 = CARTESIAN_POINT('',(22.2,-2.4));
#8958 = CARTESIAN_POINT('',(0.,-2.4));
#8959 = ( GEOMETRIC_REPRESENTATION_CONTEXT(2) 
PARAMETRIC_REPRESENTATION_CONTEXT() REPRESENTATION_CONTEXT('2D SPACE',''
  ) );
#8960 = ORIENTED_EDGE('',*,*,#8961,.T.);
#8961 = EDGE_CURVE('',#8939,#8962,#8964,.T.);
#8962 = VERTEX_POINT('',#8963);
#8963 = CARTESIAN_POINT('',(32.3,11.1,31.2));
#8964 = SURFACE_CURVE('',#8965,(#8970,#8981),.PCURVE_S1.);
#8965 = CIRCLE('',#8966,1.5);
#8966 = AXIS2_PLACEMENT_3D('',#8967,#8968,#8969);
#8967 = CARTESIAN_POINT('',(32.3,11.1,29.7));
#8968 = DIRECTION('',(1.,0.,-0.));
#8969 = DIRECTION('',(0.,-1.,0.));
#8970 = PCURVE('',#2598,#8971);
#8971 = DEFINITIONAL_REPRESENTATION('',(#8972),#8980);
#8972 = ( BOUNDED_CURVE() B_SPLINE_CURVE(2,(#8973,#8974,#8975,#8976,
#8977,#8978,#8979),.UNSPECIFIED.,.T.,.F.) B_SPLINE_CURVE_WITH_KNOTS((1,2
    ,2,2,2,1),(-2.094395102393,0.,2.094395102393,4.188790204786,
6.28318530718,8.377580409573),.UNSPECIFIED.) CURVE() 
GEOMETRIC_REPRESENTATION_ITEM() RATIONAL_B_SPLINE_CURVE((1.,0.5,1.,0.5,
1.,0.5,1.)) REPRESENTATION_ITEM('') );
#8973 = CARTESIAN_POINT('',(31.5,-26.7));
#8974 = CARTESIAN_POINT('',(31.5,-24.10192378864));
#8975 = CARTESIAN_POINT('',(33.75,-25.40096189432));
#8976 = CARTESIAN_POINT('',(36.,-26.7));
#8977 = CARTESIAN_POINT('',(33.75,-27.99903810567));
#8978 = CARTESIAN_POINT('',(31.5,-29.29807621135));
#8979 = CARTESIAN_POINT('',(31.5,-26.7));
#8980 = ( GEOMETRIC_REPRESENTATION_CONTEXT(2) 
PARAMETRIC_REPRESENTATION_CONTEXT() REPRESENTATION_CONTEXT('2D SPACE',''
  ) );
#8981 = PCURVE('',#5907,#8982);
#8982 = DEFINITIONAL_REPRESENTATION('',(#8983),#8987);
#8983 = LINE('',#8984,#8985);
#8984 = CARTESIAN_POINT('',(-6.28318530718,-2.4));
#8985 = VECTOR('',#8986,1.);
#8986 = DIRECTION('',(1.,-0.));
#8987 = ( GEOMETRIC_REPRESENTATION_CONTEXT(2) 
PARAMETRIC_REPRESENTATION_CONTEXT() REPRESENTATION_CONTEXT('2D SPACE',''
  ) );
#8988 = ORIENTED_EDGE('',*,*,#8989,.F.);
#8989 = EDGE_CURVE('',#8990,#8962,#8992,.T.);
#8990 = VERTEX_POINT('',#8991);
#8991 = CARTESIAN_POINT('',(32.3,-11.1,31.2));
#8992 = SURFACE_CURVE('',#8993,(#8997,#9003),.PCURVE_S1.);
#8993 = LINE('',#8994,#8995);
#8994 = CARTESIAN_POINT('',(32.3,-5.4,31.2));
#8995 = VECTOR('',#8996,1.);
#8996 = DIRECTION('',(0.,1.,0.));
#8997 = PCURVE('',#2598,#8998);
#8998 = DEFINITIONAL_REPRESENTATION('',(#8999),#9002);
#8999 = B_SPLINE_CURVE_WITH_KNOTS('',1,(#9000,#9001),.UNSPECIFIED.,.F.,
  .F.,(2,2),(-5.7,16.5),.PIECEWISE_BEZIER_KNOTS.);
#9000 = CARTESIAN_POINT('',(10.8,-28.2));
#9001 = CARTESIAN_POINT('',(33.,-28.2));
#9002 = ( GEOMETRIC_REPRESENTATION_CONTEXT(2) 
PARAMETRIC_REPRESENTATION_CONTEXT() REPRESENTATION_CONTEXT('2D SPACE',''
  ) );
#9003 = PCURVE('',#5934,#9004);
#9004 = DEFINITIONAL_REPRESENTATION('',(#9005),#9008);
#9005 = B_SPLINE_CURVE_WITH_KNOTS('',1,(#9006,#9007),.UNSPECIFIED.,.F.,
  .F.,(2,2),(-5.7,16.5),.PIECEWISE_BEZIER_KNOTS.);
#9006 = CARTESIAN_POINT('',(22.2,-2.4));
#9007 = CARTESIAN_POINT('',(0.,-2.4));
#9008 = ( GEOMETRIC_REPRESENTATION_CONTEXT(2) 
PARAMETRIC_REPRESENTATION_CONTEXT() REPRESENTATION_CONTEXT('2D SPACE',''
  ) );
#9009 = ORIENTED_EDGE('',*,*,#9010,.T.);
#9010 = EDGE_CURVE('',#8990,#8941,#9011,.T.);
#9011 = SURFACE_CURVE('',#9012,(#9017,#9028),.PCURVE_S1.);
#9012 = CIRCLE('',#9013,1.5);
#9013 = AXIS2_PLACEMENT_3D('',#9014,#9015,#9016);
#9014 = CARTESIAN_POINT('',(32.3,-11.1,29.7));
#9015 = DIRECTION('',(1.,0.,-0.));
#9016 = DIRECTION('',(0.,1.,0.));
#9017 = PCURVE('',#2598,#9018);
#9018 = DEFINITIONAL_REPRESENTATION('',(#9019),#9027);
#9019 = ( BOUNDED_CURVE() B_SPLINE_CURVE(2,(#9020,#9021,#9022,#9023,
#9024,#9025,#9026),.UNSPECIFIED.,.T.,.F.) B_SPLINE_CURVE_WITH_KNOTS((1,2
    ,2,2,2,1),(-2.094395102393,0.,2.094395102393,4.188790204786,
6.28318530718,8.377580409573),.UNSPECIFIED.) CURVE() 
GEOMETRIC_REPRESENTATION_ITEM() RATIONAL_B_SPLINE_CURVE((1.,0.5,1.,0.5,
1.,0.5,1.)) REPRESENTATION_ITEM('') );
#9020 = CARTESIAN_POINT('',(12.3,-26.7));
#9021 = CARTESIAN_POINT('',(12.3,-29.29807621135));
#9022 = CARTESIAN_POINT('',(10.05,-27.99903810567));
#9023 = CARTESIAN_POINT('',(7.8,-26.7));
#9024 = CARTESIAN_POINT('',(10.05,-25.40096189432));
#9025 = CARTESIAN_POINT('',(12.3,-24.10192378864));
#9026 = CARTESIAN_POINT('',(12.3,-26.7));
#9027 = ( GEOMETRIC_REPRESENTATION_CONTEXT(2) 
PARAMETRIC_REPRESENTATION_CONTEXT() REPRESENTATION_CONTEXT('2D SPACE',''
  ) );
#9028 = PCURVE('',#5964,#9029);
#9029 = DEFINITIONAL_REPRESENTATION('',(#9030),#9034);
#9030 = LINE('',#9031,#9032);
#9031 = CARTESIAN_POINT('',(-6.28318530718,-2.4));
#9032 = VECTOR('',#9033,1.);
#9033 = DIRECTION('',(1.,-0.));
#9034 = ( GEOMETRIC_REPRESENTATION_CONTEXT(2) 
PARAMETRIC_REPRESENTATION_CONTEXT() REPRESENTATION_CONTEXT('2D SPACE',''
  ) );
#9035 = FACE_BOUND('',#9036,.T.);
#9036 = EDGE_LOOP('',(#9037,#9060,#9088,#9109));
#9037 = ORIENTED_EDGE('',*,*,#9038,.F.);
#9038 = EDGE_CURVE('',#9039,#9041,#9043,.T.);
#9039 = VERTEX_POINT('',#9040);
#9040 = CARTESIAN_POINT('',(32.3,11.1,19.2));
#9041 = VERTEX_POINT('',#9042);
#9042 = CARTESIAN_POINT('',(32.3,-11.1,19.2));
#9043 = SURFACE_CURVE('',#9044,(#9048,#9054),.PCURVE_S1.);
#9044 = LINE('',#9045,#9046);
#9045 = CARTESIAN_POINT('',(32.3,-16.5,19.2));
#9046 = VECTOR('',#9047,1.);
#9047 = DIRECTION('',(-0.,-1.,-0.));
#9048 = PCURVE('',#2598,#9049);
#9049 = DEFINITIONAL_REPRESENTATION('',(#9050),#9053);
#9050 = B_SPLINE_CURVE_WITH_KNOTS('',1,(#9051,#9052),.UNSPECIFIED.,.F.,
  .F.,(2,2),(-27.6,-5.4),.PIECEWISE_BEZIER_KNOTS.);
#9051 = CARTESIAN_POINT('',(33.,-16.2));
#9052 = CARTESIAN_POINT('',(10.8,-16.2));
#9053 = ( GEOMETRIC_REPRESENTATION_CONTEXT(2) 
PARAMETRIC_REPRESENTATION_CONTEXT() REPRESENTATION_CONTEXT('2D SPACE',''
  ) );
#9054 = PCURVE('',#5995,#9055);
#9055 = DEFINITIONAL_REPRESENTATION('',(#9056),#9059);
#9056 = B_SPLINE_CURVE_WITH_KNOTS('',1,(#9057,#9058),.UNSPECIFIED.,.F.,
  .F.,(2,2),(-27.6,-5.4),.PIECEWISE_BEZIER_KNOTS.);
#9057 = CARTESIAN_POINT('',(22.2,-2.4));
#9058 = CARTESIAN_POINT('',(0.,-2.4));
#9059 = ( GEOMETRIC_REPRESENTATION_CONTEXT(2) 
PARAMETRIC_REPRESENTATION_CONTEXT() REPRESENTATION_CONTEXT('2D SPACE',''
  ) );
#9060 = ORIENTED_EDGE('',*,*,#9061,.T.);
#9061 = EDGE_CURVE('',#9039,#9062,#9064,.T.);
#9062 = VERTEX_POINT('',#9063);
#9063 = CARTESIAN_POINT('',(32.3,11.1,22.2));
#9064 = SURFACE_CURVE('',#9065,(#9070,#9081),.PCURVE_S1.);
#9065 = CIRCLE('',#9066,1.5);
#9066 = AXIS2_PLACEMENT_3D('',#9067,#9068,#9069);
#9067 = CARTESIAN_POINT('',(32.3,11.1,20.7));
#9068 = DIRECTION('',(1.,0.,-0.));
#9069 = DIRECTION('',(0.,-1.,0.));
#9070 = PCURVE('',#2598,#9071);
#9071 = DEFINITIONAL_REPRESENTATION('',(#9072),#9080);
#9072 = ( BOUNDED_CURVE() B_SPLINE_CURVE(2,(#9073,#9074,#9075,#9076,
#9077,#9078,#9079),.UNSPECIFIED.,.T.,.F.) B_SPLINE_CURVE_WITH_KNOTS((1,2
    ,2,2,2,1),(-2.094395102393,0.,2.094395102393,4.188790204786,
6.28318530718,8.377580409573),.UNSPECIFIED.) CURVE() 
GEOMETRIC_REPRESENTATION_ITEM() RATIONAL_B_SPLINE_CURVE((1.,0.5,1.,0.5,
1.,0.5,1.)) REPRESENTATION_ITEM('') );
#9073 = CARTESIAN_POINT('',(31.5,-17.7));
#9074 = CARTESIAN_POINT('',(31.5,-15.10192378864));
#9075 = CARTESIAN_POINT('',(33.75,-16.40096189432));
#9076 = CARTESIAN_POINT('',(36.,-17.7));
#9077 = CARTESIAN_POINT('',(33.75,-18.99903810567));
#9078 = CARTESIAN_POINT('',(31.5,-20.29807621135));
#9079 = CARTESIAN_POINT('',(31.5,-17.7));
#9080 = ( GEOMETRIC_REPRESENTATION_CONTEXT(2) 
PARAMETRIC_REPRESENTATION_CONTEXT() REPRESENTATION_CONTEXT('2D SPACE',''
  ) );
#9081 = PCURVE('',#6027,#9082);
#9082 = DEFINITIONAL_REPRESENTATION('',(#9083),#9087);
#9083 = LINE('',#9084,#9085);
#9084 = CARTESIAN_POINT('',(-6.28318530718,-2.4));
#9085 = VECTOR('',#9086,1.);
#9086 = DIRECTION('',(1.,-0.));
#9087 = ( GEOMETRIC_REPRESENTATION_CONTEXT(2) 
PARAMETRIC_REPRESENTATION_CONTEXT() REPRESENTATION_CONTEXT('2D SPACE',''
  ) );
#9088 = ORIENTED_EDGE('',*,*,#9089,.F.);
#9089 = EDGE_CURVE('',#9090,#9062,#9092,.T.);
#9090 = VERTEX_POINT('',#9091);
#9091 = CARTESIAN_POINT('',(32.3,-11.1,22.2));
#9092 = SURFACE_CURVE('',#9093,(#9097,#9103),.PCURVE_S1.);
#9093 = LINE('',#9094,#9095);
#9094 = CARTESIAN_POINT('',(32.3,-5.4,22.2));
#9095 = VECTOR('',#9096,1.);
#9096 = DIRECTION('',(0.,1.,0.));
#9097 = PCURVE('',#2598,#9098);
#9098 = DEFINITIONAL_REPRESENTATION('',(#9099),#9102);
#9099 = B_SPLINE_CURVE_WITH_KNOTS('',1,(#9100,#9101),.UNSPECIFIED.,.F.,
  .F.,(2,2),(-5.7,16.5),.PIECEWISE_BEZIER_KNOTS.);
#9100 = CARTESIAN_POINT('',(10.8,-19.2));
#9101 = CARTESIAN_POINT('',(33.,-19.2));
#9102 = ( GEOMETRIC_REPRESENTATION_CONTEXT(2) 
PARAMETRIC_REPRESENTATION_CONTEXT() REPRESENTATION_CONTEXT('2D SPACE',''
  ) );
#9103 = PCURVE('',#6054,#9104);
#9104 = DEFINITIONAL_REPRESENTATION('',(#9105),#9108);
#9105 = B_SPLINE_CURVE_WITH_KNOTS('',1,(#9106,#9107),.UNSPECIFIED.,.F.,
  .F.,(2,2),(-5.7,16.5),.PIECEWISE_BEZIER_KNOTS.);
#9106 = CARTESIAN_POINT('',(22.2,-2.4));
#9107 = CARTESIAN_POINT('',(0.,-2.4));
#9108 = ( GEOMETRIC_REPRESENTATION_CONTEXT(2) 
PARAMETRIC_REPRESENTATION_CONTEXT() REPRESENTATION_CONTEXT('2D SPACE',''
  ) );
#9109 = ORIENTED_EDGE('',*,*,#9110,.T.);
#9110 = EDGE_CURVE('',#9090,#9041,#9111,.T.);
#9111 = SURFACE_CURVE('',#9112,(#9117,#9128),.PCURVE_S1.);
#9112 = CIRCLE('',#9113,1.5);
#9113 = AXIS2_PLACEMENT_3D('',#9114,#9115,#9116);
#9114 = CARTESIAN_POINT('',(32.3,-11.1,20.7));
#9115 = DIRECTION('',(1.,0.,-0.));
#9116 = DIRECTION('',(0.,1.,0.));
#9117 = PCURVE('',#2598,#9118);
#9118 = DEFINITIONAL_REPRESENTATION('',(#9119),#9127);
#9119 = ( BOUNDED_CURVE() B_SPLINE_CURVE(2,(#9120,#9121,#9122,#9123,
#9124,#9125,#9126),.UNSPECIFIED.,.T.,.F.) B_SPLINE_CURVE_WITH_KNOTS((1,2
    ,2,2,2,1),(-2.094395102393,0.,2.094395102393,4.188790204786,
6.28318530718,8.377580409573),.UNSPECIFIED.) CURVE() 
GEOMETRIC_REPRESENTATION_ITEM() RATIONAL_B_SPLINE_CURVE((1.,0.5,1.,0.5,
1.,0.5,1.)) REPRESENTATION_ITEM('') );
#9120 = CARTESIAN_POINT('',(12.3,-17.7));
#9121 = CARTESIAN_POINT('',(12.3,-20.29807621135));
#9122 = CARTESIAN_POINT('',(10.05,-18.99903810567));
#9123 = CARTESIAN_POINT('',(7.8,-17.7));
#9124 = CARTESIAN_POINT('',(10.05,-16.40096189432));
#9125 = CARTESIAN_POINT('',(12.3,-15.10192378864));
#9126 = CARTESIAN_POINT('',(12.3,-17.7));
#9127 = ( GEOMETRIC_REPRESENTATION_CONTEXT(2) 
PARAMETRIC_REPRESENTATION_CONTEXT() REPRESENTATION_CONTEXT('2D SPACE',''
  ) );
#9128 = PCURVE('',#6084,#9129);
#9129 = DEFINITIONAL_REPRESENTATION('',(#9130),#9134);
#9130 = LINE('',#9131,#9132);
#9131 = CARTESIAN_POINT('',(-6.28318530718,-2.4));
#9132 = VECTOR('',#9133,1.);
#9133 = DIRECTION('',(1.,-0.));
#9134 = ( GEOMETRIC_REPRESENTATION_CONTEXT(2) 
PARAMETRIC_REPRESENTATION_CONTEXT() REPRESENTATION_CONTEXT('2D SPACE',''
  ) );
#9135 = ADVANCED_FACE('',(#9136),#2630,.F.);
#9136 = FACE_BOUND('',#9137,.T.);
#9137 = EDGE_LOOP('',(#9138,#9162,#9183,#9184,#9205,#9238,#9257,#9258));
#9138 = ORIENTED_EDGE('',*,*,#9139,.F.);
#9139 = EDGE_CURVE('',#9140,#8505,#9142,.T.);
#9140 = VERTEX_POINT('',#9141);
#9141 = CARTESIAN_POINT('',(26.5,-27.7,3.));
#9142 = SURFACE_CURVE('',#9143,(#9148,#9155),.PCURVE_S1.);
#9143 = CIRCLE('',#9144,5.8);
#9144 = AXIS2_PLACEMENT_3D('',#9145,#9146,#9147);
#9145 = CARTESIAN_POINT('',(26.5,-21.9,3.));
#9146 = DIRECTION('',(0.,0.,1.));
#9147 = DIRECTION('',(1.,0.,0.));
#9148 = PCURVE('',#2630,#9149);
#9149 = DEFINITIONAL_REPRESENTATION('',(#9150),#9154);
#9150 = LINE('',#9151,#9152);
#9151 = CARTESIAN_POINT('',(-0.,0.));
#9152 = VECTOR('',#9153,1.);
#9153 = DIRECTION('',(-1.,0.));
#9154 = ( GEOMETRIC_REPRESENTATION_CONTEXT(2) 
PARAMETRIC_REPRESENTATION_CONTEXT() REPRESENTATION_CONTEXT('2D SPACE',''
  ) );
#9155 = PCURVE('',#6138,#9156);
#9156 = DEFINITIONAL_REPRESENTATION('',(#9157),#9161);
#9157 = CIRCLE('',#9158,5.8);
#9158 = AXIS2_PLACEMENT_2D('',#9159,#9160);
#9159 = CARTESIAN_POINT('',(26.5,-21.9));
#9160 = DIRECTION('',(1.,0.));
#9161 = ( GEOMETRIC_REPRESENTATION_CONTEXT(2) 
PARAMETRIC_REPRESENTATION_CONTEXT() REPRESENTATION_CONTEXT('2D SPACE',''
  ) );
#9162 = ORIENTED_EDGE('',*,*,#9163,.T.);
#9163 = EDGE_CURVE('',#9140,#2676,#9164,.T.);
#9164 = SURFACE_CURVE('',#9165,(#9169,#9176),.PCURVE_S1.);
#9165 = LINE('',#9166,#9167);
#9166 = CARTESIAN_POINT('',(26.5,-27.7,3.));
#9167 = VECTOR('',#9168,1.);
#9168 = DIRECTION('',(0.,0.,1.));
#9169 = PCURVE('',#2630,#9170);
#9170 = DEFINITIONAL_REPRESENTATION('',(#9171),#9175);
#9171 = LINE('',#9172,#9173);
#9172 = CARTESIAN_POINT('',(-4.712388980385,0.));
#9173 = VECTOR('',#9174,1.);
#9174 = DIRECTION('',(-0.,-1.));
#9175 = ( GEOMETRIC_REPRESENTATION_CONTEXT(2) 
PARAMETRIC_REPRESENTATION_CONTEXT() REPRESENTATION_CONTEXT('2D SPACE',''
  ) );
#9176 = PCURVE('',#2719,#9177);
#9177 = DEFINITIONAL_REPRESENTATION('',(#9178),#9182);
#9178 = LINE('',#9179,#9180);
#9179 = CARTESIAN_POINT('',(53.,0.));
#9180 = VECTOR('',#9181,1.);
#9181 = DIRECTION('',(0.,-1.));
#9182 = ( GEOMETRIC_REPRESENTATION_CONTEXT(2) 
PARAMETRIC_REPRESENTATION_CONTEXT() REPRESENTATION_CONTEXT('2D SPACE',''
  ) );
#9183 = ORIENTED_EDGE('',*,*,#2675,.F.);
#9184 = ORIENTED_EDGE('',*,*,#9185,.T.);
#9185 = EDGE_CURVE('',#2643,#9186,#9188,.T.);
#9186 = VERTEX_POINT('',#9187);
#9187 = CARTESIAN_POINT('',(27.541004515076,-27.60581366674,72.25));
#9188 = SURFACE_CURVE('',#9189,(#9193,#9199),.PCURVE_S1.);
#9189 = LINE('',#9190,#9191);
#9190 = CARTESIAN_POINT('',(27.541004515075,-27.60581366674,3.));
#9191 = VECTOR('',#9192,1.);
#9192 = DIRECTION('',(-0.,-0.,-1.));
#9193 = PCURVE('',#2630,#9194);
#9194 = DEFINITIONAL_REPRESENTATION('',(#9195),#9198);
#9195 = B_SPLINE_CURVE_WITH_KNOTS('',1,(#9196,#9197),.UNSPECIFIED.,.F.,
  .F.,(2,2),(-74.4000006,-69.2499994),.PIECEWISE_BEZIER_KNOTS.);
#9196 = CARTESIAN_POINT('',(-4.892850418249,-74.4000006));
#9197 = CARTESIAN_POINT('',(-4.892850418249,-69.2499994));
#9198 = ( GEOMETRIC_REPRESENTATION_CONTEXT(2) 
PARAMETRIC_REPRESENTATION_CONTEXT() REPRESENTATION_CONTEXT('2D SPACE',''
  ) );
#9199 = PCURVE('',#2663,#9200);
#9200 = DEFINITIONAL_REPRESENTATION('',(#9201),#9204);
#9201 = B_SPLINE_CURVE_WITH_KNOTS('',1,(#9202,#9203),.UNSPECIFIED.,.F.,
  .F.,(2,2),(-74.4000006,-69.2499994),.PIECEWISE_BEZIER_KNOTS.);
#9202 = CARTESIAN_POINT('',(-4.826030502734,-5.1500006));
#9203 = CARTESIAN_POINT('',(-4.826030502734,6.000000070117E-07));
#9204 = ( GEOMETRIC_REPRESENTATION_CONTEXT(2) 
PARAMETRIC_REPRESENTATION_CONTEXT() REPRESENTATION_CONTEXT('2D SPACE',''
  ) );
#9205 = ORIENTED_EDGE('',*,*,#9206,.F.);
#9206 = EDGE_CURVE('',#9207,#9186,#9209,.T.);
#9207 = VERTEX_POINT('',#9208);
#9208 = CARTESIAN_POINT('',(32.205813666743,-22.94100451507,72.25));
#9209 = SURFACE_CURVE('',#9210,(#9215,#9222),.PCURVE_S1.);
#9210 = CIRCLE('',#9211,5.8);
#9211 = AXIS2_PLACEMENT_3D('',#9212,#9213,#9214);
#9212 = CARTESIAN_POINT('',(26.5,-21.9,72.25));
#9213 = DIRECTION('',(0.,0.,-1.));
#9214 = DIRECTION('',(1.,0.,0.));
#9215 = PCURVE('',#2630,#9216);
#9216 = DEFINITIONAL_REPRESENTATION('',(#9217),#9221);
#9217 = LINE('',#9218,#9219);
#9218 = CARTESIAN_POINT('',(-6.28318530718,-69.25));
#9219 = VECTOR('',#9220,1.);
#9220 = DIRECTION('',(1.,-0.));
#9221 = ( GEOMETRIC_REPRESENTATION_CONTEXT(2) 
PARAMETRIC_REPRESENTATION_CONTEXT() REPRESENTATION_CONTEXT('2D SPACE',''
  ) );
#9222 = PCURVE('',#9223,#9228);
#9223 = PLANE('',#9224);
#9224 = AXIS2_PLACEMENT_3D('',#9225,#9226,#9227);
#9225 = CARTESIAN_POINT('',(0.,0.,72.25));
#9226 = DIRECTION('',(0.,0.,1.));
#9227 = DIRECTION('',(1.,0.,0.));
#9228 = DEFINITIONAL_REPRESENTATION('',(#9229),#9237);
#9229 = ( BOUNDED_CURVE() B_SPLINE_CURVE(2,(#9230,#9231,#9232,#9233,
#9234,#9235,#9236),.UNSPECIFIED.,.T.,.F.) B_SPLINE_CURVE_WITH_KNOTS((1,2
    ,2,2,2,1),(-2.094395102393,0.,2.094395102393,4.188790204786,
6.28318530718,8.377580409573),.UNSPECIFIED.) CURVE() 
GEOMETRIC_REPRESENTATION_ITEM() RATIONAL_B_SPLINE_CURVE((1.,0.5,1.,0.5,
1.,0.5,1.)) REPRESENTATION_ITEM('') );
#9230 = CARTESIAN_POINT('',(32.3,-21.9));
#9231 = CARTESIAN_POINT('',(32.3,-31.94589468389));
#9232 = CARTESIAN_POINT('',(23.6,-26.92294734195));
#9233 = CARTESIAN_POINT('',(14.9,-21.9));
#9234 = CARTESIAN_POINT('',(23.6,-16.87705265805));
#9235 = CARTESIAN_POINT('',(32.3,-11.8541053161));
#9236 = CARTESIAN_POINT('',(32.3,-21.9));
#9237 = ( GEOMETRIC_REPRESENTATION_CONTEXT(2) 
PARAMETRIC_REPRESENTATION_CONTEXT() REPRESENTATION_CONTEXT('2D SPACE',''
  ) );
#9238 = ORIENTED_EDGE('',*,*,#9239,.F.);
#9239 = EDGE_CURVE('',#2610,#9207,#9240,.T.);
#9240 = SURFACE_CURVE('',#9241,(#9245,#9251),.PCURVE_S1.);
#9241 = LINE('',#9242,#9243);
#9242 = CARTESIAN_POINT('',(32.205813666743,-22.94100451507,3.));
#9243 = VECTOR('',#9244,1.);
#9244 = DIRECTION('',(-0.,-0.,-1.));
#9245 = PCURVE('',#2630,#9246);
#9246 = DEFINITIONAL_REPRESENTATION('',(#9247),#9250);
#9247 = B_SPLINE_CURVE_WITH_KNOTS('',1,(#9248,#9249),.UNSPECIFIED.,.F.,
  .F.,(2,2),(-74.4000006,-69.2499994),.PIECEWISE_BEZIER_KNOTS.);
#9248 = CARTESIAN_POINT('',(-6.102723869316,-74.4000006));
#9249 = CARTESIAN_POINT('',(-6.102723869316,-69.2499994));
#9250 = ( GEOMETRIC_REPRESENTATION_CONTEXT(2) 
PARAMETRIC_REPRESENTATION_CONTEXT() REPRESENTATION_CONTEXT('2D SPACE',''
  ) );
#9251 = PCURVE('',#2663,#9252);
#9252 = DEFINITIONAL_REPRESENTATION('',(#9253),#9256);
#9253 = B_SPLINE_CURVE_WITH_KNOTS('',1,(#9254,#9255),.UNSPECIFIED.,.F.,
  .F.,(2,2),(-74.4000006,-69.2499994),.PIECEWISE_BEZIER_KNOTS.);
#9254 = CARTESIAN_POINT('',(-6.16954378483,-5.1500006));
#9255 = CARTESIAN_POINT('',(-6.16954378483,6.000000070117E-07));
#9256 = ( GEOMETRIC_REPRESENTATION_CONTEXT(2) 
PARAMETRIC_REPRESENTATION_CONTEXT() REPRESENTATION_CONTEXT('2D SPACE',''
  ) );
#9257 = ORIENTED_EDGE('',*,*,#2609,.F.);
#9258 = ORIENTED_EDGE('',*,*,#8527,.F.);
#9259 = ADVANCED_FACE('',(#9260),#2663,.F.);
#9260 = FACE_BOUND('',#9261,.T.);
#9261 = EDGE_LOOP('',(#9262,#9284,#9285,#9286));
#9262 = ORIENTED_EDGE('',*,*,#9263,.F.);
#9263 = EDGE_CURVE('',#9186,#9207,#9264,.T.);
#9264 = SURFACE_CURVE('',#9265,(#9270,#9277),.PCURVE_S1.);
#9265 = CIRCLE('',#9266,5.3);
#9266 = AXIS2_PLACEMENT_3D('',#9267,#9268,#9269);
#9267 = CARTESIAN_POINT('',(26.94,-22.34,72.25));
#9268 = DIRECTION('',(0.,0.,1.));
#9269 = DIRECTION('',(1.,0.,0.));
#9270 = PCURVE('',#2663,#9271);
#9271 = DEFINITIONAL_REPRESENTATION('',(#9272),#9276);
#9272 = LINE('',#9273,#9274);
#9273 = CARTESIAN_POINT('',(-0.,0.));
#9274 = VECTOR('',#9275,1.);
#9275 = DIRECTION('',(-1.,0.));
#9276 = ( GEOMETRIC_REPRESENTATION_CONTEXT(2) 
PARAMETRIC_REPRESENTATION_CONTEXT() REPRESENTATION_CONTEXT('2D SPACE',''
  ) );
#9277 = PCURVE('',#9223,#9278);
#9278 = DEFINITIONAL_REPRESENTATION('',(#9279),#9283);
#9279 = CIRCLE('',#9280,5.3);
#9280 = AXIS2_PLACEMENT_2D('',#9281,#9282);
#9281 = CARTESIAN_POINT('',(26.94,-22.34));
#9282 = DIRECTION('',(1.,0.));
#9283 = ( GEOMETRIC_REPRESENTATION_CONTEXT(2) 
PARAMETRIC_REPRESENTATION_CONTEXT() REPRESENTATION_CONTEXT('2D SPACE',''
  ) );
#9284 = ORIENTED_EDGE('',*,*,#9185,.F.);
#9285 = ORIENTED_EDGE('',*,*,#2642,.F.);
#9286 = ORIENTED_EDGE('',*,*,#9239,.T.);
#9287 = ADVANCED_FACE('',(#9288,#9336),#2719,.T.);
#9288 = FACE_BOUND('',#9289,.T.);
#9289 = EDGE_LOOP('',(#9290,#9313,#9334,#9335));
#9290 = ORIENTED_EDGE('',*,*,#9291,.F.);
#9291 = EDGE_CURVE('',#9292,#9140,#9294,.T.);
#9292 = VERTEX_POINT('',#9293);
#9293 = CARTESIAN_POINT('',(-26.5,-27.7,3.));
#9294 = SURFACE_CURVE('',#9295,(#9299,#9306),.PCURVE_S1.);
#9295 = LINE('',#9296,#9297);
#9296 = CARTESIAN_POINT('',(0.,-27.7,3.));
#9297 = VECTOR('',#9298,1.);
#9298 = DIRECTION('',(1.,0.,0.));
#9299 = PCURVE('',#2719,#9300);
#9300 = DEFINITIONAL_REPRESENTATION('',(#9301),#9305);
#9301 = LINE('',#9302,#9303);
#9302 = CARTESIAN_POINT('',(26.5,0.));
#9303 = VECTOR('',#9304,1.);
#9304 = DIRECTION('',(1.,0.));
#9305 = ( GEOMETRIC_REPRESENTATION_CONTEXT(2) 
PARAMETRIC_REPRESENTATION_CONTEXT() REPRESENTATION_CONTEXT('2D SPACE',''
  ) );
#9306 = PCURVE('',#6138,#9307);
#9307 = DEFINITIONAL_REPRESENTATION('',(#9308),#9312);
#9308 = LINE('',#9309,#9310);
#9309 = CARTESIAN_POINT('',(0.,-27.7));
#9310 = VECTOR('',#9311,1.);
#9311 = DIRECTION('',(1.,0.));
#9312 = ( GEOMETRIC_REPRESENTATION_CONTEXT(2) 
PARAMETRIC_REPRESENTATION_CONTEXT() REPRESENTATION_CONTEXT('2D SPACE',''
  ) );
#9313 = ORIENTED_EDGE('',*,*,#9314,.T.);
#9314 = EDGE_CURVE('',#9292,#2704,#9315,.T.);
#9315 = SURFACE_CURVE('',#9316,(#9320,#9327),.PCURVE_S1.);
#9316 = LINE('',#9317,#9318);
#9317 = CARTESIAN_POINT('',(-26.5,-27.7,3.));
#9318 = VECTOR('',#9319,1.);
#9319 = DIRECTION('',(0.,0.,1.));
#9320 = PCURVE('',#2719,#9321);
#9321 = DEFINITIONAL_REPRESENTATION('',(#9322),#9326);
#9322 = LINE('',#9323,#9324);
#9323 = CARTESIAN_POINT('',(0.,0.));
#9324 = VECTOR('',#9325,1.);
#9325 = DIRECTION('',(0.,-1.));
#9326 = ( GEOMETRIC_REPRESENTATION_CONTEXT(2) 
PARAMETRIC_REPRESENTATION_CONTEXT() REPRESENTATION_CONTEXT('2D SPACE',''
  ) );
#9327 = PCURVE('',#2751,#9328);
#9328 = DEFINITIONAL_REPRESENTATION('',(#9329),#9333);
#9329 = LINE('',#9330,#9331);
#9330 = CARTESIAN_POINT('',(-4.712388980385,0.));
#9331 = VECTOR('',#9332,1.);
#9332 = DIRECTION('',(-0.,-1.));
#9333 = ( GEOMETRIC_REPRESENTATION_CONTEXT(2) 
PARAMETRIC_REPRESENTATION_CONTEXT() REPRESENTATION_CONTEXT('2D SPACE',''
  ) );
#9334 = ORIENTED_EDGE('',*,*,#2703,.F.);
#9335 = ORIENTED_EDGE('',*,*,#9163,.F.);
#9336 = FACE_BOUND('',#9337,.T.);
#9337 = EDGE_LOOP('',(#9338,#9361,#9382,#9403));
#9338 = ORIENTED_EDGE('',*,*,#9339,.F.);
#9339 = EDGE_CURVE('',#9340,#9342,#9344,.T.);
#9340 = VERTEX_POINT('',#9341);
#9341 = CARTESIAN_POINT('',(-15.875,-27.7,62.7));
#9342 = VERTEX_POINT('',#9343);
#9343 = CARTESIAN_POINT('',(15.875,-27.7,62.7));
#9344 = SURFACE_CURVE('',#9345,(#9349,#9355),.PCURVE_S1.);
#9345 = LINE('',#9346,#9347);
#9346 = CARTESIAN_POINT('',(-21.1875,-27.7,62.7));
#9347 = VECTOR('',#9348,1.);
#9348 = DIRECTION('',(1.,0.,0.));
#9349 = PCURVE('',#2719,#9350);
#9350 = DEFINITIONAL_REPRESENTATION('',(#9351),#9354);
#9351 = B_SPLINE_CURVE_WITH_KNOTS('',1,(#9352,#9353),.UNSPECIFIED.,.F.,
  .F.,(2,2),(5.3125,37.0625),.PIECEWISE_BEZIER_KNOTS.);
#9352 = CARTESIAN_POINT('',(10.625,-59.7));
#9353 = CARTESIAN_POINT('',(42.375,-59.7));
#9354 = ( GEOMETRIC_REPRESENTATION_CONTEXT(2) 
PARAMETRIC_REPRESENTATION_CONTEXT() REPRESENTATION_CONTEXT('2D SPACE',''
  ) );
#9355 = PCURVE('',#2895,#9356);
#9356 = DEFINITIONAL_REPRESENTATION('',(#9357),#9360);
#9357 = B_SPLINE_CURVE_WITH_KNOTS('',1,(#9358,#9359),.UNSPECIFIED.,.F.,
  .F.,(2,2),(5.3125,37.0625),.PIECEWISE_BEZIER_KNOTS.);
#9358 = CARTESIAN_POINT('',(0.,2.4));
#9359 = CARTESIAN_POINT('',(31.75,2.4));
#9360 = ( GEOMETRIC_REPRESENTATION_CONTEXT(2) 
PARAMETRIC_REPRESENTATION_CONTEXT() REPRESENTATION_CONTEXT('2D SPACE',''
  ) );
#9361 = ORIENTED_EDGE('',*,*,#9362,.T.);
#9362 = EDGE_CURVE('',#9340,#9363,#9365,.T.);
#9363 = VERTEX_POINT('',#9364);
#9364 = CARTESIAN_POINT('',(-15.875,-27.7,37.3));
#9365 = SURFACE_CURVE('',#9366,(#9370,#9376),.PCURVE_S1.);
#9366 = LINE('',#9367,#9368);
#9367 = CARTESIAN_POINT('',(-15.875,-27.7,20.15));
#9368 = VECTOR('',#9369,1.);
#9369 = DIRECTION('',(0.,0.,-1.));
#9370 = PCURVE('',#2719,#9371);
#9371 = DEFINITIONAL_REPRESENTATION('',(#9372),#9375);
#9372 = B_SPLINE_CURVE_WITH_KNOTS('',1,(#9373,#9374),.UNSPECIFIED.,.F.,
  .F.,(2,2),(-42.55,-17.15),.PIECEWISE_BEZIER_KNOTS.);
#9373 = CARTESIAN_POINT('',(10.625,-59.7));
#9374 = CARTESIAN_POINT('',(10.625,-34.3));
#9375 = ( GEOMETRIC_REPRESENTATION_CONTEXT(2) 
PARAMETRIC_REPRESENTATION_CONTEXT() REPRESENTATION_CONTEXT('2D SPACE',''
  ) );
#9376 = PCURVE('',#2921,#9377);
#9377 = DEFINITIONAL_REPRESENTATION('',(#9378),#9381);
#9378 = B_SPLINE_CURVE_WITH_KNOTS('',1,(#9379,#9380),.UNSPECIFIED.,.F.,
  .F.,(2,2),(-42.55,-17.15),.PIECEWISE_BEZIER_KNOTS.);
#9379 = CARTESIAN_POINT('',(25.4,-2.4));
#9380 = CARTESIAN_POINT('',(0.,-2.4));
#9381 = ( GEOMETRIC_REPRESENTATION_CONTEXT(2) 
PARAMETRIC_REPRESENTATION_CONTEXT() REPRESENTATION_CONTEXT('2D SPACE',''
  ) );
#9382 = ORIENTED_EDGE('',*,*,#9383,.T.);
#9383 = EDGE_CURVE('',#9363,#9384,#9386,.T.);
#9384 = VERTEX_POINT('',#9385);
#9385 = CARTESIAN_POINT('',(15.875,-27.7,37.3));
#9386 = SURFACE_CURVE('',#9387,(#9391,#9397),.PCURVE_S1.);
#9387 = LINE('',#9388,#9389);
#9388 = CARTESIAN_POINT('',(-21.1875,-27.7,37.3));
#9389 = VECTOR('',#9390,1.);
#9390 = DIRECTION('',(1.,0.,0.));
#9391 = PCURVE('',#2719,#9392);
#9392 = DEFINITIONAL_REPRESENTATION('',(#9393),#9396);
#9393 = B_SPLINE_CURVE_WITH_KNOTS('',1,(#9394,#9395),.UNSPECIFIED.,.F.,
  .F.,(2,2),(5.3125,37.0625),.PIECEWISE_BEZIER_KNOTS.);
#9394 = CARTESIAN_POINT('',(10.625,-34.3));
#9395 = CARTESIAN_POINT('',(42.375,-34.3));
#9396 = ( GEOMETRIC_REPRESENTATION_CONTEXT(2) 
PARAMETRIC_REPRESENTATION_CONTEXT() REPRESENTATION_CONTEXT('2D SPACE',''
  ) );
#9397 = PCURVE('',#2947,#9398);
#9398 = DEFINITIONAL_REPRESENTATION('',(#9399),#9402);
#9399 = B_SPLINE_CURVE_WITH_KNOTS('',1,(#9400,#9401),.UNSPECIFIED.,.F.,
  .F.,(2,2),(5.3125,37.0625),.PIECEWISE_BEZIER_KNOTS.);
#9400 = CARTESIAN_POINT('',(0.,2.4));
#9401 = CARTESIAN_POINT('',(31.75,2.4));
#9402 = ( GEOMETRIC_REPRESENTATION_CONTEXT(2) 
PARAMETRIC_REPRESENTATION_CONTEXT() REPRESENTATION_CONTEXT('2D SPACE',''
  ) );
#9403 = ORIENTED_EDGE('',*,*,#9404,.F.);
#9404 = EDGE_CURVE('',#9342,#9384,#9405,.T.);
#9405 = SURFACE_CURVE('',#9406,(#9410,#9416),.PCURVE_S1.);
#9406 = LINE('',#9407,#9408);
#9407 = CARTESIAN_POINT('',(15.875,-27.7,20.15));
#9408 = VECTOR('',#9409,1.);
#9409 = DIRECTION('',(0.,0.,-1.));
#9410 = PCURVE('',#2719,#9411);
#9411 = DEFINITIONAL_REPRESENTATION('',(#9412),#9415);
#9412 = B_SPLINE_CURVE_WITH_KNOTS('',1,(#9413,#9414),.UNSPECIFIED.,.F.,
  .F.,(2,2),(-42.55,-17.15),.PIECEWISE_BEZIER_KNOTS.);
#9413 = CARTESIAN_POINT('',(42.375,-59.7));
#9414 = CARTESIAN_POINT('',(42.375,-34.3));
#9415 = ( GEOMETRIC_REPRESENTATION_CONTEXT(2) 
PARAMETRIC_REPRESENTATION_CONTEXT() REPRESENTATION_CONTEXT('2D SPACE',''
  ) );
#9416 = PCURVE('',#2971,#9417);
#9417 = DEFINITIONAL_REPRESENTATION('',(#9418),#9421);
#9418 = B_SPLINE_CURVE_WITH_KNOTS('',1,(#9419,#9420),.UNSPECIFIED.,.F.,
  .F.,(2,2),(-42.55,-17.15),.PIECEWISE_BEZIER_KNOTS.);
#9419 = CARTESIAN_POINT('',(25.4,-2.4));
#9420 = CARTESIAN_POINT('',(0.,-2.4));
#9421 = ( GEOMETRIC_REPRESENTATION_CONTEXT(2) 
PARAMETRIC_REPRESENTATION_CONTEXT() REPRESENTATION_CONTEXT('2D SPACE',''
  ) );
#9422 = ADVANCED_FACE('',(#9423),#2751,.F.);
#9423 = FACE_BOUND('',#9424,.T.);
#9424 = EDGE_LOOP('',(#9425,#9447,#9448,#9449,#9470,#9503,#9522,#9523));
#9425 = ORIENTED_EDGE('',*,*,#9426,.F.);
#9426 = EDGE_CURVE('',#6976,#9292,#9427,.T.);
#9427 = SURFACE_CURVE('',#9428,(#9433,#9440),.PCURVE_S1.);
#9428 = CIRCLE('',#9429,5.8);
#9429 = AXIS2_PLACEMENT_3D('',#9430,#9431,#9432);
#9430 = CARTESIAN_POINT('',(-26.5,-21.9,3.));
#9431 = DIRECTION('',(0.,0.,1.));
#9432 = DIRECTION('',(1.,0.,0.));
#9433 = PCURVE('',#2751,#9434);
#9434 = DEFINITIONAL_REPRESENTATION('',(#9435),#9439);
#9435 = LINE('',#9436,#9437);
#9436 = CARTESIAN_POINT('',(-0.,0.));
#9437 = VECTOR('',#9438,1.);
#9438 = DIRECTION('',(-1.,0.));
#9439 = ( GEOMETRIC_REPRESENTATION_CONTEXT(2) 
PARAMETRIC_REPRESENTATION_CONTEXT() REPRESENTATION_CONTEXT('2D SPACE',''
  ) );
#9440 = PCURVE('',#6138,#9441);
#9441 = DEFINITIONAL_REPRESENTATION('',(#9442),#9446);
#9442 = CIRCLE('',#9443,5.8);
#9443 = AXIS2_PLACEMENT_2D('',#9444,#9445);
#9444 = CARTESIAN_POINT('',(-26.5,-21.9));
#9445 = DIRECTION('',(1.,0.));
#9446 = ( GEOMETRIC_REPRESENTATION_CONTEXT(2) 
PARAMETRIC_REPRESENTATION_CONTEXT() REPRESENTATION_CONTEXT('2D SPACE',''
  ) );
#9447 = ORIENTED_EDGE('',*,*,#7000,.T.);
#9448 = ORIENTED_EDGE('',*,*,#2796,.F.);
#9449 = ORIENTED_EDGE('',*,*,#9450,.T.);
#9450 = EDGE_CURVE('',#2764,#9451,#9453,.T.);
#9451 = VERTEX_POINT('',#9452);
#9452 = CARTESIAN_POINT('',(-32.20581366674,-22.94100451507,72.25));
#9453 = SURFACE_CURVE('',#9454,(#9458,#9464),.PCURVE_S1.);
#9454 = LINE('',#9455,#9456);
#9455 = CARTESIAN_POINT('',(-32.20581366674,-22.94100451507,3.));
#9456 = VECTOR('',#9457,1.);
#9457 = DIRECTION('',(-0.,-0.,-1.));
#9458 = PCURVE('',#2751,#9459);
#9459 = DEFINITIONAL_REPRESENTATION('',(#9460),#9463);
#9460 = B_SPLINE_CURVE_WITH_KNOTS('',1,(#9461,#9462),.UNSPECIFIED.,.F.,
  .F.,(2,2),(-74.4000006,-69.2499994),.PIECEWISE_BEZIER_KNOTS.);
#9461 = CARTESIAN_POINT('',(-3.322054091454,-74.4000006));
#9462 = CARTESIAN_POINT('',(-3.322054091454,-69.2499994));
#9463 = ( GEOMETRIC_REPRESENTATION_CONTEXT(2) 
PARAMETRIC_REPRESENTATION_CONTEXT() REPRESENTATION_CONTEXT('2D SPACE',''
  ) );
#9464 = PCURVE('',#2784,#9465);
#9465 = DEFINITIONAL_REPRESENTATION('',(#9466),#9469);
#9466 = B_SPLINE_CURVE_WITH_KNOTS('',1,(#9467,#9468),.UNSPECIFIED.,.F.,
  .F.,(2,2),(-74.4000006,-69.2499994),.PIECEWISE_BEZIER_KNOTS.);
#9467 = CARTESIAN_POINT('',(-3.255234175939,-5.1500006));
#9468 = CARTESIAN_POINT('',(-3.255234175939,6.000000070117E-07));
#9469 = ( GEOMETRIC_REPRESENTATION_CONTEXT(2) 
PARAMETRIC_REPRESENTATION_CONTEXT() REPRESENTATION_CONTEXT('2D SPACE',''
  ) );
#9470 = ORIENTED_EDGE('',*,*,#9471,.F.);
#9471 = EDGE_CURVE('',#9472,#9451,#9474,.T.);
#9472 = VERTEX_POINT('',#9473);
#9473 = CARTESIAN_POINT('',(-27.54100451507,-27.60581366674,72.25));
#9474 = SURFACE_CURVE('',#9475,(#9480,#9487),.PCURVE_S1.);
#9475 = CIRCLE('',#9476,5.8);
#9476 = AXIS2_PLACEMENT_3D('',#9477,#9478,#9479);
#9477 = CARTESIAN_POINT('',(-26.5,-21.9,72.25));
#9478 = DIRECTION('',(0.,0.,-1.));
#9479 = DIRECTION('',(1.,0.,0.));
#9480 = PCURVE('',#2751,#9481);
#9481 = DEFINITIONAL_REPRESENTATION('',(#9482),#9486);
#9482 = LINE('',#9483,#9484);
#9483 = CARTESIAN_POINT('',(-6.28318530718,-69.25));
#9484 = VECTOR('',#9485,1.);
#9485 = DIRECTION('',(1.,-0.));
#9486 = ( GEOMETRIC_REPRESENTATION_CONTEXT(2) 
PARAMETRIC_REPRESENTATION_CONTEXT() REPRESENTATION_CONTEXT('2D SPACE',''
  ) );
#9487 = PCURVE('',#9488,#9493);
#9488 = PLANE('',#9489);
#9489 = AXIS2_PLACEMENT_3D('',#9490,#9491,#9492);
#9490 = CARTESIAN_POINT('',(0.,0.,72.25));
#9491 = DIRECTION('',(0.,0.,1.));
#9492 = DIRECTION('',(1.,0.,0.));
#9493 = DEFINITIONAL_REPRESENTATION('',(#9494),#9502);
#9494 = ( BOUNDED_CURVE() B_SPLINE_CURVE(2,(#9495,#9496,#9497,#9498,
#9499,#9500,#9501),.UNSPECIFIED.,.T.,.F.) B_SPLINE_CURVE_WITH_KNOTS((1,2
    ,2,2,2,1),(-2.094395102393,0.,2.094395102393,4.188790204786,
6.28318530718,8.377580409573),.UNSPECIFIED.) CURVE() 
GEOMETRIC_REPRESENTATION_ITEM() RATIONAL_B_SPLINE_CURVE((1.,0.5,1.,0.5,
1.,0.5,1.)) REPRESENTATION_ITEM('') );
#9495 = CARTESIAN_POINT('',(-20.7,-21.9));
#9496 = CARTESIAN_POINT('',(-20.7,-31.94589468389));
#9497 = CARTESIAN_POINT('',(-29.4,-26.92294734195));
#9498 = CARTESIAN_POINT('',(-38.1,-21.9));
#9499 = CARTESIAN_POINT('',(-29.4,-16.87705265805));
#9500 = CARTESIAN_POINT('',(-20.7,-11.8541053161));
#9501 = CARTESIAN_POINT('',(-20.7,-21.9));
#9502 = ( GEOMETRIC_REPRESENTATION_CONTEXT(2) 
PARAMETRIC_REPRESENTATION_CONTEXT() REPRESENTATION_CONTEXT('2D SPACE',''
  ) );
#9503 = ORIENTED_EDGE('',*,*,#9504,.F.);
#9504 = EDGE_CURVE('',#2731,#9472,#9505,.T.);
#9505 = SURFACE_CURVE('',#9506,(#9510,#9516),.PCURVE_S1.);
#9506 = LINE('',#9507,#9508);
#9507 = CARTESIAN_POINT('',(-27.54100451507,-27.60581366674,3.));
#9508 = VECTOR('',#9509,1.);
#9509 = DIRECTION('',(-0.,-0.,-1.));
#9510 = PCURVE('',#2751,#9511);
#9511 = DEFINITIONAL_REPRESENTATION('',(#9512),#9515);
#9512 = B_SPLINE_CURVE_WITH_KNOTS('',1,(#9513,#9514),.UNSPECIFIED.,.F.,
  .F.,(2,2),(-74.4000006,-69.2499994),.PIECEWISE_BEZIER_KNOTS.);
#9513 = CARTESIAN_POINT('',(-4.531927542521,-74.4000006));
#9514 = CARTESIAN_POINT('',(-4.531927542521,-69.2499994));
#9515 = ( GEOMETRIC_REPRESENTATION_CONTEXT(2) 
PARAMETRIC_REPRESENTATION_CONTEXT() REPRESENTATION_CONTEXT('2D SPACE',''
  ) );
#9516 = PCURVE('',#2784,#9517);
#9517 = DEFINITIONAL_REPRESENTATION('',(#9518),#9521);
#9518 = B_SPLINE_CURVE_WITH_KNOTS('',1,(#9519,#9520),.UNSPECIFIED.,.F.,
  .F.,(2,2),(-74.4000006,-69.2499994),.PIECEWISE_BEZIER_KNOTS.);
#9519 = CARTESIAN_POINT('',(-4.598747458035,-5.1500006));
#9520 = CARTESIAN_POINT('',(-4.598747458035,6.000000070117E-07));
#9521 = ( GEOMETRIC_REPRESENTATION_CONTEXT(2) 
PARAMETRIC_REPRESENTATION_CONTEXT() REPRESENTATION_CONTEXT('2D SPACE',''
  ) );
#9522 = ORIENTED_EDGE('',*,*,#2730,.F.);
#9523 = ORIENTED_EDGE('',*,*,#9314,.F.);
#9524 = ADVANCED_FACE('',(#9525),#2784,.F.);
#9525 = FACE_BOUND('',#9526,.T.);
#9526 = EDGE_LOOP('',(#9527,#9549,#9550,#9551));
#9527 = ORIENTED_EDGE('',*,*,#9528,.F.);
#9528 = EDGE_CURVE('',#9451,#9472,#9529,.T.);
#9529 = SURFACE_CURVE('',#9530,(#9535,#9542),.PCURVE_S1.);
#9530 = CIRCLE('',#9531,5.3);
#9531 = AXIS2_PLACEMENT_3D('',#9532,#9533,#9534);
#9532 = CARTESIAN_POINT('',(-26.94,-22.34,72.25));
#9533 = DIRECTION('',(0.,0.,1.));
#9534 = DIRECTION('',(1.,0.,0.));
#9535 = PCURVE('',#2784,#9536);
#9536 = DEFINITIONAL_REPRESENTATION('',(#9537),#9541);
#9537 = LINE('',#9538,#9539);
#9538 = CARTESIAN_POINT('',(-0.,0.));
#9539 = VECTOR('',#9540,1.);
#9540 = DIRECTION('',(-1.,0.));
#9541 = ( GEOMETRIC_REPRESENTATION_CONTEXT(2) 
PARAMETRIC_REPRESENTATION_CONTEXT() REPRESENTATION_CONTEXT('2D SPACE',''
  ) );
#9542 = PCURVE('',#9488,#9543);
#9543 = DEFINITIONAL_REPRESENTATION('',(#9544),#9548);
#9544 = CIRCLE('',#9545,5.3);
#9545 = AXIS2_PLACEMENT_2D('',#9546,#9547);
#9546 = CARTESIAN_POINT('',(-26.94,-22.34));
#9547 = DIRECTION('',(1.,0.));
#9548 = ( GEOMETRIC_REPRESENTATION_CONTEXT(2) 
PARAMETRIC_REPRESENTATION_CONTEXT() REPRESENTATION_CONTEXT('2D SPACE',''
  ) );
#9549 = ORIENTED_EDGE('',*,*,#9450,.F.);
#9550 = ORIENTED_EDGE('',*,*,#2763,.F.);
#9551 = ORIENTED_EDGE('',*,*,#9504,.T.);
#9552 = ADVANCED_FACE('',(#9553),#2895,.F.);
#9553 = FACE_BOUND('',#9554,.F.);
#9554 = EDGE_LOOP('',(#9555,#9576,#9577,#9598));
#9555 = ORIENTED_EDGE('',*,*,#9556,.F.);
#9556 = EDGE_CURVE('',#2879,#9340,#9557,.T.);
#9557 = SURFACE_CURVE('',#9558,(#9562,#9569),.PCURVE_S1.);
#9558 = LINE('',#9559,#9560);
#9559 = CARTESIAN_POINT('',(-15.875,-30.1,62.7));
#9560 = VECTOR('',#9561,1.);
#9561 = DIRECTION('',(0.,1.,0.));
#9562 = PCURVE('',#2895,#9563);
#9563 = DEFINITIONAL_REPRESENTATION('',(#9564),#9568);
#9564 = LINE('',#9565,#9566);
#9565 = CARTESIAN_POINT('',(0.,0.));
#9566 = VECTOR('',#9567,1.);
#9567 = DIRECTION('',(0.,1.));
#9568 = ( GEOMETRIC_REPRESENTATION_CONTEXT(2) 
PARAMETRIC_REPRESENTATION_CONTEXT() REPRESENTATION_CONTEXT('2D SPACE',''
  ) );
#9569 = PCURVE('',#2921,#9570);
#9570 = DEFINITIONAL_REPRESENTATION('',(#9571),#9575);
#9571 = LINE('',#9572,#9573);
#9572 = CARTESIAN_POINT('',(25.4,0.));
#9573 = VECTOR('',#9574,1.);
#9574 = DIRECTION('',(0.,-1.));
#9575 = ( GEOMETRIC_REPRESENTATION_CONTEXT(2) 
PARAMETRIC_REPRESENTATION_CONTEXT() REPRESENTATION_CONTEXT('2D SPACE',''
  ) );
#9576 = ORIENTED_EDGE('',*,*,#2878,.T.);
#9577 = ORIENTED_EDGE('',*,*,#9578,.T.);
#9578 = EDGE_CURVE('',#2881,#9342,#9579,.T.);
#9579 = SURFACE_CURVE('',#9580,(#9584,#9591),.PCURVE_S1.);
#9580 = LINE('',#9581,#9582);
#9581 = CARTESIAN_POINT('',(15.875,-30.1,62.7));
#9582 = VECTOR('',#9583,1.);
#9583 = DIRECTION('',(0.,1.,0.));
#9584 = PCURVE('',#2895,#9585);
#9585 = DEFINITIONAL_REPRESENTATION('',(#9586),#9590);
#9586 = LINE('',#9587,#9588);
#9587 = CARTESIAN_POINT('',(31.75,0.));
#9588 = VECTOR('',#9589,1.);
#9589 = DIRECTION('',(0.,1.));
#9590 = ( GEOMETRIC_REPRESENTATION_CONTEXT(2) 
PARAMETRIC_REPRESENTATION_CONTEXT() REPRESENTATION_CONTEXT('2D SPACE',''
  ) );
#9591 = PCURVE('',#2971,#9592);
#9592 = DEFINITIONAL_REPRESENTATION('',(#9593),#9597);
#9593 = LINE('',#9594,#9595);
#9594 = CARTESIAN_POINT('',(25.4,0.));
#9595 = VECTOR('',#9596,1.);
#9596 = DIRECTION('',(0.,-1.));
#9597 = ( GEOMETRIC_REPRESENTATION_CONTEXT(2) 
PARAMETRIC_REPRESENTATION_CONTEXT() REPRESENTATION_CONTEXT('2D SPACE',''
  ) );
#9598 = ORIENTED_EDGE('',*,*,#9339,.F.);
#9599 = ADVANCED_FACE('',(#9600),#2971,.F.);
#9600 = FACE_BOUND('',#9601,.F.);
#9601 = EDGE_LOOP('',(#9602,#9603,#9604,#9625));
#9602 = ORIENTED_EDGE('',*,*,#9578,.F.);
#9603 = ORIENTED_EDGE('',*,*,#2958,.T.);
#9604 = ORIENTED_EDGE('',*,*,#9605,.T.);
#9605 = EDGE_CURVE('',#2933,#9384,#9606,.T.);
#9606 = SURFACE_CURVE('',#9607,(#9611,#9618),.PCURVE_S1.);
#9607 = LINE('',#9608,#9609);
#9608 = CARTESIAN_POINT('',(15.875,-30.1,37.3));
#9609 = VECTOR('',#9610,1.);
#9610 = DIRECTION('',(0.,1.,0.));
#9611 = PCURVE('',#2971,#9612);
#9612 = DEFINITIONAL_REPRESENTATION('',(#9613),#9617);
#9613 = LINE('',#9614,#9615);
#9614 = CARTESIAN_POINT('',(0.,0.));
#9615 = VECTOR('',#9616,1.);
#9616 = DIRECTION('',(0.,-1.));
#9617 = ( GEOMETRIC_REPRESENTATION_CONTEXT(2) 
PARAMETRIC_REPRESENTATION_CONTEXT() REPRESENTATION_CONTEXT('2D SPACE',''
  ) );
#9618 = PCURVE('',#2947,#9619);
#9619 = DEFINITIONAL_REPRESENTATION('',(#9620),#9624);
#9620 = LINE('',#9621,#9622);
#9621 = CARTESIAN_POINT('',(31.75,0.));
#9622 = VECTOR('',#9623,1.);
#9623 = DIRECTION('',(0.,1.));
#9624 = ( GEOMETRIC_REPRESENTATION_CONTEXT(2) 
PARAMETRIC_REPRESENTATION_CONTEXT() REPRESENTATION_CONTEXT('2D SPACE',''
  ) );
#9625 = ORIENTED_EDGE('',*,*,#9404,.F.);
#9626 = ADVANCED_FACE('',(#9627),#2947,.T.);
#9627 = FACE_BOUND('',#9628,.T.);
#9628 = EDGE_LOOP('',(#9629,#9650,#9651,#9652));
#9629 = ORIENTED_EDGE('',*,*,#9630,.F.);
#9630 = EDGE_CURVE('',#2907,#9363,#9631,.T.);
#9631 = SURFACE_CURVE('',#9632,(#9636,#9643),.PCURVE_S1.);
#9632 = LINE('',#9633,#9634);
#9633 = CARTESIAN_POINT('',(-15.875,-30.1,37.3));
#9634 = VECTOR('',#9635,1.);
#9635 = DIRECTION('',(0.,1.,0.));
#9636 = PCURVE('',#2947,#9637);
#9637 = DEFINITIONAL_REPRESENTATION('',(#9638),#9642);
#9638 = LINE('',#9639,#9640);
#9639 = CARTESIAN_POINT('',(0.,0.));
#9640 = VECTOR('',#9641,1.);
#9641 = DIRECTION('',(0.,1.));
#9642 = ( GEOMETRIC_REPRESENTATION_CONTEXT(2) 
PARAMETRIC_REPRESENTATION_CONTEXT() REPRESENTATION_CONTEXT('2D SPACE',''
  ) );
#9643 = PCURVE('',#2921,#9644);
#9644 = DEFINITIONAL_REPRESENTATION('',(#9645),#9649);
#9645 = LINE('',#9646,#9647);
#9646 = CARTESIAN_POINT('',(0.,0.));
#9647 = VECTOR('',#9648,1.);
#9648 = DIRECTION('',(0.,-1.));
#9649 = ( GEOMETRIC_REPRESENTATION_CONTEXT(2) 
PARAMETRIC_REPRESENTATION_CONTEXT() REPRESENTATION_CONTEXT('2D SPACE',''
  ) );
#9650 = ORIENTED_EDGE('',*,*,#2932,.T.);
#9651 = ORIENTED_EDGE('',*,*,#9605,.T.);
#9652 = ORIENTED_EDGE('',*,*,#9383,.F.);
#9653 = ADVANCED_FACE('',(#9654),#2921,.T.);
#9654 = FACE_BOUND('',#9655,.T.);
#9655 = EDGE_LOOP('',(#9656,#9657,#9658,#9659));
#9656 = ORIENTED_EDGE('',*,*,#9556,.F.);
#9657 = ORIENTED_EDGE('',*,*,#2906,.T.);
#9658 = ORIENTED_EDGE('',*,*,#9630,.T.);
#9659 = ORIENTED_EDGE('',*,*,#9362,.F.);
#9660 = ADVANCED_FACE('',(#9661),#3109,.T.);
#9661 = FACE_BOUND('',#9662,.T.);
#9662 = EDGE_LOOP('',(#9663,#9686,#9687,#9710));
#9663 = ORIENTED_EDGE('',*,*,#9664,.F.);
#9664 = EDGE_CURVE('',#3093,#9665,#9667,.T.);
#9665 = VERTEX_POINT('',#9666);
#9666 = CARTESIAN_POINT('',(45.,-9.4,54.4));
#9667 = SURFACE_CURVE('',#9668,(#9672,#9679),.PCURVE_S1.);
#9668 = LINE('',#9669,#9670);
#9669 = CARTESIAN_POINT('',(41.7,-9.4,54.4));
#9670 = VECTOR('',#9671,1.);
#9671 = DIRECTION('',(1.,0.,0.));
#9672 = PCURVE('',#3109,#9673);
#9673 = DEFINITIONAL_REPRESENTATION('',(#9674),#9678);
#9674 = LINE('',#9675,#9676);
#9675 = CARTESIAN_POINT('',(0.,0.));
#9676 = VECTOR('',#9677,1.);
#9677 = DIRECTION('',(0.,1.));
#9678 = ( GEOMETRIC_REPRESENTATION_CONTEXT(2) 
PARAMETRIC_REPRESENTATION_CONTEXT() REPRESENTATION_CONTEXT('2D SPACE',''
  ) );
#9679 = PCURVE('',#3135,#9680);
#9680 = DEFINITIONAL_REPRESENTATION('',(#9681),#9685);
#9681 = LINE('',#9682,#9683);
#9682 = CARTESIAN_POINT('',(-3.3,-1.7763568394E-15));
#9683 = VECTOR('',#9684,1.);
#9684 = DIRECTION('',(1.,0.));
#9685 = ( GEOMETRIC_REPRESENTATION_CONTEXT(2) 
PARAMETRIC_REPRESENTATION_CONTEXT() REPRESENTATION_CONTEXT('2D SPACE',''
  ) );
#9686 = ORIENTED_EDGE('',*,*,#3092,.T.);
#9687 = ORIENTED_EDGE('',*,*,#9688,.T.);
#9688 = EDGE_CURVE('',#3095,#9689,#9691,.T.);
#9689 = VERTEX_POINT('',#9690);
#9690 = CARTESIAN_POINT('',(45.,-9.4,76.4));
#9691 = SURFACE_CURVE('',#9692,(#9696,#9703),.PCURVE_S1.);
#9692 = LINE('',#9693,#9694);
#9693 = CARTESIAN_POINT('',(41.7,-9.4,76.4));
#9694 = VECTOR('',#9695,1.);
#9695 = DIRECTION('',(1.,0.,0.));
#9696 = PCURVE('',#3109,#9697);
#9697 = DEFINITIONAL_REPRESENTATION('',(#9698),#9702);
#9698 = LINE('',#9699,#9700);
#9699 = CARTESIAN_POINT('',(22.,0.));
#9700 = VECTOR('',#9701,1.);
#9701 = DIRECTION('',(0.,1.));
#9702 = ( GEOMETRIC_REPRESENTATION_CONTEXT(2) 
PARAMETRIC_REPRESENTATION_CONTEXT() REPRESENTATION_CONTEXT('2D SPACE',''
  ) );
#9703 = PCURVE('',#3185,#9704);
#9704 = DEFINITIONAL_REPRESENTATION('',(#9705),#9709);
#9705 = LINE('',#9706,#9707);
#9706 = CARTESIAN_POINT('',(-3.3,-1.7763568394E-15));
#9707 = VECTOR('',#9708,1.);
#9708 = DIRECTION('',(1.,0.));
#9709 = ( GEOMETRIC_REPRESENTATION_CONTEXT(2) 
PARAMETRIC_REPRESENTATION_CONTEXT() REPRESENTATION_CONTEXT('2D SPACE',''
  ) );
#9710 = ORIENTED_EDGE('',*,*,#9711,.F.);
#9711 = EDGE_CURVE('',#9665,#9689,#9712,.T.);
#9712 = SURFACE_CURVE('',#9713,(#9717,#9724),.PCURVE_S1.);
#9713 = LINE('',#9714,#9715);
#9714 = CARTESIAN_POINT('',(45.,-9.4,54.4));
#9715 = VECTOR('',#9716,1.);
#9716 = DIRECTION('',(0.,0.,1.));
#9717 = PCURVE('',#3109,#9718);
#9718 = DEFINITIONAL_REPRESENTATION('',(#9719),#9723);
#9719 = LINE('',#9720,#9721);
#9720 = CARTESIAN_POINT('',(0.,3.3));
#9721 = VECTOR('',#9722,1.);
#9722 = DIRECTION('',(1.,0.));
#9723 = ( GEOMETRIC_REPRESENTATION_CONTEXT(2) 
PARAMETRIC_REPRESENTATION_CONTEXT() REPRESENTATION_CONTEXT('2D SPACE',''
  ) );
#9724 = PCURVE('',#9725,#9730);
#9725 = PLANE('',#9726);
#9726 = AXIS2_PLACEMENT_3D('',#9727,#9728,#9729);
#9727 = CARTESIAN_POINT('',(45.,-9.4,54.4));
#9728 = DIRECTION('',(1.,0.,0.));
#9729 = DIRECTION('',(0.,0.,1.));
#9730 = DEFINITIONAL_REPRESENTATION('',(#9731),#9735);
#9731 = LINE('',#9732,#9733);
#9732 = CARTESIAN_POINT('',(0.,0.));
#9733 = VECTOR('',#9734,1.);
#9734 = DIRECTION('',(1.,0.));
#9735 = ( GEOMETRIC_REPRESENTATION_CONTEXT(2) 
PARAMETRIC_REPRESENTATION_CONTEXT() REPRESENTATION_CONTEXT('2D SPACE',''
  ) );
#9736 = ADVANCED_FACE('',(#9737),#3185,.T.);
#9737 = FACE_BOUND('',#9738,.T.);
#9738 = EDGE_LOOP('',(#9739,#9769,#9790,#9791,#9792,#9815));
#9739 = ORIENTED_EDGE('',*,*,#9740,.F.);
#9740 = EDGE_CURVE('',#9741,#9743,#9745,.T.);
#9741 = VERTEX_POINT('',#9742);
#9742 = CARTESIAN_POINT('',(45.,-6.75,76.4));
#9743 = VERTEX_POINT('',#9744);
#9744 = CARTESIAN_POINT('',(46.8,-6.75,76.4));
#9745 = SURFACE_CURVE('',#9746,(#9750,#9757),.PCURVE_S1.);
#9746 = LINE('',#9747,#9748);
#9747 = CARTESIAN_POINT('',(45.,-6.75,76.4));
#9748 = VECTOR('',#9749,1.);
#9749 = DIRECTION('',(1.,0.,0.));
#9750 = PCURVE('',#3185,#9751);
#9751 = DEFINITIONAL_REPRESENTATION('',(#9752),#9756);
#9752 = LINE('',#9753,#9754);
#9753 = CARTESIAN_POINT('',(0.,2.65));
#9754 = VECTOR('',#9755,1.);
#9755 = DIRECTION('',(1.,0.));
#9756 = ( GEOMETRIC_REPRESENTATION_CONTEXT(2) 
PARAMETRIC_REPRESENTATION_CONTEXT() REPRESENTATION_CONTEXT('2D SPACE',''
  ) );
#9757 = PCURVE('',#9758,#9763);
#9758 = PLANE('',#9759);
#9759 = AXIS2_PLACEMENT_3D('',#9760,#9761,#9762);
#9760 = CARTESIAN_POINT('',(45.,-6.75,54.4));
#9761 = DIRECTION('',(0.,1.,0.));
#9762 = DIRECTION('',(0.,0.,1.));
#9763 = DEFINITIONAL_REPRESENTATION('',(#9764),#9768);
#9764 = LINE('',#9765,#9766);
#9765 = CARTESIAN_POINT('',(22.,0.));
#9766 = VECTOR('',#9767,1.);
#9767 = DIRECTION('',(0.,1.));
#9768 = ( GEOMETRIC_REPRESENTATION_CONTEXT(2) 
PARAMETRIC_REPRESENTATION_CONTEXT() REPRESENTATION_CONTEXT('2D SPACE',''
  ) );
#9769 = ORIENTED_EDGE('',*,*,#9770,.F.);
#9770 = EDGE_CURVE('',#9689,#9741,#9771,.T.);
#9771 = SURFACE_CURVE('',#9772,(#9776,#9783),.PCURVE_S1.);
#9772 = LINE('',#9773,#9774);
#9773 = CARTESIAN_POINT('',(45.,-9.4,76.4));
#9774 = VECTOR('',#9775,1.);
#9775 = DIRECTION('',(0.,1.,0.));
#9776 = PCURVE('',#3185,#9777);
#9777 = DEFINITIONAL_REPRESENTATION('',(#9778),#9782);
#9778 = LINE('',#9779,#9780);
#9779 = CARTESIAN_POINT('',(0.,0.));
#9780 = VECTOR('',#9781,1.);
#9781 = DIRECTION('',(0.,1.));
#9782 = ( GEOMETRIC_REPRESENTATION_CONTEXT(2) 
PARAMETRIC_REPRESENTATION_CONTEXT() REPRESENTATION_CONTEXT('2D SPACE',''
  ) );
#9783 = PCURVE('',#9725,#9784);
#9784 = DEFINITIONAL_REPRESENTATION('',(#9785),#9789);
#9785 = LINE('',#9786,#9787);
#9786 = CARTESIAN_POINT('',(22.,0.));
#9787 = VECTOR('',#9788,1.);
#9788 = DIRECTION('',(0.,-1.));
#9789 = ( GEOMETRIC_REPRESENTATION_CONTEXT(2) 
PARAMETRIC_REPRESENTATION_CONTEXT() REPRESENTATION_CONTEXT('2D SPACE',''
  ) );
#9790 = ORIENTED_EDGE('',*,*,#9688,.F.);
#9791 = ORIENTED_EDGE('',*,*,#3172,.T.);
#9792 = ORIENTED_EDGE('',*,*,#9793,.T.);
#9793 = EDGE_CURVE('',#3147,#9794,#9796,.T.);
#9794 = VERTEX_POINT('',#9795);
#9795 = CARTESIAN_POINT('',(46.8,-11.,76.4));
#9796 = SURFACE_CURVE('',#9797,(#9801,#9808),.PCURVE_S1.);
#9797 = LINE('',#9798,#9799);
#9798 = CARTESIAN_POINT('',(41.7,-11.,76.4));
#9799 = VECTOR('',#9800,1.);
#9800 = DIRECTION('',(1.,0.,0.));
#9801 = PCURVE('',#3185,#9802);
#9802 = DEFINITIONAL_REPRESENTATION('',(#9803),#9807);
#9803 = LINE('',#9804,#9805);
#9804 = CARTESIAN_POINT('',(-3.3,-1.6));
#9805 = VECTOR('',#9806,1.);
#9806 = DIRECTION('',(1.,0.));
#9807 = ( GEOMETRIC_REPRESENTATION_CONTEXT(2) 
PARAMETRIC_REPRESENTATION_CONTEXT() REPRESENTATION_CONTEXT('2D SPACE',''
  ) );
#9808 = PCURVE('',#3161,#9809);
#9809 = DEFINITIONAL_REPRESENTATION('',(#9810),#9814);
#9810 = LINE('',#9811,#9812);
#9811 = CARTESIAN_POINT('',(22.,0.));
#9812 = VECTOR('',#9813,1.);
#9813 = DIRECTION('',(0.,1.));
#9814 = ( GEOMETRIC_REPRESENTATION_CONTEXT(2) 
PARAMETRIC_REPRESENTATION_CONTEXT() REPRESENTATION_CONTEXT('2D SPACE',''
  ) );
#9815 = ORIENTED_EDGE('',*,*,#9816,.T.);
#9816 = EDGE_CURVE('',#9794,#9743,#9817,.T.);
#9817 = SURFACE_CURVE('',#9818,(#9822,#9829),.PCURVE_S1.);
#9818 = LINE('',#9819,#9820);
#9819 = CARTESIAN_POINT('',(46.8,-11.,76.4));
#9820 = VECTOR('',#9821,1.);
#9821 = DIRECTION('',(-1.671865260612E-15,1.,0.));
#9822 = PCURVE('',#3185,#9823);
#9823 = DEFINITIONAL_REPRESENTATION('',(#9824),#9828);
#9824 = LINE('',#9825,#9826);
#9825 = CARTESIAN_POINT('',(1.8,-1.6));
#9826 = VECTOR('',#9827,1.);
#9827 = DIRECTION('',(-1.671865260612E-15,1.));
#9828 = ( GEOMETRIC_REPRESENTATION_CONTEXT(2) 
PARAMETRIC_REPRESENTATION_CONTEXT() REPRESENTATION_CONTEXT('2D SPACE',''
  ) );
#9829 = PCURVE('',#9830,#9835);
#9830 = PLANE('',#9831);
#9831 = AXIS2_PLACEMENT_3D('',#9832,#9833,#9834);
#9832 = CARTESIAN_POINT('',(46.8,-9.4,54.4));
#9833 = DIRECTION('',(1.,0.,0.));
#9834 = DIRECTION('',(0.,0.,1.));
#9835 = DEFINITIONAL_REPRESENTATION('',(#9836),#9840);
#9836 = LINE('',#9837,#9838);
#9837 = CARTESIAN_POINT('',(22.,1.6));
#9838 = VECTOR('',#9839,1.);
#9839 = DIRECTION('',(0.,-1.));
#9840 = ( GEOMETRIC_REPRESENTATION_CONTEXT(2) 
PARAMETRIC_REPRESENTATION_CONTEXT() REPRESENTATION_CONTEXT('2D SPACE',''
  ) );
#9841 = ADVANCED_FACE('',(#9842),#3161,.F.);
#9842 = FACE_BOUND('',#9843,.F.);
#9843 = EDGE_LOOP('',(#9844,#9867,#9868,#9869));
#9844 = ORIENTED_EDGE('',*,*,#9845,.F.);
#9845 = EDGE_CURVE('',#3121,#9846,#9848,.T.);
#9846 = VERTEX_POINT('',#9847);
#9847 = CARTESIAN_POINT('',(46.8,-11.,54.4));
#9848 = SURFACE_CURVE('',#9849,(#9853,#9860),.PCURVE_S1.);
#9849 = LINE('',#9850,#9851);
#9850 = CARTESIAN_POINT('',(41.7,-11.,54.4));
#9851 = VECTOR('',#9852,1.);
#9852 = DIRECTION('',(1.,0.,0.));
#9853 = PCURVE('',#3161,#9854);
#9854 = DEFINITIONAL_REPRESENTATION('',(#9855),#9859);
#9855 = LINE('',#9856,#9857);
#9856 = CARTESIAN_POINT('',(0.,0.));
#9857 = VECTOR('',#9858,1.);
#9858 = DIRECTION('',(0.,1.));
#9859 = ( GEOMETRIC_REPRESENTATION_CONTEXT(2) 
PARAMETRIC_REPRESENTATION_CONTEXT() REPRESENTATION_CONTEXT('2D SPACE',''
  ) );
#9860 = PCURVE('',#3135,#9861);
#9861 = DEFINITIONAL_REPRESENTATION('',(#9862),#9866);
#9862 = LINE('',#9863,#9864);
#9863 = CARTESIAN_POINT('',(-3.3,-1.6));
#9864 = VECTOR('',#9865,1.);
#9865 = DIRECTION('',(1.,0.));
#9866 = ( GEOMETRIC_REPRESENTATION_CONTEXT(2) 
PARAMETRIC_REPRESENTATION_CONTEXT() REPRESENTATION_CONTEXT('2D SPACE',''
  ) );
#9867 = ORIENTED_EDGE('',*,*,#3146,.T.);
#9868 = ORIENTED_EDGE('',*,*,#9793,.T.);
#9869 = ORIENTED_EDGE('',*,*,#9870,.F.);
#9870 = EDGE_CURVE('',#9846,#9794,#9871,.T.);
#9871 = SURFACE_CURVE('',#9872,(#9876,#9883),.PCURVE_S1.);
#9872 = LINE('',#9873,#9874);
#9873 = CARTESIAN_POINT('',(46.8,-11.,54.4));
#9874 = VECTOR('',#9875,1.);
#9875 = DIRECTION('',(0.,0.,1.));
#9876 = PCURVE('',#3161,#9877);
#9877 = DEFINITIONAL_REPRESENTATION('',(#9878),#9882);
#9878 = LINE('',#9879,#9880);
#9879 = CARTESIAN_POINT('',(0.,5.1));
#9880 = VECTOR('',#9881,1.);
#9881 = DIRECTION('',(1.,0.));
#9882 = ( GEOMETRIC_REPRESENTATION_CONTEXT(2) 
PARAMETRIC_REPRESENTATION_CONTEXT() REPRESENTATION_CONTEXT('2D SPACE',''
  ) );
#9883 = PCURVE('',#9830,#9884);
#9884 = DEFINITIONAL_REPRESENTATION('',(#9885),#9889);
#9885 = LINE('',#9886,#9887);
#9886 = CARTESIAN_POINT('',(0.,1.6));
#9887 = VECTOR('',#9888,1.);
#9888 = DIRECTION('',(1.,0.));
#9889 = ( GEOMETRIC_REPRESENTATION_CONTEXT(2) 
PARAMETRIC_REPRESENTATION_CONTEXT() REPRESENTATION_CONTEXT('2D SPACE',''
  ) );
#9890 = ADVANCED_FACE('',(#9891),#3135,.F.);
#9891 = FACE_BOUND('',#9892,.F.);
#9892 = EDGE_LOOP('',(#9893,#9918,#9939,#9940,#9941,#9942));
#9893 = ORIENTED_EDGE('',*,*,#9894,.F.);
#9894 = EDGE_CURVE('',#9895,#9897,#9899,.T.);
#9895 = VERTEX_POINT('',#9896);
#9896 = CARTESIAN_POINT('',(45.,-6.75,54.4));
#9897 = VERTEX_POINT('',#9898);
#9898 = CARTESIAN_POINT('',(46.8,-6.75,54.4));
#9899 = SURFACE_CURVE('',#9900,(#9904,#9911),.PCURVE_S1.);
#9900 = LINE('',#9901,#9902);
#9901 = CARTESIAN_POINT('',(45.,-6.75,54.4));
#9902 = VECTOR('',#9903,1.);
#9903 = DIRECTION('',(1.,0.,0.));
#9904 = PCURVE('',#3135,#9905);
#9905 = DEFINITIONAL_REPRESENTATION('',(#9906),#9910);
#9906 = LINE('',#9907,#9908);
#9907 = CARTESIAN_POINT('',(0.,2.65));
#9908 = VECTOR('',#9909,1.);
#9909 = DIRECTION('',(1.,0.));
#9910 = ( GEOMETRIC_REPRESENTATION_CONTEXT(2) 
PARAMETRIC_REPRESENTATION_CONTEXT() REPRESENTATION_CONTEXT('2D SPACE',''
  ) );
#9911 = PCURVE('',#9758,#9912);
#9912 = DEFINITIONAL_REPRESENTATION('',(#9913),#9917);
#9913 = LINE('',#9914,#9915);
#9914 = CARTESIAN_POINT('',(0.,0.));
#9915 = VECTOR('',#9916,1.);
#9916 = DIRECTION('',(0.,1.));
#9917 = ( GEOMETRIC_REPRESENTATION_CONTEXT(2) 
PARAMETRIC_REPRESENTATION_CONTEXT() REPRESENTATION_CONTEXT('2D SPACE',''
  ) );
#9918 = ORIENTED_EDGE('',*,*,#9919,.F.);
#9919 = EDGE_CURVE('',#9665,#9895,#9920,.T.);
#9920 = SURFACE_CURVE('',#9921,(#9925,#9932),.PCURVE_S1.);
#9921 = LINE('',#9922,#9923);
#9922 = CARTESIAN_POINT('',(45.,-9.4,54.4));
#9923 = VECTOR('',#9924,1.);
#9924 = DIRECTION('',(0.,1.,0.));
#9925 = PCURVE('',#3135,#9926);
#9926 = DEFINITIONAL_REPRESENTATION('',(#9927),#9931);
#9927 = LINE('',#9928,#9929);
#9928 = CARTESIAN_POINT('',(0.,0.));
#9929 = VECTOR('',#9930,1.);
#9930 = DIRECTION('',(0.,1.));
#9931 = ( GEOMETRIC_REPRESENTATION_CONTEXT(2) 
PARAMETRIC_REPRESENTATION_CONTEXT() REPRESENTATION_CONTEXT('2D SPACE',''
  ) );
#9932 = PCURVE('',#9725,#9933);
#9933 = DEFINITIONAL_REPRESENTATION('',(#9934),#9938);
#9934 = LINE('',#9935,#9936);
#9935 = CARTESIAN_POINT('',(0.,0.));
#9936 = VECTOR('',#9937,1.);
#9937 = DIRECTION('',(0.,-1.));
#9938 = ( GEOMETRIC_REPRESENTATION_CONTEXT(2) 
PARAMETRIC_REPRESENTATION_CONTEXT() REPRESENTATION_CONTEXT('2D SPACE',''
  ) );
#9939 = ORIENTED_EDGE('',*,*,#9664,.F.);
#9940 = ORIENTED_EDGE('',*,*,#3120,.T.);
#9941 = ORIENTED_EDGE('',*,*,#9845,.T.);
#9942 = ORIENTED_EDGE('',*,*,#9943,.F.);
#9943 = EDGE_CURVE('',#9897,#9846,#9944,.T.);
#9944 = SURFACE_CURVE('',#9945,(#9949,#9956),.PCURVE_S1.);
#9945 = LINE('',#9946,#9947);
#9946 = CARTESIAN_POINT('',(46.8,-6.75,54.4));
#9947 = VECTOR('',#9948,1.);
#9948 = DIRECTION('',(1.671865260612E-15,-1.,0.));
#9949 = PCURVE('',#3135,#9950);
#9950 = DEFINITIONAL_REPRESENTATION('',(#9951),#9955);
#9951 = LINE('',#9952,#9953);
#9952 = CARTESIAN_POINT('',(1.8,2.65));
#9953 = VECTOR('',#9954,1.);
#9954 = DIRECTION('',(1.671865260612E-15,-1.));
#9955 = ( GEOMETRIC_REPRESENTATION_CONTEXT(2) 
PARAMETRIC_REPRESENTATION_CONTEXT() REPRESENTATION_CONTEXT('2D SPACE',''
  ) );
#9956 = PCURVE('',#9830,#9957);
#9957 = DEFINITIONAL_REPRESENTATION('',(#9958),#9962);
#9958 = LINE('',#9959,#9960);
#9959 = CARTESIAN_POINT('',(0.,-2.65));
#9960 = VECTOR('',#9961,1.);
#9961 = DIRECTION('',(0.,1.));
#9962 = ( GEOMETRIC_REPRESENTATION_CONTEXT(2) 
PARAMETRIC_REPRESENTATION_CONTEXT() REPRESENTATION_CONTEXT('2D SPACE',''
  ) );
#9963 = ADVANCED_FACE('',(#9964),#3269,.T.);
#9964 = FACE_BOUND('',#9965,.T.);
#9965 = EDGE_LOOP('',(#9966,#9996,#10024,#10045,#10046,#10069));
#9966 = ORIENTED_EDGE('',*,*,#9967,.T.);
#9967 = EDGE_CURVE('',#9968,#9970,#9972,.T.);
#9968 = VERTEX_POINT('',#9969);
#9969 = CARTESIAN_POINT('',(-6.75,40.4,76.4));
#9970 = VERTEX_POINT('',#9971);
#9971 = CARTESIAN_POINT('',(-6.75,42.2,76.4));
#9972 = SURFACE_CURVE('',#9973,(#9977,#9984),.PCURVE_S1.);
#9973 = LINE('',#9974,#9975);
#9974 = CARTESIAN_POINT('',(-6.75,40.4,76.4));
#9975 = VECTOR('',#9976,1.);
#9976 = DIRECTION('',(0.,1.,0.));
#9977 = PCURVE('',#3269,#9978);
#9978 = DEFINITIONAL_REPRESENTATION('',(#9979),#9983);
#9979 = LINE('',#9980,#9981);
#9980 = CARTESIAN_POINT('',(2.65,0.));
#9981 = VECTOR('',#9982,1.);
#9982 = DIRECTION('',(0.,1.));
#9983 = ( GEOMETRIC_REPRESENTATION_CONTEXT(2) 
PARAMETRIC_REPRESENTATION_CONTEXT() REPRESENTATION_CONTEXT('2D SPACE',''
  ) );
#9984 = PCURVE('',#9985,#9990);
#9985 = PLANE('',#9986);
#9986 = AXIS2_PLACEMENT_3D('',#9987,#9988,#9989);
#9987 = CARTESIAN_POINT('',(-6.75,40.4,54.4));
#9988 = DIRECTION('',(1.,0.,0.));
#9989 = DIRECTION('',(0.,0.,1.));
#9990 = DEFINITIONAL_REPRESENTATION('',(#9991),#9995);
#9991 = LINE('',#9992,#9993);
#9992 = CARTESIAN_POINT('',(22.,0.));
#9993 = VECTOR('',#9994,1.);
#9994 = DIRECTION('',(0.,-1.));
#9995 = ( GEOMETRIC_REPRESENTATION_CONTEXT(2) 
PARAMETRIC_REPRESENTATION_CONTEXT() REPRESENTATION_CONTEXT('2D SPACE',''
  ) );
#9996 = ORIENTED_EDGE('',*,*,#9997,.T.);
#9997 = EDGE_CURVE('',#9970,#9998,#10000,.T.);
#9998 = VERTEX_POINT('',#9999);
#9999 = CARTESIAN_POINT('',(-11.,42.2,76.4));
#10000 = SURFACE_CURVE('',#10001,(#10005,#10012),.PCURVE_S1.);
#10001 = LINE('',#10002,#10003);
#10002 = CARTESIAN_POINT('',(-6.75,42.2,76.4));
#10003 = VECTOR('',#10004,1.);
#10004 = DIRECTION('',(-1.,1.671865260612E-15,0.));
#10005 = PCURVE('',#3269,#10006);
#10006 = DEFINITIONAL_REPRESENTATION('',(#10007),#10011);
#10007 = LINE('',#10008,#10009);
#10008 = CARTESIAN_POINT('',(2.65,1.8));
#10009 = VECTOR('',#10010,1.);
#10010 = DIRECTION('',(-1.,1.671865260612E-15));
#10011 = ( GEOMETRIC_REPRESENTATION_CONTEXT(2) 
PARAMETRIC_REPRESENTATION_CONTEXT() REPRESENTATION_CONTEXT('2D SPACE',''
  ) );
#10012 = PCURVE('',#10013,#10018);
#10013 = PLANE('',#10014);
#10014 = AXIS2_PLACEMENT_3D('',#10015,#10016,#10017);
#10015 = CARTESIAN_POINT('',(-9.4,42.2,54.4));
#10016 = DIRECTION('',(0.,1.,0.));
#10017 = DIRECTION('',(0.,0.,1.));
#10018 = DEFINITIONAL_REPRESENTATION('',(#10019),#10023);
#10019 = LINE('',#10020,#10021);
#10020 = CARTESIAN_POINT('',(22.,2.65));
#10021 = VECTOR('',#10022,1.);
#10022 = DIRECTION('',(0.,-1.));
#10023 = ( GEOMETRIC_REPRESENTATION_CONTEXT(2) 
PARAMETRIC_REPRESENTATION_CONTEXT() REPRESENTATION_CONTEXT('2D SPACE',''
  ) );
#10024 = ORIENTED_EDGE('',*,*,#10025,.F.);
#10025 = EDGE_CURVE('',#3253,#9998,#10026,.T.);
#10026 = SURFACE_CURVE('',#10027,(#10031,#10038),.PCURVE_S1.);
#10027 = LINE('',#10028,#10029);
#10028 = CARTESIAN_POINT('',(-11.,37.1,76.4));
#10029 = VECTOR('',#10030,1.);
#10030 = DIRECTION('',(0.,1.,0.));
#10031 = PCURVE('',#3269,#10032);
#10032 = DEFINITIONAL_REPRESENTATION('',(#10033),#10037);
#10033 = LINE('',#10034,#10035);
#10034 = CARTESIAN_POINT('',(-1.6,-3.3));
#10035 = VECTOR('',#10036,1.);
#10036 = DIRECTION('',(0.,1.));
#10037 = ( GEOMETRIC_REPRESENTATION_CONTEXT(2) 
PARAMETRIC_REPRESENTATION_CONTEXT() REPRESENTATION_CONTEXT('2D SPACE',''
  ) );
#10038 = PCURVE('',#3295,#10039);
#10039 = DEFINITIONAL_REPRESENTATION('',(#10040),#10044);
#10040 = LINE('',#10041,#10042);
#10041 = CARTESIAN_POINT('',(22.,0.));
#10042 = VECTOR('',#10043,1.);
#10043 = DIRECTION('',(0.,-1.));
#10044 = ( GEOMETRIC_REPRESENTATION_CONTEXT(2) 
PARAMETRIC_REPRESENTATION_CONTEXT() REPRESENTATION_CONTEXT('2D SPACE',''
  ) );
#10045 = ORIENTED_EDGE('',*,*,#3252,.T.);
#10046 = ORIENTED_EDGE('',*,*,#10047,.T.);
#10047 = EDGE_CURVE('',#3255,#10048,#10050,.T.);
#10048 = VERTEX_POINT('',#10049);
#10049 = CARTESIAN_POINT('',(-9.4,40.4,76.4));
#10050 = SURFACE_CURVE('',#10051,(#10055,#10062),.PCURVE_S1.);
#10051 = LINE('',#10052,#10053);
#10052 = CARTESIAN_POINT('',(-9.4,37.1,76.4));
#10053 = VECTOR('',#10054,1.);
#10054 = DIRECTION('',(0.,1.,0.));
#10055 = PCURVE('',#3269,#10056);
#10056 = DEFINITIONAL_REPRESENTATION('',(#10057),#10061);
#10057 = LINE('',#10058,#10059);
#10058 = CARTESIAN_POINT('',(-1.7763568394E-15,-3.3));
#10059 = VECTOR('',#10060,1.);
#10060 = DIRECTION('',(0.,1.));
#10061 = ( GEOMETRIC_REPRESENTATION_CONTEXT(2) 
PARAMETRIC_REPRESENTATION_CONTEXT() REPRESENTATION_CONTEXT('2D SPACE',''
  ) );
#10062 = PCURVE('',#3345,#10063);
#10063 = DEFINITIONAL_REPRESENTATION('',(#10064),#10068);
#10064 = LINE('',#10065,#10066);
#10065 = CARTESIAN_POINT('',(22.,0.));
#10066 = VECTOR('',#10067,1.);
#10067 = DIRECTION('',(0.,-1.));
#10068 = ( GEOMETRIC_REPRESENTATION_CONTEXT(2) 
PARAMETRIC_REPRESENTATION_CONTEXT() REPRESENTATION_CONTEXT('2D SPACE',''
  ) );
#10069 = ORIENTED_EDGE('',*,*,#10070,.T.);
#10070 = EDGE_CURVE('',#10048,#9968,#10071,.T.);
#10071 = SURFACE_CURVE('',#10072,(#10076,#10083),.PCURVE_S1.);
#10072 = LINE('',#10073,#10074);
#10073 = CARTESIAN_POINT('',(-9.4,40.4,76.4));
#10074 = VECTOR('',#10075,1.);
#10075 = DIRECTION('',(1.,0.,0.));
#10076 = PCURVE('',#3269,#10077);
#10077 = DEFINITIONAL_REPRESENTATION('',(#10078),#10082);
#10078 = LINE('',#10079,#10080);
#10079 = CARTESIAN_POINT('',(0.,0.));
#10080 = VECTOR('',#10081,1.);
#10081 = DIRECTION('',(1.,0.));
#10082 = ( GEOMETRIC_REPRESENTATION_CONTEXT(2) 
PARAMETRIC_REPRESENTATION_CONTEXT() REPRESENTATION_CONTEXT('2D SPACE',''
  ) );
#10083 = PCURVE('',#10084,#10089);
#10084 = PLANE('',#10085);
#10085 = AXIS2_PLACEMENT_3D('',#10086,#10087,#10088);
#10086 = CARTESIAN_POINT('',(-9.4,40.4,54.4));
#10087 = DIRECTION('',(0.,1.,0.));
#10088 = DIRECTION('',(0.,0.,1.));
#10089 = DEFINITIONAL_REPRESENTATION('',(#10090),#10094);
#10090 = LINE('',#10091,#10092);
#10091 = CARTESIAN_POINT('',(22.,0.));
#10092 = VECTOR('',#10093,1.);
#10093 = DIRECTION('',(0.,1.));
#10094 = ( GEOMETRIC_REPRESENTATION_CONTEXT(2) 
PARAMETRIC_REPRESENTATION_CONTEXT() REPRESENTATION_CONTEXT('2D SPACE',''
  ) );
#10095 = ADVANCED_FACE('',(#10096),#3345,.T.);
#10096 = FACE_BOUND('',#10097,.T.);
#10097 = EDGE_LOOP('',(#10098,#10099,#10100,#10123));
#10098 = ORIENTED_EDGE('',*,*,#10047,.F.);
#10099 = ORIENTED_EDGE('',*,*,#3332,.T.);
#10100 = ORIENTED_EDGE('',*,*,#10101,.T.);
#10101 = EDGE_CURVE('',#3307,#10102,#10104,.T.);
#10102 = VERTEX_POINT('',#10103);
#10103 = CARTESIAN_POINT('',(-9.4,40.4,54.4));
#10104 = SURFACE_CURVE('',#10105,(#10109,#10116),.PCURVE_S1.);
#10105 = LINE('',#10106,#10107);
#10106 = CARTESIAN_POINT('',(-9.4,37.1,54.4));
#10107 = VECTOR('',#10108,1.);
#10108 = DIRECTION('',(0.,1.,0.));
#10109 = PCURVE('',#3345,#10110);
#10110 = DEFINITIONAL_REPRESENTATION('',(#10111),#10115);
#10111 = LINE('',#10112,#10113);
#10112 = CARTESIAN_POINT('',(0.,0.));
#10113 = VECTOR('',#10114,1.);
#10114 = DIRECTION('',(0.,-1.));
#10115 = ( GEOMETRIC_REPRESENTATION_CONTEXT(2) 
PARAMETRIC_REPRESENTATION_CONTEXT() REPRESENTATION_CONTEXT('2D SPACE',''
  ) );
#10116 = PCURVE('',#3321,#10117);
#10117 = DEFINITIONAL_REPRESENTATION('',(#10118),#10122);
#10118 = LINE('',#10119,#10120);
#10119 = CARTESIAN_POINT('',(-1.7763568394E-15,-3.3));
#10120 = VECTOR('',#10121,1.);
#10121 = DIRECTION('',(0.,1.));
#10122 = ( GEOMETRIC_REPRESENTATION_CONTEXT(2) 
PARAMETRIC_REPRESENTATION_CONTEXT() REPRESENTATION_CONTEXT('2D SPACE',''
  ) );
#10123 = ORIENTED_EDGE('',*,*,#10124,.T.);
#10124 = EDGE_CURVE('',#10102,#10048,#10125,.T.);
#10125 = SURFACE_CURVE('',#10126,(#10130,#10137),.PCURVE_S1.);
#10126 = LINE('',#10127,#10128);
#10127 = CARTESIAN_POINT('',(-9.4,40.4,54.4));
#10128 = VECTOR('',#10129,1.);
#10129 = DIRECTION('',(0.,0.,1.));
#10130 = PCURVE('',#3345,#10131);
#10131 = DEFINITIONAL_REPRESENTATION('',(#10132),#10136);
#10132 = LINE('',#10133,#10134);
#10133 = CARTESIAN_POINT('',(0.,-3.3));
#10134 = VECTOR('',#10135,1.);
#10135 = DIRECTION('',(1.,0.));
#10136 = ( GEOMETRIC_REPRESENTATION_CONTEXT(2) 
PARAMETRIC_REPRESENTATION_CONTEXT() REPRESENTATION_CONTEXT('2D SPACE',''
  ) );
#10137 = PCURVE('',#10084,#10138);
#10138 = DEFINITIONAL_REPRESENTATION('',(#10139),#10143);
#10139 = LINE('',#10140,#10141);
#10140 = CARTESIAN_POINT('',(0.,0.));
#10141 = VECTOR('',#10142,1.);
#10142 = DIRECTION('',(1.,0.));
#10143 = ( GEOMETRIC_REPRESENTATION_CONTEXT(2) 
PARAMETRIC_REPRESENTATION_CONTEXT() REPRESENTATION_CONTEXT('2D SPACE',''
  ) );
#10144 = ADVANCED_FACE('',(#10145),#3321,.F.);
#10145 = FACE_BOUND('',#10146,.F.);
#10146 = EDGE_LOOP('',(#10147,#10172,#10195,#10216,#10217,#10218));
#10147 = ORIENTED_EDGE('',*,*,#10148,.T.);
#10148 = EDGE_CURVE('',#10149,#10151,#10153,.T.);
#10149 = VERTEX_POINT('',#10150);
#10150 = CARTESIAN_POINT('',(-6.75,40.4,54.4));
#10151 = VERTEX_POINT('',#10152);
#10152 = CARTESIAN_POINT('',(-6.75,42.2,54.4));
#10153 = SURFACE_CURVE('',#10154,(#10158,#10165),.PCURVE_S1.);
#10154 = LINE('',#10155,#10156);
#10155 = CARTESIAN_POINT('',(-6.75,40.4,54.4));
#10156 = VECTOR('',#10157,1.);
#10157 = DIRECTION('',(0.,1.,0.));
#10158 = PCURVE('',#3321,#10159);
#10159 = DEFINITIONAL_REPRESENTATION('',(#10160),#10164);
#10160 = LINE('',#10161,#10162);
#10161 = CARTESIAN_POINT('',(2.65,0.));
#10162 = VECTOR('',#10163,1.);
#10163 = DIRECTION('',(0.,1.));
#10164 = ( GEOMETRIC_REPRESENTATION_CONTEXT(2) 
PARAMETRIC_REPRESENTATION_CONTEXT() REPRESENTATION_CONTEXT('2D SPACE',''
  ) );
#10165 = PCURVE('',#9985,#10166);
#10166 = DEFINITIONAL_REPRESENTATION('',(#10167),#10171);
#10167 = LINE('',#10168,#10169);
#10168 = CARTESIAN_POINT('',(0.,0.));
#10169 = VECTOR('',#10170,1.);
#10170 = DIRECTION('',(0.,-1.));
#10171 = ( GEOMETRIC_REPRESENTATION_CONTEXT(2) 
PARAMETRIC_REPRESENTATION_CONTEXT() REPRESENTATION_CONTEXT('2D SPACE',''
  ) );
#10172 = ORIENTED_EDGE('',*,*,#10173,.T.);
#10173 = EDGE_CURVE('',#10151,#10174,#10176,.T.);
#10174 = VERTEX_POINT('',#10175);
#10175 = CARTESIAN_POINT('',(-11.,42.2,54.4));
#10176 = SURFACE_CURVE('',#10177,(#10181,#10188),.PCURVE_S1.);
#10177 = LINE('',#10178,#10179);
#10178 = CARTESIAN_POINT('',(-6.75,42.2,54.4));
#10179 = VECTOR('',#10180,1.);
#10180 = DIRECTION('',(-1.,1.671865260612E-15,0.));
#10181 = PCURVE('',#3321,#10182);
#10182 = DEFINITIONAL_REPRESENTATION('',(#10183),#10187);
#10183 = LINE('',#10184,#10185);
#10184 = CARTESIAN_POINT('',(2.65,1.8));
#10185 = VECTOR('',#10186,1.);
#10186 = DIRECTION('',(-1.,1.671865260612E-15));
#10187 = ( GEOMETRIC_REPRESENTATION_CONTEXT(2) 
PARAMETRIC_REPRESENTATION_CONTEXT() REPRESENTATION_CONTEXT('2D SPACE',''
  ) );
#10188 = PCURVE('',#10013,#10189);
#10189 = DEFINITIONAL_REPRESENTATION('',(#10190),#10194);
#10190 = LINE('',#10191,#10192);
#10191 = CARTESIAN_POINT('',(0.,2.65));
#10192 = VECTOR('',#10193,1.);
#10193 = DIRECTION('',(0.,-1.));
#10194 = ( GEOMETRIC_REPRESENTATION_CONTEXT(2) 
PARAMETRIC_REPRESENTATION_CONTEXT() REPRESENTATION_CONTEXT('2D SPACE',''
  ) );
#10195 = ORIENTED_EDGE('',*,*,#10196,.F.);
#10196 = EDGE_CURVE('',#3281,#10174,#10197,.T.);
#10197 = SURFACE_CURVE('',#10198,(#10202,#10209),.PCURVE_S1.);
#10198 = LINE('',#10199,#10200);
#10199 = CARTESIAN_POINT('',(-11.,37.1,54.4));
#10200 = VECTOR('',#10201,1.);
#10201 = DIRECTION('',(0.,1.,0.));
#10202 = PCURVE('',#3321,#10203);
#10203 = DEFINITIONAL_REPRESENTATION('',(#10204),#10208);
#10204 = LINE('',#10205,#10206);
#10205 = CARTESIAN_POINT('',(-1.6,-3.3));
#10206 = VECTOR('',#10207,1.);
#10207 = DIRECTION('',(0.,1.));
#10208 = ( GEOMETRIC_REPRESENTATION_CONTEXT(2) 
PARAMETRIC_REPRESENTATION_CONTEXT() REPRESENTATION_CONTEXT('2D SPACE',''
  ) );
#10209 = PCURVE('',#3295,#10210);
#10210 = DEFINITIONAL_REPRESENTATION('',(#10211),#10215);
#10211 = LINE('',#10212,#10213);
#10212 = CARTESIAN_POINT('',(0.,0.));
#10213 = VECTOR('',#10214,1.);
#10214 = DIRECTION('',(0.,-1.));
#10215 = ( GEOMETRIC_REPRESENTATION_CONTEXT(2) 
PARAMETRIC_REPRESENTATION_CONTEXT() REPRESENTATION_CONTEXT('2D SPACE',''
  ) );
#10216 = ORIENTED_EDGE('',*,*,#3306,.T.);
#10217 = ORIENTED_EDGE('',*,*,#10101,.T.);
#10218 = ORIENTED_EDGE('',*,*,#10219,.T.);
#10219 = EDGE_CURVE('',#10102,#10149,#10220,.T.);
#10220 = SURFACE_CURVE('',#10221,(#10225,#10232),.PCURVE_S1.);
#10221 = LINE('',#10222,#10223);
#10222 = CARTESIAN_POINT('',(-9.4,40.4,54.4));
#10223 = VECTOR('',#10224,1.);
#10224 = DIRECTION('',(1.,0.,0.));
#10225 = PCURVE('',#3321,#10226);
#10226 = DEFINITIONAL_REPRESENTATION('',(#10227),#10231);
#10227 = LINE('',#10228,#10229);
#10228 = CARTESIAN_POINT('',(0.,0.));
#10229 = VECTOR('',#10230,1.);
#10230 = DIRECTION('',(1.,0.));
#10231 = ( GEOMETRIC_REPRESENTATION_CONTEXT(2) 
PARAMETRIC_REPRESENTATION_CONTEXT() REPRESENTATION_CONTEXT('2D SPACE',''
  ) );
#10232 = PCURVE('',#10084,#10233);
#10233 = DEFINITIONAL_REPRESENTATION('',(#10234),#10238);
#10234 = LINE('',#10235,#10236);
#10235 = CARTESIAN_POINT('',(0.,0.));
#10236 = VECTOR('',#10237,1.);
#10237 = DIRECTION('',(0.,1.));
#10238 = ( GEOMETRIC_REPRESENTATION_CONTEXT(2) 
PARAMETRIC_REPRESENTATION_CONTEXT() REPRESENTATION_CONTEXT('2D SPACE',''
  ) );
#10239 = ADVANCED_FACE('',(#10240),#3295,.F.);
#10240 = FACE_BOUND('',#10241,.F.);
#10241 = EDGE_LOOP('',(#10242,#10243,#10244,#10245));
#10242 = ORIENTED_EDGE('',*,*,#10025,.F.);
#10243 = ORIENTED_EDGE('',*,*,#3280,.T.);
#10244 = ORIENTED_EDGE('',*,*,#10196,.T.);
#10245 = ORIENTED_EDGE('',*,*,#10246,.T.);
#10246 = EDGE_CURVE('',#10174,#9998,#10247,.T.);
#10247 = SURFACE_CURVE('',#10248,(#10252,#10259),.PCURVE_S1.);
#10248 = LINE('',#10249,#10250);
#10249 = CARTESIAN_POINT('',(-11.,42.2,54.4));
#10250 = VECTOR('',#10251,1.);
#10251 = DIRECTION('',(0.,0.,1.));
#10252 = PCURVE('',#3295,#10253);
#10253 = DEFINITIONAL_REPRESENTATION('',(#10254),#10258);
#10254 = LINE('',#10255,#10256);
#10255 = CARTESIAN_POINT('',(0.,-5.1));
#10256 = VECTOR('',#10257,1.);
#10257 = DIRECTION('',(1.,0.));
#10258 = ( GEOMETRIC_REPRESENTATION_CONTEXT(2) 
PARAMETRIC_REPRESENTATION_CONTEXT() REPRESENTATION_CONTEXT('2D SPACE',''
  ) );
#10259 = PCURVE('',#10013,#10260);
#10260 = DEFINITIONAL_REPRESENTATION('',(#10261),#10265);
#10261 = LINE('',#10262,#10263);
#10262 = CARTESIAN_POINT('',(0.,-1.6));
#10263 = VECTOR('',#10264,1.);
#10264 = DIRECTION('',(1.,0.));
#10265 = ( GEOMETRIC_REPRESENTATION_CONTEXT(2) 
PARAMETRIC_REPRESENTATION_CONTEXT() REPRESENTATION_CONTEXT('2D SPACE',''
  ) );
#10266 = ADVANCED_FACE('',(#10267),#3409,.T.);
#10267 = FACE_BOUND('',#10268,.T.);
#10268 = EDGE_LOOP('',(#10269,#10299,#10320,#10321,#10344,#10372));
#10269 = ORIENTED_EDGE('',*,*,#10270,.F.);
#10270 = EDGE_CURVE('',#10271,#10273,#10275,.T.);
#10271 = VERTEX_POINT('',#10272);
#10272 = CARTESIAN_POINT('',(-46.8,-11.,76.4));
#10273 = VERTEX_POINT('',#10274);
#10274 = CARTESIAN_POINT('',(-46.8,-6.75,76.4));
#10275 = SURFACE_CURVE('',#10276,(#10280,#10287),.PCURVE_S1.);
#10276 = LINE('',#10277,#10278);
#10277 = CARTESIAN_POINT('',(-46.8,-11.,76.4));
#10278 = VECTOR('',#10279,1.);
#10279 = DIRECTION('',(0.,1.,0.));
#10280 = PCURVE('',#3409,#10281);
#10281 = DEFINITIONAL_REPRESENTATION('',(#10282),#10286);
#10282 = LINE('',#10283,#10284);
#10283 = CARTESIAN_POINT('',(0.,-1.6));
#10284 = VECTOR('',#10285,1.);
#10285 = DIRECTION('',(0.,1.));
#10286 = ( GEOMETRIC_REPRESENTATION_CONTEXT(2) 
PARAMETRIC_REPRESENTATION_CONTEXT() REPRESENTATION_CONTEXT('2D SPACE',''
  ) );
#10287 = PCURVE('',#10288,#10293);
#10288 = PLANE('',#10289);
#10289 = AXIS2_PLACEMENT_3D('',#10290,#10291,#10292);
#10290 = CARTESIAN_POINT('',(-46.8,-9.4,54.4));
#10291 = DIRECTION('',(1.,0.,0.));
#10292 = DIRECTION('',(0.,0.,1.));
#10293 = DEFINITIONAL_REPRESENTATION('',(#10294),#10298);
#10294 = LINE('',#10295,#10296);
#10295 = CARTESIAN_POINT('',(22.,1.6));
#10296 = VECTOR('',#10297,1.);
#10297 = DIRECTION('',(0.,-1.));
#10298 = ( GEOMETRIC_REPRESENTATION_CONTEXT(2) 
PARAMETRIC_REPRESENTATION_CONTEXT() REPRESENTATION_CONTEXT('2D SPACE',''
  ) );
#10299 = ORIENTED_EDGE('',*,*,#10300,.T.);
#10300 = EDGE_CURVE('',#10271,#3395,#10301,.T.);
#10301 = SURFACE_CURVE('',#10302,(#10306,#10313),.PCURVE_S1.);
#10302 = LINE('',#10303,#10304);
#10303 = CARTESIAN_POINT('',(-46.8,-11.,76.4));
#10304 = VECTOR('',#10305,1.);
#10305 = DIRECTION('',(1.,0.,0.));
#10306 = PCURVE('',#3409,#10307);
#10307 = DEFINITIONAL_REPRESENTATION('',(#10308),#10312);
#10308 = LINE('',#10309,#10310);
#10309 = CARTESIAN_POINT('',(0.,-1.6));
#10310 = VECTOR('',#10311,1.);
#10311 = DIRECTION('',(1.,0.));
#10312 = ( GEOMETRIC_REPRESENTATION_CONTEXT(2) 
PARAMETRIC_REPRESENTATION_CONTEXT() REPRESENTATION_CONTEXT('2D SPACE',''
  ) );
#10313 = PCURVE('',#3485,#10314);
#10314 = DEFINITIONAL_REPRESENTATION('',(#10315),#10319);
#10315 = LINE('',#10316,#10317);
#10316 = CARTESIAN_POINT('',(22.,0.));
#10317 = VECTOR('',#10318,1.);
#10318 = DIRECTION('',(0.,1.));
#10319 = ( GEOMETRIC_REPRESENTATION_CONTEXT(2) 
PARAMETRIC_REPRESENTATION_CONTEXT() REPRESENTATION_CONTEXT('2D SPACE',''
  ) );
#10320 = ORIENTED_EDGE('',*,*,#3392,.F.);
#10321 = ORIENTED_EDGE('',*,*,#10322,.F.);
#10322 = EDGE_CURVE('',#10323,#3393,#10325,.T.);
#10323 = VERTEX_POINT('',#10324);
#10324 = CARTESIAN_POINT('',(-45.,-9.4,76.4));
#10325 = SURFACE_CURVE('',#10326,(#10330,#10337),.PCURVE_S1.);
#10326 = LINE('',#10327,#10328);
#10327 = CARTESIAN_POINT('',(-46.8,-9.4,76.4));
#10328 = VECTOR('',#10329,1.);
#10329 = DIRECTION('',(1.,0.,0.));
#10330 = PCURVE('',#3409,#10331);
#10331 = DEFINITIONAL_REPRESENTATION('',(#10332),#10336);
#10332 = LINE('',#10333,#10334);
#10333 = CARTESIAN_POINT('',(0.,-1.7763568394E-15));
#10334 = VECTOR('',#10335,1.);
#10335 = DIRECTION('',(1.,0.));
#10336 = ( GEOMETRIC_REPRESENTATION_CONTEXT(2) 
PARAMETRIC_REPRESENTATION_CONTEXT() REPRESENTATION_CONTEXT('2D SPACE',''
  ) );
#10337 = PCURVE('',#3435,#10338);
#10338 = DEFINITIONAL_REPRESENTATION('',(#10339),#10343);
#10339 = LINE('',#10340,#10341);
#10340 = CARTESIAN_POINT('',(22.,0.));
#10341 = VECTOR('',#10342,1.);
#10342 = DIRECTION('',(0.,1.));
#10343 = ( GEOMETRIC_REPRESENTATION_CONTEXT(2) 
PARAMETRIC_REPRESENTATION_CONTEXT() REPRESENTATION_CONTEXT('2D SPACE',''
  ) );
#10344 = ORIENTED_EDGE('',*,*,#10345,.T.);
#10345 = EDGE_CURVE('',#10323,#10346,#10348,.T.);
#10346 = VERTEX_POINT('',#10347);
#10347 = CARTESIAN_POINT('',(-45.,-6.75,76.4));
#10348 = SURFACE_CURVE('',#10349,(#10353,#10360),.PCURVE_S1.);
#10349 = LINE('',#10350,#10351);
#10350 = CARTESIAN_POINT('',(-45.,-9.4,76.4));
#10351 = VECTOR('',#10352,1.);
#10352 = DIRECTION('',(0.,1.,0.));
#10353 = PCURVE('',#3409,#10354);
#10354 = DEFINITIONAL_REPRESENTATION('',(#10355),#10359);
#10355 = LINE('',#10356,#10357);
#10356 = CARTESIAN_POINT('',(1.8,0.));
#10357 = VECTOR('',#10358,1.);
#10358 = DIRECTION('',(0.,1.));
#10359 = ( GEOMETRIC_REPRESENTATION_CONTEXT(2) 
PARAMETRIC_REPRESENTATION_CONTEXT() REPRESENTATION_CONTEXT('2D SPACE',''
  ) );
#10360 = PCURVE('',#10361,#10366);
#10361 = PLANE('',#10362);
#10362 = AXIS2_PLACEMENT_3D('',#10363,#10364,#10365);
#10363 = CARTESIAN_POINT('',(-45.,-9.4,54.4));
#10364 = DIRECTION('',(1.,0.,0.));
#10365 = DIRECTION('',(0.,0.,1.));
#10366 = DEFINITIONAL_REPRESENTATION('',(#10367),#10371);
#10367 = LINE('',#10368,#10369);
#10368 = CARTESIAN_POINT('',(22.,0.));
#10369 = VECTOR('',#10370,1.);
#10370 = DIRECTION('',(0.,-1.));
#10371 = ( GEOMETRIC_REPRESENTATION_CONTEXT(2) 
PARAMETRIC_REPRESENTATION_CONTEXT() REPRESENTATION_CONTEXT('2D SPACE',''
  ) );
#10372 = ORIENTED_EDGE('',*,*,#10373,.F.);
#10373 = EDGE_CURVE('',#10273,#10346,#10374,.T.);
#10374 = SURFACE_CURVE('',#10375,(#10379,#10386),.PCURVE_S1.);
#10375 = LINE('',#10376,#10377);
#10376 = CARTESIAN_POINT('',(-46.8,-6.75,76.4));
#10377 = VECTOR('',#10378,1.);
#10378 = DIRECTION('',(1.,0.,0.));
#10379 = PCURVE('',#3409,#10380);
#10380 = DEFINITIONAL_REPRESENTATION('',(#10381),#10385);
#10381 = LINE('',#10382,#10383);
#10382 = CARTESIAN_POINT('',(0.,2.65));
#10383 = VECTOR('',#10384,1.);
#10384 = DIRECTION('',(1.,0.));
#10385 = ( GEOMETRIC_REPRESENTATION_CONTEXT(2) 
PARAMETRIC_REPRESENTATION_CONTEXT() REPRESENTATION_CONTEXT('2D SPACE',''
  ) );
#10386 = PCURVE('',#10387,#10392);
#10387 = PLANE('',#10388);
#10388 = AXIS2_PLACEMENT_3D('',#10389,#10390,#10391);
#10389 = CARTESIAN_POINT('',(-46.8,-6.75,54.4));
#10390 = DIRECTION('',(0.,1.,0.));
#10391 = DIRECTION('',(0.,0.,1.));
#10392 = DEFINITIONAL_REPRESENTATION('',(#10393),#10397);
#10393 = LINE('',#10394,#10395);
#10394 = CARTESIAN_POINT('',(22.,0.));
#10395 = VECTOR('',#10396,1.);
#10396 = DIRECTION('',(0.,1.));
#10397 = ( GEOMETRIC_REPRESENTATION_CONTEXT(2) 
PARAMETRIC_REPRESENTATION_CONTEXT() REPRESENTATION_CONTEXT('2D SPACE',''
  ) );
#10398 = ADVANCED_FACE('',(#10399),#3485,.F.);
#10399 = FACE_BOUND('',#10400,.F.);
#10400 = EDGE_LOOP('',(#10401,#10424,#10445,#10446));
#10401 = ORIENTED_EDGE('',*,*,#10402,.F.);
#10402 = EDGE_CURVE('',#10403,#3447,#10405,.T.);
#10403 = VERTEX_POINT('',#10404);
#10404 = CARTESIAN_POINT('',(-46.8,-11.,54.4));
#10405 = SURFACE_CURVE('',#10406,(#10410,#10417),.PCURVE_S1.);
#10406 = LINE('',#10407,#10408);
#10407 = CARTESIAN_POINT('',(-46.8,-11.,54.4));
#10408 = VECTOR('',#10409,1.);
#10409 = DIRECTION('',(1.,0.,0.));
#10410 = PCURVE('',#3485,#10411);
#10411 = DEFINITIONAL_REPRESENTATION('',(#10412),#10416);
#10412 = LINE('',#10413,#10414);
#10413 = CARTESIAN_POINT('',(0.,0.));
#10414 = VECTOR('',#10415,1.);
#10415 = DIRECTION('',(0.,1.));
#10416 = ( GEOMETRIC_REPRESENTATION_CONTEXT(2) 
PARAMETRIC_REPRESENTATION_CONTEXT() REPRESENTATION_CONTEXT('2D SPACE',''
  ) );
#10417 = PCURVE('',#3461,#10418);
#10418 = DEFINITIONAL_REPRESENTATION('',(#10419),#10423);
#10419 = LINE('',#10420,#10421);
#10420 = CARTESIAN_POINT('',(0.,-1.6));
#10421 = VECTOR('',#10422,1.);
#10422 = DIRECTION('',(1.,0.));
#10423 = ( GEOMETRIC_REPRESENTATION_CONTEXT(2) 
PARAMETRIC_REPRESENTATION_CONTEXT() REPRESENTATION_CONTEXT('2D SPACE',''
  ) );
#10424 = ORIENTED_EDGE('',*,*,#10425,.T.);
#10425 = EDGE_CURVE('',#10403,#10271,#10426,.T.);
#10426 = SURFACE_CURVE('',#10427,(#10431,#10438),.PCURVE_S1.);
#10427 = LINE('',#10428,#10429);
#10428 = CARTESIAN_POINT('',(-46.8,-11.,54.4));
#10429 = VECTOR('',#10430,1.);
#10430 = DIRECTION('',(0.,0.,1.));
#10431 = PCURVE('',#3485,#10432);
#10432 = DEFINITIONAL_REPRESENTATION('',(#10433),#10437);
#10433 = LINE('',#10434,#10435);
#10434 = CARTESIAN_POINT('',(0.,0.));
#10435 = VECTOR('',#10436,1.);
#10436 = DIRECTION('',(1.,0.));
#10437 = ( GEOMETRIC_REPRESENTATION_CONTEXT(2) 
PARAMETRIC_REPRESENTATION_CONTEXT() REPRESENTATION_CONTEXT('2D SPACE',''
  ) );
#10438 = PCURVE('',#10288,#10439);
#10439 = DEFINITIONAL_REPRESENTATION('',(#10440),#10444);
#10440 = LINE('',#10441,#10442);
#10441 = CARTESIAN_POINT('',(0.,1.6));
#10442 = VECTOR('',#10443,1.);
#10443 = DIRECTION('',(1.,0.));
#10444 = ( GEOMETRIC_REPRESENTATION_CONTEXT(2) 
PARAMETRIC_REPRESENTATION_CONTEXT() REPRESENTATION_CONTEXT('2D SPACE',''
  ) );
#10445 = ORIENTED_EDGE('',*,*,#10300,.T.);
#10446 = ORIENTED_EDGE('',*,*,#3472,.F.);
#10447 = ADVANCED_FACE('',(#10448),#3461,.F.);
#10448 = FACE_BOUND('',#10449,.F.);
#10449 = EDGE_LOOP('',(#10450,#10475,#10496,#10497,#10498,#10521));
#10450 = ORIENTED_EDGE('',*,*,#10451,.F.);
#10451 = EDGE_CURVE('',#10452,#10454,#10456,.T.);
#10452 = VERTEX_POINT('',#10453);
#10453 = CARTESIAN_POINT('',(-46.8,-6.75,54.4));
#10454 = VERTEX_POINT('',#10455);
#10455 = CARTESIAN_POINT('',(-45.,-6.75,54.4));
#10456 = SURFACE_CURVE('',#10457,(#10461,#10468),.PCURVE_S1.);
#10457 = LINE('',#10458,#10459);
#10458 = CARTESIAN_POINT('',(-46.8,-6.75,54.4));
#10459 = VECTOR('',#10460,1.);
#10460 = DIRECTION('',(1.,0.,0.));
#10461 = PCURVE('',#3461,#10462);
#10462 = DEFINITIONAL_REPRESENTATION('',(#10463),#10467);
#10463 = LINE('',#10464,#10465);
#10464 = CARTESIAN_POINT('',(0.,2.65));
#10465 = VECTOR('',#10466,1.);
#10466 = DIRECTION('',(1.,0.));
#10467 = ( GEOMETRIC_REPRESENTATION_CONTEXT(2) 
PARAMETRIC_REPRESENTATION_CONTEXT() REPRESENTATION_CONTEXT('2D SPACE',''
  ) );
#10468 = PCURVE('',#10387,#10469);
#10469 = DEFINITIONAL_REPRESENTATION('',(#10470),#10474);
#10470 = LINE('',#10471,#10472);
#10471 = CARTESIAN_POINT('',(0.,0.));
#10472 = VECTOR('',#10473,1.);
#10473 = DIRECTION('',(0.,1.));
#10474 = ( GEOMETRIC_REPRESENTATION_CONTEXT(2) 
PARAMETRIC_REPRESENTATION_CONTEXT() REPRESENTATION_CONTEXT('2D SPACE',''
  ) );
#10475 = ORIENTED_EDGE('',*,*,#10476,.T.);
#10476 = EDGE_CURVE('',#10452,#10403,#10477,.T.);
#10477 = SURFACE_CURVE('',#10478,(#10482,#10489),.PCURVE_S1.);
#10478 = LINE('',#10479,#10480);
#10479 = CARTESIAN_POINT('',(-46.8,-6.75,54.4));
#10480 = VECTOR('',#10481,1.);
#10481 = DIRECTION('',(0.,-1.,0.));
#10482 = PCURVE('',#3461,#10483);
#10483 = DEFINITIONAL_REPRESENTATION('',(#10484),#10488);
#10484 = LINE('',#10485,#10486);
#10485 = CARTESIAN_POINT('',(0.,2.65));
#10486 = VECTOR('',#10487,1.);
#10487 = DIRECTION('',(0.,-1.));
#10488 = ( GEOMETRIC_REPRESENTATION_CONTEXT(2) 
PARAMETRIC_REPRESENTATION_CONTEXT() REPRESENTATION_CONTEXT('2D SPACE',''
  ) );
#10489 = PCURVE('',#10288,#10490);
#10490 = DEFINITIONAL_REPRESENTATION('',(#10491),#10495);
#10491 = LINE('',#10492,#10493);
#10492 = CARTESIAN_POINT('',(0.,-2.65));
#10493 = VECTOR('',#10494,1.);
#10494 = DIRECTION('',(0.,1.));
#10495 = ( GEOMETRIC_REPRESENTATION_CONTEXT(2) 
PARAMETRIC_REPRESENTATION_CONTEXT() REPRESENTATION_CONTEXT('2D SPACE',''
  ) );
#10496 = ORIENTED_EDGE('',*,*,#10402,.T.);
#10497 = ORIENTED_EDGE('',*,*,#3446,.F.);
#10498 = ORIENTED_EDGE('',*,*,#10499,.F.);
#10499 = EDGE_CURVE('',#10500,#3421,#10502,.T.);
#10500 = VERTEX_POINT('',#10501);
#10501 = CARTESIAN_POINT('',(-45.,-9.4,54.4));
#10502 = SURFACE_CURVE('',#10503,(#10507,#10514),.PCURVE_S1.);
#10503 = LINE('',#10504,#10505);
#10504 = CARTESIAN_POINT('',(-46.8,-9.4,54.4));
#10505 = VECTOR('',#10506,1.);
#10506 = DIRECTION('',(1.,0.,0.));
#10507 = PCURVE('',#3461,#10508);
#10508 = DEFINITIONAL_REPRESENTATION('',(#10509),#10513);
#10509 = LINE('',#10510,#10511);
#10510 = CARTESIAN_POINT('',(0.,-1.7763568394E-15));
#10511 = VECTOR('',#10512,1.);
#10512 = DIRECTION('',(1.,0.));
#10513 = ( GEOMETRIC_REPRESENTATION_CONTEXT(2) 
PARAMETRIC_REPRESENTATION_CONTEXT() REPRESENTATION_CONTEXT('2D SPACE',''
  ) );
#10514 = PCURVE('',#3435,#10515);
#10515 = DEFINITIONAL_REPRESENTATION('',(#10516),#10520);
#10516 = LINE('',#10517,#10518);
#10517 = CARTESIAN_POINT('',(0.,0.));
#10518 = VECTOR('',#10519,1.);
#10519 = DIRECTION('',(0.,1.));
#10520 = ( GEOMETRIC_REPRESENTATION_CONTEXT(2) 
PARAMETRIC_REPRESENTATION_CONTEXT() REPRESENTATION_CONTEXT('2D SPACE',''
  ) );
#10521 = ORIENTED_EDGE('',*,*,#10522,.T.);
#10522 = EDGE_CURVE('',#10500,#10454,#10523,.T.);
#10523 = SURFACE_CURVE('',#10524,(#10528,#10535),.PCURVE_S1.);
#10524 = LINE('',#10525,#10526);
#10525 = CARTESIAN_POINT('',(-45.,-9.4,54.4));
#10526 = VECTOR('',#10527,1.);
#10527 = DIRECTION('',(0.,1.,0.));
#10528 = PCURVE('',#3461,#10529);
#10529 = DEFINITIONAL_REPRESENTATION('',(#10530),#10534);
#10530 = LINE('',#10531,#10532);
#10531 = CARTESIAN_POINT('',(1.8,0.));
#10532 = VECTOR('',#10533,1.);
#10533 = DIRECTION('',(0.,1.));
#10534 = ( GEOMETRIC_REPRESENTATION_CONTEXT(2) 
PARAMETRIC_REPRESENTATION_CONTEXT() REPRESENTATION_CONTEXT('2D SPACE',''
  ) );
#10535 = PCURVE('',#10361,#10536);
#10536 = DEFINITIONAL_REPRESENTATION('',(#10537),#10541);
#10537 = LINE('',#10538,#10539);
#10538 = CARTESIAN_POINT('',(0.,0.));
#10539 = VECTOR('',#10540,1.);
#10540 = DIRECTION('',(0.,-1.));
#10541 = ( GEOMETRIC_REPRESENTATION_CONTEXT(2) 
PARAMETRIC_REPRESENTATION_CONTEXT() REPRESENTATION_CONTEXT('2D SPACE',''
  ) );
#10542 = ADVANCED_FACE('',(#10543),#3435,.T.);
#10543 = FACE_BOUND('',#10544,.T.);
#10544 = EDGE_LOOP('',(#10545,#10546,#10567,#10568));
#10545 = ORIENTED_EDGE('',*,*,#10499,.F.);
#10546 = ORIENTED_EDGE('',*,*,#10547,.T.);
#10547 = EDGE_CURVE('',#10500,#10323,#10548,.T.);
#10548 = SURFACE_CURVE('',#10549,(#10553,#10560),.PCURVE_S1.);
#10549 = LINE('',#10550,#10551);
#10550 = CARTESIAN_POINT('',(-45.,-9.4,54.4));
#10551 = VECTOR('',#10552,1.);
#10552 = DIRECTION('',(0.,0.,1.));
#10553 = PCURVE('',#3435,#10554);
#10554 = DEFINITIONAL_REPRESENTATION('',(#10555),#10559);
#10555 = LINE('',#10556,#10557);
#10556 = CARTESIAN_POINT('',(0.,1.8));
#10557 = VECTOR('',#10558,1.);
#10558 = DIRECTION('',(1.,0.));
#10559 = ( GEOMETRIC_REPRESENTATION_CONTEXT(2) 
PARAMETRIC_REPRESENTATION_CONTEXT() REPRESENTATION_CONTEXT('2D SPACE',''
  ) );
#10560 = PCURVE('',#10361,#10561);
#10561 = DEFINITIONAL_REPRESENTATION('',(#10562),#10566);
#10562 = LINE('',#10563,#10564);
#10563 = CARTESIAN_POINT('',(0.,0.));
#10564 = VECTOR('',#10565,1.);
#10565 = DIRECTION('',(1.,0.));
#10566 = ( GEOMETRIC_REPRESENTATION_CONTEXT(2) 
PARAMETRIC_REPRESENTATION_CONTEXT() REPRESENTATION_CONTEXT('2D SPACE',''
  ) );
#10567 = ORIENTED_EDGE('',*,*,#10322,.T.);
#10568 = ORIENTED_EDGE('',*,*,#3420,.F.);
#10569 = ADVANCED_FACE('',(#10570),#3562,.F.);
#10570 = FACE_BOUND('',#10571,.F.);
#10571 = EDGE_LOOP('',(#10572,#10573,#10594,#10595));
#10572 = ORIENTED_EDGE('',*,*,#3545,.F.);
#10573 = ORIENTED_EDGE('',*,*,#10574,.T.);
#10574 = EDGE_CURVE('',#3546,#7046,#10575,.T.);
#10575 = SURFACE_CURVE('',#10576,(#10580,#10587),.PCURVE_S1.);
#10576 = LINE('',#10577,#10578);
#10577 = CARTESIAN_POINT('',(-34.7,-5.,71.65));
#10578 = VECTOR('',#10579,1.);
#10579 = DIRECTION('',(1.,0.,0.));
#10580 = PCURVE('',#3562,#10581);
#10581 = DEFINITIONAL_REPRESENTATION('',(#10582),#10586);
#10582 = LINE('',#10583,#10584);
#10583 = CARTESIAN_POINT('',(0.,0.));
#10584 = VECTOR('',#10585,1.);
#10585 = DIRECTION('',(0.,-1.));
#10586 = ( GEOMETRIC_REPRESENTATION_CONTEXT(2) 
PARAMETRIC_REPRESENTATION_CONTEXT() REPRESENTATION_CONTEXT('2D SPACE',''
  ) );
#10587 = PCURVE('',#3588,#10588);
#10588 = DEFINITIONAL_REPRESENTATION('',(#10589),#10593);
#10589 = LINE('',#10590,#10591);
#10590 = CARTESIAN_POINT('',(0.,0.));
#10591 = VECTOR('',#10592,1.);
#10592 = DIRECTION('',(0.,-1.));
#10593 = ( GEOMETRIC_REPRESENTATION_CONTEXT(2) 
PARAMETRIC_REPRESENTATION_CONTEXT() REPRESENTATION_CONTEXT('2D SPACE',''
  ) );
#10594 = ORIENTED_EDGE('',*,*,#7045,.T.);
#10595 = ORIENTED_EDGE('',*,*,#10596,.F.);
#10596 = EDGE_CURVE('',#3548,#7048,#10597,.T.);
#10597 = SURFACE_CURVE('',#10598,(#10602,#10609),.PCURVE_S1.);
#10598 = LINE('',#10599,#10600);
#10599 = CARTESIAN_POINT('',(-34.7,-5.,75.65));
#10600 = VECTOR('',#10601,1.);
#10601 = DIRECTION('',(1.,0.,0.));
#10602 = PCURVE('',#3562,#10603);
#10603 = DEFINITIONAL_REPRESENTATION('',(#10604),#10608);
#10604 = LINE('',#10605,#10606);
#10605 = CARTESIAN_POINT('',(4.,0.));
#10606 = VECTOR('',#10607,1.);
#10607 = DIRECTION('',(0.,-1.));
#10608 = ( GEOMETRIC_REPRESENTATION_CONTEXT(2) 
PARAMETRIC_REPRESENTATION_CONTEXT() REPRESENTATION_CONTEXT('2D SPACE',''
  ) );
#10609 = PCURVE('',#3638,#10610);
#10610 = DEFINITIONAL_REPRESENTATION('',(#10611),#10615);
#10611 = LINE('',#10612,#10613);
#10612 = CARTESIAN_POINT('',(0.,0.));
#10613 = VECTOR('',#10614,1.);
#10614 = DIRECTION('',(0.,-1.));
#10615 = ( GEOMETRIC_REPRESENTATION_CONTEXT(2) 
PARAMETRIC_REPRESENTATION_CONTEXT() REPRESENTATION_CONTEXT('2D SPACE',''
  ) );
#10616 = ADVANCED_FACE('',(#10617),#3588,.T.);
#10617 = FACE_BOUND('',#10618,.T.);
#10618 = EDGE_LOOP('',(#10619,#10620,#10621,#10622));
#10619 = ORIENTED_EDGE('',*,*,#3573,.F.);
#10620 = ORIENTED_EDGE('',*,*,#10574,.T.);
#10621 = ORIENTED_EDGE('',*,*,#7068,.T.);
#10622 = ORIENTED_EDGE('',*,*,#10623,.F.);
#10623 = EDGE_CURVE('',#3574,#7069,#10624,.T.);
#10624 = SURFACE_CURVE('',#10625,(#10629,#10636),.PCURVE_S1.);
#10625 = LINE('',#10626,#10627);
#10626 = CARTESIAN_POINT('',(-34.7,5.,71.65));
#10627 = VECTOR('',#10628,1.);
#10628 = DIRECTION('',(1.,0.,0.));
#10629 = PCURVE('',#3588,#10630);
#10630 = DEFINITIONAL_REPRESENTATION('',(#10631),#10635);
#10631 = LINE('',#10632,#10633);
#10632 = CARTESIAN_POINT('',(10.,0.));
#10633 = VECTOR('',#10634,1.);
#10634 = DIRECTION('',(0.,-1.));
#10635 = ( GEOMETRIC_REPRESENTATION_CONTEXT(2) 
PARAMETRIC_REPRESENTATION_CONTEXT() REPRESENTATION_CONTEXT('2D SPACE',''
  ) );
#10636 = PCURVE('',#3614,#10637);
#10637 = DEFINITIONAL_REPRESENTATION('',(#10638),#10642);
#10638 = LINE('',#10639,#10640);
#10639 = CARTESIAN_POINT('',(0.,0.));
#10640 = VECTOR('',#10641,1.);
#10641 = DIRECTION('',(0.,-1.));
#10642 = ( GEOMETRIC_REPRESENTATION_CONTEXT(2) 
PARAMETRIC_REPRESENTATION_CONTEXT() REPRESENTATION_CONTEXT('2D SPACE',''
  ) );
#10643 = ADVANCED_FACE('',(#10644),#3638,.F.);
#10644 = FACE_BOUND('',#10645,.F.);
#10645 = EDGE_LOOP('',(#10646,#10647,#10648,#10649));
#10646 = ORIENTED_EDGE('',*,*,#3625,.F.);
#10647 = ORIENTED_EDGE('',*,*,#10596,.T.);
#10648 = ORIENTED_EDGE('',*,*,#7110,.T.);
#10649 = ORIENTED_EDGE('',*,*,#10650,.F.);
#10650 = EDGE_CURVE('',#3600,#7090,#10651,.T.);
#10651 = SURFACE_CURVE('',#10652,(#10656,#10663),.PCURVE_S1.);
#10652 = LINE('',#10653,#10654);
#10653 = CARTESIAN_POINT('',(-34.7,5.,75.65));
#10654 = VECTOR('',#10655,1.);
#10655 = DIRECTION('',(1.,0.,0.));
#10656 = PCURVE('',#3638,#10657);
#10657 = DEFINITIONAL_REPRESENTATION('',(#10658),#10662);
#10658 = LINE('',#10659,#10660);
#10659 = CARTESIAN_POINT('',(10.,0.));
#10660 = VECTOR('',#10661,1.);
#10661 = DIRECTION('',(0.,-1.));
#10662 = ( GEOMETRIC_REPRESENTATION_CONTEXT(2) 
PARAMETRIC_REPRESENTATION_CONTEXT() REPRESENTATION_CONTEXT('2D SPACE',''
  ) );
#10663 = PCURVE('',#3614,#10664);
#10664 = DEFINITIONAL_REPRESENTATION('',(#10665),#10669);
#10665 = LINE('',#10666,#10667);
#10666 = CARTESIAN_POINT('',(4.,0.));
#10667 = VECTOR('',#10668,1.);
#10668 = DIRECTION('',(0.,-1.));
#10669 = ( GEOMETRIC_REPRESENTATION_CONTEXT(2) 
PARAMETRIC_REPRESENTATION_CONTEXT() REPRESENTATION_CONTEXT('2D SPACE',''
  ) );
#10670 = ADVANCED_FACE('',(#10671),#3614,.T.);
#10671 = FACE_BOUND('',#10672,.T.);
#10672 = EDGE_LOOP('',(#10673,#10674,#10675,#10676));
#10673 = ORIENTED_EDGE('',*,*,#3599,.F.);
#10674 = ORIENTED_EDGE('',*,*,#10623,.T.);
#10675 = ORIENTED_EDGE('',*,*,#7089,.T.);
#10676 = ORIENTED_EDGE('',*,*,#10650,.F.);
#10677 = ADVANCED_FACE('',(#10678),#3670,.F.);
#10678 = FACE_BOUND('',#10679,.F.);
#10679 = EDGE_LOOP('',(#10680,#10681,#10702,#10703));
#10680 = ORIENTED_EDGE('',*,*,#3651,.F.);
#10681 = ORIENTED_EDGE('',*,*,#10682,.T.);
#10682 = EDGE_CURVE('',#3652,#7132,#10683,.T.);
#10683 = SURFACE_CURVE('',#10684,(#10688,#10695),.PCURVE_S1.);
#10684 = LINE('',#10685,#10686);
#10685 = CARTESIAN_POINT('',(-34.7,11.1,58.2));
#10686 = VECTOR('',#10687,1.);
#10687 = DIRECTION('',(1.,0.,0.));
#10688 = PCURVE('',#3670,#10689);
#10689 = DEFINITIONAL_REPRESENTATION('',(#10690),#10694);
#10690 = LINE('',#10691,#10692);
#10691 = CARTESIAN_POINT('',(1.570796326795,0.));
#10692 = VECTOR('',#10693,1.);
#10693 = DIRECTION('',(0.,-1.));
#10694 = ( GEOMETRIC_REPRESENTATION_CONTEXT(2) 
PARAMETRIC_REPRESENTATION_CONTEXT() REPRESENTATION_CONTEXT('2D SPACE',''
  ) );
#10695 = PCURVE('',#3697,#10696);
#10696 = DEFINITIONAL_REPRESENTATION('',(#10697),#10701);
#10697 = LINE('',#10698,#10699);
#10698 = CARTESIAN_POINT('',(0.,-0.));
#10699 = VECTOR('',#10700,1.);
#10700 = DIRECTION('',(0.,-1.));
#10701 = ( GEOMETRIC_REPRESENTATION_CONTEXT(2) 
PARAMETRIC_REPRESENTATION_CONTEXT() REPRESENTATION_CONTEXT('2D SPACE',''
  ) );
#10702 = ORIENTED_EDGE('',*,*,#7131,.T.);
#10703 = ORIENTED_EDGE('',*,*,#10704,.F.);
#10704 = EDGE_CURVE('',#3654,#7134,#10705,.T.);
#10705 = SURFACE_CURVE('',#10706,(#10710,#10717),.PCURVE_S1.);
#10706 = LINE('',#10707,#10708);
#10707 = CARTESIAN_POINT('',(-34.7,11.1,55.2));
#10708 = VECTOR('',#10709,1.);
#10709 = DIRECTION('',(1.,0.,0.));
#10710 = PCURVE('',#3670,#10711);
#10711 = DEFINITIONAL_REPRESENTATION('',(#10712),#10716);
#10712 = LINE('',#10713,#10714);
#10713 = CARTESIAN_POINT('',(4.712388980385,0.));
#10714 = VECTOR('',#10715,1.);
#10715 = DIRECTION('',(0.,-1.));
#10716 = ( GEOMETRIC_REPRESENTATION_CONTEXT(2) 
PARAMETRIC_REPRESENTATION_CONTEXT() REPRESENTATION_CONTEXT('2D SPACE',''
  ) );
#10717 = PCURVE('',#3750,#10718);
#10718 = DEFINITIONAL_REPRESENTATION('',(#10719),#10723);
#10719 = LINE('',#10720,#10721);
#10720 = CARTESIAN_POINT('',(22.2,0.));
#10721 = VECTOR('',#10722,1.);
#10722 = DIRECTION('',(0.,-1.));
#10723 = ( GEOMETRIC_REPRESENTATION_CONTEXT(2) 
PARAMETRIC_REPRESENTATION_CONTEXT() REPRESENTATION_CONTEXT('2D SPACE',''
  ) );
#10724 = ADVANCED_FACE('',(#10725),#3697,.T.);
#10725 = FACE_BOUND('',#10726,.T.);
#10726 = EDGE_LOOP('',(#10727,#10728,#10729,#10730));
#10727 = ORIENTED_EDGE('',*,*,#3682,.F.);
#10728 = ORIENTED_EDGE('',*,*,#10682,.T.);
#10729 = ORIENTED_EDGE('',*,*,#7157,.T.);
#10730 = ORIENTED_EDGE('',*,*,#10731,.F.);
#10731 = EDGE_CURVE('',#3683,#7158,#10732,.T.);
#10732 = SURFACE_CURVE('',#10733,(#10737,#10744),.PCURVE_S1.);
#10733 = LINE('',#10734,#10735);
#10734 = CARTESIAN_POINT('',(-34.7,-11.1,58.2));
#10735 = VECTOR('',#10736,1.);
#10736 = DIRECTION('',(1.,0.,0.));
#10737 = PCURVE('',#3697,#10738);
#10738 = DEFINITIONAL_REPRESENTATION('',(#10739),#10743);
#10739 = LINE('',#10740,#10741);
#10740 = CARTESIAN_POINT('',(22.2,0.));
#10741 = VECTOR('',#10742,1.);
#10742 = DIRECTION('',(0.,-1.));
#10743 = ( GEOMETRIC_REPRESENTATION_CONTEXT(2) 
PARAMETRIC_REPRESENTATION_CONTEXT() REPRESENTATION_CONTEXT('2D SPACE',''
  ) );
#10744 = PCURVE('',#3725,#10745);
#10745 = DEFINITIONAL_REPRESENTATION('',(#10746),#10750);
#10746 = LINE('',#10747,#10748);
#10747 = CARTESIAN_POINT('',(4.712388980385,0.));
#10748 = VECTOR('',#10749,1.);
#10749 = DIRECTION('',(0.,-1.));
#10750 = ( GEOMETRIC_REPRESENTATION_CONTEXT(2) 
PARAMETRIC_REPRESENTATION_CONTEXT() REPRESENTATION_CONTEXT('2D SPACE',''
  ) );
#10751 = ADVANCED_FACE('',(#10752),#3750,.T.);
#10752 = FACE_BOUND('',#10753,.T.);
#10753 = EDGE_LOOP('',(#10754,#10755,#10776,#10777));
#10754 = ORIENTED_EDGE('',*,*,#3737,.F.);
#10755 = ORIENTED_EDGE('',*,*,#10756,.T.);
#10756 = EDGE_CURVE('',#3709,#7179,#10757,.T.);
#10757 = SURFACE_CURVE('',#10758,(#10762,#10769),.PCURVE_S1.);
#10758 = LINE('',#10759,#10760);
#10759 = CARTESIAN_POINT('',(-34.7,-11.1,55.2));
#10760 = VECTOR('',#10761,1.);
#10761 = DIRECTION('',(1.,0.,0.));
#10762 = PCURVE('',#3750,#10763);
#10763 = DEFINITIONAL_REPRESENTATION('',(#10764),#10768);
#10764 = LINE('',#10765,#10766);
#10765 = CARTESIAN_POINT('',(0.,0.));
#10766 = VECTOR('',#10767,1.);
#10767 = DIRECTION('',(0.,-1.));
#10768 = ( GEOMETRIC_REPRESENTATION_CONTEXT(2) 
PARAMETRIC_REPRESENTATION_CONTEXT() REPRESENTATION_CONTEXT('2D SPACE',''
  ) );
#10769 = PCURVE('',#3725,#10770);
#10770 = DEFINITIONAL_REPRESENTATION('',(#10771),#10775);
#10771 = LINE('',#10772,#10773);
#10772 = CARTESIAN_POINT('',(1.570796326795,0.));
#10773 = VECTOR('',#10774,1.);
#10774 = DIRECTION('',(0.,-1.));
#10775 = ( GEOMETRIC_REPRESENTATION_CONTEXT(2) 
PARAMETRIC_REPRESENTATION_CONTEXT() REPRESENTATION_CONTEXT('2D SPACE',''
  ) );
#10776 = ORIENTED_EDGE('',*,*,#7202,.T.);
#10777 = ORIENTED_EDGE('',*,*,#10704,.F.);
#10778 = ADVANCED_FACE('',(#10779),#3725,.F.);
#10779 = FACE_BOUND('',#10780,.F.);
#10780 = EDGE_LOOP('',(#10781,#10782,#10783,#10784));
#10781 = ORIENTED_EDGE('',*,*,#3708,.F.);
#10782 = ORIENTED_EDGE('',*,*,#10756,.T.);
#10783 = ORIENTED_EDGE('',*,*,#7178,.T.);
#10784 = ORIENTED_EDGE('',*,*,#10731,.F.);
#10785 = ADVANCED_FACE('',(#10786),#3782,.F.);
#10786 = FACE_BOUND('',#10787,.F.);
#10787 = EDGE_LOOP('',(#10788,#10789,#10810,#10811));
#10788 = ORIENTED_EDGE('',*,*,#3763,.F.);
#10789 = ORIENTED_EDGE('',*,*,#10790,.T.);
#10790 = EDGE_CURVE('',#3764,#7224,#10791,.T.);
#10791 = SURFACE_CURVE('',#10792,(#10796,#10803),.PCURVE_S1.);
#10792 = LINE('',#10793,#10794);
#10793 = CARTESIAN_POINT('',(-34.7,11.1,49.2));
#10794 = VECTOR('',#10795,1.);
#10795 = DIRECTION('',(1.,0.,0.));
#10796 = PCURVE('',#3782,#10797);
#10797 = DEFINITIONAL_REPRESENTATION('',(#10798),#10802);
#10798 = LINE('',#10799,#10800);
#10799 = CARTESIAN_POINT('',(1.570796326795,0.));
#10800 = VECTOR('',#10801,1.);
#10801 = DIRECTION('',(0.,-1.));
#10802 = ( GEOMETRIC_REPRESENTATION_CONTEXT(2) 
PARAMETRIC_REPRESENTATION_CONTEXT() REPRESENTATION_CONTEXT('2D SPACE',''
  ) );
#10803 = PCURVE('',#3809,#10804);
#10804 = DEFINITIONAL_REPRESENTATION('',(#10805),#10809);
#10805 = LINE('',#10806,#10807);
#10806 = CARTESIAN_POINT('',(0.,-0.));
#10807 = VECTOR('',#10808,1.);
#10808 = DIRECTION('',(0.,-1.));
#10809 = ( GEOMETRIC_REPRESENTATION_CONTEXT(2) 
PARAMETRIC_REPRESENTATION_CONTEXT() REPRESENTATION_CONTEXT('2D SPACE',''
  ) );
#10810 = ORIENTED_EDGE('',*,*,#7223,.T.);
#10811 = ORIENTED_EDGE('',*,*,#10812,.F.);
#10812 = EDGE_CURVE('',#3766,#7226,#10813,.T.);
#10813 = SURFACE_CURVE('',#10814,(#10818,#10825),.PCURVE_S1.);
#10814 = LINE('',#10815,#10816);
#10815 = CARTESIAN_POINT('',(-34.7,11.1,46.2));
#10816 = VECTOR('',#10817,1.);
#10817 = DIRECTION('',(1.,0.,0.));
#10818 = PCURVE('',#3782,#10819);
#10819 = DEFINITIONAL_REPRESENTATION('',(#10820),#10824);
#10820 = LINE('',#10821,#10822);
#10821 = CARTESIAN_POINT('',(4.712388980385,0.));
#10822 = VECTOR('',#10823,1.);
#10823 = DIRECTION('',(0.,-1.));
#10824 = ( GEOMETRIC_REPRESENTATION_CONTEXT(2) 
PARAMETRIC_REPRESENTATION_CONTEXT() REPRESENTATION_CONTEXT('2D SPACE',''
  ) );
#10825 = PCURVE('',#3862,#10826);
#10826 = DEFINITIONAL_REPRESENTATION('',(#10827),#10831);
#10827 = LINE('',#10828,#10829);
#10828 = CARTESIAN_POINT('',(22.2,0.));
#10829 = VECTOR('',#10830,1.);
#10830 = DIRECTION('',(0.,-1.));
#10831 = ( GEOMETRIC_REPRESENTATION_CONTEXT(2) 
PARAMETRIC_REPRESENTATION_CONTEXT() REPRESENTATION_CONTEXT('2D SPACE',''
  ) );
#10832 = ADVANCED_FACE('',(#10833),#3809,.T.);
#10833 = FACE_BOUND('',#10834,.T.);
#10834 = EDGE_LOOP('',(#10835,#10836,#10837,#10838));
#10835 = ORIENTED_EDGE('',*,*,#3794,.F.);
#10836 = ORIENTED_EDGE('',*,*,#10790,.T.);
#10837 = ORIENTED_EDGE('',*,*,#7249,.T.);
#10838 = ORIENTED_EDGE('',*,*,#10839,.F.);
#10839 = EDGE_CURVE('',#3795,#7250,#10840,.T.);
#10840 = SURFACE_CURVE('',#10841,(#10845,#10852),.PCURVE_S1.);
#10841 = LINE('',#10842,#10843);
#10842 = CARTESIAN_POINT('',(-34.7,-11.1,49.2));
#10843 = VECTOR('',#10844,1.);
#10844 = DIRECTION('',(1.,0.,0.));
#10845 = PCURVE('',#3809,#10846);
#10846 = DEFINITIONAL_REPRESENTATION('',(#10847),#10851);
#10847 = LINE('',#10848,#10849);
#10848 = CARTESIAN_POINT('',(22.2,0.));
#10849 = VECTOR('',#10850,1.);
#10850 = DIRECTION('',(0.,-1.));
#10851 = ( GEOMETRIC_REPRESENTATION_CONTEXT(2) 
PARAMETRIC_REPRESENTATION_CONTEXT() REPRESENTATION_CONTEXT('2D SPACE',''
  ) );
#10852 = PCURVE('',#3837,#10853);
#10853 = DEFINITIONAL_REPRESENTATION('',(#10854),#10858);
#10854 = LINE('',#10855,#10856);
#10855 = CARTESIAN_POINT('',(4.712388980385,0.));
#10856 = VECTOR('',#10857,1.);
#10857 = DIRECTION('',(0.,-1.));
#10858 = ( GEOMETRIC_REPRESENTATION_CONTEXT(2) 
PARAMETRIC_REPRESENTATION_CONTEXT() REPRESENTATION_CONTEXT('2D SPACE',''
  ) );
#10859 = ADVANCED_FACE('',(#10860),#3862,.T.);
#10860 = FACE_BOUND('',#10861,.T.);
#10861 = EDGE_LOOP('',(#10862,#10863,#10884,#10885));
#10862 = ORIENTED_EDGE('',*,*,#3849,.F.);
#10863 = ORIENTED_EDGE('',*,*,#10864,.T.);
#10864 = EDGE_CURVE('',#3821,#7271,#10865,.T.);
#10865 = SURFACE_CURVE('',#10866,(#10870,#10877),.PCURVE_S1.);
#10866 = LINE('',#10867,#10868);
#10867 = CARTESIAN_POINT('',(-34.7,-11.1,46.2));
#10868 = VECTOR('',#10869,1.);
#10869 = DIRECTION('',(1.,0.,0.));
#10870 = PCURVE('',#3862,#10871);
#10871 = DEFINITIONAL_REPRESENTATION('',(#10872),#10876);
#10872 = LINE('',#10873,#10874);
#10873 = CARTESIAN_POINT('',(0.,0.));
#10874 = VECTOR('',#10875,1.);
#10875 = DIRECTION('',(0.,-1.));
#10876 = ( GEOMETRIC_REPRESENTATION_CONTEXT(2) 
PARAMETRIC_REPRESENTATION_CONTEXT() REPRESENTATION_CONTEXT('2D SPACE',''
  ) );
#10877 = PCURVE('',#3837,#10878);
#10878 = DEFINITIONAL_REPRESENTATION('',(#10879),#10883);
#10879 = LINE('',#10880,#10881);
#10880 = CARTESIAN_POINT('',(1.570796326795,0.));
#10881 = VECTOR('',#10882,1.);
#10882 = DIRECTION('',(0.,-1.));
#10883 = ( GEOMETRIC_REPRESENTATION_CONTEXT(2) 
PARAMETRIC_REPRESENTATION_CONTEXT() REPRESENTATION_CONTEXT('2D SPACE',''
  ) );
#10884 = ORIENTED_EDGE('',*,*,#7294,.T.);
#10885 = ORIENTED_EDGE('',*,*,#10812,.F.);
#10886 = ADVANCED_FACE('',(#10887),#3837,.F.);
#10887 = FACE_BOUND('',#10888,.F.);
#10888 = EDGE_LOOP('',(#10889,#10890,#10891,#10892));
#10889 = ORIENTED_EDGE('',*,*,#3820,.F.);
#10890 = ORIENTED_EDGE('',*,*,#10864,.T.);
#10891 = ORIENTED_EDGE('',*,*,#7270,.T.);
#10892 = ORIENTED_EDGE('',*,*,#10839,.F.);
#10893 = ADVANCED_FACE('',(#10894),#3894,.F.);
#10894 = FACE_BOUND('',#10895,.F.);
#10895 = EDGE_LOOP('',(#10896,#10897,#10918,#10919));
#10896 = ORIENTED_EDGE('',*,*,#3875,.F.);
#10897 = ORIENTED_EDGE('',*,*,#10898,.T.);
#10898 = EDGE_CURVE('',#3876,#7316,#10899,.T.);
#10899 = SURFACE_CURVE('',#10900,(#10904,#10911),.PCURVE_S1.);
#10900 = LINE('',#10901,#10902);
#10901 = CARTESIAN_POINT('',(-34.7,11.1,40.2));
#10902 = VECTOR('',#10903,1.);
#10903 = DIRECTION('',(1.,0.,0.));
#10904 = PCURVE('',#3894,#10905);
#10905 = DEFINITIONAL_REPRESENTATION('',(#10906),#10910);
#10906 = LINE('',#10907,#10908);
#10907 = CARTESIAN_POINT('',(1.570796326795,0.));
#10908 = VECTOR('',#10909,1.);
#10909 = DIRECTION('',(0.,-1.));
#10910 = ( GEOMETRIC_REPRESENTATION_CONTEXT(2) 
PARAMETRIC_REPRESENTATION_CONTEXT() REPRESENTATION_CONTEXT('2D SPACE',''
  ) );
#10911 = PCURVE('',#3921,#10912);
#10912 = DEFINITIONAL_REPRESENTATION('',(#10913),#10917);
#10913 = LINE('',#10914,#10915);
#10914 = CARTESIAN_POINT('',(0.,-0.));
#10915 = VECTOR('',#10916,1.);
#10916 = DIRECTION('',(0.,-1.));
#10917 = ( GEOMETRIC_REPRESENTATION_CONTEXT(2) 
PARAMETRIC_REPRESENTATION_CONTEXT() REPRESENTATION_CONTEXT('2D SPACE',''
  ) );
#10918 = ORIENTED_EDGE('',*,*,#7315,.T.);
#10919 = ORIENTED_EDGE('',*,*,#10920,.F.);
#10920 = EDGE_CURVE('',#3878,#7318,#10921,.T.);
#10921 = SURFACE_CURVE('',#10922,(#10926,#10933),.PCURVE_S1.);
#10922 = LINE('',#10923,#10924);
#10923 = CARTESIAN_POINT('',(-34.7,11.1,37.2));
#10924 = VECTOR('',#10925,1.);
#10925 = DIRECTION('',(1.,0.,0.));
#10926 = PCURVE('',#3894,#10927);
#10927 = DEFINITIONAL_REPRESENTATION('',(#10928),#10932);
#10928 = LINE('',#10929,#10930);
#10929 = CARTESIAN_POINT('',(4.712388980385,0.));
#10930 = VECTOR('',#10931,1.);
#10931 = DIRECTION('',(0.,-1.));
#10932 = ( GEOMETRIC_REPRESENTATION_CONTEXT(2) 
PARAMETRIC_REPRESENTATION_CONTEXT() REPRESENTATION_CONTEXT('2D SPACE',''
  ) );
#10933 = PCURVE('',#3974,#10934);
#10934 = DEFINITIONAL_REPRESENTATION('',(#10935),#10939);
#10935 = LINE('',#10936,#10937);
#10936 = CARTESIAN_POINT('',(22.2,0.));
#10937 = VECTOR('',#10938,1.);
#10938 = DIRECTION('',(0.,-1.));
#10939 = ( GEOMETRIC_REPRESENTATION_CONTEXT(2) 
PARAMETRIC_REPRESENTATION_CONTEXT() REPRESENTATION_CONTEXT('2D SPACE',''
  ) );
#10940 = ADVANCED_FACE('',(#10941),#3921,.T.);
#10941 = FACE_BOUND('',#10942,.T.);
#10942 = EDGE_LOOP('',(#10943,#10944,#10945,#10946));
#10943 = ORIENTED_EDGE('',*,*,#3906,.F.);
#10944 = ORIENTED_EDGE('',*,*,#10898,.T.);
#10945 = ORIENTED_EDGE('',*,*,#7341,.T.);
#10946 = ORIENTED_EDGE('',*,*,#10947,.F.);
#10947 = EDGE_CURVE('',#3907,#7342,#10948,.T.);
#10948 = SURFACE_CURVE('',#10949,(#10953,#10960),.PCURVE_S1.);
#10949 = LINE('',#10950,#10951);
#10950 = CARTESIAN_POINT('',(-34.7,-11.1,40.2));
#10951 = VECTOR('',#10952,1.);
#10952 = DIRECTION('',(1.,0.,0.));
#10953 = PCURVE('',#3921,#10954);
#10954 = DEFINITIONAL_REPRESENTATION('',(#10955),#10959);
#10955 = LINE('',#10956,#10957);
#10956 = CARTESIAN_POINT('',(22.2,0.));
#10957 = VECTOR('',#10958,1.);
#10958 = DIRECTION('',(0.,-1.));
#10959 = ( GEOMETRIC_REPRESENTATION_CONTEXT(2) 
PARAMETRIC_REPRESENTATION_CONTEXT() REPRESENTATION_CONTEXT('2D SPACE',''
  ) );
#10960 = PCURVE('',#3949,#10961);
#10961 = DEFINITIONAL_REPRESENTATION('',(#10962),#10966);
#10962 = LINE('',#10963,#10964);
#10963 = CARTESIAN_POINT('',(4.712388980385,0.));
#10964 = VECTOR('',#10965,1.);
#10965 = DIRECTION('',(0.,-1.));
#10966 = ( GEOMETRIC_REPRESENTATION_CONTEXT(2) 
PARAMETRIC_REPRESENTATION_CONTEXT() REPRESENTATION_CONTEXT('2D SPACE',''
  ) );
#10967 = ADVANCED_FACE('',(#10968),#3974,.T.);
#10968 = FACE_BOUND('',#10969,.T.);
#10969 = EDGE_LOOP('',(#10970,#10971,#10992,#10993));
#10970 = ORIENTED_EDGE('',*,*,#3961,.F.);
#10971 = ORIENTED_EDGE('',*,*,#10972,.T.);
#10972 = EDGE_CURVE('',#3933,#7363,#10973,.T.);
#10973 = SURFACE_CURVE('',#10974,(#10978,#10985),.PCURVE_S1.);
#10974 = LINE('',#10975,#10976);
#10975 = CARTESIAN_POINT('',(-34.7,-11.1,37.2));
#10976 = VECTOR('',#10977,1.);
#10977 = DIRECTION('',(1.,0.,0.));
#10978 = PCURVE('',#3974,#10979);
#10979 = DEFINITIONAL_REPRESENTATION('',(#10980),#10984);
#10980 = LINE('',#10981,#10982);
#10981 = CARTESIAN_POINT('',(0.,0.));
#10982 = VECTOR('',#10983,1.);
#10983 = DIRECTION('',(0.,-1.));
#10984 = ( GEOMETRIC_REPRESENTATION_CONTEXT(2) 
PARAMETRIC_REPRESENTATION_CONTEXT() REPRESENTATION_CONTEXT('2D SPACE',''
  ) );
#10985 = PCURVE('',#3949,#10986);
#10986 = DEFINITIONAL_REPRESENTATION('',(#10987),#10991);
#10987 = LINE('',#10988,#10989);
#10988 = CARTESIAN_POINT('',(1.570796326795,0.));
#10989 = VECTOR('',#10990,1.);
#10990 = DIRECTION('',(0.,-1.));
#10991 = ( GEOMETRIC_REPRESENTATION_CONTEXT(2) 
PARAMETRIC_REPRESENTATION_CONTEXT() REPRESENTATION_CONTEXT('2D SPACE',''
  ) );
#10992 = ORIENTED_EDGE('',*,*,#7386,.T.);
#10993 = ORIENTED_EDGE('',*,*,#10920,.F.);
#10994 = ADVANCED_FACE('',(#10995),#3949,.F.);
#10995 = FACE_BOUND('',#10996,.F.);
#10996 = EDGE_LOOP('',(#10997,#10998,#10999,#11000));
#10997 = ORIENTED_EDGE('',*,*,#3932,.F.);
#10998 = ORIENTED_EDGE('',*,*,#10972,.T.);
#10999 = ORIENTED_EDGE('',*,*,#7362,.T.);
#11000 = ORIENTED_EDGE('',*,*,#10947,.F.);
#11001 = ADVANCED_FACE('',(#11002),#4006,.F.);
#11002 = FACE_BOUND('',#11003,.F.);
#11003 = EDGE_LOOP('',(#11004,#11005,#11026,#11027));
#11004 = ORIENTED_EDGE('',*,*,#3987,.F.);
#11005 = ORIENTED_EDGE('',*,*,#11006,.T.);
#11006 = EDGE_CURVE('',#3988,#7408,#11007,.T.);
#11007 = SURFACE_CURVE('',#11008,(#11012,#11019),.PCURVE_S1.);
#11008 = LINE('',#11009,#11010);
#11009 = CARTESIAN_POINT('',(-34.7,11.1,31.2));
#11010 = VECTOR('',#11011,1.);
#11011 = DIRECTION('',(1.,0.,0.));
#11012 = PCURVE('',#4006,#11013);
#11013 = DEFINITIONAL_REPRESENTATION('',(#11014),#11018);
#11014 = LINE('',#11015,#11016);
#11015 = CARTESIAN_POINT('',(1.570796326795,0.));
#11016 = VECTOR('',#11017,1.);
#11017 = DIRECTION('',(0.,-1.));
#11018 = ( GEOMETRIC_REPRESENTATION_CONTEXT(2) 
PARAMETRIC_REPRESENTATION_CONTEXT() REPRESENTATION_CONTEXT('2D SPACE',''
  ) );
#11019 = PCURVE('',#4033,#11020);
#11020 = DEFINITIONAL_REPRESENTATION('',(#11021),#11025);
#11021 = LINE('',#11022,#11023);
#11022 = CARTESIAN_POINT('',(0.,-0.));
#11023 = VECTOR('',#11024,1.);
#11024 = DIRECTION('',(0.,-1.));
#11025 = ( GEOMETRIC_REPRESENTATION_CONTEXT(2) 
PARAMETRIC_REPRESENTATION_CONTEXT() REPRESENTATION_CONTEXT('2D SPACE',''
  ) );
#11026 = ORIENTED_EDGE('',*,*,#7407,.T.);
#11027 = ORIENTED_EDGE('',*,*,#11028,.F.);
#11028 = EDGE_CURVE('',#3990,#7410,#11029,.T.);
#11029 = SURFACE_CURVE('',#11030,(#11034,#11041),.PCURVE_S1.);
#11030 = LINE('',#11031,#11032);
#11031 = CARTESIAN_POINT('',(-34.7,11.1,28.2));
#11032 = VECTOR('',#11033,1.);
#11033 = DIRECTION('',(1.,0.,0.));
#11034 = PCURVE('',#4006,#11035);
#11035 = DEFINITIONAL_REPRESENTATION('',(#11036),#11040);
#11036 = LINE('',#11037,#11038);
#11037 = CARTESIAN_POINT('',(4.712388980385,0.));
#11038 = VECTOR('',#11039,1.);
#11039 = DIRECTION('',(0.,-1.));
#11040 = ( GEOMETRIC_REPRESENTATION_CONTEXT(2) 
PARAMETRIC_REPRESENTATION_CONTEXT() REPRESENTATION_CONTEXT('2D SPACE',''
  ) );
#11041 = PCURVE('',#4086,#11042);
#11042 = DEFINITIONAL_REPRESENTATION('',(#11043),#11047);
#11043 = LINE('',#11044,#11045);
#11044 = CARTESIAN_POINT('',(22.2,0.));
#11045 = VECTOR('',#11046,1.);
#11046 = DIRECTION('',(0.,-1.));
#11047 = ( GEOMETRIC_REPRESENTATION_CONTEXT(2) 
PARAMETRIC_REPRESENTATION_CONTEXT() REPRESENTATION_CONTEXT('2D SPACE',''
  ) );
#11048 = ADVANCED_FACE('',(#11049),#4033,.T.);
#11049 = FACE_BOUND('',#11050,.T.);
#11050 = EDGE_LOOP('',(#11051,#11052,#11053,#11054));
#11051 = ORIENTED_EDGE('',*,*,#4018,.F.);
#11052 = ORIENTED_EDGE('',*,*,#11006,.T.);
#11053 = ORIENTED_EDGE('',*,*,#7433,.T.);
#11054 = ORIENTED_EDGE('',*,*,#11055,.F.);
#11055 = EDGE_CURVE('',#4019,#7434,#11056,.T.);
#11056 = SURFACE_CURVE('',#11057,(#11061,#11068),.PCURVE_S1.);
#11057 = LINE('',#11058,#11059);
#11058 = CARTESIAN_POINT('',(-34.7,-11.1,31.2));
#11059 = VECTOR('',#11060,1.);
#11060 = DIRECTION('',(1.,0.,0.));
#11061 = PCURVE('',#4033,#11062);
#11062 = DEFINITIONAL_REPRESENTATION('',(#11063),#11067);
#11063 = LINE('',#11064,#11065);
#11064 = CARTESIAN_POINT('',(22.2,0.));
#11065 = VECTOR('',#11066,1.);
#11066 = DIRECTION('',(0.,-1.));
#11067 = ( GEOMETRIC_REPRESENTATION_CONTEXT(2) 
PARAMETRIC_REPRESENTATION_CONTEXT() REPRESENTATION_CONTEXT('2D SPACE',''
  ) );
#11068 = PCURVE('',#4061,#11069);
#11069 = DEFINITIONAL_REPRESENTATION('',(#11070),#11074);
#11070 = LINE('',#11071,#11072);
#11071 = CARTESIAN_POINT('',(4.712388980385,0.));
#11072 = VECTOR('',#11073,1.);
#11073 = DIRECTION('',(0.,-1.));
#11074 = ( GEOMETRIC_REPRESENTATION_CONTEXT(2) 
PARAMETRIC_REPRESENTATION_CONTEXT() REPRESENTATION_CONTEXT('2D SPACE',''
  ) );
#11075 = ADVANCED_FACE('',(#11076),#4086,.T.);
#11076 = FACE_BOUND('',#11077,.T.);
#11077 = EDGE_LOOP('',(#11078,#11079,#11100,#11101));
#11078 = ORIENTED_EDGE('',*,*,#4073,.F.);
#11079 = ORIENTED_EDGE('',*,*,#11080,.T.);
#11080 = EDGE_CURVE('',#4045,#7455,#11081,.T.);
#11081 = SURFACE_CURVE('',#11082,(#11086,#11093),.PCURVE_S1.);
#11082 = LINE('',#11083,#11084);
#11083 = CARTESIAN_POINT('',(-34.7,-11.1,28.2));
#11084 = VECTOR('',#11085,1.);
#11085 = DIRECTION('',(1.,0.,0.));
#11086 = PCURVE('',#4086,#11087);
#11087 = DEFINITIONAL_REPRESENTATION('',(#11088),#11092);
#11088 = LINE('',#11089,#11090);
#11089 = CARTESIAN_POINT('',(0.,0.));
#11090 = VECTOR('',#11091,1.);
#11091 = DIRECTION('',(0.,-1.));
#11092 = ( GEOMETRIC_REPRESENTATION_CONTEXT(2) 
PARAMETRIC_REPRESENTATION_CONTEXT() REPRESENTATION_CONTEXT('2D SPACE',''
  ) );
#11093 = PCURVE('',#4061,#11094);
#11094 = DEFINITIONAL_REPRESENTATION('',(#11095),#11099);
#11095 = LINE('',#11096,#11097);
#11096 = CARTESIAN_POINT('',(1.570796326795,0.));
#11097 = VECTOR('',#11098,1.);
#11098 = DIRECTION('',(0.,-1.));
#11099 = ( GEOMETRIC_REPRESENTATION_CONTEXT(2) 
PARAMETRIC_REPRESENTATION_CONTEXT() REPRESENTATION_CONTEXT('2D SPACE',''
  ) );
#11100 = ORIENTED_EDGE('',*,*,#7478,.T.);
#11101 = ORIENTED_EDGE('',*,*,#11028,.F.);
#11102 = ADVANCED_FACE('',(#11103),#4061,.F.);
#11103 = FACE_BOUND('',#11104,.F.);
#11104 = EDGE_LOOP('',(#11105,#11106,#11107,#11108));
#11105 = ORIENTED_EDGE('',*,*,#4044,.F.);
#11106 = ORIENTED_EDGE('',*,*,#11080,.T.);
#11107 = ORIENTED_EDGE('',*,*,#7454,.T.);
#11108 = ORIENTED_EDGE('',*,*,#11055,.F.);
#11109 = ADVANCED_FACE('',(#11110),#4118,.F.);
#11110 = FACE_BOUND('',#11111,.F.);
#11111 = EDGE_LOOP('',(#11112,#11113,#11134,#11135));
#11112 = ORIENTED_EDGE('',*,*,#4099,.F.);
#11113 = ORIENTED_EDGE('',*,*,#11114,.T.);
#11114 = EDGE_CURVE('',#4100,#7500,#11115,.T.);
#11115 = SURFACE_CURVE('',#11116,(#11120,#11127),.PCURVE_S1.);
#11116 = LINE('',#11117,#11118);
#11117 = CARTESIAN_POINT('',(-34.7,11.1,22.2));
#11118 = VECTOR('',#11119,1.);
#11119 = DIRECTION('',(1.,0.,0.));
#11120 = PCURVE('',#4118,#11121);
#11121 = DEFINITIONAL_REPRESENTATION('',(#11122),#11126);
#11122 = LINE('',#11123,#11124);
#11123 = CARTESIAN_POINT('',(1.570796326795,0.));
#11124 = VECTOR('',#11125,1.);
#11125 = DIRECTION('',(0.,-1.));
#11126 = ( GEOMETRIC_REPRESENTATION_CONTEXT(2) 
PARAMETRIC_REPRESENTATION_CONTEXT() REPRESENTATION_CONTEXT('2D SPACE',''
  ) );
#11127 = PCURVE('',#4145,#11128);
#11128 = DEFINITIONAL_REPRESENTATION('',(#11129),#11133);
#11129 = LINE('',#11130,#11131);
#11130 = CARTESIAN_POINT('',(0.,-0.));
#11131 = VECTOR('',#11132,1.);
#11132 = DIRECTION('',(0.,-1.));
#11133 = ( GEOMETRIC_REPRESENTATION_CONTEXT(2) 
PARAMETRIC_REPRESENTATION_CONTEXT() REPRESENTATION_CONTEXT('2D SPACE',''
  ) );
#11134 = ORIENTED_EDGE('',*,*,#7499,.T.);
#11135 = ORIENTED_EDGE('',*,*,#11136,.F.);
#11136 = EDGE_CURVE('',#4102,#7502,#11137,.T.);
#11137 = SURFACE_CURVE('',#11138,(#11142,#11149),.PCURVE_S1.);
#11138 = LINE('',#11139,#11140);
#11139 = CARTESIAN_POINT('',(-34.7,11.1,19.2));
#11140 = VECTOR('',#11141,1.);
#11141 = DIRECTION('',(1.,0.,0.));
#11142 = PCURVE('',#4118,#11143);
#11143 = DEFINITIONAL_REPRESENTATION('',(#11144),#11148);
#11144 = LINE('',#11145,#11146);
#11145 = CARTESIAN_POINT('',(4.712388980385,0.));
#11146 = VECTOR('',#11147,1.);
#11147 = DIRECTION('',(0.,-1.));
#11148 = ( GEOMETRIC_REPRESENTATION_CONTEXT(2) 
PARAMETRIC_REPRESENTATION_CONTEXT() REPRESENTATION_CONTEXT('2D SPACE',''
  ) );
#11149 = PCURVE('',#4198,#11150);
#11150 = DEFINITIONAL_REPRESENTATION('',(#11151),#11155);
#11151 = LINE('',#11152,#11153);
#11152 = CARTESIAN_POINT('',(22.2,0.));
#11153 = VECTOR('',#11154,1.);
#11154 = DIRECTION('',(0.,-1.));
#11155 = ( GEOMETRIC_REPRESENTATION_CONTEXT(2) 
PARAMETRIC_REPRESENTATION_CONTEXT() REPRESENTATION_CONTEXT('2D SPACE',''
  ) );
#11156 = ADVANCED_FACE('',(#11157),#4145,.T.);
#11157 = FACE_BOUND('',#11158,.T.);
#11158 = EDGE_LOOP('',(#11159,#11160,#11161,#11162));
#11159 = ORIENTED_EDGE('',*,*,#4130,.F.);
#11160 = ORIENTED_EDGE('',*,*,#11114,.T.);
#11161 = ORIENTED_EDGE('',*,*,#7525,.T.);
#11162 = ORIENTED_EDGE('',*,*,#11163,.F.);
#11163 = EDGE_CURVE('',#4131,#7526,#11164,.T.);
#11164 = SURFACE_CURVE('',#11165,(#11169,#11176),.PCURVE_S1.);
#11165 = LINE('',#11166,#11167);
#11166 = CARTESIAN_POINT('',(-34.7,-11.1,22.2));
#11167 = VECTOR('',#11168,1.);
#11168 = DIRECTION('',(1.,0.,0.));
#11169 = PCURVE('',#4145,#11170);
#11170 = DEFINITIONAL_REPRESENTATION('',(#11171),#11175);
#11171 = LINE('',#11172,#11173);
#11172 = CARTESIAN_POINT('',(22.2,0.));
#11173 = VECTOR('',#11174,1.);
#11174 = DIRECTION('',(0.,-1.));
#11175 = ( GEOMETRIC_REPRESENTATION_CONTEXT(2) 
PARAMETRIC_REPRESENTATION_CONTEXT() REPRESENTATION_CONTEXT('2D SPACE',''
  ) );
#11176 = PCURVE('',#4173,#11177);
#11177 = DEFINITIONAL_REPRESENTATION('',(#11178),#11182);
#11178 = LINE('',#11179,#11180);
#11179 = CARTESIAN_POINT('',(4.712388980385,0.));
#11180 = VECTOR('',#11181,1.);
#11181 = DIRECTION('',(0.,-1.));
#11182 = ( GEOMETRIC_REPRESENTATION_CONTEXT(2) 
PARAMETRIC_REPRESENTATION_CONTEXT() REPRESENTATION_CONTEXT('2D SPACE',''
  ) );
#11183 = ADVANCED_FACE('',(#11184),#4198,.T.);
#11184 = FACE_BOUND('',#11185,.T.);
#11185 = EDGE_LOOP('',(#11186,#11187,#11208,#11209));
#11186 = ORIENTED_EDGE('',*,*,#4185,.F.);
#11187 = ORIENTED_EDGE('',*,*,#11188,.T.);
#11188 = EDGE_CURVE('',#4157,#7547,#11189,.T.);
#11189 = SURFACE_CURVE('',#11190,(#11194,#11201),.PCURVE_S1.);
#11190 = LINE('',#11191,#11192);
#11191 = CARTESIAN_POINT('',(-34.7,-11.1,19.2));
#11192 = VECTOR('',#11193,1.);
#11193 = DIRECTION('',(1.,0.,0.));
#11194 = PCURVE('',#4198,#11195);
#11195 = DEFINITIONAL_REPRESENTATION('',(#11196),#11200);
#11196 = LINE('',#11197,#11198);
#11197 = CARTESIAN_POINT('',(0.,0.));
#11198 = VECTOR('',#11199,1.);
#11199 = DIRECTION('',(0.,-1.));
#11200 = ( GEOMETRIC_REPRESENTATION_CONTEXT(2) 
PARAMETRIC_REPRESENTATION_CONTEXT() REPRESENTATION_CONTEXT('2D SPACE',''
  ) );
#11201 = PCURVE('',#4173,#11202);
#11202 = DEFINITIONAL_REPRESENTATION('',(#11203),#11207);
#11203 = LINE('',#11204,#11205);
#11204 = CARTESIAN_POINT('',(1.570796326795,0.));
#11205 = VECTOR('',#11206,1.);
#11206 = DIRECTION('',(0.,-1.));
#11207 = ( GEOMETRIC_REPRESENTATION_CONTEXT(2) 
PARAMETRIC_REPRESENTATION_CONTEXT() REPRESENTATION_CONTEXT('2D SPACE',''
  ) );
#11208 = ORIENTED_EDGE('',*,*,#7570,.T.);
#11209 = ORIENTED_EDGE('',*,*,#11136,.F.);
#11210 = ADVANCED_FACE('',(#11211),#4173,.F.);
#11211 = FACE_BOUND('',#11212,.F.);
#11212 = EDGE_LOOP('',(#11213,#11214,#11215,#11216));
#11213 = ORIENTED_EDGE('',*,*,#4156,.F.);
#11214 = ORIENTED_EDGE('',*,*,#11188,.T.);
#11215 = ORIENTED_EDGE('',*,*,#7546,.T.);
#11216 = ORIENTED_EDGE('',*,*,#11163,.F.);
#11217 = ADVANCED_FACE('',(#11218),#4511,.F.);
#11218 = FACE_BOUND('',#11219,.F.);
#11219 = EDGE_LOOP('',(#11220,#11221,#11242,#11243));
#11220 = ORIENTED_EDGE('',*,*,#4494,.F.);
#11221 = ORIENTED_EDGE('',*,*,#11222,.T.);
#11222 = EDGE_CURVE('',#4495,#7885,#11223,.T.);
#11223 = SURFACE_CURVE('',#11224,(#11228,#11235),.PCURVE_S1.);
#11224 = LINE('',#11225,#11226);
#11225 = CARTESIAN_POINT('',(-5.,30.1,71.65));
#11226 = VECTOR('',#11227,1.);
#11227 = DIRECTION('',(0.,-1.,0.));
#11228 = PCURVE('',#4511,#11229);
#11229 = DEFINITIONAL_REPRESENTATION('',(#11230),#11234);
#11230 = LINE('',#11231,#11232);
#11231 = CARTESIAN_POINT('',(0.,0.));
#11232 = VECTOR('',#11233,1.);
#11233 = DIRECTION('',(0.,-1.));
#11234 = ( GEOMETRIC_REPRESENTATION_CONTEXT(2) 
PARAMETRIC_REPRESENTATION_CONTEXT() REPRESENTATION_CONTEXT('2D SPACE',''
  ) );
#11235 = PCURVE('',#4537,#11236);
#11236 = DEFINITIONAL_REPRESENTATION('',(#11237),#11241);
#11237 = LINE('',#11238,#11239);
#11238 = CARTESIAN_POINT('',(0.,0.));
#11239 = VECTOR('',#11240,1.);
#11240 = DIRECTION('',(0.,-1.));
#11241 = ( GEOMETRIC_REPRESENTATION_CONTEXT(2) 
PARAMETRIC_REPRESENTATION_CONTEXT() REPRESENTATION_CONTEXT('2D SPACE',''
  ) );
#11242 = ORIENTED_EDGE('',*,*,#7884,.T.);
#11243 = ORIENTED_EDGE('',*,*,#11244,.F.);
#11244 = EDGE_CURVE('',#4497,#7887,#11245,.T.);
#11245 = SURFACE_CURVE('',#11246,(#11250,#11257),.PCURVE_S1.);
#11246 = LINE('',#11247,#11248);
#11247 = CARTESIAN_POINT('',(-5.,30.1,75.65));
#11248 = VECTOR('',#11249,1.);
#11249 = DIRECTION('',(0.,-1.,0.));
#11250 = PCURVE('',#4511,#11251);
#11251 = DEFINITIONAL_REPRESENTATION('',(#11252),#11256);
#11252 = LINE('',#11253,#11254);
#11253 = CARTESIAN_POINT('',(4.,0.));
#11254 = VECTOR('',#11255,1.);
#11255 = DIRECTION('',(0.,-1.));
#11256 = ( GEOMETRIC_REPRESENTATION_CONTEXT(2) 
PARAMETRIC_REPRESENTATION_CONTEXT() REPRESENTATION_CONTEXT('2D SPACE',''
  ) );
#11257 = PCURVE('',#4587,#11258);
#11258 = DEFINITIONAL_REPRESENTATION('',(#11259),#11263);
#11259 = LINE('',#11260,#11261);
#11260 = CARTESIAN_POINT('',(0.,0.));
#11261 = VECTOR('',#11262,1.);
#11262 = DIRECTION('',(0.,-1.));
#11263 = ( GEOMETRIC_REPRESENTATION_CONTEXT(2) 
PARAMETRIC_REPRESENTATION_CONTEXT() REPRESENTATION_CONTEXT('2D SPACE',''
  ) );
#11264 = ADVANCED_FACE('',(#11265),#4537,.T.);
#11265 = FACE_BOUND('',#11266,.T.);
#11266 = EDGE_LOOP('',(#11267,#11268,#11269,#11270));
#11267 = ORIENTED_EDGE('',*,*,#4522,.F.);
#11268 = ORIENTED_EDGE('',*,*,#11222,.T.);
#11269 = ORIENTED_EDGE('',*,*,#7907,.T.);
#11270 = ORIENTED_EDGE('',*,*,#11271,.F.);
#11271 = EDGE_CURVE('',#4523,#7908,#11272,.T.);
#11272 = SURFACE_CURVE('',#11273,(#11277,#11284),.PCURVE_S1.);
#11273 = LINE('',#11274,#11275);
#11274 = CARTESIAN_POINT('',(5.,30.1,71.65));
#11275 = VECTOR('',#11276,1.);
#11276 = DIRECTION('',(0.,-1.,0.));
#11277 = PCURVE('',#4537,#11278);
#11278 = DEFINITIONAL_REPRESENTATION('',(#11279),#11283);
#11279 = LINE('',#11280,#11281);
#11280 = CARTESIAN_POINT('',(10.,0.));
#11281 = VECTOR('',#11282,1.);
#11282 = DIRECTION('',(0.,-1.));
#11283 = ( GEOMETRIC_REPRESENTATION_CONTEXT(2) 
PARAMETRIC_REPRESENTATION_CONTEXT() REPRESENTATION_CONTEXT('2D SPACE',''
  ) );
#11284 = PCURVE('',#4563,#11285);
#11285 = DEFINITIONAL_REPRESENTATION('',(#11286),#11290);
#11286 = LINE('',#11287,#11288);
#11287 = CARTESIAN_POINT('',(0.,0.));
#11288 = VECTOR('',#11289,1.);
#11289 = DIRECTION('',(0.,-1.));
#11290 = ( GEOMETRIC_REPRESENTATION_CONTEXT(2) 
PARAMETRIC_REPRESENTATION_CONTEXT() REPRESENTATION_CONTEXT('2D SPACE',''
  ) );
#11291 = ADVANCED_FACE('',(#11292),#4587,.F.);
#11292 = FACE_BOUND('',#11293,.F.);
#11293 = EDGE_LOOP('',(#11294,#11295,#11296,#11297,#11318,#11344,#11363,
    #11364));
#11294 = ORIENTED_EDGE('',*,*,#4574,.F.);
#11295 = ORIENTED_EDGE('',*,*,#11244,.T.);
#11296 = ORIENTED_EDGE('',*,*,#8054,.T.);
#11297 = ORIENTED_EDGE('',*,*,#11298,.T.);
#11298 = EDGE_CURVE('',#8027,#11299,#11301,.T.);
#11299 = VERTEX_POINT('',#11300);
#11300 = CARTESIAN_POINT('',(-4.,28.7,75.65));
#11301 = SURFACE_CURVE('',#11302,(#11306,#11312),.PCURVE_S1.);
#11302 = LINE('',#11303,#11304);
#11303 = CARTESIAN_POINT('',(-4.,28.9,75.65));
#11304 = VECTOR('',#11305,1.);
#11305 = DIRECTION('',(0.,1.,-0.));
#11306 = PCURVE('',#4587,#11307);
#11307 = DEFINITIONAL_REPRESENTATION('',(#11308),#11311);
#11308 = B_SPLINE_CURVE_WITH_KNOTS('',1,(#11309,#11310),.UNSPECIFIED.,
  .F.,.F.,(2,2),(-1.2,-0.2),.PIECEWISE_BEZIER_KNOTS.);
#11309 = CARTESIAN_POINT('',(1.,-2.4));
#11310 = CARTESIAN_POINT('',(1.,-1.4));
#11311 = ( GEOMETRIC_REPRESENTATION_CONTEXT(2) 
PARAMETRIC_REPRESENTATION_CONTEXT() REPRESENTATION_CONTEXT('2D SPACE',''
  ) );
#11312 = PCURVE('',#8042,#11313);
#11313 = DEFINITIONAL_REPRESENTATION('',(#11314),#11317);
#11314 = B_SPLINE_CURVE_WITH_KNOTS('',1,(#11315,#11316),.UNSPECIFIED.,
  .F.,.F.,(2,2),(-1.2,-0.2),.PIECEWISE_BEZIER_KNOTS.);
#11315 = CARTESIAN_POINT('',(3.25,0.));
#11316 = CARTESIAN_POINT('',(3.25,-1.));
#11317 = ( GEOMETRIC_REPRESENTATION_CONTEXT(2) 
PARAMETRIC_REPRESENTATION_CONTEXT() REPRESENTATION_CONTEXT('2D SPACE',''
  ) );
#11318 = ORIENTED_EDGE('',*,*,#11319,.F.);
#11319 = EDGE_CURVE('',#11320,#11299,#11322,.T.);
#11320 = VERTEX_POINT('',#11321);
#11321 = CARTESIAN_POINT('',(4.,28.7,75.65));
#11322 = SURFACE_CURVE('',#11323,(#11327,#11333),.PCURVE_S1.);
#11323 = LINE('',#11324,#11325);
#11324 = CARTESIAN_POINT('',(-4.5,28.7,75.65));
#11325 = VECTOR('',#11326,1.);
#11326 = DIRECTION('',(-1.,0.,-0.));
#11327 = PCURVE('',#4587,#11328);
#11328 = DEFINITIONAL_REPRESENTATION('',(#11329),#11332);
#11329 = B_SPLINE_CURVE_WITH_KNOTS('',1,(#11330,#11331),.UNSPECIFIED.,
  .F.,.F.,(2,2),(-8.5,-0.5),.PIECEWISE_BEZIER_KNOTS.);
#11330 = CARTESIAN_POINT('',(9.,-1.4));
#11331 = CARTESIAN_POINT('',(1.,-1.4));
#11332 = ( GEOMETRIC_REPRESENTATION_CONTEXT(2) 
PARAMETRIC_REPRESENTATION_CONTEXT() REPRESENTATION_CONTEXT('2D SPACE',''
  ) );
#11333 = PCURVE('',#11334,#11339);
#11334 = PLANE('',#11335);
#11335 = AXIS2_PLACEMENT_3D('',#11336,#11337,#11338);
#11336 = CARTESIAN_POINT('',(-4.,28.7,72.4));
#11337 = DIRECTION('',(0.,1.,0.));
#11338 = DIRECTION('',(0.,0.,1.));
#11339 = DEFINITIONAL_REPRESENTATION('',(#11340),#11343);
#11340 = B_SPLINE_CURVE_WITH_KNOTS('',1,(#11341,#11342),.UNSPECIFIED.,
  .F.,.F.,(2,2),(-8.5,-0.5),.PIECEWISE_BEZIER_KNOTS.);
#11341 = CARTESIAN_POINT('',(3.25,8.));
#11342 = CARTESIAN_POINT('',(3.25,0.));
#11343 = ( GEOMETRIC_REPRESENTATION_CONTEXT(2) 
PARAMETRIC_REPRESENTATION_CONTEXT() REPRESENTATION_CONTEXT('2D SPACE',''
  ) );
#11344 = ORIENTED_EDGE('',*,*,#11345,.F.);
#11345 = EDGE_CURVE('',#7950,#11320,#11346,.T.);
#11346 = SURFACE_CURVE('',#11347,(#11351,#11357),.PCURVE_S1.);
#11347 = LINE('',#11348,#11349);
#11348 = CARTESIAN_POINT('',(4.,28.9,75.65));
#11349 = VECTOR('',#11350,1.);
#11350 = DIRECTION('',(0.,1.,-0.));
#11351 = PCURVE('',#4587,#11352);
#11352 = DEFINITIONAL_REPRESENTATION('',(#11353),#11356);
#11353 = B_SPLINE_CURVE_WITH_KNOTS('',1,(#11354,#11355),.UNSPECIFIED.,
  .F.,.F.,(2,2),(-1.2,-0.2),.PIECEWISE_BEZIER_KNOTS.);
#11354 = CARTESIAN_POINT('',(9.,-2.4));
#11355 = CARTESIAN_POINT('',(9.,-1.4));
#11356 = ( GEOMETRIC_REPRESENTATION_CONTEXT(2) 
PARAMETRIC_REPRESENTATION_CONTEXT() REPRESENTATION_CONTEXT('2D SPACE',''
  ) );
#11357 = PCURVE('',#7986,#11358);
#11358 = DEFINITIONAL_REPRESENTATION('',(#11359),#11362);
#11359 = B_SPLINE_CURVE_WITH_KNOTS('',1,(#11360,#11361),.UNSPECIFIED.,
  .F.,.F.,(2,2),(-1.2,-0.2),.PIECEWISE_BEZIER_KNOTS.);
#11360 = CARTESIAN_POINT('',(3.25,0.));
#11361 = CARTESIAN_POINT('',(3.25,-1.));
#11362 = ( GEOMETRIC_REPRESENTATION_CONTEXT(2) 
PARAMETRIC_REPRESENTATION_CONTEXT() REPRESENTATION_CONTEXT('2D SPACE',''
  ) );
#11363 = ORIENTED_EDGE('',*,*,#7949,.T.);
#11364 = ORIENTED_EDGE('',*,*,#11365,.F.);
#11365 = EDGE_CURVE('',#4549,#7929,#11366,.T.);
#11366 = SURFACE_CURVE('',#11367,(#11371,#11378),.PCURVE_S1.);
#11367 = LINE('',#11368,#11369);
#11368 = CARTESIAN_POINT('',(5.,30.1,75.65));
#11369 = VECTOR('',#11370,1.);
#11370 = DIRECTION('',(0.,-1.,0.));
#11371 = PCURVE('',#4587,#11372);
#11372 = DEFINITIONAL_REPRESENTATION('',(#11373),#11377);
#11373 = LINE('',#11374,#11375);
#11374 = CARTESIAN_POINT('',(10.,0.));
#11375 = VECTOR('',#11376,1.);
#11376 = DIRECTION('',(0.,-1.));
#11377 = ( GEOMETRIC_REPRESENTATION_CONTEXT(2) 
PARAMETRIC_REPRESENTATION_CONTEXT() REPRESENTATION_CONTEXT('2D SPACE',''
  ) );
#11378 = PCURVE('',#4563,#11379);
#11379 = DEFINITIONAL_REPRESENTATION('',(#11380),#11384);
#11380 = LINE('',#11381,#11382);
#11381 = CARTESIAN_POINT('',(4.,0.));
#11382 = VECTOR('',#11383,1.);
#11383 = DIRECTION('',(0.,-1.));
#11384 = ( GEOMETRIC_REPRESENTATION_CONTEXT(2) 
PARAMETRIC_REPRESENTATION_CONTEXT() REPRESENTATION_CONTEXT('2D SPACE',''
  ) );
#11385 = ADVANCED_FACE('',(#11386),#4563,.T.);
#11386 = FACE_BOUND('',#11387,.T.);
#11387 = EDGE_LOOP('',(#11388,#11389,#11390,#11391));
#11388 = ORIENTED_EDGE('',*,*,#4548,.F.);
#11389 = ORIENTED_EDGE('',*,*,#11271,.T.);
#11390 = ORIENTED_EDGE('',*,*,#7928,.T.);
#11391 = ORIENTED_EDGE('',*,*,#11365,.F.);
#11392 = ADVANCED_FACE('',(#11393),#4619,.F.);
#11393 = FACE_BOUND('',#11394,.F.);
#11394 = EDGE_LOOP('',(#11395,#11396,#11417,#11418));
#11395 = ORIENTED_EDGE('',*,*,#4600,.F.);
#11396 = ORIENTED_EDGE('',*,*,#11397,.T.);
#11397 = EDGE_CURVE('',#4601,#7793,#11398,.T.);
#11398 = SURFACE_CURVE('',#11399,(#11403,#11410),.PCURVE_S1.);
#11399 = LINE('',#11400,#11401);
#11400 = CARTESIAN_POINT('',(13.9,30.1,58.2));
#11401 = VECTOR('',#11402,1.);
#11402 = DIRECTION('',(0.,-1.,0.));
#11403 = PCURVE('',#4619,#11404);
#11404 = DEFINITIONAL_REPRESENTATION('',(#11405),#11409);
#11405 = LINE('',#11406,#11407);
#11406 = CARTESIAN_POINT('',(1.570796326795,0.));
#11407 = VECTOR('',#11408,1.);
#11408 = DIRECTION('',(0.,-1.));
#11409 = ( GEOMETRIC_REPRESENTATION_CONTEXT(2) 
PARAMETRIC_REPRESENTATION_CONTEXT() REPRESENTATION_CONTEXT('2D SPACE',''
  ) );
#11410 = PCURVE('',#4646,#11411);
#11411 = DEFINITIONAL_REPRESENTATION('',(#11412),#11416);
#11412 = LINE('',#11413,#11414);
#11413 = CARTESIAN_POINT('',(0.,0.));
#11414 = VECTOR('',#11415,1.);
#11415 = DIRECTION('',(0.,-1.));
#11416 = ( GEOMETRIC_REPRESENTATION_CONTEXT(2) 
PARAMETRIC_REPRESENTATION_CONTEXT() REPRESENTATION_CONTEXT('2D SPACE',''
  ) );
#11417 = ORIENTED_EDGE('',*,*,#7792,.T.);
#11418 = ORIENTED_EDGE('',*,*,#11419,.F.);
#11419 = EDGE_CURVE('',#4603,#7795,#11420,.T.);
#11420 = SURFACE_CURVE('',#11421,(#11425,#11432),.PCURVE_S1.);
#11421 = LINE('',#11422,#11423);
#11422 = CARTESIAN_POINT('',(13.9,30.1,55.2));
#11423 = VECTOR('',#11424,1.);
#11424 = DIRECTION('',(0.,-1.,0.));
#11425 = PCURVE('',#4619,#11426);
#11426 = DEFINITIONAL_REPRESENTATION('',(#11427),#11431);
#11427 = LINE('',#11428,#11429);
#11428 = CARTESIAN_POINT('',(4.712388980385,0.));
#11429 = VECTOR('',#11430,1.);
#11430 = DIRECTION('',(0.,-1.));
#11431 = ( GEOMETRIC_REPRESENTATION_CONTEXT(2) 
PARAMETRIC_REPRESENTATION_CONTEXT() REPRESENTATION_CONTEXT('2D SPACE',''
  ) );
#11432 = PCURVE('',#4699,#11433);
#11433 = DEFINITIONAL_REPRESENTATION('',(#11434),#11438);
#11434 = LINE('',#11435,#11436);
#11435 = CARTESIAN_POINT('',(27.8,0.));
#11436 = VECTOR('',#11437,1.);
#11437 = DIRECTION('',(0.,-1.));
#11438 = ( GEOMETRIC_REPRESENTATION_CONTEXT(2) 
PARAMETRIC_REPRESENTATION_CONTEXT() REPRESENTATION_CONTEXT('2D SPACE',''
  ) );
#11439 = ADVANCED_FACE('',(#11440),#4646,.T.);
#11440 = FACE_BOUND('',#11441,.T.);
#11441 = EDGE_LOOP('',(#11442,#11443,#11444,#11445));
#11442 = ORIENTED_EDGE('',*,*,#4631,.F.);
#11443 = ORIENTED_EDGE('',*,*,#11397,.T.);
#11444 = ORIENTED_EDGE('',*,*,#7818,.T.);
#11445 = ORIENTED_EDGE('',*,*,#11446,.F.);
#11446 = EDGE_CURVE('',#4632,#7819,#11447,.T.);
#11447 = SURFACE_CURVE('',#11448,(#11452,#11459),.PCURVE_S1.);
#11448 = LINE('',#11449,#11450);
#11449 = CARTESIAN_POINT('',(-13.9,30.1,58.2));
#11450 = VECTOR('',#11451,1.);
#11451 = DIRECTION('',(0.,-1.,0.));
#11452 = PCURVE('',#4646,#11453);
#11453 = DEFINITIONAL_REPRESENTATION('',(#11454),#11458);
#11454 = LINE('',#11455,#11456);
#11455 = CARTESIAN_POINT('',(27.8,0.));
#11456 = VECTOR('',#11457,1.);
#11457 = DIRECTION('',(0.,-1.));
#11458 = ( GEOMETRIC_REPRESENTATION_CONTEXT(2) 
PARAMETRIC_REPRESENTATION_CONTEXT() REPRESENTATION_CONTEXT('2D SPACE',''
  ) );
#11459 = PCURVE('',#4674,#11460);
#11460 = DEFINITIONAL_REPRESENTATION('',(#11461),#11465);
#11461 = LINE('',#11462,#11463);
#11462 = CARTESIAN_POINT('',(4.712388980385,0.));
#11463 = VECTOR('',#11464,1.);
#11464 = DIRECTION('',(0.,-1.));
#11465 = ( GEOMETRIC_REPRESENTATION_CONTEXT(2) 
PARAMETRIC_REPRESENTATION_CONTEXT() REPRESENTATION_CONTEXT('2D SPACE',''
  ) );
#11466 = ADVANCED_FACE('',(#11467),#4699,.T.);
#11467 = FACE_BOUND('',#11468,.T.);
#11468 = EDGE_LOOP('',(#11469,#11470,#11491,#11492));
#11469 = ORIENTED_EDGE('',*,*,#4686,.F.);
#11470 = ORIENTED_EDGE('',*,*,#11471,.T.);
#11471 = EDGE_CURVE('',#4658,#7840,#11472,.T.);
#11472 = SURFACE_CURVE('',#11473,(#11477,#11484),.PCURVE_S1.);
#11473 = LINE('',#11474,#11475);
#11474 = CARTESIAN_POINT('',(-13.9,30.1,55.2));
#11475 = VECTOR('',#11476,1.);
#11476 = DIRECTION('',(0.,-1.,0.));
#11477 = PCURVE('',#4699,#11478);
#11478 = DEFINITIONAL_REPRESENTATION('',(#11479),#11483);
#11479 = LINE('',#11480,#11481);
#11480 = CARTESIAN_POINT('',(0.,0.));
#11481 = VECTOR('',#11482,1.);
#11482 = DIRECTION('',(0.,-1.));
#11483 = ( GEOMETRIC_REPRESENTATION_CONTEXT(2) 
PARAMETRIC_REPRESENTATION_CONTEXT() REPRESENTATION_CONTEXT('2D SPACE',''
  ) );
#11484 = PCURVE('',#4674,#11485);
#11485 = DEFINITIONAL_REPRESENTATION('',(#11486),#11490);
#11486 = LINE('',#11487,#11488);
#11487 = CARTESIAN_POINT('',(1.570796326795,0.));
#11488 = VECTOR('',#11489,1.);
#11489 = DIRECTION('',(0.,-1.));
#11490 = ( GEOMETRIC_REPRESENTATION_CONTEXT(2) 
PARAMETRIC_REPRESENTATION_CONTEXT() REPRESENTATION_CONTEXT('2D SPACE',''
  ) );
#11491 = ORIENTED_EDGE('',*,*,#7863,.T.);
#11492 = ORIENTED_EDGE('',*,*,#11419,.F.);
#11493 = ADVANCED_FACE('',(#11494),#4674,.F.);
#11494 = FACE_BOUND('',#11495,.F.);
#11495 = EDGE_LOOP('',(#11496,#11497,#11498,#11499));
#11496 = ORIENTED_EDGE('',*,*,#4657,.F.);
#11497 = ORIENTED_EDGE('',*,*,#11471,.T.);
#11498 = ORIENTED_EDGE('',*,*,#7839,.T.);
#11499 = ORIENTED_EDGE('',*,*,#11446,.F.);
#11500 = ADVANCED_FACE('',(#11501),#4731,.F.);
#11501 = FACE_BOUND('',#11502,.F.);
#11502 = EDGE_LOOP('',(#11503,#11504,#11525,#11526));
#11503 = ORIENTED_EDGE('',*,*,#4712,.F.);
#11504 = ORIENTED_EDGE('',*,*,#11505,.T.);
#11505 = EDGE_CURVE('',#4713,#8076,#11506,.T.);
#11506 = SURFACE_CURVE('',#11507,(#11511,#11518),.PCURVE_S1.);
#11507 = LINE('',#11508,#11509);
#11508 = CARTESIAN_POINT('',(13.9,30.1,46.2));
#11509 = VECTOR('',#11510,1.);
#11510 = DIRECTION('',(0.,-1.,0.));
#11511 = PCURVE('',#4731,#11512);
#11512 = DEFINITIONAL_REPRESENTATION('',(#11513),#11517);
#11513 = LINE('',#11514,#11515);
#11514 = CARTESIAN_POINT('',(1.570796326795,0.));
#11515 = VECTOR('',#11516,1.);
#11516 = DIRECTION('',(0.,-1.));
#11517 = ( GEOMETRIC_REPRESENTATION_CONTEXT(2) 
PARAMETRIC_REPRESENTATION_CONTEXT() REPRESENTATION_CONTEXT('2D SPACE',''
  ) );
#11518 = PCURVE('',#4758,#11519);
#11519 = DEFINITIONAL_REPRESENTATION('',(#11520),#11524);
#11520 = LINE('',#11521,#11522);
#11521 = CARTESIAN_POINT('',(0.,0.));
#11522 = VECTOR('',#11523,1.);
#11523 = DIRECTION('',(0.,-1.));
#11524 = ( GEOMETRIC_REPRESENTATION_CONTEXT(2) 
PARAMETRIC_REPRESENTATION_CONTEXT() REPRESENTATION_CONTEXT('2D SPACE',''
  ) );
#11525 = ORIENTED_EDGE('',*,*,#8075,.T.);
#11526 = ORIENTED_EDGE('',*,*,#11527,.F.);
#11527 = EDGE_CURVE('',#4715,#8078,#11528,.T.);
#11528 = SURFACE_CURVE('',#11529,(#11533,#11540),.PCURVE_S1.);
#11529 = LINE('',#11530,#11531);
#11530 = CARTESIAN_POINT('',(13.9,30.1,43.2));
#11531 = VECTOR('',#11532,1.);
#11532 = DIRECTION('',(0.,-1.,0.));
#11533 = PCURVE('',#4731,#11534);
#11534 = DEFINITIONAL_REPRESENTATION('',(#11535),#11539);
#11535 = LINE('',#11536,#11537);
#11536 = CARTESIAN_POINT('',(4.712388980385,0.));
#11537 = VECTOR('',#11538,1.);
#11538 = DIRECTION('',(0.,-1.));
#11539 = ( GEOMETRIC_REPRESENTATION_CONTEXT(2) 
PARAMETRIC_REPRESENTATION_CONTEXT() REPRESENTATION_CONTEXT('2D SPACE',''
  ) );
#11540 = PCURVE('',#4811,#11541);
#11541 = DEFINITIONAL_REPRESENTATION('',(#11542),#11546);
#11542 = LINE('',#11543,#11544);
#11543 = CARTESIAN_POINT('',(27.8,0.));
#11544 = VECTOR('',#11545,1.);
#11545 = DIRECTION('',(0.,-1.));
#11546 = ( GEOMETRIC_REPRESENTATION_CONTEXT(2) 
PARAMETRIC_REPRESENTATION_CONTEXT() REPRESENTATION_CONTEXT('2D SPACE',''
  ) );
#11547 = ADVANCED_FACE('',(#11548),#4758,.T.);
#11548 = FACE_BOUND('',#11549,.T.);
#11549 = EDGE_LOOP('',(#11550,#11551,#11552,#11553));
#11550 = ORIENTED_EDGE('',*,*,#4743,.F.);
#11551 = ORIENTED_EDGE('',*,*,#11505,.T.);
#11552 = ORIENTED_EDGE('',*,*,#8101,.T.);
#11553 = ORIENTED_EDGE('',*,*,#11554,.F.);
#11554 = EDGE_CURVE('',#4744,#8102,#11555,.T.);
#11555 = SURFACE_CURVE('',#11556,(#11560,#11567),.PCURVE_S1.);
#11556 = LINE('',#11557,#11558);
#11557 = CARTESIAN_POINT('',(-13.9,30.1,46.2));
#11558 = VECTOR('',#11559,1.);
#11559 = DIRECTION('',(0.,-1.,0.));
#11560 = PCURVE('',#4758,#11561);
#11561 = DEFINITIONAL_REPRESENTATION('',(#11562),#11566);
#11562 = LINE('',#11563,#11564);
#11563 = CARTESIAN_POINT('',(27.8,0.));
#11564 = VECTOR('',#11565,1.);
#11565 = DIRECTION('',(0.,-1.));
#11566 = ( GEOMETRIC_REPRESENTATION_CONTEXT(2) 
PARAMETRIC_REPRESENTATION_CONTEXT() REPRESENTATION_CONTEXT('2D SPACE',''
  ) );
#11567 = PCURVE('',#4786,#11568);
#11568 = DEFINITIONAL_REPRESENTATION('',(#11569),#11573);
#11569 = LINE('',#11570,#11571);
#11570 = CARTESIAN_POINT('',(4.712388980385,0.));
#11571 = VECTOR('',#11572,1.);
#11572 = DIRECTION('',(0.,-1.));
#11573 = ( GEOMETRIC_REPRESENTATION_CONTEXT(2) 
PARAMETRIC_REPRESENTATION_CONTEXT() REPRESENTATION_CONTEXT('2D SPACE',''
  ) );
#11574 = ADVANCED_FACE('',(#11575),#4811,.T.);
#11575 = FACE_BOUND('',#11576,.T.);
#11576 = EDGE_LOOP('',(#11577,#11578,#11599,#11600));
#11577 = ORIENTED_EDGE('',*,*,#4798,.F.);
#11578 = ORIENTED_EDGE('',*,*,#11579,.T.);
#11579 = EDGE_CURVE('',#4770,#8123,#11580,.T.);
#11580 = SURFACE_CURVE('',#11581,(#11585,#11592),.PCURVE_S1.);
#11581 = LINE('',#11582,#11583);
#11582 = CARTESIAN_POINT('',(-13.9,30.1,43.2));
#11583 = VECTOR('',#11584,1.);
#11584 = DIRECTION('',(0.,-1.,0.));
#11585 = PCURVE('',#4811,#11586);
#11586 = DEFINITIONAL_REPRESENTATION('',(#11587),#11591);
#11587 = LINE('',#11588,#11589);
#11588 = CARTESIAN_POINT('',(0.,0.));
#11589 = VECTOR('',#11590,1.);
#11590 = DIRECTION('',(0.,-1.));
#11591 = ( GEOMETRIC_REPRESENTATION_CONTEXT(2) 
PARAMETRIC_REPRESENTATION_CONTEXT() REPRESENTATION_CONTEXT('2D SPACE',''
  ) );
#11592 = PCURVE('',#4786,#11593);
#11593 = DEFINITIONAL_REPRESENTATION('',(#11594),#11598);
#11594 = LINE('',#11595,#11596);
#11595 = CARTESIAN_POINT('',(1.570796326795,0.));
#11596 = VECTOR('',#11597,1.);
#11597 = DIRECTION('',(0.,-1.));
#11598 = ( GEOMETRIC_REPRESENTATION_CONTEXT(2) 
PARAMETRIC_REPRESENTATION_CONTEXT() REPRESENTATION_CONTEXT('2D SPACE',''
  ) );
#11599 = ORIENTED_EDGE('',*,*,#8146,.T.);
#11600 = ORIENTED_EDGE('',*,*,#11527,.F.);
#11601 = ADVANCED_FACE('',(#11602),#4786,.F.);
#11602 = FACE_BOUND('',#11603,.F.);
#11603 = EDGE_LOOP('',(#11604,#11605,#11606,#11607));
#11604 = ORIENTED_EDGE('',*,*,#4769,.F.);
#11605 = ORIENTED_EDGE('',*,*,#11579,.T.);
#11606 = ORIENTED_EDGE('',*,*,#8122,.T.);
#11607 = ORIENTED_EDGE('',*,*,#11554,.F.);
#11608 = ADVANCED_FACE('',(#11609),#4843,.F.);
#11609 = FACE_BOUND('',#11610,.F.);
#11610 = EDGE_LOOP('',(#11611,#11612,#11633,#11634));
#11611 = ORIENTED_EDGE('',*,*,#4824,.F.);
#11612 = ORIENTED_EDGE('',*,*,#11613,.T.);
#11613 = EDGE_CURVE('',#4825,#8168,#11614,.T.);
#11614 = SURFACE_CURVE('',#11615,(#11619,#11626),.PCURVE_S1.);
#11615 = LINE('',#11616,#11617);
#11616 = CARTESIAN_POINT('',(13.9,30.1,34.2));
#11617 = VECTOR('',#11618,1.);
#11618 = DIRECTION('',(0.,-1.,0.));
#11619 = PCURVE('',#4843,#11620);
#11620 = DEFINITIONAL_REPRESENTATION('',(#11621),#11625);
#11621 = LINE('',#11622,#11623);
#11622 = CARTESIAN_POINT('',(1.570796326795,0.));
#11623 = VECTOR('',#11624,1.);
#11624 = DIRECTION('',(0.,-1.));
#11625 = ( GEOMETRIC_REPRESENTATION_CONTEXT(2) 
PARAMETRIC_REPRESENTATION_CONTEXT() REPRESENTATION_CONTEXT('2D SPACE',''
  ) );
#11626 = PCURVE('',#4870,#11627);
#11627 = DEFINITIONAL_REPRESENTATION('',(#11628),#11632);
#11628 = LINE('',#11629,#11630);
#11629 = CARTESIAN_POINT('',(0.,0.));
#11630 = VECTOR('',#11631,1.);
#11631 = DIRECTION('',(0.,-1.));
#11632 = ( GEOMETRIC_REPRESENTATION_CONTEXT(2) 
PARAMETRIC_REPRESENTATION_CONTEXT() REPRESENTATION_CONTEXT('2D SPACE',''
  ) );
#11633 = ORIENTED_EDGE('',*,*,#8167,.T.);
#11634 = ORIENTED_EDGE('',*,*,#11635,.F.);
#11635 = EDGE_CURVE('',#4827,#8170,#11636,.T.);
#11636 = SURFACE_CURVE('',#11637,(#11641,#11648),.PCURVE_S1.);
#11637 = LINE('',#11638,#11639);
#11638 = CARTESIAN_POINT('',(13.9,30.1,31.2));
#11639 = VECTOR('',#11640,1.);
#11640 = DIRECTION('',(0.,-1.,0.));
#11641 = PCURVE('',#4843,#11642);
#11642 = DEFINITIONAL_REPRESENTATION('',(#11643),#11647);
#11643 = LINE('',#11644,#11645);
#11644 = CARTESIAN_POINT('',(4.712388980385,0.));
#11645 = VECTOR('',#11646,1.);
#11646 = DIRECTION('',(0.,-1.));
#11647 = ( GEOMETRIC_REPRESENTATION_CONTEXT(2) 
PARAMETRIC_REPRESENTATION_CONTEXT() REPRESENTATION_CONTEXT('2D SPACE',''
  ) );
#11648 = PCURVE('',#4923,#11649);
#11649 = DEFINITIONAL_REPRESENTATION('',(#11650),#11654);
#11650 = LINE('',#11651,#11652);
#11651 = CARTESIAN_POINT('',(27.8,0.));
#11652 = VECTOR('',#11653,1.);
#11653 = DIRECTION('',(0.,-1.));
#11654 = ( GEOMETRIC_REPRESENTATION_CONTEXT(2) 
PARAMETRIC_REPRESENTATION_CONTEXT() REPRESENTATION_CONTEXT('2D SPACE',''
  ) );
#11655 = ADVANCED_FACE('',(#11656),#4870,.T.);
#11656 = FACE_BOUND('',#11657,.T.);
#11657 = EDGE_LOOP('',(#11658,#11659,#11660,#11661));
#11658 = ORIENTED_EDGE('',*,*,#4855,.F.);
#11659 = ORIENTED_EDGE('',*,*,#11613,.T.);
#11660 = ORIENTED_EDGE('',*,*,#8193,.T.);
#11661 = ORIENTED_EDGE('',*,*,#11662,.F.);
#11662 = EDGE_CURVE('',#4856,#8194,#11663,.T.);
#11663 = SURFACE_CURVE('',#11664,(#11668,#11675),.PCURVE_S1.);
#11664 = LINE('',#11665,#11666);
#11665 = CARTESIAN_POINT('',(-13.9,30.1,34.2));
#11666 = VECTOR('',#11667,1.);
#11667 = DIRECTION('',(0.,-1.,0.));
#11668 = PCURVE('',#4870,#11669);
#11669 = DEFINITIONAL_REPRESENTATION('',(#11670),#11674);
#11670 = LINE('',#11671,#11672);
#11671 = CARTESIAN_POINT('',(27.8,0.));
#11672 = VECTOR('',#11673,1.);
#11673 = DIRECTION('',(0.,-1.));
#11674 = ( GEOMETRIC_REPRESENTATION_CONTEXT(2) 
PARAMETRIC_REPRESENTATION_CONTEXT() REPRESENTATION_CONTEXT('2D SPACE',''
  ) );
#11675 = PCURVE('',#4898,#11676);
#11676 = DEFINITIONAL_REPRESENTATION('',(#11677),#11681);
#11677 = LINE('',#11678,#11679);
#11678 = CARTESIAN_POINT('',(4.712388980385,0.));
#11679 = VECTOR('',#11680,1.);
#11680 = DIRECTION('',(0.,-1.));
#11681 = ( GEOMETRIC_REPRESENTATION_CONTEXT(2) 
PARAMETRIC_REPRESENTATION_CONTEXT() REPRESENTATION_CONTEXT('2D SPACE',''
  ) );
#11682 = ADVANCED_FACE('',(#11683),#4923,.T.);
#11683 = FACE_BOUND('',#11684,.T.);
#11684 = EDGE_LOOP('',(#11685,#11686,#11707,#11708));
#11685 = ORIENTED_EDGE('',*,*,#4910,.F.);
#11686 = ORIENTED_EDGE('',*,*,#11687,.T.);
#11687 = EDGE_CURVE('',#4882,#8215,#11688,.T.);
#11688 = SURFACE_CURVE('',#11689,(#11693,#11700),.PCURVE_S1.);
#11689 = LINE('',#11690,#11691);
#11690 = CARTESIAN_POINT('',(-13.9,30.1,31.2));
#11691 = VECTOR('',#11692,1.);
#11692 = DIRECTION('',(0.,-1.,0.));
#11693 = PCURVE('',#4923,#11694);
#11694 = DEFINITIONAL_REPRESENTATION('',(#11695),#11699);
#11695 = LINE('',#11696,#11697);
#11696 = CARTESIAN_POINT('',(0.,0.));
#11697 = VECTOR('',#11698,1.);
#11698 = DIRECTION('',(0.,-1.));
#11699 = ( GEOMETRIC_REPRESENTATION_CONTEXT(2) 
PARAMETRIC_REPRESENTATION_CONTEXT() REPRESENTATION_CONTEXT('2D SPACE',''
  ) );
#11700 = PCURVE('',#4898,#11701);
#11701 = DEFINITIONAL_REPRESENTATION('',(#11702),#11706);
#11702 = LINE('',#11703,#11704);
#11703 = CARTESIAN_POINT('',(1.570796326795,0.));
#11704 = VECTOR('',#11705,1.);
#11705 = DIRECTION('',(0.,-1.));
#11706 = ( GEOMETRIC_REPRESENTATION_CONTEXT(2) 
PARAMETRIC_REPRESENTATION_CONTEXT() REPRESENTATION_CONTEXT('2D SPACE',''
  ) );
#11707 = ORIENTED_EDGE('',*,*,#8238,.T.);
#11708 = ORIENTED_EDGE('',*,*,#11635,.F.);
#11709 = ADVANCED_FACE('',(#11710),#4898,.F.);
#11710 = FACE_BOUND('',#11711,.F.);
#11711 = EDGE_LOOP('',(#11712,#11713,#11714,#11715));
#11712 = ORIENTED_EDGE('',*,*,#4881,.F.);
#11713 = ORIENTED_EDGE('',*,*,#11687,.T.);
#11714 = ORIENTED_EDGE('',*,*,#8214,.T.);
#11715 = ORIENTED_EDGE('',*,*,#11662,.F.);
#11716 = ADVANCED_FACE('',(#11717),#4955,.F.);
#11717 = FACE_BOUND('',#11718,.F.);
#11718 = EDGE_LOOP('',(#11719,#11720,#11741,#11742));
#11719 = ORIENTED_EDGE('',*,*,#4936,.F.);
#11720 = ORIENTED_EDGE('',*,*,#11721,.T.);
#11721 = EDGE_CURVE('',#4937,#8260,#11722,.T.);
#11722 = SURFACE_CURVE('',#11723,(#11727,#11734),.PCURVE_S1.);
#11723 = LINE('',#11724,#11725);
#11724 = CARTESIAN_POINT('',(13.9,30.1,22.2));
#11725 = VECTOR('',#11726,1.);
#11726 = DIRECTION('',(0.,-1.,0.));
#11727 = PCURVE('',#4955,#11728);
#11728 = DEFINITIONAL_REPRESENTATION('',(#11729),#11733);
#11729 = LINE('',#11730,#11731);
#11730 = CARTESIAN_POINT('',(1.570796326795,0.));
#11731 = VECTOR('',#11732,1.);
#11732 = DIRECTION('',(0.,-1.));
#11733 = ( GEOMETRIC_REPRESENTATION_CONTEXT(2) 
PARAMETRIC_REPRESENTATION_CONTEXT() REPRESENTATION_CONTEXT('2D SPACE',''
  ) );
#11734 = PCURVE('',#4982,#11735);
#11735 = DEFINITIONAL_REPRESENTATION('',(#11736),#11740);
#11736 = LINE('',#11737,#11738);
#11737 = CARTESIAN_POINT('',(0.,0.));
#11738 = VECTOR('',#11739,1.);
#11739 = DIRECTION('',(0.,-1.));
#11740 = ( GEOMETRIC_REPRESENTATION_CONTEXT(2) 
PARAMETRIC_REPRESENTATION_CONTEXT() REPRESENTATION_CONTEXT('2D SPACE',''
  ) );
#11741 = ORIENTED_EDGE('',*,*,#8259,.T.);
#11742 = ORIENTED_EDGE('',*,*,#11743,.F.);
#11743 = EDGE_CURVE('',#4939,#8262,#11744,.T.);
#11744 = SURFACE_CURVE('',#11745,(#11749,#11756),.PCURVE_S1.);
#11745 = LINE('',#11746,#11747);
#11746 = CARTESIAN_POINT('',(13.9,30.1,19.2));
#11747 = VECTOR('',#11748,1.);
#11748 = DIRECTION('',(0.,-1.,0.));
#11749 = PCURVE('',#4955,#11750);
#11750 = DEFINITIONAL_REPRESENTATION('',(#11751),#11755);
#11751 = LINE('',#11752,#11753);
#11752 = CARTESIAN_POINT('',(4.712388980385,0.));
#11753 = VECTOR('',#11754,1.);
#11754 = DIRECTION('',(0.,-1.));
#11755 = ( GEOMETRIC_REPRESENTATION_CONTEXT(2) 
PARAMETRIC_REPRESENTATION_CONTEXT() REPRESENTATION_CONTEXT('2D SPACE',''
  ) );
#11756 = PCURVE('',#5035,#11757);
#11757 = DEFINITIONAL_REPRESENTATION('',(#11758),#11762);
#11758 = LINE('',#11759,#11760);
#11759 = CARTESIAN_POINT('',(27.8,0.));
#11760 = VECTOR('',#11761,1.);
#11761 = DIRECTION('',(0.,-1.));
#11762 = ( GEOMETRIC_REPRESENTATION_CONTEXT(2) 
PARAMETRIC_REPRESENTATION_CONTEXT() REPRESENTATION_CONTEXT('2D SPACE',''
  ) );
#11763 = ADVANCED_FACE('',(#11764),#4982,.T.);
#11764 = FACE_BOUND('',#11765,.T.);
#11765 = EDGE_LOOP('',(#11766,#11767,#11768,#11769));
#11766 = ORIENTED_EDGE('',*,*,#4967,.F.);
#11767 = ORIENTED_EDGE('',*,*,#11721,.T.);
#11768 = ORIENTED_EDGE('',*,*,#8285,.T.);
#11769 = ORIENTED_EDGE('',*,*,#11770,.F.);
#11770 = EDGE_CURVE('',#4968,#8286,#11771,.T.);
#11771 = SURFACE_CURVE('',#11772,(#11776,#11783),.PCURVE_S1.);
#11772 = LINE('',#11773,#11774);
#11773 = CARTESIAN_POINT('',(-13.9,30.1,22.2));
#11774 = VECTOR('',#11775,1.);
#11775 = DIRECTION('',(0.,-1.,0.));
#11776 = PCURVE('',#4982,#11777);
#11777 = DEFINITIONAL_REPRESENTATION('',(#11778),#11782);
#11778 = LINE('',#11779,#11780);
#11779 = CARTESIAN_POINT('',(27.8,0.));
#11780 = VECTOR('',#11781,1.);
#11781 = DIRECTION('',(0.,-1.));
#11782 = ( GEOMETRIC_REPRESENTATION_CONTEXT(2) 
PARAMETRIC_REPRESENTATION_CONTEXT() REPRESENTATION_CONTEXT('2D SPACE',''
  ) );
#11783 = PCURVE('',#5010,#11784);
#11784 = DEFINITIONAL_REPRESENTATION('',(#11785),#11789);
#11785 = LINE('',#11786,#11787);
#11786 = CARTESIAN_POINT('',(4.712388980385,0.));
#11787 = VECTOR('',#11788,1.);
#11788 = DIRECTION('',(0.,-1.));
#11789 = ( GEOMETRIC_REPRESENTATION_CONTEXT(2) 
PARAMETRIC_REPRESENTATION_CONTEXT() REPRESENTATION_CONTEXT('2D SPACE',''
  ) );
#11790 = ADVANCED_FACE('',(#11791),#5035,.T.);
#11791 = FACE_BOUND('',#11792,.T.);
#11792 = EDGE_LOOP('',(#11793,#11794,#11815,#11816));
#11793 = ORIENTED_EDGE('',*,*,#5022,.F.);
#11794 = ORIENTED_EDGE('',*,*,#11795,.T.);
#11795 = EDGE_CURVE('',#4994,#8307,#11796,.T.);
#11796 = SURFACE_CURVE('',#11797,(#11801,#11808),.PCURVE_S1.);
#11797 = LINE('',#11798,#11799);
#11798 = CARTESIAN_POINT('',(-13.9,30.1,19.2));
#11799 = VECTOR('',#11800,1.);
#11800 = DIRECTION('',(0.,-1.,0.));
#11801 = PCURVE('',#5035,#11802);
#11802 = DEFINITIONAL_REPRESENTATION('',(#11803),#11807);
#11803 = LINE('',#11804,#11805);
#11804 = CARTESIAN_POINT('',(0.,0.));
#11805 = VECTOR('',#11806,1.);
#11806 = DIRECTION('',(0.,-1.));
#11807 = ( GEOMETRIC_REPRESENTATION_CONTEXT(2) 
PARAMETRIC_REPRESENTATION_CONTEXT() REPRESENTATION_CONTEXT('2D SPACE',''
  ) );
#11808 = PCURVE('',#5010,#11809);
#11809 = DEFINITIONAL_REPRESENTATION('',(#11810),#11814);
#11810 = LINE('',#11811,#11812);
#11811 = CARTESIAN_POINT('',(1.570796326795,0.));
#11812 = VECTOR('',#11813,1.);
#11813 = DIRECTION('',(0.,-1.));
#11814 = ( GEOMETRIC_REPRESENTATION_CONTEXT(2) 
PARAMETRIC_REPRESENTATION_CONTEXT() REPRESENTATION_CONTEXT('2D SPACE',''
  ) );
#11815 = ORIENTED_EDGE('',*,*,#8330,.T.);
#11816 = ORIENTED_EDGE('',*,*,#11743,.F.);
#11817 = ADVANCED_FACE('',(#11818),#5010,.F.);
#11818 = FACE_BOUND('',#11819,.F.);
#11819 = EDGE_LOOP('',(#11820,#11821,#11822,#11823));
#11820 = ORIENTED_EDGE('',*,*,#4993,.F.);
#11821 = ORIENTED_EDGE('',*,*,#11795,.T.);
#11822 = ORIENTED_EDGE('',*,*,#8306,.T.);
#11823 = ORIENTED_EDGE('',*,*,#11770,.F.);
#11824 = ADVANCED_FACE('',(#11825),#5409,.T.);
#11825 = FACE_BOUND('',#11826,.T.);
#11826 = EDGE_LOOP('',(#11827,#11828,#11849,#11850));
#11827 = ORIENTED_EDGE('',*,*,#5392,.T.);
#11828 = ORIENTED_EDGE('',*,*,#11829,.T.);
#11829 = EDGE_CURVE('',#5395,#8555,#11830,.T.);
#11830 = SURFACE_CURVE('',#11831,(#11835,#11842),.PCURVE_S1.);
#11831 = LINE('',#11832,#11833);
#11832 = CARTESIAN_POINT('',(34.7,-5.,75.65));
#11833 = VECTOR('',#11834,1.);
#11834 = DIRECTION('',(-1.,-0.,-0.));
#11835 = PCURVE('',#5409,#11836);
#11836 = DEFINITIONAL_REPRESENTATION('',(#11837),#11841);
#11837 = LINE('',#11838,#11839);
#11838 = CARTESIAN_POINT('',(0.,0.));
#11839 = VECTOR('',#11840,1.);
#11840 = DIRECTION('',(0.,-1.));
#11841 = ( GEOMETRIC_REPRESENTATION_CONTEXT(2) 
PARAMETRIC_REPRESENTATION_CONTEXT() REPRESENTATION_CONTEXT('2D SPACE',''
  ) );
#11842 = PCURVE('',#5435,#11843);
#11843 = DEFINITIONAL_REPRESENTATION('',(#11844),#11848);
#11844 = LINE('',#11845,#11846);
#11845 = CARTESIAN_POINT('',(4.,0.));
#11846 = VECTOR('',#11847,1.);
#11847 = DIRECTION('',(0.,-1.));
#11848 = ( GEOMETRIC_REPRESENTATION_CONTEXT(2) 
PARAMETRIC_REPRESENTATION_CONTEXT() REPRESENTATION_CONTEXT('2D SPACE',''
  ) );
#11849 = ORIENTED_EDGE('',*,*,#8552,.F.);
#11850 = ORIENTED_EDGE('',*,*,#11851,.F.);
#11851 = EDGE_CURVE('',#5393,#8553,#11852,.T.);
#11852 = SURFACE_CURVE('',#11853,(#11857,#11864),.PCURVE_S1.);
#11853 = LINE('',#11854,#11855);
#11854 = CARTESIAN_POINT('',(34.7,5.,75.65));
#11855 = VECTOR('',#11856,1.);
#11856 = DIRECTION('',(-1.,-0.,-0.));
#11857 = PCURVE('',#5409,#11858);
#11858 = DEFINITIONAL_REPRESENTATION('',(#11859),#11863);
#11859 = LINE('',#11860,#11861);
#11860 = CARTESIAN_POINT('',(10.,0.));
#11861 = VECTOR('',#11862,1.);
#11862 = DIRECTION('',(0.,-1.));
#11863 = ( GEOMETRIC_REPRESENTATION_CONTEXT(2) 
PARAMETRIC_REPRESENTATION_CONTEXT() REPRESENTATION_CONTEXT('2D SPACE',''
  ) );
#11864 = PCURVE('',#5485,#11865);
#11865 = DEFINITIONAL_REPRESENTATION('',(#11866),#11870);
#11866 = LINE('',#11867,#11868);
#11867 = CARTESIAN_POINT('',(4.,0.));
#11868 = VECTOR('',#11869,1.);
#11869 = DIRECTION('',(0.,-1.));
#11870 = ( GEOMETRIC_REPRESENTATION_CONTEXT(2) 
PARAMETRIC_REPRESENTATION_CONTEXT() REPRESENTATION_CONTEXT('2D SPACE',''
  ) );
#11871 = ADVANCED_FACE('',(#11872),#5485,.F.);
#11872 = FACE_BOUND('',#11873,.F.);
#11873 = EDGE_LOOP('',(#11874,#11875,#11896,#11897));
#11874 = ORIENTED_EDGE('',*,*,#5472,.T.);
#11875 = ORIENTED_EDGE('',*,*,#11876,.T.);
#11876 = EDGE_CURVE('',#5447,#8597,#11877,.T.);
#11877 = SURFACE_CURVE('',#11878,(#11882,#11889),.PCURVE_S1.);
#11878 = LINE('',#11879,#11880);
#11879 = CARTESIAN_POINT('',(34.7,5.,71.65));
#11880 = VECTOR('',#11881,1.);
#11881 = DIRECTION('',(-1.,-0.,-0.));
#11882 = PCURVE('',#5485,#11883);
#11883 = DEFINITIONAL_REPRESENTATION('',(#11884),#11888);
#11884 = LINE('',#11885,#11886);
#11885 = CARTESIAN_POINT('',(0.,0.));
#11886 = VECTOR('',#11887,1.);
#11887 = DIRECTION('',(0.,-1.));
#11888 = ( GEOMETRIC_REPRESENTATION_CONTEXT(2) 
PARAMETRIC_REPRESENTATION_CONTEXT() REPRESENTATION_CONTEXT('2D SPACE',''
  ) );
#11889 = PCURVE('',#5461,#11890);
#11890 = DEFINITIONAL_REPRESENTATION('',(#11891),#11895);
#11891 = LINE('',#11892,#11893);
#11892 = CARTESIAN_POINT('',(10.,0.));
#11893 = VECTOR('',#11894,1.);
#11894 = DIRECTION('',(0.,-1.));
#11895 = ( GEOMETRIC_REPRESENTATION_CONTEXT(2) 
PARAMETRIC_REPRESENTATION_CONTEXT() REPRESENTATION_CONTEXT('2D SPACE',''
  ) );
#11896 = ORIENTED_EDGE('',*,*,#8617,.F.);
#11897 = ORIENTED_EDGE('',*,*,#11851,.F.);
#11898 = ADVANCED_FACE('',(#11899),#5435,.T.);
#11899 = FACE_BOUND('',#11900,.T.);
#11900 = EDGE_LOOP('',(#11901,#11902,#11923,#11924));
#11901 = ORIENTED_EDGE('',*,*,#5420,.T.);
#11902 = ORIENTED_EDGE('',*,*,#11903,.T.);
#11903 = EDGE_CURVE('',#5421,#8576,#11904,.T.);
#11904 = SURFACE_CURVE('',#11905,(#11909,#11916),.PCURVE_S1.);
#11905 = LINE('',#11906,#11907);
#11906 = CARTESIAN_POINT('',(34.7,-5.,71.65));
#11907 = VECTOR('',#11908,1.);
#11908 = DIRECTION('',(-1.,-0.,-0.));
#11909 = PCURVE('',#5435,#11910);
#11910 = DEFINITIONAL_REPRESENTATION('',(#11911),#11915);
#11911 = LINE('',#11912,#11913);
#11912 = CARTESIAN_POINT('',(0.,0.));
#11913 = VECTOR('',#11914,1.);
#11914 = DIRECTION('',(0.,-1.));
#11915 = ( GEOMETRIC_REPRESENTATION_CONTEXT(2) 
PARAMETRIC_REPRESENTATION_CONTEXT() REPRESENTATION_CONTEXT('2D SPACE',''
  ) );
#11916 = PCURVE('',#5461,#11917);
#11917 = DEFINITIONAL_REPRESENTATION('',(#11918),#11922);
#11918 = LINE('',#11919,#11920);
#11919 = CARTESIAN_POINT('',(0.,0.));
#11920 = VECTOR('',#11921,1.);
#11921 = DIRECTION('',(0.,-1.));
#11922 = ( GEOMETRIC_REPRESENTATION_CONTEXT(2) 
PARAMETRIC_REPRESENTATION_CONTEXT() REPRESENTATION_CONTEXT('2D SPACE',''
  ) );
#11923 = ORIENTED_EDGE('',*,*,#8575,.F.);
#11924 = ORIENTED_EDGE('',*,*,#11829,.F.);
#11925 = ADVANCED_FACE('',(#11926),#5461,.F.);
#11926 = FACE_BOUND('',#11927,.F.);
#11927 = EDGE_LOOP('',(#11928,#11929,#11930,#11931));
#11928 = ORIENTED_EDGE('',*,*,#5446,.T.);
#11929 = ORIENTED_EDGE('',*,*,#11903,.T.);
#11930 = ORIENTED_EDGE('',*,*,#8596,.F.);
#11931 = ORIENTED_EDGE('',*,*,#11876,.F.);
#11932 = ADVANCED_FACE('',(#11933),#5515,.F.);
#11933 = FACE_BOUND('',#11934,.F.);
#11934 = EDGE_LOOP('',(#11935,#11936,#11957,#11958));
#11935 = ORIENTED_EDGE('',*,*,#5498,.T.);
#11936 = ORIENTED_EDGE('',*,*,#11937,.T.);
#11937 = EDGE_CURVE('',#5501,#8641,#11938,.T.);
#11938 = SURFACE_CURVE('',#11939,(#11943,#11950),.PCURVE_S1.);
#11939 = LINE('',#11940,#11941);
#11940 = CARTESIAN_POINT('',(34.7,-11.1,55.2));
#11941 = VECTOR('',#11942,1.);
#11942 = DIRECTION('',(-1.,-0.,-0.));
#11943 = PCURVE('',#5515,#11944);
#11944 = DEFINITIONAL_REPRESENTATION('',(#11945),#11949);
#11945 = LINE('',#11946,#11947);
#11946 = CARTESIAN_POINT('',(0.,0.));
#11947 = VECTOR('',#11948,1.);
#11948 = DIRECTION('',(0.,-1.));
#11949 = ( GEOMETRIC_REPRESENTATION_CONTEXT(2) 
PARAMETRIC_REPRESENTATION_CONTEXT() REPRESENTATION_CONTEXT('2D SPACE',''
  ) );
#11950 = PCURVE('',#5604,#11951);
#11951 = DEFINITIONAL_REPRESENTATION('',(#11952),#11956);
#11952 = LINE('',#11953,#11954);
#11953 = CARTESIAN_POINT('',(-1.570796326795,0.));
#11954 = VECTOR('',#11955,1.);
#11955 = DIRECTION('',(-0.,-1.));
#11956 = ( GEOMETRIC_REPRESENTATION_CONTEXT(2) 
PARAMETRIC_REPRESENTATION_CONTEXT() REPRESENTATION_CONTEXT('2D SPACE',''
  ) );
#11957 = ORIENTED_EDGE('',*,*,#8638,.F.);
#11958 = ORIENTED_EDGE('',*,*,#11959,.F.);
#11959 = EDGE_CURVE('',#5499,#8639,#11960,.T.);
#11960 = SURFACE_CURVE('',#11961,(#11965,#11972),.PCURVE_S1.);
#11961 = LINE('',#11962,#11963);
#11962 = CARTESIAN_POINT('',(34.7,11.1,55.2));
#11963 = VECTOR('',#11964,1.);
#11964 = DIRECTION('',(-1.,-0.,-0.));
#11965 = PCURVE('',#5515,#11966);
#11966 = DEFINITIONAL_REPRESENTATION('',(#11967),#11971);
#11967 = LINE('',#11968,#11969);
#11968 = CARTESIAN_POINT('',(22.2,0.));
#11969 = VECTOR('',#11970,1.);
#11970 = DIRECTION('',(0.,-1.));
#11971 = ( GEOMETRIC_REPRESENTATION_CONTEXT(2) 
PARAMETRIC_REPRESENTATION_CONTEXT() REPRESENTATION_CONTEXT('2D SPACE',''
  ) );
#11972 = PCURVE('',#5547,#11973);
#11973 = DEFINITIONAL_REPRESENTATION('',(#11974),#11978);
#11974 = LINE('',#11975,#11976);
#11975 = CARTESIAN_POINT('',(-4.712388980385,0.));
#11976 = VECTOR('',#11977,1.);
#11977 = DIRECTION('',(-0.,-1.));
#11978 = ( GEOMETRIC_REPRESENTATION_CONTEXT(2) 
PARAMETRIC_REPRESENTATION_CONTEXT() REPRESENTATION_CONTEXT('2D SPACE',''
  ) );
#11979 = ADVANCED_FACE('',(#11980),#5547,.F.);
#11980 = FACE_BOUND('',#11981,.T.);
#11981 = EDGE_LOOP('',(#11982,#11983,#12004,#12005));
#11982 = ORIENTED_EDGE('',*,*,#5526,.T.);
#11983 = ORIENTED_EDGE('',*,*,#11984,.T.);
#11984 = EDGE_CURVE('',#5527,#8662,#11985,.T.);
#11985 = SURFACE_CURVE('',#11986,(#11990,#11997),.PCURVE_S1.);
#11986 = LINE('',#11987,#11988);
#11987 = CARTESIAN_POINT('',(34.7,11.1,58.2));
#11988 = VECTOR('',#11989,1.);
#11989 = DIRECTION('',(-1.,-0.,-0.));
#11990 = PCURVE('',#5547,#11991);
#11991 = DEFINITIONAL_REPRESENTATION('',(#11992),#11996);
#11992 = LINE('',#11993,#11994);
#11993 = CARTESIAN_POINT('',(-1.570796326795,0.));
#11994 = VECTOR('',#11995,1.);
#11995 = DIRECTION('',(-0.,-1.));
#11996 = ( GEOMETRIC_REPRESENTATION_CONTEXT(2) 
PARAMETRIC_REPRESENTATION_CONTEXT() REPRESENTATION_CONTEXT('2D SPACE',''
  ) );
#11997 = PCURVE('',#5574,#11998);
#11998 = DEFINITIONAL_REPRESENTATION('',(#11999),#12003);
#11999 = LINE('',#12000,#12001);
#12000 = CARTESIAN_POINT('',(0.,0.));
#12001 = VECTOR('',#12002,1.);
#12002 = DIRECTION('',(0.,-1.));
#12003 = ( GEOMETRIC_REPRESENTATION_CONTEXT(2) 
PARAMETRIC_REPRESENTATION_CONTEXT() REPRESENTATION_CONTEXT('2D SPACE',''
  ) );
#12004 = ORIENTED_EDGE('',*,*,#8661,.F.);
#12005 = ORIENTED_EDGE('',*,*,#11959,.F.);
#12006 = ADVANCED_FACE('',(#12007),#5604,.F.);
#12007 = FACE_BOUND('',#12008,.T.);
#12008 = EDGE_LOOP('',(#12009,#12010,#12011,#12012));
#12009 = ORIENTED_EDGE('',*,*,#5585,.T.);
#12010 = ORIENTED_EDGE('',*,*,#11937,.T.);
#12011 = ORIENTED_EDGE('',*,*,#8710,.F.);
#12012 = ORIENTED_EDGE('',*,*,#12013,.F.);
#12013 = EDGE_CURVE('',#5560,#8690,#12014,.T.);
#12014 = SURFACE_CURVE('',#12015,(#12019,#12026),.PCURVE_S1.);
#12015 = LINE('',#12016,#12017);
#12016 = CARTESIAN_POINT('',(34.7,-11.1,58.2));
#12017 = VECTOR('',#12018,1.);
#12018 = DIRECTION('',(-1.,-0.,-0.));
#12019 = PCURVE('',#5604,#12020);
#12020 = DEFINITIONAL_REPRESENTATION('',(#12021),#12025);
#12021 = LINE('',#12022,#12023);
#12022 = CARTESIAN_POINT('',(-4.712388980385,0.));
#12023 = VECTOR('',#12024,1.);
#12024 = DIRECTION('',(-0.,-1.));
#12025 = ( GEOMETRIC_REPRESENTATION_CONTEXT(2) 
PARAMETRIC_REPRESENTATION_CONTEXT() REPRESENTATION_CONTEXT('2D SPACE',''
  ) );
#12026 = PCURVE('',#5574,#12027);
#12027 = DEFINITIONAL_REPRESENTATION('',(#12028),#12032);
#12028 = LINE('',#12029,#12030);
#12029 = CARTESIAN_POINT('',(22.2,0.));
#12030 = VECTOR('',#12031,1.);
#12031 = DIRECTION('',(0.,-1.));
#12032 = ( GEOMETRIC_REPRESENTATION_CONTEXT(2) 
PARAMETRIC_REPRESENTATION_CONTEXT() REPRESENTATION_CONTEXT('2D SPACE',''
  ) );
#12033 = ADVANCED_FACE('',(#12034),#5574,.F.);
#12034 = FACE_BOUND('',#12035,.F.);
#12035 = EDGE_LOOP('',(#12036,#12037,#12038,#12039));
#12036 = ORIENTED_EDGE('',*,*,#5559,.T.);
#12037 = ORIENTED_EDGE('',*,*,#11984,.T.);
#12038 = ORIENTED_EDGE('',*,*,#8689,.F.);
#12039 = ORIENTED_EDGE('',*,*,#12013,.F.);
#12040 = ADVANCED_FACE('',(#12041),#5635,.F.);
#12041 = FACE_BOUND('',#12042,.F.);
#12042 = EDGE_LOOP('',(#12043,#12044,#12065,#12066));
#12043 = ORIENTED_EDGE('',*,*,#5618,.T.);
#12044 = ORIENTED_EDGE('',*,*,#12045,.T.);
#12045 = EDGE_CURVE('',#5621,#8741,#12046,.T.);
#12046 = SURFACE_CURVE('',#12047,(#12051,#12058),.PCURVE_S1.);
#12047 = LINE('',#12048,#12049);
#12048 = CARTESIAN_POINT('',(34.7,-11.1,46.2));
#12049 = VECTOR('',#12050,1.);
#12050 = DIRECTION('',(-1.,-0.,-0.));
#12051 = PCURVE('',#5635,#12052);
#12052 = DEFINITIONAL_REPRESENTATION('',(#12053),#12057);
#12053 = LINE('',#12054,#12055);
#12054 = CARTESIAN_POINT('',(0.,0.));
#12055 = VECTOR('',#12056,1.);
#12056 = DIRECTION('',(0.,-1.));
#12057 = ( GEOMETRIC_REPRESENTATION_CONTEXT(2) 
PARAMETRIC_REPRESENTATION_CONTEXT() REPRESENTATION_CONTEXT('2D SPACE',''
  ) );
#12058 = PCURVE('',#5724,#12059);
#12059 = DEFINITIONAL_REPRESENTATION('',(#12060),#12064);
#12060 = LINE('',#12061,#12062);
#12061 = CARTESIAN_POINT('',(-1.570796326795,0.));
#12062 = VECTOR('',#12063,1.);
#12063 = DIRECTION('',(-0.,-1.));
#12064 = ( GEOMETRIC_REPRESENTATION_CONTEXT(2) 
PARAMETRIC_REPRESENTATION_CONTEXT() REPRESENTATION_CONTEXT('2D SPACE',''
  ) );
#12065 = ORIENTED_EDGE('',*,*,#8738,.F.);
#12066 = ORIENTED_EDGE('',*,*,#12067,.F.);
#12067 = EDGE_CURVE('',#5619,#8739,#12068,.T.);
#12068 = SURFACE_CURVE('',#12069,(#12073,#12080),.PCURVE_S1.);
#12069 = LINE('',#12070,#12071);
#12070 = CARTESIAN_POINT('',(34.7,11.1,46.2));
#12071 = VECTOR('',#12072,1.);
#12072 = DIRECTION('',(-1.,-0.,-0.));
#12073 = PCURVE('',#5635,#12074);
#12074 = DEFINITIONAL_REPRESENTATION('',(#12075),#12079);
#12075 = LINE('',#12076,#12077);
#12076 = CARTESIAN_POINT('',(22.2,0.));
#12077 = VECTOR('',#12078,1.);
#12078 = DIRECTION('',(0.,-1.));
#12079 = ( GEOMETRIC_REPRESENTATION_CONTEXT(2) 
PARAMETRIC_REPRESENTATION_CONTEXT() REPRESENTATION_CONTEXT('2D SPACE',''
  ) );
#12080 = PCURVE('',#5667,#12081);
#12081 = DEFINITIONAL_REPRESENTATION('',(#12082),#12086);
#12082 = LINE('',#12083,#12084);
#12083 = CARTESIAN_POINT('',(-4.712388980385,0.));
#12084 = VECTOR('',#12085,1.);
#12085 = DIRECTION('',(-0.,-1.));
#12086 = ( GEOMETRIC_REPRESENTATION_CONTEXT(2) 
PARAMETRIC_REPRESENTATION_CONTEXT() REPRESENTATION_CONTEXT('2D SPACE',''
  ) );
#12087 = ADVANCED_FACE('',(#12088),#5667,.F.);
#12088 = FACE_BOUND('',#12089,.T.);
#12089 = EDGE_LOOP('',(#12090,#12091,#12112,#12113));
#12090 = ORIENTED_EDGE('',*,*,#5646,.T.);
#12091 = ORIENTED_EDGE('',*,*,#12092,.T.);
#12092 = EDGE_CURVE('',#5647,#8762,#12093,.T.);
#12093 = SURFACE_CURVE('',#12094,(#12098,#12105),.PCURVE_S1.);
#12094 = LINE('',#12095,#12096);
#12095 = CARTESIAN_POINT('',(34.7,11.1,49.2));
#12096 = VECTOR('',#12097,1.);
#12097 = DIRECTION('',(-1.,-0.,-0.));
#12098 = PCURVE('',#5667,#12099);
#12099 = DEFINITIONAL_REPRESENTATION('',(#12100),#12104);
#12100 = LINE('',#12101,#12102);
#12101 = CARTESIAN_POINT('',(-1.570796326795,0.));
#12102 = VECTOR('',#12103,1.);
#12103 = DIRECTION('',(-0.,-1.));
#12104 = ( GEOMETRIC_REPRESENTATION_CONTEXT(2) 
PARAMETRIC_REPRESENTATION_CONTEXT() REPRESENTATION_CONTEXT('2D SPACE',''
  ) );
#12105 = PCURVE('',#5694,#12106);
#12106 = DEFINITIONAL_REPRESENTATION('',(#12107),#12111);
#12107 = LINE('',#12108,#12109);
#12108 = CARTESIAN_POINT('',(0.,0.));
#12109 = VECTOR('',#12110,1.);
#12110 = DIRECTION('',(0.,-1.));
#12111 = ( GEOMETRIC_REPRESENTATION_CONTEXT(2) 
PARAMETRIC_REPRESENTATION_CONTEXT() REPRESENTATION_CONTEXT('2D SPACE',''
  ) );
#12112 = ORIENTED_EDGE('',*,*,#8761,.F.);
#12113 = ORIENTED_EDGE('',*,*,#12067,.F.);
#12114 = ADVANCED_FACE('',(#12115),#5724,.F.);
#12115 = FACE_BOUND('',#12116,.T.);
#12116 = EDGE_LOOP('',(#12117,#12118,#12119,#12120));
#12117 = ORIENTED_EDGE('',*,*,#5705,.T.);
#12118 = ORIENTED_EDGE('',*,*,#12045,.T.);
#12119 = ORIENTED_EDGE('',*,*,#8810,.F.);
#12120 = ORIENTED_EDGE('',*,*,#12121,.F.);
#12121 = EDGE_CURVE('',#5680,#8790,#12122,.T.);
#12122 = SURFACE_CURVE('',#12123,(#12127,#12134),.PCURVE_S1.);
#12123 = LINE('',#12124,#12125);
#12124 = CARTESIAN_POINT('',(34.7,-11.1,49.2));
#12125 = VECTOR('',#12126,1.);
#12126 = DIRECTION('',(-1.,-0.,-0.));
#12127 = PCURVE('',#5724,#12128);
#12128 = DEFINITIONAL_REPRESENTATION('',(#12129),#12133);
#12129 = LINE('',#12130,#12131);
#12130 = CARTESIAN_POINT('',(-4.712388980385,0.));
#12131 = VECTOR('',#12132,1.);
#12132 = DIRECTION('',(-0.,-1.));
#12133 = ( GEOMETRIC_REPRESENTATION_CONTEXT(2) 
PARAMETRIC_REPRESENTATION_CONTEXT() REPRESENTATION_CONTEXT('2D SPACE',''
  ) );
#12134 = PCURVE('',#5694,#12135);
#12135 = DEFINITIONAL_REPRESENTATION('',(#12136),#12140);
#12136 = LINE('',#12137,#12138);
#12137 = CARTESIAN_POINT('',(22.2,0.));
#12138 = VECTOR('',#12139,1.);
#12139 = DIRECTION('',(0.,-1.));
#12140 = ( GEOMETRIC_REPRESENTATION_CONTEXT(2) 
PARAMETRIC_REPRESENTATION_CONTEXT() REPRESENTATION_CONTEXT('2D SPACE',''
  ) );
#12141 = ADVANCED_FACE('',(#12142),#5694,.F.);
#12142 = FACE_BOUND('',#12143,.F.);
#12143 = EDGE_LOOP('',(#12144,#12145,#12146,#12147));
#12144 = ORIENTED_EDGE('',*,*,#5679,.T.);
#12145 = ORIENTED_EDGE('',*,*,#12092,.T.);
#12146 = ORIENTED_EDGE('',*,*,#8789,.F.);
#12147 = ORIENTED_EDGE('',*,*,#12121,.F.);
#12148 = ADVANCED_FACE('',(#12149),#5755,.F.);
#12149 = FACE_BOUND('',#12150,.F.);
#12150 = EDGE_LOOP('',(#12151,#12152,#12173,#12174));
#12151 = ORIENTED_EDGE('',*,*,#5738,.T.);
#12152 = ORIENTED_EDGE('',*,*,#12153,.T.);
#12153 = EDGE_CURVE('',#5741,#8841,#12154,.T.);
#12154 = SURFACE_CURVE('',#12155,(#12159,#12166),.PCURVE_S1.);
#12155 = LINE('',#12156,#12157);
#12156 = CARTESIAN_POINT('',(34.7,-11.1,37.2));
#12157 = VECTOR('',#12158,1.);
#12158 = DIRECTION('',(-1.,-0.,-0.));
#12159 = PCURVE('',#5755,#12160);
#12160 = DEFINITIONAL_REPRESENTATION('',(#12161),#12165);
#12161 = LINE('',#12162,#12163);
#12162 = CARTESIAN_POINT('',(0.,0.));
#12163 = VECTOR('',#12164,1.);
#12164 = DIRECTION('',(0.,-1.));
#12165 = ( GEOMETRIC_REPRESENTATION_CONTEXT(2) 
PARAMETRIC_REPRESENTATION_CONTEXT() REPRESENTATION_CONTEXT('2D SPACE',''
  ) );
#12166 = PCURVE('',#5844,#12167);
#12167 = DEFINITIONAL_REPRESENTATION('',(#12168),#12172);
#12168 = LINE('',#12169,#12170);
#12169 = CARTESIAN_POINT('',(-1.570796326795,0.));
#12170 = VECTOR('',#12171,1.);
#12171 = DIRECTION('',(-0.,-1.));
#12172 = ( GEOMETRIC_REPRESENTATION_CONTEXT(2) 
PARAMETRIC_REPRESENTATION_CONTEXT() REPRESENTATION_CONTEXT('2D SPACE',''
  ) );
#12173 = ORIENTED_EDGE('',*,*,#8838,.F.);
#12174 = ORIENTED_EDGE('',*,*,#12175,.F.);
#12175 = EDGE_CURVE('',#5739,#8839,#12176,.T.);
#12176 = SURFACE_CURVE('',#12177,(#12181,#12188),.PCURVE_S1.);
#12177 = LINE('',#12178,#12179);
#12178 = CARTESIAN_POINT('',(34.7,11.1,37.2));
#12179 = VECTOR('',#12180,1.);
#12180 = DIRECTION('',(-1.,-0.,-0.));
#12181 = PCURVE('',#5755,#12182);
#12182 = DEFINITIONAL_REPRESENTATION('',(#12183),#12187);
#12183 = LINE('',#12184,#12185);
#12184 = CARTESIAN_POINT('',(22.2,0.));
#12185 = VECTOR('',#12186,1.);
#12186 = DIRECTION('',(0.,-1.));
#12187 = ( GEOMETRIC_REPRESENTATION_CONTEXT(2) 
PARAMETRIC_REPRESENTATION_CONTEXT() REPRESENTATION_CONTEXT('2D SPACE',''
  ) );
#12188 = PCURVE('',#5787,#12189);
#12189 = DEFINITIONAL_REPRESENTATION('',(#12190),#12194);
#12190 = LINE('',#12191,#12192);
#12191 = CARTESIAN_POINT('',(-4.712388980385,0.));
#12192 = VECTOR('',#12193,1.);
#12193 = DIRECTION('',(-0.,-1.));
#12194 = ( GEOMETRIC_REPRESENTATION_CONTEXT(2) 
PARAMETRIC_REPRESENTATION_CONTEXT() REPRESENTATION_CONTEXT('2D SPACE',''
  ) );
#12195 = ADVANCED_FACE('',(#12196),#5787,.F.);
#12196 = FACE_BOUND('',#12197,.T.);
#12197 = EDGE_LOOP('',(#12198,#12199,#12220,#12221));
#12198 = ORIENTED_EDGE('',*,*,#5766,.T.);
#12199 = ORIENTED_EDGE('',*,*,#12200,.T.);
#12200 = EDGE_CURVE('',#5767,#8862,#12201,.T.);
#12201 = SURFACE_CURVE('',#12202,(#12206,#12213),.PCURVE_S1.);
#12202 = LINE('',#12203,#12204);
#12203 = CARTESIAN_POINT('',(34.7,11.1,40.2));
#12204 = VECTOR('',#12205,1.);
#12205 = DIRECTION('',(-1.,-0.,-0.));
#12206 = PCURVE('',#5787,#12207);
#12207 = DEFINITIONAL_REPRESENTATION('',(#12208),#12212);
#12208 = LINE('',#12209,#12210);
#12209 = CARTESIAN_POINT('',(-1.570796326795,0.));
#12210 = VECTOR('',#12211,1.);
#12211 = DIRECTION('',(-0.,-1.));
#12212 = ( GEOMETRIC_REPRESENTATION_CONTEXT(2) 
PARAMETRIC_REPRESENTATION_CONTEXT() REPRESENTATION_CONTEXT('2D SPACE',''
  ) );
#12213 = PCURVE('',#5814,#12214);
#12214 = DEFINITIONAL_REPRESENTATION('',(#12215),#12219);
#12215 = LINE('',#12216,#12217);
#12216 = CARTESIAN_POINT('',(0.,0.));
#12217 = VECTOR('',#12218,1.);
#12218 = DIRECTION('',(0.,-1.));
#12219 = ( GEOMETRIC_REPRESENTATION_CONTEXT(2) 
PARAMETRIC_REPRESENTATION_CONTEXT() REPRESENTATION_CONTEXT('2D SPACE',''
  ) );
#12220 = ORIENTED_EDGE('',*,*,#8861,.F.);
#12221 = ORIENTED_EDGE('',*,*,#12175,.F.);
#12222 = ADVANCED_FACE('',(#12223),#5844,.F.);
#12223 = FACE_BOUND('',#12224,.T.);
#12224 = EDGE_LOOP('',(#12225,#12226,#12227,#12228));
#12225 = ORIENTED_EDGE('',*,*,#5825,.T.);
#12226 = ORIENTED_EDGE('',*,*,#12153,.T.);
#12227 = ORIENTED_EDGE('',*,*,#8910,.F.);
#12228 = ORIENTED_EDGE('',*,*,#12229,.F.);
#12229 = EDGE_CURVE('',#5800,#8890,#12230,.T.);
#12230 = SURFACE_CURVE('',#12231,(#12235,#12242),.PCURVE_S1.);
#12231 = LINE('',#12232,#12233);
#12232 = CARTESIAN_POINT('',(34.7,-11.1,40.2));
#12233 = VECTOR('',#12234,1.);
#12234 = DIRECTION('',(-1.,-0.,-0.));
#12235 = PCURVE('',#5844,#12236);
#12236 = DEFINITIONAL_REPRESENTATION('',(#12237),#12241);
#12237 = LINE('',#12238,#12239);
#12238 = CARTESIAN_POINT('',(-4.712388980385,0.));
#12239 = VECTOR('',#12240,1.);
#12240 = DIRECTION('',(-0.,-1.));
#12241 = ( GEOMETRIC_REPRESENTATION_CONTEXT(2) 
PARAMETRIC_REPRESENTATION_CONTEXT() REPRESENTATION_CONTEXT('2D SPACE',''
  ) );
#12242 = PCURVE('',#5814,#12243);
#12243 = DEFINITIONAL_REPRESENTATION('',(#12244),#12248);
#12244 = LINE('',#12245,#12246);
#12245 = CARTESIAN_POINT('',(22.2,0.));
#12246 = VECTOR('',#12247,1.);
#12247 = DIRECTION('',(0.,-1.));
#12248 = ( GEOMETRIC_REPRESENTATION_CONTEXT(2) 
PARAMETRIC_REPRESENTATION_CONTEXT() REPRESENTATION_CONTEXT('2D SPACE',''
  ) );
#12249 = ADVANCED_FACE('',(#12250),#5814,.F.);
#12250 = FACE_BOUND('',#12251,.F.);
#12251 = EDGE_LOOP('',(#12252,#12253,#12254,#12255));
#12252 = ORIENTED_EDGE('',*,*,#5799,.T.);
#12253 = ORIENTED_EDGE('',*,*,#12200,.T.);
#12254 = ORIENTED_EDGE('',*,*,#8889,.F.);
#12255 = ORIENTED_EDGE('',*,*,#12229,.F.);
#12256 = ADVANCED_FACE('',(#12257),#5875,.F.);
#12257 = FACE_BOUND('',#12258,.F.);
#12258 = EDGE_LOOP('',(#12259,#12260,#12281,#12282));
#12259 = ORIENTED_EDGE('',*,*,#5858,.T.);
#12260 = ORIENTED_EDGE('',*,*,#12261,.T.);
#12261 = EDGE_CURVE('',#5861,#8941,#12262,.T.);
#12262 = SURFACE_CURVE('',#12263,(#12267,#12274),.PCURVE_S1.);
#12263 = LINE('',#12264,#12265);
#12264 = CARTESIAN_POINT('',(34.7,-11.1,28.2));
#12265 = VECTOR('',#12266,1.);
#12266 = DIRECTION('',(-1.,-0.,-0.));
#12267 = PCURVE('',#5875,#12268);
#12268 = DEFINITIONAL_REPRESENTATION('',(#12269),#12273);
#12269 = LINE('',#12270,#12271);
#12270 = CARTESIAN_POINT('',(0.,0.));
#12271 = VECTOR('',#12272,1.);
#12272 = DIRECTION('',(0.,-1.));
#12273 = ( GEOMETRIC_REPRESENTATION_CONTEXT(2) 
PARAMETRIC_REPRESENTATION_CONTEXT() REPRESENTATION_CONTEXT('2D SPACE',''
  ) );
#12274 = PCURVE('',#5964,#12275);
#12275 = DEFINITIONAL_REPRESENTATION('',(#12276),#12280);
#12276 = LINE('',#12277,#12278);
#12277 = CARTESIAN_POINT('',(-1.570796326795,0.));
#12278 = VECTOR('',#12279,1.);
#12279 = DIRECTION('',(-0.,-1.));
#12280 = ( GEOMETRIC_REPRESENTATION_CONTEXT(2) 
PARAMETRIC_REPRESENTATION_CONTEXT() REPRESENTATION_CONTEXT('2D SPACE',''
  ) );
#12281 = ORIENTED_EDGE('',*,*,#8938,.F.);
#12282 = ORIENTED_EDGE('',*,*,#12283,.F.);
#12283 = EDGE_CURVE('',#5859,#8939,#12284,.T.);
#12284 = SURFACE_CURVE('',#12285,(#12289,#12296),.PCURVE_S1.);
#12285 = LINE('',#12286,#12287);
#12286 = CARTESIAN_POINT('',(34.7,11.1,28.2));
#12287 = VECTOR('',#12288,1.);
#12288 = DIRECTION('',(-1.,-0.,-0.));
#12289 = PCURVE('',#5875,#12290);
#12290 = DEFINITIONAL_REPRESENTATION('',(#12291),#12295);
#12291 = LINE('',#12292,#12293);
#12292 = CARTESIAN_POINT('',(22.2,0.));
#12293 = VECTOR('',#12294,1.);
#12294 = DIRECTION('',(0.,-1.));
#12295 = ( GEOMETRIC_REPRESENTATION_CONTEXT(2) 
PARAMETRIC_REPRESENTATION_CONTEXT() REPRESENTATION_CONTEXT('2D SPACE',''
  ) );
#12296 = PCURVE('',#5907,#12297);
#12297 = DEFINITIONAL_REPRESENTATION('',(#12298),#12302);
#12298 = LINE('',#12299,#12300);
#12299 = CARTESIAN_POINT('',(-4.712388980385,0.));
#12300 = VECTOR('',#12301,1.);
#12301 = DIRECTION('',(-0.,-1.));
#12302 = ( GEOMETRIC_REPRESENTATION_CONTEXT(2) 
PARAMETRIC_REPRESENTATION_CONTEXT() REPRESENTATION_CONTEXT('2D SPACE',''
  ) );
#12303 = ADVANCED_FACE('',(#12304),#5907,.F.);
#12304 = FACE_BOUND('',#12305,.T.);
#12305 = EDGE_LOOP('',(#12306,#12307,#12328,#12329));
#12306 = ORIENTED_EDGE('',*,*,#5886,.T.);
#12307 = ORIENTED_EDGE('',*,*,#12308,.T.);
#12308 = EDGE_CURVE('',#5887,#8962,#12309,.T.);
#12309 = SURFACE_CURVE('',#12310,(#12314,#12321),.PCURVE_S1.);
#12310 = LINE('',#12311,#12312);
#12311 = CARTESIAN_POINT('',(34.7,11.1,31.2));
#12312 = VECTOR('',#12313,1.);
#12313 = DIRECTION('',(-1.,-0.,-0.));
#12314 = PCURVE('',#5907,#12315);
#12315 = DEFINITIONAL_REPRESENTATION('',(#12316),#12320);
#12316 = LINE('',#12317,#12318);
#12317 = CARTESIAN_POINT('',(-1.570796326795,0.));
#12318 = VECTOR('',#12319,1.);
#12319 = DIRECTION('',(-0.,-1.));
#12320 = ( GEOMETRIC_REPRESENTATION_CONTEXT(2) 
PARAMETRIC_REPRESENTATION_CONTEXT() REPRESENTATION_CONTEXT('2D SPACE',''
  ) );
#12321 = PCURVE('',#5934,#12322);
#12322 = DEFINITIONAL_REPRESENTATION('',(#12323),#12327);
#12323 = LINE('',#12324,#12325);
#12324 = CARTESIAN_POINT('',(0.,0.));
#12325 = VECTOR('',#12326,1.);
#12326 = DIRECTION('',(0.,-1.));
#12327 = ( GEOMETRIC_REPRESENTATION_CONTEXT(2) 
PARAMETRIC_REPRESENTATION_CONTEXT() REPRESENTATION_CONTEXT('2D SPACE',''
  ) );
#12328 = ORIENTED_EDGE('',*,*,#8961,.F.);
#12329 = ORIENTED_EDGE('',*,*,#12283,.F.);
#12330 = ADVANCED_FACE('',(#12331),#5964,.F.);
#12331 = FACE_BOUND('',#12332,.T.);
#12332 = EDGE_LOOP('',(#12333,#12334,#12335,#12336));
#12333 = ORIENTED_EDGE('',*,*,#5945,.T.);
#12334 = ORIENTED_EDGE('',*,*,#12261,.T.);
#12335 = ORIENTED_EDGE('',*,*,#9010,.F.);
#12336 = ORIENTED_EDGE('',*,*,#12337,.F.);
#12337 = EDGE_CURVE('',#5920,#8990,#12338,.T.);
#12338 = SURFACE_CURVE('',#12339,(#12343,#12350),.PCURVE_S1.);
#12339 = LINE('',#12340,#12341);
#12340 = CARTESIAN_POINT('',(34.7,-11.1,31.2));
#12341 = VECTOR('',#12342,1.);
#12342 = DIRECTION('',(-1.,-0.,-0.));
#12343 = PCURVE('',#5964,#12344);
#12344 = DEFINITIONAL_REPRESENTATION('',(#12345),#12349);
#12345 = LINE('',#12346,#12347);
#12346 = CARTESIAN_POINT('',(-4.712388980385,0.));
#12347 = VECTOR('',#12348,1.);
#12348 = DIRECTION('',(-0.,-1.));
#12349 = ( GEOMETRIC_REPRESENTATION_CONTEXT(2) 
PARAMETRIC_REPRESENTATION_CONTEXT() REPRESENTATION_CONTEXT('2D SPACE',''
  ) );
#12350 = PCURVE('',#5934,#12351);
#12351 = DEFINITIONAL_REPRESENTATION('',(#12352),#12356);
#12352 = LINE('',#12353,#12354);
#12353 = CARTESIAN_POINT('',(22.2,0.));
#12354 = VECTOR('',#12355,1.);
#12355 = DIRECTION('',(0.,-1.));
#12356 = ( GEOMETRIC_REPRESENTATION_CONTEXT(2) 
PARAMETRIC_REPRESENTATION_CONTEXT() REPRESENTATION_CONTEXT('2D SPACE',''
  ) );
#12357 = ADVANCED_FACE('',(#12358),#5934,.F.);
#12358 = FACE_BOUND('',#12359,.F.);
#12359 = EDGE_LOOP('',(#12360,#12361,#12362,#12363));
#12360 = ORIENTED_EDGE('',*,*,#5919,.T.);
#12361 = ORIENTED_EDGE('',*,*,#12308,.T.);
#12362 = ORIENTED_EDGE('',*,*,#8989,.F.);
#12363 = ORIENTED_EDGE('',*,*,#12337,.F.);
#12364 = ADVANCED_FACE('',(#12365),#5995,.F.);
#12365 = FACE_BOUND('',#12366,.F.);
#12366 = EDGE_LOOP('',(#12367,#12368,#12389,#12390));
#12367 = ORIENTED_EDGE('',*,*,#5978,.T.);
#12368 = ORIENTED_EDGE('',*,*,#12369,.T.);
#12369 = EDGE_CURVE('',#5981,#9041,#12370,.T.);
#12370 = SURFACE_CURVE('',#12371,(#12375,#12382),.PCURVE_S1.);
#12371 = LINE('',#12372,#12373);
#12372 = CARTESIAN_POINT('',(34.7,-11.1,19.2));
#12373 = VECTOR('',#12374,1.);
#12374 = DIRECTION('',(-1.,-0.,-0.));
#12375 = PCURVE('',#5995,#12376);
#12376 = DEFINITIONAL_REPRESENTATION('',(#12377),#12381);
#12377 = LINE('',#12378,#12379);
#12378 = CARTESIAN_POINT('',(0.,0.));
#12379 = VECTOR('',#12380,1.);
#12380 = DIRECTION('',(0.,-1.));
#12381 = ( GEOMETRIC_REPRESENTATION_CONTEXT(2) 
PARAMETRIC_REPRESENTATION_CONTEXT() REPRESENTATION_CONTEXT('2D SPACE',''
  ) );
#12382 = PCURVE('',#6084,#12383);
#12383 = DEFINITIONAL_REPRESENTATION('',(#12384),#12388);
#12384 = LINE('',#12385,#12386);
#12385 = CARTESIAN_POINT('',(-1.570796326795,0.));
#12386 = VECTOR('',#12387,1.);
#12387 = DIRECTION('',(-0.,-1.));
#12388 = ( GEOMETRIC_REPRESENTATION_CONTEXT(2) 
PARAMETRIC_REPRESENTATION_CONTEXT() REPRESENTATION_CONTEXT('2D SPACE',''
  ) );
#12389 = ORIENTED_EDGE('',*,*,#9038,.F.);
#12390 = ORIENTED_EDGE('',*,*,#12391,.F.);
#12391 = EDGE_CURVE('',#5979,#9039,#12392,.T.);
#12392 = SURFACE_CURVE('',#12393,(#12397,#12404),.PCURVE_S1.);
#12393 = LINE('',#12394,#12395);
#12394 = CARTESIAN_POINT('',(34.7,11.1,19.2));
#12395 = VECTOR('',#12396,1.);
#12396 = DIRECTION('',(-1.,-0.,-0.));
#12397 = PCURVE('',#5995,#12398);
#12398 = DEFINITIONAL_REPRESENTATION('',(#12399),#12403);
#12399 = LINE('',#12400,#12401);
#12400 = CARTESIAN_POINT('',(22.2,0.));
#12401 = VECTOR('',#12402,1.);
#12402 = DIRECTION('',(0.,-1.));
#12403 = ( GEOMETRIC_REPRESENTATION_CONTEXT(2) 
PARAMETRIC_REPRESENTATION_CONTEXT() REPRESENTATION_CONTEXT('2D SPACE',''
  ) );
#12404 = PCURVE('',#6027,#12405);
#12405 = DEFINITIONAL_REPRESENTATION('',(#12406),#12410);
#12406 = LINE('',#12407,#12408);
#12407 = CARTESIAN_POINT('',(-4.712388980385,0.));
#12408 = VECTOR('',#12409,1.);
#12409 = DIRECTION('',(-0.,-1.));
#12410 = ( GEOMETRIC_REPRESENTATION_CONTEXT(2) 
PARAMETRIC_REPRESENTATION_CONTEXT() REPRESENTATION_CONTEXT('2D SPACE',''
  ) );
#12411 = ADVANCED_FACE('',(#12412),#6027,.F.);
#12412 = FACE_BOUND('',#12413,.T.);
#12413 = EDGE_LOOP('',(#12414,#12415,#12436,#12437));
#12414 = ORIENTED_EDGE('',*,*,#6006,.T.);
#12415 = ORIENTED_EDGE('',*,*,#12416,.T.);
#12416 = EDGE_CURVE('',#6007,#9062,#12417,.T.);
#12417 = SURFACE_CURVE('',#12418,(#12422,#12429),.PCURVE_S1.);
#12418 = LINE('',#12419,#12420);
#12419 = CARTESIAN_POINT('',(34.7,11.1,22.2));
#12420 = VECTOR('',#12421,1.);
#12421 = DIRECTION('',(-1.,-0.,-0.));
#12422 = PCURVE('',#6027,#12423);
#12423 = DEFINITIONAL_REPRESENTATION('',(#12424),#12428);
#12424 = LINE('',#12425,#12426);
#12425 = CARTESIAN_POINT('',(-1.570796326795,0.));
#12426 = VECTOR('',#12427,1.);
#12427 = DIRECTION('',(-0.,-1.));
#12428 = ( GEOMETRIC_REPRESENTATION_CONTEXT(2) 
PARAMETRIC_REPRESENTATION_CONTEXT() REPRESENTATION_CONTEXT('2D SPACE',''
  ) );
#12429 = PCURVE('',#6054,#12430);
#12430 = DEFINITIONAL_REPRESENTATION('',(#12431),#12435);
#12431 = LINE('',#12432,#12433);
#12432 = CARTESIAN_POINT('',(0.,0.));
#12433 = VECTOR('',#12434,1.);
#12434 = DIRECTION('',(0.,-1.));
#12435 = ( GEOMETRIC_REPRESENTATION_CONTEXT(2) 
PARAMETRIC_REPRESENTATION_CONTEXT() REPRESENTATION_CONTEXT('2D SPACE',''
  ) );
#12436 = ORIENTED_EDGE('',*,*,#9061,.F.);
#12437 = ORIENTED_EDGE('',*,*,#12391,.F.);
#12438 = ADVANCED_FACE('',(#12439),#6084,.F.);
#12439 = FACE_BOUND('',#12440,.T.);
#12440 = EDGE_LOOP('',(#12441,#12442,#12443,#12444));
#12441 = ORIENTED_EDGE('',*,*,#6065,.T.);
#12442 = ORIENTED_EDGE('',*,*,#12369,.T.);
#12443 = ORIENTED_EDGE('',*,*,#9110,.F.);
#12444 = ORIENTED_EDGE('',*,*,#12445,.F.);
#12445 = EDGE_CURVE('',#6040,#9090,#12446,.T.);
#12446 = SURFACE_CURVE('',#12447,(#12451,#12458),.PCURVE_S1.);
#12447 = LINE('',#12448,#12449);
#12448 = CARTESIAN_POINT('',(34.7,-11.1,22.2));
#12449 = VECTOR('',#12450,1.);
#12450 = DIRECTION('',(-1.,-0.,-0.));
#12451 = PCURVE('',#6084,#12452);
#12452 = DEFINITIONAL_REPRESENTATION('',(#12453),#12457);
#12453 = LINE('',#12454,#12455);
#12454 = CARTESIAN_POINT('',(-4.712388980385,0.));
#12455 = VECTOR('',#12456,1.);
#12456 = DIRECTION('',(-0.,-1.));
#12457 = ( GEOMETRIC_REPRESENTATION_CONTEXT(2) 
PARAMETRIC_REPRESENTATION_CONTEXT() REPRESENTATION_CONTEXT('2D SPACE',''
  ) );
#12458 = PCURVE('',#6054,#12459);
#12459 = DEFINITIONAL_REPRESENTATION('',(#12460),#12464);
#12460 = LINE('',#12461,#12462);
#12461 = CARTESIAN_POINT('',(22.2,0.));
#12462 = VECTOR('',#12463,1.);
#12463 = DIRECTION('',(0.,-1.));
#12464 = ( GEOMETRIC_REPRESENTATION_CONTEXT(2) 
PARAMETRIC_REPRESENTATION_CONTEXT() REPRESENTATION_CONTEXT('2D SPACE',''
  ) );
#12465 = ADVANCED_FACE('',(#12466),#6054,.F.);
#12466 = FACE_BOUND('',#12467,.F.);
#12467 = EDGE_LOOP('',(#12468,#12469,#12470,#12471));
#12468 = ORIENTED_EDGE('',*,*,#6039,.T.);
#12469 = ORIENTED_EDGE('',*,*,#12416,.T.);
#12470 = ORIENTED_EDGE('',*,*,#9089,.F.);
#12471 = ORIENTED_EDGE('',*,*,#12445,.F.);
#12472 = ADVANCED_FACE('',(#12473,#12483),#6138,.T.);
#12473 = FACE_BOUND('',#12474,.T.);
#12474 = EDGE_LOOP('',(#12475,#12476,#12477,#12478,#12479,#12480,#12481,
    #12482));
#12475 = ORIENTED_EDGE('',*,*,#6975,.F.);
#12476 = ORIENTED_EDGE('',*,*,#9426,.T.);
#12477 = ORIENTED_EDGE('',*,*,#9291,.T.);
#12478 = ORIENTED_EDGE('',*,*,#9139,.T.);
#12479 = ORIENTED_EDGE('',*,*,#8504,.T.);
#12480 = ORIENTED_EDGE('',*,*,#8352,.T.);
#12481 = ORIENTED_EDGE('',*,*,#7744,.F.);
#12482 = ORIENTED_EDGE('',*,*,#7592,.T.);
#12483 = FACE_BOUND('',#12484,.T.);
#12484 = EDGE_LOOP('',(#12485));
#12485 = ORIENTED_EDGE('',*,*,#6123,.T.);
#12486 = ADVANCED_FACE('',(#12487),#6179,.T.);
#12487 = FACE_BOUND('',#12488,.T.);
#12488 = EDGE_LOOP('',(#12489,#12612,#12613));
#12489 = ORIENTED_EDGE('',*,*,#12490,.F.);
#12490 = EDGE_CURVE('',#6895,#6160,#12491,.T.);
#12491 = SURFACE_CURVE('',#12492,(#12502,#12508),.PCURVE_S1.);
#12492 = B_SPLINE_CURVE_WITH_KNOTS('',8,(#12493,#12494,#12495,#12496,
    #12497,#12498,#12499,#12500,#12501),.UNSPECIFIED.,.F.,.F.,(9,9),(0.,
    1.),.PIECEWISE_BEZIER_KNOTS.);
#12493 = CARTESIAN_POINT('',(-10.13355217138,23.09517190354,
    -1.581238193719));
#12494 = CARTESIAN_POINT('',(-10.10007976207,23.156020885427,
    -1.522057291578));
#12495 = CARTESIAN_POINT('',(-10.06355854298,23.20978448805,
    -1.457304921486));
#12496 = CARTESIAN_POINT('',(-10.02440356003,23.255681562184,
    -1.387744243587));
#12497 = CARTESIAN_POINT('',(-9.983080859915,23.293072183692,
    -1.314230320389));
#12498 = CARTESIAN_POINT('',(-9.940100482846,23.321451035836,
    -1.237697653697));
#12499 = CARTESIAN_POINT('',(-9.896004055854,23.340484562337,
    -1.159138267692));
#12500 = CARTESIAN_POINT('',(-9.85134357932,23.35,-1.07956375466));
#12501 = CARTESIAN_POINT('',(-9.806678368612,23.35,-1.));
#12502 = PCURVE('',#6179,#12503);
#12503 = DEFINITIONAL_REPRESENTATION('',(#12504),#12507);
#12504 = B_SPLINE_CURVE_WITH_KNOTS('',1,(#12505,#12506),.UNSPECIFIED.,
  .F.,.F.,(2,2),(0.,1.),.PIECEWISE_BEZIER_KNOTS.);
#12505 = CARTESIAN_POINT('',(0.,0.));
#12506 = CARTESIAN_POINT('',(0.,1.));
#12507 = ( GEOMETRIC_REPRESENTATION_CONTEXT(2) 
PARAMETRIC_REPRESENTATION_CONTEXT() REPRESENTATION_CONTEXT('2D SPACE',''
  ) );
#12508 = PCURVE('',#12509,#12597);
#12509 = ( BOUNDED_SURFACE() B_SPLINE_SURFACE(2,10,(
    (#12510,#12511,#12512,#12513,#12514,#12515,#12516,#12517,#12518
      ,#12519,#12520,#12521,#12522,#12523,#12524,#12525,#12526,#12527
      ,#12528,#12529,#12530,#12531,#12532,#12533,#12534,#12535,#12536
      ,#12537,#12538)
    ,(#12539,#12540,#12541,#12542,#12543,#12544,#12545,#12546,#12547
      ,#12548,#12549,#12550,#12551,#12552,#12553,#12554,#12555,#12556
      ,#12557,#12558,#12559,#12560,#12561,#12562,#12563,#12564,#12565
      ,#12566,#12567)
    ,(#12568,#12569,#12570,#12571,#12572,#12573,#12574,#12575,#12576
      ,#12577,#12578,#12579,#12580,#12581,#12582,#12583,#12584,#12585
      ,#12586,#12587,#12588,#12589,#12590,#12591,#12592,#12593,#12594
      ,#12595,#12596
)),.UNSPECIFIED.,.F.,.F.,.F.) B_SPLINE_SURFACE_WITH_KNOTS((3,3),(11,9,9,
    11),(0.,26.899802915034),(-1.071070524375,-0.352472792068,
    26.547330122966,27.265927855274),.UNSPECIFIED.) 
GEOMETRIC_REPRESENTATION_ITEM() RATIONAL_B_SPLINE_SURFACE((
    (1.,1.,1.,1.,1.,1.,1.,1.,1.,1.,1.,1.,1.,1.,1.,1.,1.,1.,1.,1.,1.,1.
      ,1.,1.,1.,1.,1.,1.,1.)
    ,(0.925260831279,0.924986817693,0.924773696014,0.924621466244
      ,0.924530128382,0.924499682428,0.924530128382,0.924621466244
      ,0.924773696014,0.924986817693,0.935518185486,0.943967798314
      ,0.950286712344,0.954212554201,0.955533845695,0.954212554201
      ,0.950286712344,0.943967798314,0.935518185486,0.924986817693
      ,0.924773696014,0.924621466244,0.924530128382,0.924499682428
      ,0.924530128382,0.924621466244,0.924773696014,0.924986817693
      ,0.925260831279)
    ,(1.,1.,1.,1.,1.,1.,1.,1.,1.,1.,1.,1.,1.,1.,1.,1.,1.,1.,1.,1.,1.,1.
,1.,1.,1.,1.,1.,1.,1.))) REPRESENTATION_ITEM('') SURFACE() );
#12510 = CARTESIAN_POINT('',(-13.51594883375,23.052073850246,
    0.509082740288));
#12511 = CARTESIAN_POINT('',(-13.4389390967,23.053087986401,
    0.45817446626));
#12512 = CARTESIAN_POINT('',(-13.36192935966,23.054102122557,
    0.407266192231));
#12513 = CARTESIAN_POINT('',(-13.28491962261,23.055116258712,
    0.356357918202));
#12514 = CARTESIAN_POINT('',(-13.20790988557,23.056130394867,
    0.305449644173));
#12515 = CARTESIAN_POINT('',(-13.13090014852,23.057144531022,
    0.254541370144));
#12516 = CARTESIAN_POINT('',(-13.05389041148,23.058158667178,
    0.203633096115));
#12517 = CARTESIAN_POINT('',(-12.97688067444,23.059172803333,
    0.152724822087));
#12518 = CARTESIAN_POINT('',(-12.89987093739,23.060186939488,
    0.101816548058));
#12519 = CARTESIAN_POINT('',(-12.82286120035,23.061201075643,
    5.090827402885E-02));
#12520 = CARTESIAN_POINT('',(-9.863088749349,23.10017812412,
    -1.905687252482));
#12521 = CARTESIAN_POINT('',(-7.223161659516,23.131918139162,
    -3.27325318365));
#12522 = CARTESIAN_POINT('',(-4.738191767683,23.15596164682,
    -4.199309130978));
#12523 = CARTESIAN_POINT('',(-2.34671031862,23.171047848837,
    -4.736609285155));
#12524 = CARTESIAN_POINT('',(-7.872034096141E-13,23.176156964115,
    -4.91236171695));
#12525 = CARTESIAN_POINT('',(2.346710318622,23.171047848839,
    -4.736609285155));
#12526 = CARTESIAN_POINT('',(4.738191767682,23.155961646818,
    -4.199309130977));
#12527 = CARTESIAN_POINT('',(7.223161659517,23.131918139164,
    -3.27325318365));
#12528 = CARTESIAN_POINT('',(9.863088749349,23.10017812412,
    -1.905687252482));
#12529 = CARTESIAN_POINT('',(12.822861200351,23.061201075643,
    5.090827402883E-02));
#12530 = CARTESIAN_POINT('',(12.899870937396,23.060186939488,
    0.101816548058));
#12531 = CARTESIAN_POINT('',(12.97688067444,23.059172803333,
    0.152724822086));
#12532 = CARTESIAN_POINT('',(13.053890411484,23.058158667178,
    0.203633096115));
#12533 = CARTESIAN_POINT('',(13.130900148528,23.057144531022,
    0.254541370144));
#12534 = CARTESIAN_POINT('',(13.207909885573,23.056130394867,
    0.305449644173));
#12535 = CARTESIAN_POINT('',(13.284919622617,23.055116258712,
    0.356357918202));
#12536 = CARTESIAN_POINT('',(13.361929359661,23.054102122557,
    0.407266192231));
#12537 = CARTESIAN_POINT('',(13.438939096706,23.053087986401,
    0.458174466259));
#12538 = CARTESIAN_POINT('',(13.51594883375,23.052073850246,
    0.509082740288));
#12539 = CARTESIAN_POINT('',(-13.35343034787,23.35,0.753887604086));
#12540 = CARTESIAN_POINT('',(-13.27619172751,23.35,0.7026051931));
#12541 = CARTESIAN_POINT('',(-13.19898500716,23.35,0.651343962055));
#12542 = CARTESIAN_POINT('',(-13.12182546247,23.35,0.600114053182));
#12543 = CARTESIAN_POINT('',(-13.0447283625,23.35,0.548925604349));
#12544 = CARTESIAN_POINT('',(-12.96770895971,23.35,0.497788742383));
#12545 = CARTESIAN_POINT('',(-12.89078247985,23.35,0.446713576391));
#12546 = CARTESIAN_POINT('',(-12.81396411196,23.35,0.395710191105));
#12547 = CARTESIAN_POINT('',(-12.73726899837,23.35,0.344788640238));
#12548 = CARTESIAN_POINT('',(-12.66071222476,23.35,0.293958939889));
#12549 = CARTESIAN_POINT('',(-9.756439511265,23.35,-1.634326498325));
#12550 = CARTESIAN_POINT('',(-7.153659072431,23.35,-2.998267554217));
#12551 = CARTESIAN_POINT('',(-4.69602160554,23.35,-3.930814806656));
#12552 = CARTESIAN_POINT('',(-2.327286948279,23.35,-4.474867979828));
#12553 = CARTESIAN_POINT('',(-1.480317926592E-12,23.35,-4.654981692484)
  );
#12554 = CARTESIAN_POINT('',(2.327286948282,23.35,-4.474867979828));
#12555 = CARTESIAN_POINT('',(4.696021605539,23.35,-3.930814806656));
#12556 = CARTESIAN_POINT('',(7.153659072432,23.35,-2.998267554217));
#12557 = CARTESIAN_POINT('',(9.756439511265,23.35,-1.634326498325));
#12558 = CARTESIAN_POINT('',(12.660712224764,23.35,0.293958939889));
#12559 = CARTESIAN_POINT('',(12.737268998379,23.35,0.344788640238));
#12560 = CARTESIAN_POINT('',(12.813964111966,23.35,0.395710191105));
#12561 = CARTESIAN_POINT('',(12.890782479853,23.35,0.446713576391));
#12562 = CARTESIAN_POINT('',(12.967708959713,23.35,0.497788742383));
#12563 = CARTESIAN_POINT('',(13.044728362504,23.35,0.548925604349));
#12564 = CARTESIAN_POINT('',(13.12182546247,23.35,0.600114053182));
#12565 = CARTESIAN_POINT('',(13.198985007165,23.35,0.651343962055));
#12566 = CARTESIAN_POINT('',(13.276191727516,23.35,0.7026051931));
#12567 = CARTESIAN_POINT('',(13.353430347876,23.35,0.753887604086));
#12568 = CARTESIAN_POINT('',(-13.12183530409,23.35,1.102525120785));
#12569 = CARTESIAN_POINT('',(-13.04414129734,23.35,1.049893755749));
#12570 = CARTESIAN_POINT('',(-12.96672721023,23.35,0.99745201348));
#12571 = CARTESIAN_POINT('',(-12.88959304275,23.35,0.945199893977));
#12572 = CARTESIAN_POINT('',(-12.81273879491,23.35,0.893137397241));
#12573 = CARTESIAN_POINT('',(-12.7361644667,23.35,0.841264523272));
#12574 = CARTESIAN_POINT('',(-12.65987005813,23.35,0.789581272069));
#12575 = CARTESIAN_POINT('',(-12.58385556919,23.35,0.738087643632));
#12576 = CARTESIAN_POINT('',(-12.50812099989,23.35,0.686783637962));
#12577 = CARTESIAN_POINT('',(-12.43266635022,23.35,0.635669255058));
#12578 = CARTESIAN_POINT('',(-9.543420087365,23.350000000001,
    -1.321559894303));
#12579 = CARTESIAN_POINT('',(-6.978300876298,23.349999999997,
    -2.689778647514));
#12580 = CARTESIAN_POINT('',(-4.571894249145,23.350000000006,
    -3.617692908859));
#12581 = CARTESIAN_POINT('',(-2.26379664994,23.349999999992,
    -4.15467230544));
#12582 = CARTESIAN_POINT('',(4.478702766381E-14,23.350000000008,
    -4.333706422135));
#12583 = CARTESIAN_POINT('',(2.26379664994,23.349999999994,
    -4.15467230544));
#12584 = CARTESIAN_POINT('',(4.571894249145,23.350000000003,
    -3.617692908859));
#12585 = CARTESIAN_POINT('',(6.978300876298,23.349999999998,
    -2.689778647514));
#12586 = CARTESIAN_POINT('',(9.543420087365,23.35,-1.321559894303));
#12587 = CARTESIAN_POINT('',(12.432666350227,23.35,0.635669255058));
#12588 = CARTESIAN_POINT('',(12.508120999893,23.35,0.686783637962));
#12589 = CARTESIAN_POINT('',(12.583855569195,23.35,0.738087643632));
#12590 = CARTESIAN_POINT('',(12.659870058133,23.35,0.789581272069));
#12591 = CARTESIAN_POINT('',(12.736164466705,23.35,0.841264523272));
#12592 = CARTESIAN_POINT('',(12.812738794912,23.35,0.893137397241));
#12593 = CARTESIAN_POINT('',(12.889593042755,23.35,0.945199893977));
#12594 = CARTESIAN_POINT('',(12.966727210233,23.35,0.99745201348));
#12595 = CARTESIAN_POINT('',(13.044141297346,23.35,1.049893755749));
#12596 = CARTESIAN_POINT('',(13.121835304094,23.35,1.102525120785));
#12597 = DEFINITIONAL_REPRESENTATION('',(#12598),#12611);
#12598 = B_SPLINE_CURVE_WITH_KNOTS('',11,(#12599,#12600,#12601,#12602,
    #12603,#12604,#12605,#12606,#12607,#12608,#12609,#12610),
  .UNSPECIFIED.,.F.,.F.,(12,12),(0.,1.),.PIECEWISE_BEZIER_KNOTS.);
#12599 = CARTESIAN_POINT('',(0.,2.166864564702));
#12600 = CARTESIAN_POINT('',(2.500123991016,2.167346363207));
#12601 = CARTESIAN_POINT('',(4.966790682807,2.167821714161));
#12602 = CARTESIAN_POINT('',(7.407956578264,2.168292150859));
#12603 = CARTESIAN_POINT('',(9.831412011913,2.168759174578));
#12604 = CARTESIAN_POINT('',(12.244148638743,2.169224132678));
#12605 = CARTESIAN_POINT('',(14.653654111402,2.169688468101));
#12606 = CARTESIAN_POINT('',(17.066552764673,2.170153457425));
#12607 = CARTESIAN_POINT('',(19.490225829026,2.170620523083));
#12608 = CARTESIAN_POINT('',(21.931807565119,2.171091039919));
#12609 = CARTESIAN_POINT('',(24.39899917035,2.171566492029));
#12610 = CARTESIAN_POINT('',(26.899802915034,2.172048421528));
#12611 = ( GEOMETRIC_REPRESENTATION_CONTEXT(2) 
PARAMETRIC_REPRESENTATION_CONTEXT() REPRESENTATION_CONTEXT('2D SPACE',''
  ) );
#12612 = ORIENTED_EDGE('',*,*,#6918,.T.);
#12613 = ORIENTED_EDGE('',*,*,#6159,.F.);
#12614 = ADVANCED_FACE('',(#12615),#6305,.T.);
#12615 = FACE_BOUND('',#12616,.T.);
#12616 = EDGE_LOOP('',(#12617,#12618,#12654));
#12617 = ORIENTED_EDGE('',*,*,#6396,.F.);
#12618 = ORIENTED_EDGE('',*,*,#12619,.T.);
#12619 = EDGE_CURVE('',#6397,#6260,#12620,.T.);
#12620 = SURFACE_CURVE('',#12621,(#12632,#12638),.PCURVE_S1.);
#12621 = B_SPLINE_CURVE_WITH_KNOTS('',9,(#12622,#12623,#12624,#12625,
    #12626,#12627,#12628,#12629,#12630,#12631),.UNSPECIFIED.,.F.,.F.,(10
    ,10),(0.,1.),.PIECEWISE_BEZIER_KNOTS.);
#12622 = CARTESIAN_POINT('',(10.133552171385,23.09517190354,
    -1.581238193719));
#12623 = CARTESIAN_POINT('',(10.103798918666,23.14925988744,
    -1.528632947371));
#12624 = CARTESIAN_POINT('',(10.071674286,23.197837085236,
    -1.471694188758));
#12625 = CARTESIAN_POINT('',(10.037455544108,23.240382286689,
    -1.41093170825));
#12626 = CARTESIAN_POINT('',(10.001445930027,23.276454575527,
    -1.346902158202));
#12627 = CARTESIAN_POINT('',(9.963979044491,23.30568456103,
    -1.280216818801));
#12628 = CARTESIAN_POINT('',(9.925401350758,23.327795795453,
    -1.211510619666));
#12629 = CARTESIAN_POINT('',(9.886079588967,23.342599039605,
    -1.141455190878));
#12630 = CARTESIAN_POINT('',(9.84638077813,23.35,-1.070723337475));
#12631 = CARTESIAN_POINT('',(9.806678368612,23.35,-1.));
#12632 = PCURVE('',#6305,#12633);
#12633 = DEFINITIONAL_REPRESENTATION('',(#12634),#12637);
#12634 = B_SPLINE_CURVE_WITH_KNOTS('',1,(#12635,#12636),.UNSPECIFIED.,
  .F.,.F.,(2,2),(0.,1.),.PIECEWISE_BEZIER_KNOTS.);
#12635 = CARTESIAN_POINT('',(1.,0.));
#12636 = CARTESIAN_POINT('',(1.,1.));
#12637 = ( GEOMETRIC_REPRESENTATION_CONTEXT(2) 
PARAMETRIC_REPRESENTATION_CONTEXT() REPRESENTATION_CONTEXT('2D SPACE',''
  ) );
#12638 = PCURVE('',#12509,#12639);
#12639 = DEFINITIONAL_REPRESENTATION('',(#12640),#12653);
#12640 = B_SPLINE_CURVE_WITH_KNOTS('',11,(#12641,#12642,#12643,#12644,
    #12645,#12646,#12647,#12648,#12649,#12650,#12651,#12652),
  .UNSPECIFIED.,.F.,.F.,(12,12),(0.,1.),.PIECEWISE_BEZIER_KNOTS.);
#12641 = CARTESIAN_POINT('',(0.,24.027992766196));
#12642 = CARTESIAN_POINT('',(2.50012399102,24.027510967692));
#12643 = CARTESIAN_POINT('',(4.966794870357,24.027035615932));
#12644 = CARTESIAN_POINT('',(7.407946970461,24.02656518189));
#12645 = CARTESIAN_POINT('',(9.831416021625,24.026098155549));
#12646 = CARTESIAN_POINT('',(12.244157831228,24.025633196449));
#12647 = CARTESIAN_POINT('',(14.653644922998,24.025168864568));
#12648 = CARTESIAN_POINT('',(17.066548747605,24.024703874248));
#12649 = CARTESIAN_POINT('',(19.490235443764,24.024236805962));
#12650 = CARTESIAN_POINT('',(21.931803366655,24.023766291789));
#12651 = CARTESIAN_POINT('',(24.398999170351,24.02329083887));
#12652 = CARTESIAN_POINT('',(26.899802915034,24.02280890937));
#12653 = ( GEOMETRIC_REPRESENTATION_CONTEXT(2) 
PARAMETRIC_REPRESENTATION_CONTEXT() REPRESENTATION_CONTEXT('2D SPACE',''
  ) );
#12654 = ORIENTED_EDGE('',*,*,#6287,.F.);
#12655 = ADVANCED_FACE('',(#12656),#6275,.T.);
#12656 = FACE_BOUND('',#12657,.T.);
#12657 = EDGE_LOOP('',(#12658,#12713));
#12658 = ORIENTED_EDGE('',*,*,#12659,.F.);
#12659 = EDGE_CURVE('',#6160,#6260,#12660,.T.);
#12660 = SURFACE_CURVE('',#12661,(#12691,#12706),.PCURVE_S1.);
#12661 = B_SPLINE_CURVE_WITH_KNOTS('',10,(#12662,#12663,#12664,#12665,
    #12666,#12667,#12668,#12669,#12670,#12671,#12672,#12673,#12674,
    #12675,#12676,#12677,#12678,#12679,#12680,#12681,#12682,#12683,
    #12684,#12685,#12686,#12687,#12688,#12689,#12690),.UNSPECIFIED.,.F.,
  .F.,(11,9,9,11),(-1.071070524375,-0.352472792068,26.547330122966,
    27.265927855274),.UNSPECIFIED.);
#12662 = CARTESIAN_POINT('',(-13.12183530409,23.35,1.102525120785));
#12663 = CARTESIAN_POINT('',(-13.04414129734,23.35,1.049893755749));
#12664 = CARTESIAN_POINT('',(-12.96672721023,23.35,0.99745201348));
#12665 = CARTESIAN_POINT('',(-12.88959304275,23.35,0.945199893977));
#12666 = CARTESIAN_POINT('',(-12.81273879491,23.35,0.893137397241));
#12667 = CARTESIAN_POINT('',(-12.7361644667,23.35,0.841264523272));
#12668 = CARTESIAN_POINT('',(-12.65987005813,23.35,0.789581272069));
#12669 = CARTESIAN_POINT('',(-12.58385556919,23.35,0.738087643632));
#12670 = CARTESIAN_POINT('',(-12.50812099989,23.35,0.686783637962));
#12671 = CARTESIAN_POINT('',(-12.43266635022,23.35,0.635669255058));
#12672 = CARTESIAN_POINT('',(-9.543420087365,23.350000000001,
    -1.321559894303));
#12673 = CARTESIAN_POINT('',(-6.978300876298,23.349999999997,
    -2.689778647514));
#12674 = CARTESIAN_POINT('',(-4.571894249145,23.350000000006,
    -3.617692908859));
#12675 = CARTESIAN_POINT('',(-2.26379664994,23.349999999992,
    -4.15467230544));
#12676 = CARTESIAN_POINT('',(4.478702766381E-14,23.350000000008,
    -4.333706422135));
#12677 = CARTESIAN_POINT('',(2.26379664994,23.349999999994,
    -4.15467230544));
#12678 = CARTESIAN_POINT('',(4.571894249145,23.350000000003,
    -3.617692908859));
#12679 = CARTESIAN_POINT('',(6.978300876298,23.349999999998,
    -2.689778647514));
#12680 = CARTESIAN_POINT('',(9.543420087365,23.35,-1.321559894303));
#12681 = CARTESIAN_POINT('',(12.432666350227,23.35,0.635669255058));
#12682 = CARTESIAN_POINT('',(12.508120999893,23.35,0.686783637962));
#12683 = CARTESIAN_POINT('',(12.583855569195,23.35,0.738087643632));
#12684 = CARTESIAN_POINT('',(12.659870058133,23.35,0.789581272069));
#12685 = CARTESIAN_POINT('',(12.736164466705,23.35,0.841264523272));
#12686 = CARTESIAN_POINT('',(12.812738794912,23.35,0.893137397241));
#12687 = CARTESIAN_POINT('',(12.889593042755,23.35,0.945199893977));
#12688 = CARTESIAN_POINT('',(12.966727210233,23.35,0.99745201348));
#12689 = CARTESIAN_POINT('',(13.044141297346,23.35,1.049893755749));
#12690 = CARTESIAN_POINT('',(13.121835304094,23.35,1.102525120785));
#12691 = PCURVE('',#6275,#12692);
#12692 = DEFINITIONAL_REPRESENTATION('',(#12693),#12705);
#12693 = B_SPLINE_CURVE_WITH_KNOTS('',10,(#12694,#12695,#12696,#12697,
    #12698,#12699,#12700,#12701,#12702,#12703,#12704),.UNSPECIFIED.,.F.,
  .F.,(11,11),(-0.352472792068,26.547330122966),
  .PIECEWISE_BEZIER_KNOTS.);
#12694 = CARTESIAN_POINT('',(15.084744494921,22.142508379805));
#12695 = CARTESIAN_POINT('',(13.178440105697,24.956579912636));
#12696 = CARTESIAN_POINT('',(11.810221352485,27.521699123698));
#12697 = CARTESIAN_POINT('',(10.882307091144,29.928105750864));
#12698 = CARTESIAN_POINT('',(10.345327694556,32.236203350048));
#12699 = CARTESIAN_POINT('',(10.166293577869,34.500000000014));
#12700 = CARTESIAN_POINT('',(10.345327694557,36.763796649928));
#12701 = CARTESIAN_POINT('',(10.882307091142,39.071894249152));
#12702 = CARTESIAN_POINT('',(11.810221352485,41.478300876295));
#12703 = CARTESIAN_POINT('',(13.178440105697,44.043420087365));
#12704 = CARTESIAN_POINT('',(15.084744494921,46.857491620195));
#12705 = ( GEOMETRIC_REPRESENTATION_CONTEXT(2) 
PARAMETRIC_REPRESENTATION_CONTEXT() REPRESENTATION_CONTEXT('2D SPACE',''
  ) );
#12706 = PCURVE('',#12509,#12707);
#12707 = DEFINITIONAL_REPRESENTATION('',(#12708),#12712);
#12708 = LINE('',#12709,#12710);
#12709 = CARTESIAN_POINT('',(26.899802915034,0.));
#12710 = VECTOR('',#12711,1.);
#12711 = DIRECTION('',(0.,1.));
#12712 = ( GEOMETRIC_REPRESENTATION_CONTEXT(2) 
PARAMETRIC_REPRESENTATION_CONTEXT() REPRESENTATION_CONTEXT('2D SPACE',''
  ) );
#12713 = ORIENTED_EDGE('',*,*,#6259,.T.);
#12714 = ADVANCED_FACE('',(#12715),#6441,.T.);
#12715 = FACE_BOUND('',#12716,.T.);
#12716 = EDGE_LOOP('',(#12717,#12763,#12897,#12941,#12942,#13016));
#12717 = ORIENTED_EDGE('',*,*,#12718,.T.);
#12718 = EDGE_CURVE('',#6425,#12719,#12721,.T.);
#12719 = VERTEX_POINT('',#12720);
#12720 = CARTESIAN_POINT('',(22.51237475916,1.037458931378,
    -5.339227324346));
#12721 = SURFACE_CURVE('',#12722,(#12729,#12737),.PCURVE_S1.);
#12722 = B_SPLINE_CURVE_WITH_KNOTS('',3,(#12723,#12724,#12725,#12726,
    #12727,#12728),.UNSPECIFIED.,.F.,.F.,(4,2,4),(-0.219694753465,
    1.174780040033E-02,6.957560675984),.UNSPECIFIED.);
#12723 = CARTESIAN_POINT('',(26.464501051779,1.031697832489,
    0.188443952645));
#12724 = CARTESIAN_POINT('',(26.41955788594,1.031753869726,
    0.125574855564));
#12725 = CARTESIAN_POINT('',(26.374653641999,1.031809858433,
    6.276020468308E-02));
#12726 = CARTESIAN_POINT('',(24.983337002715,1.033544616951,
    -1.883493897198));
#12727 = CARTESIAN_POINT('',(23.63677165141,1.035479370879,
    -3.766906341493));
#12728 = CARTESIAN_POINT('',(22.290009727743,1.037847325727,
    -5.650178376959));
#12729 = PCURVE('',#6441,#12730);
#12730 = DEFINITIONAL_REPRESENTATION('',(#12731),#12736);
#12731 = B_SPLINE_CURVE_WITH_KNOTS('',3,(#12732,#12733,#12734,#12735),
  .UNSPECIFIED.,.F.,.F.,(4,4),(1.955498280043,6.575282347359),
  .PIECEWISE_BEZIER_KNOTS.);
#12732 = CARTESIAN_POINT('',(-6.242203133457,-1.581238193719));
#12733 = CARTESIAN_POINT('',(-6.240701239414,-2.833950530597));
#12734 = CARTESIAN_POINT('',(-6.239032957809,-4.086619058166));
#12735 = CARTESIAN_POINT('',(-6.237133994583,-5.339226859689));
#12736 = ( GEOMETRIC_REPRESENTATION_CONTEXT(2) 
PARAMETRIC_REPRESENTATION_CONTEXT() REPRESENTATION_CONTEXT('2D SPACE',''
  ) );
#12737 = PCURVE('',#12738,#12757);
#12738 = ( BOUNDED_SURFACE() B_SPLINE_SURFACE(2,3,(
    (#12739,#12740,#12741,#12742,#12743,#12744)
    ,(#12745,#12746,#12747,#12748,#12749,#12750)
    ,(#12751,#12752,#12753,#12754,#12755,#12756
)),.UNSPECIFIED.,.F.,.F.,.F.) B_SPLINE_SURFACE_WITH_KNOTS((3,3),(4,2,4),
  (0.,6.945812875584),(-0.219694753465,1.174780040033E-02,6.957560675984
),.UNSPECIFIED.) GEOMETRIC_REPRESENTATION_ITEM() 
RATIONAL_B_SPLINE_SURFACE((
    (1.,1.,1.,1.,1.,1.)
    ,(0.695749308799,0.695769409494,0.695769409494,0.69514606769
      ,0.694450173182,0.693596667478)
,(1.,1.,1.,1.,1.,1.))) REPRESENTATION_ITEM('') SURFACE() );
#12739 = CARTESIAN_POINT('',(26.464501051779,1.031697832489,
    0.188443952645));
#12740 = CARTESIAN_POINT('',(26.41955788594,1.031753869726,
    0.125574855564));
#12741 = CARTESIAN_POINT('',(26.374653641999,1.031809858433,
    6.276020468308E-02));
#12742 = CARTESIAN_POINT('',(24.983337002715,1.033544616951,
    -1.883493897198));
#12743 = CARTESIAN_POINT('',(23.63677165141,1.035479370879,
    -3.766906341493));
#12744 = CARTESIAN_POINT('',(22.290009727743,1.037847325727,
    -5.650178376959));
#12745 = CARTESIAN_POINT('',(26.491125629997,2.331427811982E-16,
    0.16942647158));
#12746 = CARTESIAN_POINT('',(26.446228427948,2.294399679362E-16,
    0.106519013056));
#12747 = CARTESIAN_POINT('',(26.40137400402,2.257406827201E-16,
    4.367149285256E-02));
#12748 = CARTESIAN_POINT('',(25.010395325728,1.110223024625E-16,
    -1.90529034704));
#12749 = CARTESIAN_POINT('',(23.665028047678,2.22044604925E-16,
    -3.790586395924));
#12750 = CARTESIAN_POINT('',(22.321995888653,3.330669073875E-16,
    -5.673025634752));
#12751 = CARTESIAN_POINT('',(25.651176508797,1.110780726181E-17,
    0.769390132075));
#12752 = CARTESIAN_POINT('',(25.606234772371,7.401994511665E-18,
    0.706519962452));
#12753 = CARTESIAN_POINT('',(25.561331968777,3.699392091061E-18,
    0.643704256985));
#12754 = CARTESIAN_POINT('',(24.1700603351,-1.110223024625E-16,
    -1.302581991758));
#12755 = CARTESIAN_POINT('',(22.823548213435,-1.110223024625E-16,
    -3.186032457226));
#12756 = CARTESIAN_POINT('',(21.476859269467,0.,-5.069356621048));
#12757 = DEFINITIONAL_REPRESENTATION('',(#12758),#12762);
#12758 = LINE('',#12759,#12760);
#12759 = CARTESIAN_POINT('',(0.,0.));
#12760 = VECTOR('',#12761,1.);
#12761 = DIRECTION('',(0.,1.));
#12762 = ( GEOMETRIC_REPRESENTATION_CONTEXT(2) 
PARAMETRIC_REPRESENTATION_CONTEXT() REPRESENTATION_CONTEXT('2D SPACE',''
  ) );
#12763 = ORIENTED_EDGE('',*,*,#12764,.F.);
#12764 = EDGE_CURVE('',#12765,#12719,#12767,.T.);
#12765 = VERTEX_POINT('',#12766);
#12766 = CARTESIAN_POINT('',(-22.51237475916,1.037458931378,
    -5.339227324346));
#12767 = SURFACE_CURVE('',#12768,(#12795,#12811),.PCURVE_S1.);
#12768 = B_SPLINE_CURVE_WITH_KNOTS('',9,(#12769,#12770,#12771,#12772,
    #12773,#12774,#12775,#12776,#12777,#12778,#12779,#12780,#12781,
    #12782,#12783,#12784,#12785,#12786,#12787,#12788,#12789,#12790,
    #12791,#12792,#12793,#12794),.UNSPECIFIED.,.F.,.F.,(10,8,8,10),(
    -2.555470359596,2.235238023836E-16,70.214595807731,72.770066167328),
  .UNSPECIFIED.);
#12769 = CARTESIAN_POINT('',(-22.53626652879,-2.576050815239,
    -5.339226859689));
#12770 = CARTESIAN_POINT('',(-22.53626652879,-2.289822946879,
    -5.339226859689));
#12771 = CARTESIAN_POINT('',(-22.53626652879,-2.003595078519,
    -5.339226859689));
#12772 = CARTESIAN_POINT('',(-22.53626652879,-1.717367210159,
    -5.339226859689));
#12773 = CARTESIAN_POINT('',(-22.53626652879,-1.431139341799,
    -5.339226859689));
#12774 = CARTESIAN_POINT('',(-22.53626652879,-1.144911473439,
    -5.339226859689));
#12775 = CARTESIAN_POINT('',(-22.53626652879,-0.85868360508,
    -5.339226859689));
#12776 = CARTESIAN_POINT('',(-22.53626652879,-0.57245573672,
    -5.339226859689));
#12777 = CARTESIAN_POINT('',(-22.53626652879,-0.28622786836,
    -5.339226859689));
#12778 = CARTESIAN_POINT('',(-22.53626652879,7.864452041216,
    -5.339226859689));
#12779 = CARTESIAN_POINT('',(-19.44891648403,15.737058497868,
    -5.339226859611));
#12780 = CARTESIAN_POINT('',(-13.26246046188,22.210727525238,
    -5.339226859822));
#12781 = CARTESIAN_POINT('',(-4.735449954768,25.922742926538,
    -5.339226859619));
#12782 = CARTESIAN_POINT('',(4.735449954768,25.92274292653,
    -5.339226859618));
#12783 = CARTESIAN_POINT('',(13.262460461889,22.210727525243,
    -5.339226859822));
#12784 = CARTESIAN_POINT('',(19.448916484032,15.737058497866,
    -5.339226859611));
#12785 = CARTESIAN_POINT('',(22.536266528793,7.864452041217,
    -5.339226859689));
#12786 = CARTESIAN_POINT('',(22.536266528793,-0.28622786836,
    -5.339226859689));
#12787 = CARTESIAN_POINT('',(22.536266528793,-0.57245573672,
    -5.339226859689));
#12788 = CARTESIAN_POINT('',(22.536266528793,-0.85868360508,
    -5.339226859689));
#12789 = CARTESIAN_POINT('',(22.536266528793,-1.144911473439,
    -5.339226859689));
#12790 = CARTESIAN_POINT('',(22.536266528793,-1.431139341799,
    -5.339226859689));
#12791 = CARTESIAN_POINT('',(22.536266528793,-1.717367210159,
    -5.339226859689));
#12792 = CARTESIAN_POINT('',(22.536266528793,-2.003595078519,
    -5.339226859689));
#12793 = CARTESIAN_POINT('',(22.536266528793,-2.289822946879,
    -5.339226859689));
#12794 = CARTESIAN_POINT('',(22.536266528793,-2.576050815239,
    -5.339226859689));
#12795 = PCURVE('',#6441,#12796);
#12796 = DEFINITIONAL_REPRESENTATION('',(#12797),#12810);
#12797 = B_SPLINE_CURVE_WITH_KNOTS('',11,(#12798,#12799,#12800,#12801,
    #12802,#12803,#12804,#12805,#12806,#12807,#12808,#12809),
  .UNSPECIFIED.,.F.,.F.,(12,12),(1.029479595378,69.185116212353),
  .PIECEWISE_BEZIER_KNOTS.);
#12798 = CARTESIAN_POINT('',(-3.187643966187,-5.339226859689));
#12799 = CARTESIAN_POINT('',(-3.464820686402,-5.339226859683));
#12800 = CARTESIAN_POINT('',(-3.742169097359,-5.339226859651));
#12801 = CARTESIAN_POINT('',(-4.019299028897,-5.339226859717));
#12802 = CARTESIAN_POINT('',(-4.296686793504,-5.339226859719));
#12803 = CARTESIAN_POINT('',(-4.573550911563,-5.339226859656));
#12804 = CARTESIAN_POINT('',(-4.851227049207,-5.339226859663));
#12805 = CARTESIAN_POINT('',(-5.128091167265,-5.339226859713));
#12806 = CARTESIAN_POINT('',(-5.405478931873,-5.33922685972));
#12807 = CARTESIAN_POINT('',(-5.68260886341,-5.339226859649));
#12808 = CARTESIAN_POINT('',(-5.959957274367,-5.339226859683));
#12809 = CARTESIAN_POINT('',(-6.237133994583,-5.339226859689));
#12810 = ( GEOMETRIC_REPRESENTATION_CONTEXT(2) 
PARAMETRIC_REPRESENTATION_CONTEXT() REPRESENTATION_CONTEXT('2D SPACE',''
  ) );
#12811 = PCURVE('',#12812,#12891);
#12812 = ( BOUNDED_SURFACE() B_SPLINE_SURFACE(2,9,(
    (#12813,#12814,#12815,#12816,#12817,#12818,#12819,#12820,#12821
      ,#12822,#12823,#12824,#12825,#12826,#12827,#12828,#12829,#12830
      ,#12831,#12832,#12833,#12834,#12835,#12836,#12837,#12838)
    ,(#12839,#12840,#12841,#12842,#12843,#12844,#12845,#12846,#12847
      ,#12848,#12849,#12850,#12851,#12852,#12853,#12854,#12855,#12856
      ,#12857,#12858,#12859,#12860,#12861,#12862,#12863,#12864)
    ,(#12865,#12866,#12867,#12868,#12869,#12870,#12871,#12872,#12873
      ,#12874,#12875,#12876,#12877,#12878,#12879,#12880,#12881,#12882
      ,#12883,#12884,#12885,#12886,#12887,#12888,#12889,#12890
)),.UNSPECIFIED.,.F.,.F.,.F.) B_SPLINE_SURFACE_WITH_KNOTS((3,3),(10,8,8,
    10),(0.,70.214595807731),(-2.555470359596,2.235238023836E-16,
    70.214595807731,72.770066167328),.UNSPECIFIED.) 
GEOMETRIC_REPRESENTATION_ITEM() RATIONAL_B_SPLINE_SURFACE((
    (1.,1.,1.,1.,1.,1.,1.,1.,1.,1.,1.,1.,1.,1.,1.,1.,1.,1.,1.,1.,1.,1.
      ,1.,1.,1.,1.)
    ,(0.952295508549,0.952295508549,0.952295508549,0.952295508549
      ,0.952295508549,0.952295508549,0.952295508549,0.952295508549
      ,0.952295508549,0.952295508549,0.952295508503,0.952295508628
      ,0.952295508507,0.952295508507,0.952295508628,0.952295508503
      ,0.952295508549,0.952295508549,0.952295508549,0.952295508549
      ,0.952295508549,0.952295508549,0.952295508549,0.952295508549
      ,0.952295508549,0.952295508549)
    ,(1.,1.,1.,1.,1.,1.,1.,1.,1.,1.,1.,1.,1.,1.,1.,1.,1.,1.,1.,1.,1.,1.
,1.,1.,1.,1.))) REPRESENTATION_ITEM('') SURFACE() );
#12813 = CARTESIAN_POINT('',(-22.53626652879,-2.576050815239,
    -5.339226859689));
#12814 = CARTESIAN_POINT('',(-22.53626652879,-2.289822946879,
    -5.339226859689));
#12815 = CARTESIAN_POINT('',(-22.53626652879,-2.003595078519,
    -5.339226859689));
#12816 = CARTESIAN_POINT('',(-22.53626652879,-1.717367210159,
    -5.339226859689));
#12817 = CARTESIAN_POINT('',(-22.53626652879,-1.431139341799,
    -5.339226859689));
#12818 = CARTESIAN_POINT('',(-22.53626652879,-1.144911473439,
    -5.339226859689));
#12819 = CARTESIAN_POINT('',(-22.53626652879,-0.85868360508,
    -5.339226859689));
#12820 = CARTESIAN_POINT('',(-22.53626652879,-0.57245573672,
    -5.339226859689));
#12821 = CARTESIAN_POINT('',(-22.53626652879,-0.28622786836,
    -5.339226859689));
#12822 = CARTESIAN_POINT('',(-22.53626652879,7.864452041216,
    -5.339226859689));
#12823 = CARTESIAN_POINT('',(-19.44891648403,15.737058497868,
    -5.339226859611));
#12824 = CARTESIAN_POINT('',(-13.26246046188,22.210727525238,
    -5.339226859822));
#12825 = CARTESIAN_POINT('',(-4.735449954768,25.922742926538,
    -5.339226859619));
#12826 = CARTESIAN_POINT('',(4.735449954768,25.92274292653,
    -5.339226859618));
#12827 = CARTESIAN_POINT('',(13.262460461889,22.210727525243,
    -5.339226859822));
#12828 = CARTESIAN_POINT('',(19.448916484032,15.737058497866,
    -5.339226859611));
#12829 = CARTESIAN_POINT('',(22.536266528793,7.864452041217,
    -5.339226859689));
#12830 = CARTESIAN_POINT('',(22.536266528793,-0.28622786836,
    -5.339226859689));
#12831 = CARTESIAN_POINT('',(22.536266528793,-0.57245573672,
    -5.339226859689));
#12832 = CARTESIAN_POINT('',(22.536266528793,-0.85868360508,
    -5.339226859689));
#12833 = CARTESIAN_POINT('',(22.536266528793,-1.144911473439,
    -5.339226859689));
#12834 = CARTESIAN_POINT('',(22.536266528793,-1.431139341799,
    -5.339226859689));
#12835 = CARTESIAN_POINT('',(22.536266528793,-1.717367210159,
    -5.339226859689));
#12836 = CARTESIAN_POINT('',(22.536266528793,-2.003595078519,
    -5.339226859689));
#12837 = CARTESIAN_POINT('',(22.536266528793,-2.289822946879,
    -5.339226859689));
#12838 = CARTESIAN_POINT('',(22.536266528793,-2.576050815239,
    -5.339226859689));
#12839 = CARTESIAN_POINT('',(-22.35,-2.576050815239,-5.6));
#12840 = CARTESIAN_POINT('',(-22.35,-2.287457219112,-5.6));
#12841 = CARTESIAN_POINT('',(-22.35,-1.999455054927,-5.6));
#12842 = CARTESIAN_POINT('',(-22.35,-1.712044322684,-5.6));
#12843 = CARTESIAN_POINT('',(-22.35,-1.425225022383,-5.6));
#12844 = CARTESIAN_POINT('',(-22.35,-1.138997154023,-5.6));
#12845 = CARTESIAN_POINT('',(-22.35,-0.853360717605,-5.6));
#12846 = CARTESIAN_POINT('',(-22.35,-0.568315713128,-5.6));
#12847 = CARTESIAN_POINT('',(-22.35,-0.283862140593,-5.6));
#12848 = CARTESIAN_POINT('',(-22.35,7.799450849439,-5.6));
#12849 = CARTESIAN_POINT('',(-19.28816563302,15.607010173347,
    -5.600000000001));
#12850 = CARTESIAN_POINT('',(-13.15282684888,22.027113838391,
    -5.599999999998));
#12851 = CARTESIAN_POINT('',(-4.696362632529,25.708505668256,
    -5.600000000001));
#12852 = CARTESIAN_POINT('',(4.69636263253,25.708505668254,
    -5.600000000001));
#12853 = CARTESIAN_POINT('',(13.152826848883,22.027113838392,
    -5.599999999998));
#12854 = CARTESIAN_POINT('',(19.28816563303,15.607010173346,
    -5.600000000001));
#12855 = CARTESIAN_POINT('',(22.35,7.799450849439,-5.6));
#12856 = CARTESIAN_POINT('',(22.35,-0.283862140593,-5.6));
#12857 = CARTESIAN_POINT('',(22.35,-0.568315713128,-5.6));
#12858 = CARTESIAN_POINT('',(22.35,-0.853360717605,-5.6));
#12859 = CARTESIAN_POINT('',(22.35,-1.138997154023,-5.6));
#12860 = CARTESIAN_POINT('',(22.35,-1.425225022383,-5.6));
#12861 = CARTESIAN_POINT('',(22.35,-1.712044322684,-5.6));
#12862 = CARTESIAN_POINT('',(22.35,-1.999455054927,-5.6));
#12863 = CARTESIAN_POINT('',(22.35,-2.287457219112,-5.6));
#12864 = CARTESIAN_POINT('',(22.35,-2.576050815239,-5.6));
#12865 = CARTESIAN_POINT('',(-22.35,-2.576050815239,-5.920465053409));
#12866 = CARTESIAN_POINT('',(-22.35,-2.287457219112,-5.920465053409));
#12867 = CARTESIAN_POINT('',(-22.35,-1.999455054927,-5.920465053409));
#12868 = CARTESIAN_POINT('',(-22.35,-1.712044322684,-5.920465053409));
#12869 = CARTESIAN_POINT('',(-22.35,-1.425225022383,-5.920465053409));
#12870 = CARTESIAN_POINT('',(-22.35,-1.138997154023,-5.920465053409));
#12871 = CARTESIAN_POINT('',(-22.35,-0.853360717605,-5.920465053409));
#12872 = CARTESIAN_POINT('',(-22.35,-0.568315713128,-5.920465053409));
#12873 = CARTESIAN_POINT('',(-22.35,-0.283862140593,-5.920465053409));
#12874 = CARTESIAN_POINT('',(-22.35,7.799450849439,-5.920465053408));
#12875 = CARTESIAN_POINT('',(-19.28816563356,15.607010172965,
    -5.920465053578));
#12876 = CARTESIAN_POINT('',(-13.15282684604,22.027113839625,
    -5.920465053122));
#12877 = CARTESIAN_POINT('',(-4.696362638259,25.708505667446,
    -5.920465053562));
#12878 = CARTESIAN_POINT('',(4.696362638259,25.70850566744,
    -5.920465053562));
#12879 = CARTESIAN_POINT('',(13.15282684604,22.027113839629,
    -5.920465053122));
#12880 = CARTESIAN_POINT('',(19.288165633563,15.607010172963,
    -5.920465053577));
#12881 = CARTESIAN_POINT('',(22.35,7.799450849439,-5.920465053409));
#12882 = CARTESIAN_POINT('',(22.35,-0.283862140593,-5.920465053409));
#12883 = CARTESIAN_POINT('',(22.35,-0.568315713128,-5.920465053409));
#12884 = CARTESIAN_POINT('',(22.35,-0.853360717605,-5.920465053409));
#12885 = CARTESIAN_POINT('',(22.35,-1.138997154023,-5.920465053409));
#12886 = CARTESIAN_POINT('',(22.35,-1.425225022383,-5.920465053409));
#12887 = CARTESIAN_POINT('',(22.35,-1.712044322684,-5.920465053409));
#12888 = CARTESIAN_POINT('',(22.35,-1.999455054927,-5.920465053409));
#12889 = CARTESIAN_POINT('',(22.35,-2.287457219112,-5.920465053409));
#12890 = CARTESIAN_POINT('',(22.35,-2.576050815239,-5.920465053409));
#12891 = DEFINITIONAL_REPRESENTATION('',(#12892),#12896);
#12892 = LINE('',#12893,#12894);
#12893 = CARTESIAN_POINT('',(0.,0.));
#12894 = VECTOR('',#12895,1.);
#12895 = DIRECTION('',(0.,1.));
#12896 = ( GEOMETRIC_REPRESENTATION_CONTEXT(2) 
PARAMETRIC_REPRESENTATION_CONTEXT() REPRESENTATION_CONTEXT('2D SPACE',''
  ) );
#12897 = ORIENTED_EDGE('',*,*,#12898,.T.);
#12898 = EDGE_CURVE('',#12765,#6893,#12899,.T.);
#12899 = SURFACE_CURVE('',#12900,(#12907,#12915),.PCURVE_S1.);
#12900 = B_SPLINE_CURVE_WITH_KNOTS('',3,(#12901,#12902,#12903,#12904,
    #12905,#12906),.UNSPECIFIED.,.F.,.F.,(4,2,4),(-7.570046234998E-02,
    6.870112413235,7.1015549671),.UNSPECIFIED.);
#12901 = CARTESIAN_POINT('',(-22.29000972774,1.037847325727,
    -5.650178376959));
#12902 = CARTESIAN_POINT('',(-23.63677165141,1.035479370879,
    -3.766906341493));
#12903 = CARTESIAN_POINT('',(-24.98333700271,1.033544616951,
    -1.883493897197));
#12904 = CARTESIAN_POINT('',(-26.374653642,1.031809858433,
    6.276020468397E-02));
#12905 = CARTESIAN_POINT('',(-26.41955788594,1.031753869726,
    0.125574855565));
#12906 = CARTESIAN_POINT('',(-26.46450105178,1.031697832489,
    0.188443952646));
#12907 = PCURVE('',#6441,#12908);
#12908 = DEFINITIONAL_REPRESENTATION('',(#12909),#12914);
#12909 = B_SPLINE_CURVE_WITH_KNOTS('',3,(#12910,#12911,#12912,#12913),
  .UNSPECIFIED.,.F.,.F.,(4,4),(0.306577866275,4.926361933591),
  .PIECEWISE_BEZIER_KNOTS.);
#12910 = CARTESIAN_POINT('',(-3.187643966187,-5.339226859689));
#12911 = CARTESIAN_POINT('',(-3.185745002961,-4.086619058166));
#12912 = CARTESIAN_POINT('',(-3.184076721356,-2.833950530597));
#12913 = CARTESIAN_POINT('',(-3.182574827313,-1.581238193719));
#12914 = ( GEOMETRIC_REPRESENTATION_CONTEXT(2) 
PARAMETRIC_REPRESENTATION_CONTEXT() REPRESENTATION_CONTEXT('2D SPACE',''
  ) );
#12915 = PCURVE('',#12916,#12935);
#12916 = ( BOUNDED_SURFACE() B_SPLINE_SURFACE(2,3,(
    (#12917,#12918,#12919,#12920,#12921,#12922)
    ,(#12923,#12924,#12925,#12926,#12927,#12928)
    ,(#12929,#12930,#12931,#12932,#12933,#12934
)),.UNSPECIFIED.,.F.,.F.,.F.) B_SPLINE_SURFACE_WITH_KNOTS((3,3),(4,2,4),
  (0.,6.945812875585),(-7.570046234998E-02,6.870112413235,7.1015549671),
.UNSPECIFIED.) GEOMETRIC_REPRESENTATION_ITEM() RATIONAL_B_SPLINE_SURFACE
((
    (1.,1.,1.,1.,1.,1.)
    ,(0.693596667478,0.694450173182,0.69514606769,0.695769409494
      ,0.695769409494,0.695749308799)
,(1.,1.,1.,1.,1.,1.))) REPRESENTATION_ITEM('') SURFACE() );
#12917 = CARTESIAN_POINT('',(-22.29000972774,1.037847325727,
    -5.650178376959));
#12918 = CARTESIAN_POINT('',(-23.63677165141,1.035479370879,
    -3.766906341493));
#12919 = CARTESIAN_POINT('',(-24.98333700271,1.033544616951,
    -1.883493897197));
#12920 = CARTESIAN_POINT('',(-26.374653642,1.031809858433,
    6.276020468397E-02));
#12921 = CARTESIAN_POINT('',(-26.41955788594,1.031753869726,
    0.125574855565));
#12922 = CARTESIAN_POINT('',(-26.46450105178,1.031697832489,
    0.188443952646));
#12923 = CARTESIAN_POINT('',(-22.32199588865,0.,-5.673025634752));
#12924 = CARTESIAN_POINT('',(-23.66502804767,3.330669073875E-16,
    -3.790586395924));
#12925 = CARTESIAN_POINT('',(-25.01039532572,-1.110223024625E-16,
    -1.90529034704));
#12926 = CARTESIAN_POINT('',(-26.40137400402,2.331328383103E-16,
    4.367149285345E-02));
#12927 = CARTESIAN_POINT('',(-26.44622842794,2.442306939585E-16,
    0.106519013057));
#12928 = CARTESIAN_POINT('',(-26.49112562999,2.553391337446E-16,
    0.169426471581));
#12929 = CARTESIAN_POINT('',(-21.47685926946,0.,-5.069356621048));
#12930 = CARTESIAN_POINT('',(-22.82354821343,1.110223024625E-16,
    -3.186032457226));
#12931 = CARTESIAN_POINT('',(-24.1700603351,0.,-1.302581991758));
#12932 = CARTESIAN_POINT('',(-25.56133196877,0.,0.643704256986));
#12933 = CARTESIAN_POINT('',(-25.60623477237,0.,0.706519962453));
#12934 = CARTESIAN_POINT('',(-25.65117650879,0.,0.769390132076));
#12935 = DEFINITIONAL_REPRESENTATION('',(#12936),#12940);
#12936 = LINE('',#12937,#12938);
#12937 = CARTESIAN_POINT('',(0.,0.));
#12938 = VECTOR('',#12939,1.);
#12939 = DIRECTION('',(0.,1.));
#12940 = ( GEOMETRIC_REPRESENTATION_CONTEXT(2) 
PARAMETRIC_REPRESENTATION_CONTEXT() REPRESENTATION_CONTEXT('2D SPACE',''
  ) );
#12941 = ORIENTED_EDGE('',*,*,#6892,.T.);
#12942 = ORIENTED_EDGE('',*,*,#12943,.T.);
#12943 = EDGE_CURVE('',#6895,#6397,#12944,.T.);
#12944 = SURFACE_CURVE('',#12945,(#12975,#13009),.PCURVE_S1.);
#12945 = B_SPLINE_CURVE_WITH_KNOTS('',10,(#12946,#12947,#12948,#12949,
    #12950,#12951,#12952,#12953,#12954,#12955,#12956,#12957,#12958,
    #12959,#12960,#12961,#12962,#12963,#12964,#12965,#12966,#12967,
    #12968,#12969,#12970,#12971,#12972,#12973,#12974),.UNSPECIFIED.,.F.,
  .F.,(11,9,9,11),(-1.071070524375,-0.352472792068,26.547330122966,
    27.265927855274),.UNSPECIFIED.);
#12946 = CARTESIAN_POINT('',(-13.51594883375,23.052073850246,
    0.509082740288));
#12947 = CARTESIAN_POINT('',(-13.4389390967,23.053087986401,
    0.45817446626));
#12948 = CARTESIAN_POINT('',(-13.36192935966,23.054102122557,
    0.407266192231));
#12949 = CARTESIAN_POINT('',(-13.28491962261,23.055116258712,
    0.356357918202));
#12950 = CARTESIAN_POINT('',(-13.20790988557,23.056130394867,
    0.305449644173));
#12951 = CARTESIAN_POINT('',(-13.13090014852,23.057144531022,
    0.254541370144));
#12952 = CARTESIAN_POINT('',(-13.05389041148,23.058158667178,
    0.203633096115));
#12953 = CARTESIAN_POINT('',(-12.97688067444,23.059172803333,
    0.152724822087));
#12954 = CARTESIAN_POINT('',(-12.89987093739,23.060186939488,
    0.101816548058));
#12955 = CARTESIAN_POINT('',(-12.82286120035,23.061201075643,
    5.090827402885E-02));
#12956 = CARTESIAN_POINT('',(-9.863088749349,23.10017812412,
    -1.905687252482));
#12957 = CARTESIAN_POINT('',(-7.223161659516,23.131918139162,
    -3.27325318365));
#12958 = CARTESIAN_POINT('',(-4.738191767683,23.15596164682,
    -4.199309130978));
#12959 = CARTESIAN_POINT('',(-2.34671031862,23.171047848837,
    -4.736609285155));
#12960 = CARTESIAN_POINT('',(-7.872034096141E-13,23.176156964115,
    -4.91236171695));
#12961 = CARTESIAN_POINT('',(2.346710318622,23.171047848839,
    -4.736609285155));
#12962 = CARTESIAN_POINT('',(4.738191767682,23.155961646818,
    -4.199309130977));
#12963 = CARTESIAN_POINT('',(7.223161659517,23.131918139164,
    -3.27325318365));
#12964 = CARTESIAN_POINT('',(9.863088749349,23.10017812412,
    -1.905687252482));
#12965 = CARTESIAN_POINT('',(12.822861200351,23.061201075643,
    5.090827402883E-02));
#12966 = CARTESIAN_POINT('',(12.899870937396,23.060186939488,
    0.101816548058));
#12967 = CARTESIAN_POINT('',(12.97688067444,23.059172803333,
    0.152724822086));
#12968 = CARTESIAN_POINT('',(13.053890411484,23.058158667178,
    0.203633096115));
#12969 = CARTESIAN_POINT('',(13.130900148528,23.057144531022,
    0.254541370144));
#12970 = CARTESIAN_POINT('',(13.207909885573,23.056130394867,
    0.305449644173));
#12971 = CARTESIAN_POINT('',(13.284919622617,23.055116258712,
    0.356357918202));
#12972 = CARTESIAN_POINT('',(13.361929359661,23.054102122557,
    0.407266192231));
#12973 = CARTESIAN_POINT('',(13.438939096706,23.053087986401,
    0.458174466259));
#12974 = CARTESIAN_POINT('',(13.51594883375,23.052073850246,
    0.509082740288));
#12975 = PCURVE('',#6441,#12976);
#12976 = DEFINITIONAL_REPRESENTATION('',(#12977),#13008);
#12977 = B_SPLINE_CURVE_WITH_KNOTS('',8,(#12978,#12979,#12980,#12981,
    #12982,#12983,#12984,#12985,#12986,#12987,#12988,#12989,#12990,
    #12991,#12992,#12993,#12994,#12995,#12996,#12997,#12998,#12999,
    #13000,#13001,#13002,#13003,#13004,#13005,#13006,#13007),
  .UNSPECIFIED.,.F.,.F.,(9,7,7,7,9),(2.166864564702,7.632146615076,
    13.097428665449,18.562710715823,24.027992766196),.UNSPECIFIED.);
#12978 = CARTESIAN_POINT('',(-4.298910035842,-1.581238193719));
#12979 = CARTESIAN_POINT('',(-4.323975819353,-1.957042699583));
#12980 = CARTESIAN_POINT('',(-4.34920318664,-2.301287402705));
#12981 = CARTESIAN_POINT('',(-4.374580699415,-2.615248341015));
#12982 = CARTESIAN_POINT('',(-4.400096165647,-2.900020099457));
#12983 = CARTESIAN_POINT('',(-4.42573719689,-3.156544766933));
#12984 = CARTESIAN_POINT('',(-4.451490678295,-3.385619787244));
#12985 = CARTESIAN_POINT('',(-4.477343226442,-3.587915567038));
#12986 = CARTESIAN_POINT('',(-4.529219030132,-3.940047208389));
#12987 = CARTESIAN_POINT('',(-4.555242284306,-4.089883081799));
#12988 = CARTESIAN_POINT('',(-4.581337176317,-4.21403828125));
#12989 = CARTESIAN_POINT('',(-4.607489682413,-4.312941692121));
#12990 = CARTESIAN_POINT('',(-4.633685549653,-4.386909823363));
#12991 = CARTESIAN_POINT('',(-4.65991037411,-4.436152068799));
#12992 = CARTESIAN_POINT('',(-4.686149677241,-4.460773218212));
#12993 = CARTESIAN_POINT('',(-4.738628283528,-4.460773218212));
#12994 = CARTESIAN_POINT('',(-4.764867586659,-4.436152068799));
#12995 = CARTESIAN_POINT('',(-4.791092411117,-4.386909823362));
#12996 = CARTESIAN_POINT('',(-4.817288278356,-4.312941692121));
#12997 = CARTESIAN_POINT('',(-4.843440784453,-4.21403828125));
#12998 = CARTESIAN_POINT('',(-4.869535676463,-4.089883081799));
#12999 = CARTESIAN_POINT('',(-4.895558930637,-3.940047208389));
#13000 = CARTESIAN_POINT('',(-4.947434734327,-3.587915567038));
#13001 = CARTESIAN_POINT('',(-4.973287282475,-3.385619787244));
#13002 = CARTESIAN_POINT('',(-4.999040763879,-3.156544766933));
#13003 = CARTESIAN_POINT('',(-5.024681795123,-2.900020099457));
#13004 = CARTESIAN_POINT('',(-5.050197261354,-2.615248341015));
#13005 = CARTESIAN_POINT('',(-5.07557477413,-2.301287402705));
#13006 = CARTESIAN_POINT('',(-5.100802141416,-1.957042699583));
#13007 = CARTESIAN_POINT('',(-5.125867924927,-1.581238193719));
#13008 = ( GEOMETRIC_REPRESENTATION_CONTEXT(2) 
PARAMETRIC_REPRESENTATION_CONTEXT() REPRESENTATION_CONTEXT('2D SPACE',''
  ) );
#13009 = PCURVE('',#12509,#13010);
#13010 = DEFINITIONAL_REPRESENTATION('',(#13011),#13015);
#13011 = LINE('',#13012,#13013);
#13012 = CARTESIAN_POINT('',(0.,0.));
#13013 = VECTOR('',#13014,1.);
#13014 = DIRECTION('',(0.,1.));
#13015 = ( GEOMETRIC_REPRESENTATION_CONTEXT(2) 
PARAMETRIC_REPRESENTATION_CONTEXT() REPRESENTATION_CONTEXT('2D SPACE',''
  ) );
#13016 = ORIENTED_EDGE('',*,*,#6424,.T.);
#13017 = ADVANCED_FACE('',(#13018),#6475,.T.);
#13018 = FACE_BOUND('',#13019,.T.);
#13019 = EDGE_LOOP('',(#13020,#13021,#13022));
#13020 = ORIENTED_EDGE('',*,*,#6453,.F.);
#13021 = ORIENTED_EDGE('',*,*,#6594,.T.);
#13022 = ORIENTED_EDGE('',*,*,#13023,.F.);
#13023 = EDGE_CURVE('',#6425,#6595,#13024,.T.);
#13024 = SURFACE_CURVE('',#13025,(#13034,#13041),.PCURVE_S1.);
#13025 = B_SPLINE_CURVE_WITH_KNOTS('',7,(#13026,#13027,#13028,#13029,
    #13030,#13031,#13032,#13033),.UNSPECIFIED.,.F.,.F.,(8,8),(0.,1.),
  .PIECEWISE_BEZIER_KNOTS.);
#13026 = CARTESIAN_POINT('',(25.199367345819,1.033321329351,
    -1.581238193719));
#13027 = CARTESIAN_POINT('',(25.205613726087,0.804433927467,
    -1.585629352855));
#13028 = CARTESIAN_POINT('',(25.162022196966,0.572979056873,
    -1.554428814318));
#13029 = CARTESIAN_POINT('',(25.068218498599,0.360003098829,
    -1.487364002396));
#13030 = CARTESIAN_POINT('',(24.929439698358,0.183636348022,
    -1.388172053547));
#13031 = CARTESIAN_POINT('',(24.759389000574,6.128942688422E-02,
    -1.266639417964));
#13032 = CARTESIAN_POINT('',(24.572635716225,-3.529009910608E-16,
    -1.133169815741));
#13033 = CARTESIAN_POINT('',(24.386316819144,-3.330669073875E-16,-1.));
#13034 = PCURVE('',#6475,#13035);
#13035 = DEFINITIONAL_REPRESENTATION('',(#13036),#13040);
#13036 = LINE('',#13037,#13038);
#13037 = CARTESIAN_POINT('',(0.,1.));
#13038 = VECTOR('',#13039,1.);
#13039 = DIRECTION('',(1.,0.));
#13040 = ( GEOMETRIC_REPRESENTATION_CONTEXT(2) 
PARAMETRIC_REPRESENTATION_CONTEXT() REPRESENTATION_CONTEXT('2D SPACE',''
  ) );
#13041 = PCURVE('',#12738,#13042);
#13042 = DEFINITIONAL_REPRESENTATION('',(#13043),#13078);
#13043 = B_SPLINE_CURVE_WITH_KNOTS('',9,(#13044,#13045,#13046,#13047,
    #13048,#13049,#13050,#13051,#13052,#13053,#13054,#13055,#13056,
    #13057,#13058,#13059,#13060,#13061,#13062,#13063,#13064,#13065,
    #13066,#13067,#13068,#13069,#13070,#13071,#13072,#13073,#13074,
    #13075,#13076,#13077),.UNSPECIFIED.,.F.,.F.,(10,8,8,8,10),(0.,0.125,
    0.25,0.5,1.),.UNSPECIFIED.);
#13044 = CARTESIAN_POINT('',(-4.440892098501E-16,1.955498280043));
#13045 = CARTESIAN_POINT('',(0.107576013535,1.955492129123));
#13046 = CARTESIAN_POINT('',(0.21421256985,1.955486031918));
#13047 = CARTESIAN_POINT('',(0.319741222464,1.955479998061));
#13048 = CARTESIAN_POINT('',(0.423333335702,1.955474074929));
#13049 = CARTESIAN_POINT('',(0.527794523261,1.955468102107));
#13050 = CARTESIAN_POINT('',(0.629551173482,1.955462283923));
#13051 = CARTESIAN_POINT('',(0.731467000404,1.955456456637));
#13052 = CARTESIAN_POINT('',(0.83222181071,1.955450695736));
#13053 = CARTESIAN_POINT('',(1.032279678604,1.95543925694));
#13054 = CARTESIAN_POINT('',(1.131532095276,1.955433581941));
#13055 = CARTESIAN_POINT('',(1.230052889178,1.955427948775));
#13056 = CARTESIAN_POINT('',(1.327885851238,1.955422354937));
#13057 = CARTESIAN_POINT('',(1.425073668805,1.955416797987));
#13058 = CARTESIAN_POINT('',(1.52165792565,1.955411275547));
#13059 = CARTESIAN_POINT('',(1.617679101966,1.955405785303));
#13060 = CARTESIAN_POINT('',(1.71317657437,1.955400325002));
#13061 = CARTESIAN_POINT('',(1.998212698953,1.955384027368));
#13062 = CARTESIAN_POINT('',(2.186301910851,1.95537327291));
#13063 = CARTESIAN_POINT('',(2.372756311145,1.955362611925));
#13064 = CARTESIAN_POINT('',(2.557867788463,1.955352027726));
#13065 = CARTESIAN_POINT('',(2.741920060505,1.955341504089));
#13066 = CARTESIAN_POINT('',(2.925188674042,1.95533102526));
#13067 = CARTESIAN_POINT('',(3.107941004919,1.955320575951));
#13068 = CARTESIAN_POINT('',(3.290436258053,1.95531014134));
#13069 = CARTESIAN_POINT('',(3.837903886194,1.955278838546));
#13070 = CARTESIAN_POINT('',(4.202898275057,1.955257969103));
#13071 = CARTESIAN_POINT('',(4.569958449693,1.955236981544));
#13072 = CARTESIAN_POINT('',(4.941184526035,1.95521575579));
#13073 = CARTESIAN_POINT('',(5.31879822478,1.955194164807));
#13074 = CARTESIAN_POINT('',(5.705214175865,1.955172070535));
#13075 = CARTESIAN_POINT('',(6.10311122297,1.955149319802));
#13076 = CARTESIAN_POINT('',(6.515503728001,1.955125740257));
#13077 = CARTESIAN_POINT('',(6.945812875584,1.955101136284));
#13078 = ( GEOMETRIC_REPRESENTATION_CONTEXT(2) 
PARAMETRIC_REPRESENTATION_CONTEXT() REPRESENTATION_CONTEXT('2D SPACE',''
  ) );
#13079 = ADVANCED_FACE('',(#13080),#6582,.T.);
#13080 = FACE_BOUND('',#13081,.F.);
#13081 = EDGE_LOOP('',(#13082,#13083,#13084));
#13082 = ORIENTED_EDGE('',*,*,#6679,.F.);
#13083 = ORIENTED_EDGE('',*,*,#6566,.T.);
#13084 = ORIENTED_EDGE('',*,*,#13085,.F.);
#13085 = EDGE_CURVE('',#6680,#6567,#13086,.T.);
#13086 = SURFACE_CURVE('',#13087,(#13092,#13099),.PCURVE_S1.);
#13087 = CIRCLE('',#13088,1.);
#13088 = AXIS2_PLACEMENT_3D('',#13089,#13090,#13091);
#13089 = CARTESIAN_POINT('',(20.826005377892,1.,-1.));
#13090 = DIRECTION('',(-2.006562453777E-34,1.224646799147E-16,1.));
#13091 = DIRECTION('',(-0.998849178796,-4.796163069543E-02,
    5.873605751305E-18));
#13092 = PCURVE('',#6582,#13093);
#13093 = DEFINITIONAL_REPRESENTATION('',(#13094),#13098);
#13094 = LINE('',#13095,#13096);
#13095 = CARTESIAN_POINT('',(-0.,0.));
#13096 = VECTOR('',#13097,1.);
#13097 = DIRECTION('',(-1.,0.));
#13098 = ( GEOMETRIC_REPRESENTATION_CONTEXT(2) 
PARAMETRIC_REPRESENTATION_CONTEXT() REPRESENTATION_CONTEXT('2D SPACE',''
  ) );
#13099 = PCURVE('',#13100,#13105);
#13100 = CYLINDRICAL_SURFACE('',#13101,1.);
#13101 = AXIS2_PLACEMENT_3D('',#13102,#13103,#13104);
#13102 = CARTESIAN_POINT('',(20.826005377892,1.,-1.249000902703E-16));
#13103 = DIRECTION('',(0.,-1.224646799147E-16,-1.));
#13104 = DIRECTION('',(-0.,-1.,1.224646799147E-16));
#13105 = DEFINITIONAL_REPRESENTATION('',(#13106),#13110);
#13106 = LINE('',#13107,#13108);
#13107 = CARTESIAN_POINT('',(1.522816289205,1.));
#13108 = VECTOR('',#13109,1.);
#13109 = DIRECTION('',(-1.,-0.));
#13110 = ( GEOMETRIC_REPRESENTATION_CONTEXT(2) 
PARAMETRIC_REPRESENTATION_CONTEXT() REPRESENTATION_CONTEXT('2D SPACE',''
  ) );
#13111 = ADVANCED_FACE('',(#13112),#6636,.F.);
#13112 = FACE_BOUND('',#13113,.F.);
#13113 = EDGE_LOOP('',(#13114,#13141,#13189,#13217,#13245,#13266));
#13114 = ORIENTED_EDGE('',*,*,#13115,.T.);
#13115 = EDGE_CURVE('',#6595,#13116,#13118,.T.);
#13116 = VERTEX_POINT('',#13117);
#13117 = CARTESIAN_POINT('',(21.699212392187,0.,-4.758397062223));
#13118 = SURFACE_CURVE('',#13119,(#13126,#13134),.PCURVE_S1.);
#13119 = B_SPLINE_CURVE_WITH_KNOTS('',3,(#13120,#13121,#13122,#13123,
    #13124,#13125),.UNSPECIFIED.,.F.,.F.,(4,2,4),(-0.219694753465,
    1.174780040033E-02,6.957560675984),.UNSPECIFIED.);
#13120 = CARTESIAN_POINT('',(25.651176508797,1.110780726181E-17,
    0.769390132075));
#13121 = CARTESIAN_POINT('',(25.606234772371,7.401994511665E-18,
    0.706519962452));
#13122 = CARTESIAN_POINT('',(25.561331968777,3.699392091061E-18,
    0.643704256985));
#13123 = CARTESIAN_POINT('',(24.1700603351,-1.110223024625E-16,
    -1.302581991758));
#13124 = CARTESIAN_POINT('',(22.823548213435,-1.110223024625E-16,
    -3.186032457226));
#13125 = CARTESIAN_POINT('',(21.476859269467,0.,-5.069356621048));
#13126 = PCURVE('',#6636,#13127);
#13127 = DEFINITIONAL_REPRESENTATION('',(#13128),#13133);
#13128 = B_SPLINE_CURVE_WITH_KNOTS('',3,(#13129,#13130,#13131,#13132),
  .UNSPECIFIED.,.F.,.F.,(4,4),(1.174780040033E-02,6.957560675984),
  .PIECEWISE_BEZIER_KNOTS.);
#13129 = CARTESIAN_POINT('',(15.080943015674,60.016468098014));
#13130 = CARTESIAN_POINT('',(13.197418008242,58.6700603351));
#13131 = CARTESIAN_POINT('',(11.313967542774,57.323548213435));
#13132 = CARTESIAN_POINT('',(9.430643378952,55.976859269467));
#13133 = ( GEOMETRIC_REPRESENTATION_CONTEXT(2) 
PARAMETRIC_REPRESENTATION_CONTEXT() REPRESENTATION_CONTEXT('2D SPACE',''
  ) );
#13134 = PCURVE('',#12738,#13135);
#13135 = DEFINITIONAL_REPRESENTATION('',(#13136),#13140);
#13136 = LINE('',#13137,#13138);
#13137 = CARTESIAN_POINT('',(6.945812875584,0.));
#13138 = VECTOR('',#13139,1.);
#13139 = DIRECTION('',(0.,1.));
#13140 = ( GEOMETRIC_REPRESENTATION_CONTEXT(2) 
PARAMETRIC_REPRESENTATION_CONTEXT() REPRESENTATION_CONTEXT('2D SPACE',''
  ) );
#13141 = ORIENTED_EDGE('',*,*,#13142,.F.);
#13142 = EDGE_CURVE('',#13143,#13116,#13145,.T.);
#13143 = VERTEX_POINT('',#13144);
#13144 = CARTESIAN_POINT('',(21.326568932051,0.,-5.92046505341));
#13145 = SURFACE_CURVE('',#13146,(#13153,#13163),.PCURVE_S1.);
#13146 = ( BOUNDED_CURVE() B_SPLINE_CURVE(5,(#13147,#13148,#13149,#13150
,#13151,#13152),.UNSPECIFIED.,.F.,.F.) B_SPLINE_CURVE_WITH_KNOTS((6,6),(
3.956937174538E-15,0.620249485983),.PIECEWISE_BEZIER_KNOTS.) CURVE() 
GEOMETRIC_REPRESENTATION_ITEM() RATIONAL_B_SPLINE_CURVE((1.,1.,1.,1.,1.,
1.)) REPRESENTATION_ITEM('') );
#13147 = CARTESIAN_POINT('',(21.326568932051,0.,-5.92046505341));
#13148 = CARTESIAN_POINT('',(21.32656893205,-4.440892098501E-16,
    -5.67242248971));
#13149 = CARTESIAN_POINT('',(21.365060603876,7.771561172376E-16,
    -5.424378460504));
#13150 = CARTESIAN_POINT('',(21.442068540836,-5.551115123126E-16,
    -5.184314577651));
#13151 = CARTESIAN_POINT('',(21.555007381887,-1.110223024625E-16,
    -4.960177103389));
#13152 = CARTESIAN_POINT('',(21.699212392187,0.,-4.758397062223));
#13153 = PCURVE('',#6636,#13154);
#13154 = DEFINITIONAL_REPRESENTATION('',(#13155),#13162);
#13155 = B_SPLINE_CURVE_WITH_KNOTS('',5,(#13156,#13157,#13158,#13159,
    #13160,#13161),.UNSPECIFIED.,.F.,.F.,(6,6),(3.956937174538E-15,
    0.620249485983),.PIECEWISE_BEZIER_KNOTS.);
#13156 = CARTESIAN_POINT('',(8.57953494659,55.826568932051));
#13157 = CARTESIAN_POINT('',(8.82757751029,55.82656893205));
#13158 = CARTESIAN_POINT('',(9.075621539496,55.865060603875));
#13159 = CARTESIAN_POINT('',(9.315685422349,55.942068540837));
#13160 = CARTESIAN_POINT('',(9.539822896611,56.055007381887));
#13161 = CARTESIAN_POINT('',(9.741602937777,56.199212392187));
#13162 = ( GEOMETRIC_REPRESENTATION_CONTEXT(2) 
PARAMETRIC_REPRESENTATION_CONTEXT() REPRESENTATION_CONTEXT('2D SPACE',''
  ) );
#13163 = PCURVE('',#13164,#13183);
#13164 = ( BOUNDED_SURFACE() B_SPLINE_SURFACE(2,5,(
    (#13165,#13166,#13167,#13168,#13169,#13170)
    ,(#13171,#13172,#13173,#13174,#13175,#13176)
    ,(#13177,#13178,#13179,#13180,#13181,#13182
)),.UNSPECIFIED.,.F.,.F.,.F.) B_SPLINE_SURFACE_WITH_KNOTS((3,3),(6,6),(
    0.,0.620249485983),(3.956937174538E-15,0.620249485983),
.PIECEWISE_BEZIER_KNOTS.) GEOMETRIC_REPRESENTATION_ITEM() 
RATIONAL_B_SPLINE_SURFACE((
    (1.,1.,1.,1.,1.,1.)
    ,(0.690348957562,0.690348957562,0.690706085306,0.691421304933
      ,0.692452378871,0.693736646222)
,(1.,1.,1.,1.,1.,1.))) REPRESENTATION_ITEM('') SURFACE() );
#13165 = CARTESIAN_POINT('',(21.326568932051,0.,-5.92046505341));
#13166 = CARTESIAN_POINT('',(21.32656893205,-4.440892098501E-16,
    -5.67242248971));
#13167 = CARTESIAN_POINT('',(21.365060603876,7.771561172376E-16,
    -5.424378460504));
#13168 = CARTESIAN_POINT('',(21.442068540836,-5.551115123126E-16,
    -5.184314577651));
#13169 = CARTESIAN_POINT('',(21.555007381887,-1.110223024625E-16,
    -4.960177103389));
#13170 = CARTESIAN_POINT('',(21.699212392187,0.,-4.758397062223));
#13171 = CARTESIAN_POINT('',(22.374555665376,-8.881784197001E-16,
    -5.92046505341));
#13172 = CARTESIAN_POINT('',(22.374555665376,-5.551115123126E-16,
    -5.802425136242));
#13173 = CARTESIAN_POINT('',(22.391849924531,-7.771561172376E-15,
    -5.684510270579));
#13174 = CARTESIAN_POINT('',(22.426368370993,2.287059430728E-14,
    -5.569737733643));
#13175 = CARTESIAN_POINT('',(22.477563218162,-8.881784197001E-15,
    -5.461150413643));
#13176 = CARTESIAN_POINT('',(22.544020362965,-8.215650382226E-15,
    -5.361831327064));
#13177 = CARTESIAN_POINT('',(22.325471494744,1.046836633586,
    -5.92046505341));
#13178 = CARTESIAN_POINT('',(22.325471494743,1.046836633587,
    -5.796336249921));
#13179 = CARTESIAN_POINT('',(22.344796505595,1.045850423656,
    -5.67220607971));
#13180 = CARTESIAN_POINT('',(22.383461984347,1.043875603935,
    -5.552111721511));
#13181 = CARTESIAN_POINT('',(22.440112977409,1.041022704677,
    -5.440057010517));
#13182 = CARTESIAN_POINT('',(22.51237475916,1.037458931378,
    -5.339227324346));
#13183 = DEFINITIONAL_REPRESENTATION('',(#13184),#13188);
#13184 = LINE('',#13185,#13186);
#13185 = CARTESIAN_POINT('',(0.,0.));
#13186 = VECTOR('',#13187,1.);
#13187 = DIRECTION('',(0.,1.));
#13188 = ( GEOMETRIC_REPRESENTATION_CONTEXT(2) 
PARAMETRIC_REPRESENTATION_CONTEXT() REPRESENTATION_CONTEXT('2D SPACE',''
  ) );
#13189 = ORIENTED_EDGE('',*,*,#13190,.T.);
#13190 = EDGE_CURVE('',#13143,#13191,#13193,.T.);
#13191 = VERTEX_POINT('',#13192);
#13192 = CARTESIAN_POINT('',(21.326567937669,-1.554312234475E-15,-13.));
#13193 = SURFACE_CURVE('',#13194,(#13198,#13205),.PCURVE_S1.);
#13194 = LINE('',#13195,#13196);
#13195 = CARTESIAN_POINT('',(21.326567937669,0.,-5.6));
#13196 = VECTOR('',#13197,1.);
#13197 = DIRECTION('',(0.,-1.224646799147E-16,-1.));
#13198 = PCURVE('',#6636,#13199);
#13199 = DEFINITIONAL_REPRESENTATION('',(#13200),#13204);
#13200 = LINE('',#13201,#13202);
#13201 = CARTESIAN_POINT('',(8.9,55.826567937669));
#13202 = VECTOR('',#13203,1.);
#13203 = DIRECTION('',(-1.,0.));
#13204 = ( GEOMETRIC_REPRESENTATION_CONTEXT(2) 
PARAMETRIC_REPRESENTATION_CONTEXT() REPRESENTATION_CONTEXT('2D SPACE',''
  ) );
#13205 = PCURVE('',#13206,#13211);
#13206 = CYLINDRICAL_SURFACE('',#13207,1.);
#13207 = AXIS2_PLACEMENT_3D('',#13208,#13209,#13210);
#13208 = CARTESIAN_POINT('',(21.326567937669,1.,-5.6));
#13209 = DIRECTION('',(0.,-1.224646799147E-16,-1.));
#13210 = DIRECTION('',(-0.,-1.,1.224646799147E-16));
#13211 = DEFINITIONAL_REPRESENTATION('',(#13212),#13216);
#13212 = LINE('',#13213,#13214);
#13213 = CARTESIAN_POINT('',(-0.,8.881784197001E-16));
#13214 = VECTOR('',#13215,1.);
#13215 = DIRECTION('',(-0.,1.));
#13216 = ( GEOMETRIC_REPRESENTATION_CONTEXT(2) 
PARAMETRIC_REPRESENTATION_CONTEXT() REPRESENTATION_CONTEXT('2D SPACE',''
  ) );
#13217 = ORIENTED_EDGE('',*,*,#13218,.F.);
#13218 = EDGE_CURVE('',#13219,#13191,#13221,.T.);
#13219 = VERTEX_POINT('',#13220);
#13220 = CARTESIAN_POINT('',(20.826005377892,-1.554312234475E-15,-13.));
#13221 = SURFACE_CURVE('',#13222,(#13226,#13233),.PCURVE_S1.);
#13222 = LINE('',#13223,#13224);
#13223 = CARTESIAN_POINT('',(19.85,2.22044604925E-16,-13.));
#13224 = VECTOR('',#13225,1.);
#13225 = DIRECTION('',(1.,-0.,0.));
#13226 = PCURVE('',#6636,#13227);
#13227 = DEFINITIONAL_REPRESENTATION('',(#13228),#13232);
#13228 = LINE('',#13229,#13230);
#13229 = CARTESIAN_POINT('',(1.5,54.35));
#13230 = VECTOR('',#13231,1.);
#13231 = DIRECTION('',(0.,1.));
#13232 = ( GEOMETRIC_REPRESENTATION_CONTEXT(2) 
PARAMETRIC_REPRESENTATION_CONTEXT() REPRESENTATION_CONTEXT('2D SPACE',''
  ) );
#13233 = PCURVE('',#13234,#13239);
#13234 = CYLINDRICAL_SURFACE('',#13235,1.);
#13235 = AXIS2_PLACEMENT_3D('',#13236,#13237,#13238);
#13236 = CARTESIAN_POINT('',(19.85,1.,-13.));
#13237 = DIRECTION('',(1.,-0.,0.));
#13238 = DIRECTION('',(-0.,-1.,0.));
#13239 = DEFINITIONAL_REPRESENTATION('',(#13240),#13244);
#13240 = LINE('',#13241,#13242);
#13241 = CARTESIAN_POINT('',(0.,0.));
#13242 = VECTOR('',#13243,1.);
#13243 = DIRECTION('',(0.,1.));
#13244 = ( GEOMETRIC_REPRESENTATION_CONTEXT(2) 
PARAMETRIC_REPRESENTATION_CONTEXT() REPRESENTATION_CONTEXT('2D SPACE',''
  ) );
#13245 = ORIENTED_EDGE('',*,*,#13246,.F.);
#13246 = EDGE_CURVE('',#6567,#13219,#13247,.T.);
#13247 = SURFACE_CURVE('',#13248,(#13252,#13259),.PCURVE_S1.);
#13248 = LINE('',#13249,#13250);
#13249 = CARTESIAN_POINT('',(20.826005377892,0.,0.));
#13250 = VECTOR('',#13251,1.);
#13251 = DIRECTION('',(0.,-1.224646799147E-16,-1.));
#13252 = PCURVE('',#6636,#13253);
#13253 = DEFINITIONAL_REPRESENTATION('',(#13254),#13258);
#13254 = LINE('',#13255,#13256);
#13255 = CARTESIAN_POINT('',(14.5,55.326005377892));
#13256 = VECTOR('',#13257,1.);
#13257 = DIRECTION('',(-1.,0.));
#13258 = ( GEOMETRIC_REPRESENTATION_CONTEXT(2) 
PARAMETRIC_REPRESENTATION_CONTEXT() REPRESENTATION_CONTEXT('2D SPACE',''
  ) );
#13259 = PCURVE('',#13100,#13260);
#13260 = DEFINITIONAL_REPRESENTATION('',(#13261),#13265);
#13261 = LINE('',#13262,#13263);
#13262 = CARTESIAN_POINT('',(0.,-2.435410355595E-18));
#13263 = VECTOR('',#13264,1.);
#13264 = DIRECTION('',(0.,1.));
#13265 = ( GEOMETRIC_REPRESENTATION_CONTEXT(2) 
PARAMETRIC_REPRESENTATION_CONTEXT() REPRESENTATION_CONTEXT('2D SPACE',''
  ) );
#13266 = ORIENTED_EDGE('',*,*,#6622,.T.);
#13267 = ADVANCED_FACE('',(#13268),#6667,.T.);
#13268 = FACE_BOUND('',#13269,.F.);
#13269 = EDGE_LOOP('',(#13270,#13271,#13272));
#13270 = ORIENTED_EDGE('',*,*,#6868,.F.);
#13271 = ORIENTED_EDGE('',*,*,#6651,.T.);
#13272 = ORIENTED_EDGE('',*,*,#13273,.F.);
#13273 = EDGE_CURVE('',#6841,#6652,#13274,.T.);
#13274 = SURFACE_CURVE('',#13275,(#13280,#13287),.PCURVE_S1.);
#13275 = CIRCLE('',#13276,1.);
#13276 = AXIS2_PLACEMENT_3D('',#13277,#13278,#13279);
#13277 = CARTESIAN_POINT('',(-20.82600537789,1.,-1.));
#13278 = DIRECTION('',(-0.,1.224646799147E-16,1.));
#13279 = DIRECTION('',(0.,-1.,1.224646799147E-16));
#13280 = PCURVE('',#6667,#13281);
#13281 = DEFINITIONAL_REPRESENTATION('',(#13282),#13286);
#13282 = LINE('',#13283,#13284);
#13283 = CARTESIAN_POINT('',(-0.,0.));
#13284 = VECTOR('',#13285,1.);
#13285 = DIRECTION('',(-1.,0.));
#13286 = ( GEOMETRIC_REPRESENTATION_CONTEXT(2) 
PARAMETRIC_REPRESENTATION_CONTEXT() REPRESENTATION_CONTEXT('2D SPACE',''
  ) );
#13287 = PCURVE('',#13288,#13293);
#13288 = CYLINDRICAL_SURFACE('',#13289,1.);
#13289 = AXIS2_PLACEMENT_3D('',#13290,#13291,#13292);
#13290 = CARTESIAN_POINT('',(-20.82600537789,1.,-1.249000902703E-16));
#13291 = DIRECTION('',(0.,-1.224646799147E-16,-1.));
#13292 = DIRECTION('',(-0.,-1.,1.224646799147E-16));
#13293 = DEFINITIONAL_REPRESENTATION('',(#13294),#13298);
#13294 = LINE('',#13295,#13296);
#13295 = CARTESIAN_POINT('',(-0.,1.));
#13296 = VECTOR('',#13297,1.);
#13297 = DIRECTION('',(-1.,0.));
#13298 = ( GEOMETRIC_REPRESENTATION_CONTEXT(2) 
PARAMETRIC_REPRESENTATION_CONTEXT() REPRESENTATION_CONTEXT('2D SPACE',''
  ) );
#13299 = ADVANCED_FACE('',(#13300),#6716,.F.);
#13300 = FACE_BOUND('',#13301,.F.);
#13301 = EDGE_LOOP('',(#13302,#13325,#13354,#13375));
#13302 = ORIENTED_EDGE('',*,*,#13303,.T.);
#13303 = EDGE_CURVE('',#6680,#13304,#13306,.T.);
#13304 = VERTEX_POINT('',#13305);
#13305 = CARTESIAN_POINT('',(19.827156199097,0.952038369305,-13.));
#13306 = SURFACE_CURVE('',#13307,(#13311,#13318),.PCURVE_S1.);
#13307 = LINE('',#13308,#13309);
#13308 = CARTESIAN_POINT('',(19.827156199097,0.952038369305,
    -1.110223024625E-16));
#13309 = VECTOR('',#13310,1.);
#13310 = DIRECTION('',(0.,-1.224646799147E-16,-1.));
#13311 = PCURVE('',#6716,#13312);
#13312 = DEFINITIONAL_REPRESENTATION('',(#13313),#13317);
#13313 = LINE('',#13314,#13315);
#13314 = CARTESIAN_POINT('',(6.23520526959,0.1));
#13315 = VECTOR('',#13316,1.);
#13316 = DIRECTION('',(0.,1.));
#13317 = ( GEOMETRIC_REPRESENTATION_CONTEXT(2) 
PARAMETRIC_REPRESENTATION_CONTEXT() REPRESENTATION_CONTEXT('2D SPACE',''
  ) );
#13318 = PCURVE('',#13100,#13319);
#13319 = DEFINITIONAL_REPRESENTATION('',(#13320),#13324);
#13320 = LINE('',#13321,#13322);
#13321 = CARTESIAN_POINT('',(1.522816289205,-8.004182056509E-18));
#13322 = VECTOR('',#13323,1.);
#13323 = DIRECTION('',(0.,1.));
#13324 = ( GEOMETRIC_REPRESENTATION_CONTEXT(2) 
PARAMETRIC_REPRESENTATION_CONTEXT() REPRESENTATION_CONTEXT('2D SPACE',''
  ) );
#13325 = ORIENTED_EDGE('',*,*,#13326,.F.);
#13326 = EDGE_CURVE('',#13327,#13304,#13329,.T.);
#13327 = VERTEX_POINT('',#13328);
#13328 = CARTESIAN_POINT('',(-19.82715619909,0.952038369305,-13.));
#13329 = SURFACE_CURVE('',#13330,(#13335,#13342),.PCURVE_S1.);
#13330 = CIRCLE('',#13331,19.85);
#13331 = AXIS2_PLACEMENT_3D('',#13332,#13333,#13334);
#13332 = CARTESIAN_POINT('',(0.,-1.604287306883E-15,-13.));
#13333 = DIRECTION('',(6.016155777704E-49,-1.224646799147E-16,-1.));
#13334 = DIRECTION('',(-1.,-1.224646799147E-16,1.499759782662E-32));
#13335 = PCURVE('',#6716,#13336);
#13336 = DEFINITIONAL_REPRESENTATION('',(#13337),#13341);
#13337 = LINE('',#13338,#13339);
#13338 = CARTESIAN_POINT('',(3.14159265359,13.1));
#13339 = VECTOR('',#13340,1.);
#13340 = DIRECTION('',(1.,0.));
#13341 = ( GEOMETRIC_REPRESENTATION_CONTEXT(2) 
PARAMETRIC_REPRESENTATION_CONTEXT() REPRESENTATION_CONTEXT('2D SPACE',''
  ) );
#13342 = PCURVE('',#13343,#13348);
#13343 = TOROIDAL_SURFACE('',#13344,20.85,1.);
#13344 = AXIS2_PLACEMENT_3D('',#13345,#13346,#13347);
#13345 = CARTESIAN_POINT('',(0.,-1.604287306883E-15,-13.));
#13346 = DIRECTION('',(-0.,1.224646799147E-16,1.));
#13347 = DIRECTION('',(-1.,-1.224646799147E-16,1.499759782662E-32));
#13348 = DEFINITIONAL_REPRESENTATION('',(#13349),#13353);
#13349 = LINE('',#13350,#13351);
#13350 = CARTESIAN_POINT('',(-0.,3.14159265359));
#13351 = VECTOR('',#13352,1.);
#13352 = DIRECTION('',(-1.,0.));
#13353 = ( GEOMETRIC_REPRESENTATION_CONTEXT(2) 
PARAMETRIC_REPRESENTATION_CONTEXT() REPRESENTATION_CONTEXT('2D SPACE',''
  ) );
#13354 = ORIENTED_EDGE('',*,*,#13355,.F.);
#13355 = EDGE_CURVE('',#6652,#13327,#13356,.T.);
#13356 = SURFACE_CURVE('',#13357,(#13361,#13368),.PCURVE_S1.);
#13357 = LINE('',#13358,#13359);
#13358 = CARTESIAN_POINT('',(-19.82715619909,0.952038369305,
    -1.110223024625E-16));
#13359 = VECTOR('',#13360,1.);
#13360 = DIRECTION('',(0.,-1.224646799147E-16,-1.));
#13361 = PCURVE('',#6716,#13362);
#13362 = DEFINITIONAL_REPRESENTATION('',(#13363),#13367);
#13363 = LINE('',#13364,#13365);
#13364 = CARTESIAN_POINT('',(3.189572691179,0.1));
#13365 = VECTOR('',#13366,1.);
#13366 = DIRECTION('',(0.,1.));
#13367 = ( GEOMETRIC_REPRESENTATION_CONTEXT(2) 
PARAMETRIC_REPRESENTATION_CONTEXT() REPRESENTATION_CONTEXT('2D SPACE',''
  ) );
#13368 = PCURVE('',#13288,#13369);
#13369 = DEFINITIONAL_REPRESENTATION('',(#13370),#13374);
#13370 = LINE('',#13371,#13372);
#13371 = CARTESIAN_POINT('',(-1.522816289205,-8.004182056507E-18));
#13372 = VECTOR('',#13373,1.);
#13373 = DIRECTION('',(-0.,1.));
#13374 = ( GEOMETRIC_REPRESENTATION_CONTEXT(2) 
PARAMETRIC_REPRESENTATION_CONTEXT() REPRESENTATION_CONTEXT('2D SPACE',''
  ) );
#13375 = ORIENTED_EDGE('',*,*,#6701,.T.);
#13376 = ADVANCED_FACE('',(#13377),#6752,.T.);
#13377 = FACE_BOUND('',#13378,.T.);
#13378 = EDGE_LOOP('',(#13379,#13440,#13441));
#13379 = ORIENTED_EDGE('',*,*,#13380,.F.);
#13380 = EDGE_CURVE('',#6732,#6893,#13381,.T.);
#13381 = SURFACE_CURVE('',#13382,(#13392,#13398),.PCURVE_S1.);
#13382 = B_SPLINE_CURVE_WITH_KNOTS('',8,(#13383,#13384,#13385,#13386,
    #13387,#13388,#13389,#13390,#13391),.UNSPECIFIED.,.F.,.F.,(9,9),(0.,
    1.),.PIECEWISE_BEZIER_KNOTS.);
#13383 = CARTESIAN_POINT('',(-24.38631681914,6.938893903907E-17,-1.));
#13384 = CARTESIAN_POINT('',(-24.54934581316,1.879272217464E-15,
    -1.116523588773));
#13385 = CARTESIAN_POINT('',(-24.71275164235,4.590579822132E-02,
    -1.233308456668));
#13386 = CARTESIAN_POINT('',(-24.86550739736,0.137950275964,
    -1.342480709572));
#13387 = CARTESIAN_POINT('',(-24.9990575749,0.271548090709,
    -1.437931275855));
#13388 = CARTESIAN_POINT('',(-25.10323162539,0.440063106465,
    -1.512396701236));
#13389 = CARTESIAN_POINT('',(-25.1729710655,0.630782781857,
    -1.562265388212));
#13390 = CARTESIAN_POINT('',(-25.20483292855,0.833044852703,
    -1.585080457963));
#13391 = CARTESIAN_POINT('',(-25.19936734581,1.033321329351,
    -1.581238193719));
#13392 = PCURVE('',#6752,#13393);
#13393 = DEFINITIONAL_REPRESENTATION('',(#13394),#13397);
#13394 = B_SPLINE_CURVE_WITH_KNOTS('',1,(#13395,#13396),.UNSPECIFIED.,
  .F.,.F.,(2,2),(0.,1.),.PIECEWISE_BEZIER_KNOTS.);
#13395 = CARTESIAN_POINT('',(0.,0.));
#13396 = CARTESIAN_POINT('',(0.,1.));
#13397 = ( GEOMETRIC_REPRESENTATION_CONTEXT(2) 
PARAMETRIC_REPRESENTATION_CONTEXT() REPRESENTATION_CONTEXT('2D SPACE',''
  ) );
#13398 = PCURVE('',#12916,#13399);
#13399 = DEFINITIONAL_REPRESENTATION('',(#13400),#13439);
#13400 = B_SPLINE_CURVE_WITH_KNOTS('',10,(#13401,#13402,#13403,#13404,
    #13405,#13406,#13407,#13408,#13409,#13410,#13411,#13412,#13413,
    #13414,#13415,#13416,#13417,#13418,#13419,#13420,#13421,#13422,
    #13423,#13424,#13425,#13426,#13427,#13428,#13429,#13430,#13431,
    #13432,#13433,#13434,#13435,#13436,#13437,#13438),.UNSPECIFIED.,.F.,
  .F.,(11,9,9,9,11),(0.,0.5,0.75,0.875,1.),.UNSPECIFIED.);
#13401 = CARTESIAN_POINT('',(6.945812875585,4.92675907735));
#13402 = CARTESIAN_POINT('',(6.558534707112,4.926736933778));
#13403 = CARTESIAN_POINT('',(6.185540032858,4.926715606899));
#13404 = CARTESIAN_POINT('',(5.824558242422,4.926694966887));
#13405 = CARTESIAN_POINT('',(5.473385471636,4.926674887729));
#13406 = CARTESIAN_POINT('',(5.130024723307,4.926655255243));
#13407 = CARTESIAN_POINT('',(4.792705626413,4.926635968202));
#13408 = CARTESIAN_POINT('',(4.459830160194,4.926616935237));
#13409 = CARTESIAN_POINT('',(4.129890669421,4.926598070143));
#13410 = CARTESIAN_POINT('',(3.801406497282,4.926579288261));
#13411 = CARTESIAN_POINT('',(3.308685094642,4.926551115715));
#13412 = CARTESIAN_POINT('',(3.144444664927,4.926541724869));
#13413 = CARTESIAN_POINT('',(2.980021365318,4.926532323567));
#13414 = CARTESIAN_POINT('',(2.815232315529,4.926522901351));
#13415 = CARTESIAN_POINT('',(2.649893088486,4.926513447679));
#13416 = CARTESIAN_POINT('',(2.483816136104,4.926503951824));
#13417 = CARTESIAN_POINT('',(2.316809215064,4.926494402798));
#13418 = CARTESIAN_POINT('',(2.148673812583,4.926484789246));
#13419 = CARTESIAN_POINT('',(1.979203572197,4.926475099373));
#13420 = CARTESIAN_POINT('',(1.722672293191,4.926460431572));
#13421 = CARTESIAN_POINT('',(1.636774131932,4.926455520136));
#13422 = CARTESIAN_POINT('',(1.550461360319,4.926450584993));
#13423 = CARTESIAN_POINT('',(1.463706425505,4.926445624569));
#13424 = CARTESIAN_POINT('',(1.376481097223,4.926440637248));
#13425 = CARTESIAN_POINT('',(1.288756467788,4.926435621379));
#13426 = CARTESIAN_POINT('',(1.200502952097,4.926430575269));
#13427 = CARTESIAN_POINT('',(1.111690287626,4.926425497189));
#13428 = CARTESIAN_POINT('',(1.022287534436,4.926420385369));
#13429 = CARTESIAN_POINT('',(0.842238615898,4.926410090634));
#13430 = CARTESIAN_POINT('',(0.751574421894,4.926404906688));
#13431 = CARTESIAN_POINT('',(0.660404497983,4.926399693824));
#13432 = CARTESIAN_POINT('',(0.567947688136,4.926394407384));
#13433 = CARTESIAN_POINT('',(0.476293373832,4.926389166822));
#13434 = CARTESIAN_POINT('',(0.381342600415,4.926383737784));
#13435 = CARTESIAN_POINT('',(0.288352653893,4.926378420855));
#13436 = CARTESIAN_POINT('',(0.192829661653,4.926372959096));
#13437 = CARTESIAN_POINT('',(9.681841218157E-02,4.926367469419));
#13438 = CARTESIAN_POINT('',(1.110223024625E-16,4.926361933591));
#13439 = ( GEOMETRIC_REPRESENTATION_CONTEXT(2) 
PARAMETRIC_REPRESENTATION_CONTEXT() REPRESENTATION_CONTEXT('2D SPACE',''
  ) );
#13440 = ORIENTED_EDGE('',*,*,#6731,.T.);
#13441 = ORIENTED_EDGE('',*,*,#6944,.F.);
#13442 = ADVANCED_FACE('',(#13443),#6856,.F.);
#13443 = FACE_BOUND('',#13444,.F.);
#13444 = EDGE_LOOP('',(#13445,#13472,#13473,#13496,#13524,#13552));
#13445 = ORIENTED_EDGE('',*,*,#13446,.T.);
#13446 = EDGE_CURVE('',#13447,#6732,#13449,.T.);
#13447 = VERTEX_POINT('',#13448);
#13448 = CARTESIAN_POINT('',(-21.69921239218,0.,-4.758397062223));
#13449 = SURFACE_CURVE('',#13450,(#13457,#13465),.PCURVE_S1.);
#13450 = B_SPLINE_CURVE_WITH_KNOTS('',3,(#13451,#13452,#13453,#13454,
    #13455,#13456),.UNSPECIFIED.,.F.,.F.,(4,2,4),(-7.570046234998E-02,
    6.870112413235,7.1015549671),.UNSPECIFIED.);
#13451 = CARTESIAN_POINT('',(-21.47685926946,0.,-5.069356621048));
#13452 = CARTESIAN_POINT('',(-22.82354821343,1.110223024625E-16,
    -3.186032457226));
#13453 = CARTESIAN_POINT('',(-24.1700603351,0.,-1.302581991758));
#13454 = CARTESIAN_POINT('',(-25.56133196877,0.,0.643704256986));
#13455 = CARTESIAN_POINT('',(-25.60623477237,0.,0.706519962453));
#13456 = CARTESIAN_POINT('',(-25.65117650879,0.,0.769390132076));
#13457 = PCURVE('',#6856,#13458);
#13458 = DEFINITIONAL_REPRESENTATION('',(#13459),#13464);
#13459 = B_SPLINE_CURVE_WITH_KNOTS('',3,(#13460,#13461,#13462,#13463),
  .UNSPECIFIED.,.F.,.F.,(4,4),(-7.570046234998E-02,6.870112413235),
  .PIECEWISE_BEZIER_KNOTS.);
#13460 = CARTESIAN_POINT('',(9.430643378952,13.023140730533));
#13461 = CARTESIAN_POINT('',(11.313967542774,11.676451786565));
#13462 = CARTESIAN_POINT('',(13.197418008242,10.3299396649));
#13463 = CARTESIAN_POINT('',(15.080943015674,8.983531901986));
#13464 = ( GEOMETRIC_REPRESENTATION_CONTEXT(2) 
PARAMETRIC_REPRESENTATION_CONTEXT() REPRESENTATION_CONTEXT('2D SPACE',''
  ) );
#13465 = PCURVE('',#12916,#13466);
#13466 = DEFINITIONAL_REPRESENTATION('',(#13467),#13471);
#13467 = LINE('',#13468,#13469);
#13468 = CARTESIAN_POINT('',(6.945812875585,0.));
#13469 = VECTOR('',#13470,1.);
#13470 = DIRECTION('',(0.,1.));
#13471 = ( GEOMETRIC_REPRESENTATION_CONTEXT(2) 
PARAMETRIC_REPRESENTATION_CONTEXT() REPRESENTATION_CONTEXT('2D SPACE',''
  ) );
#13472 = ORIENTED_EDGE('',*,*,#6840,.T.);
#13473 = ORIENTED_EDGE('',*,*,#13474,.T.);
#13474 = EDGE_CURVE('',#6841,#13475,#13477,.T.);
#13475 = VERTEX_POINT('',#13476);
#13476 = CARTESIAN_POINT('',(-20.82600537789,-1.554312234475E-15,-13.));
#13477 = SURFACE_CURVE('',#13478,(#13482,#13489),.PCURVE_S1.);
#13478 = LINE('',#13479,#13480);
#13479 = CARTESIAN_POINT('',(-20.82600537789,0.,0.));
#13480 = VECTOR('',#13481,1.);
#13481 = DIRECTION('',(0.,-1.224646799147E-16,-1.));
#13482 = PCURVE('',#6856,#13483);
#13483 = DEFINITIONAL_REPRESENTATION('',(#13484),#13488);
#13484 = LINE('',#13485,#13486);
#13485 = CARTESIAN_POINT('',(14.5,13.673994622108));
#13486 = VECTOR('',#13487,1.);
#13487 = DIRECTION('',(-1.,0.));
#13488 = ( GEOMETRIC_REPRESENTATION_CONTEXT(2) 
PARAMETRIC_REPRESENTATION_CONTEXT() REPRESENTATION_CONTEXT('2D SPACE',''
  ) );
#13489 = PCURVE('',#13288,#13490);
#13490 = DEFINITIONAL_REPRESENTATION('',(#13491),#13495);
#13491 = LINE('',#13492,#13493);
#13492 = CARTESIAN_POINT('',(-0.,-2.435410355595E-18));
#13493 = VECTOR('',#13494,1.);
#13494 = DIRECTION('',(-0.,1.));
#13495 = ( GEOMETRIC_REPRESENTATION_CONTEXT(2) 
PARAMETRIC_REPRESENTATION_CONTEXT() REPRESENTATION_CONTEXT('2D SPACE',''
  ) );
#13496 = ORIENTED_EDGE('',*,*,#13497,.F.);
#13497 = EDGE_CURVE('',#13498,#13475,#13500,.T.);
#13498 = VERTEX_POINT('',#13499);
#13499 = CARTESIAN_POINT('',(-21.32656793766,-1.554312234475E-15,-13.));
#13500 = SURFACE_CURVE('',#13501,(#13505,#13512),.PCURVE_S1.);
#13501 = LINE('',#13502,#13503);
#13502 = CARTESIAN_POINT('',(-22.35,2.22044604925E-16,-13.));
#13503 = VECTOR('',#13504,1.);
#13504 = DIRECTION('',(1.,-0.,0.));
#13505 = PCURVE('',#6856,#13506);
#13506 = DEFINITIONAL_REPRESENTATION('',(#13507),#13511);
#13507 = LINE('',#13508,#13509);
#13508 = CARTESIAN_POINT('',(1.5,12.15));
#13509 = VECTOR('',#13510,1.);
#13510 = DIRECTION('',(0.,1.));
#13511 = ( GEOMETRIC_REPRESENTATION_CONTEXT(2) 
PARAMETRIC_REPRESENTATION_CONTEXT() REPRESENTATION_CONTEXT('2D SPACE',''
  ) );
#13512 = PCURVE('',#13513,#13518);
#13513 = CYLINDRICAL_SURFACE('',#13514,1.);
#13514 = AXIS2_PLACEMENT_3D('',#13515,#13516,#13517);
#13515 = CARTESIAN_POINT('',(-22.35,1.,-13.));
#13516 = DIRECTION('',(1.,-0.,0.));
#13517 = DIRECTION('',(-0.,-1.,0.));
#13518 = DEFINITIONAL_REPRESENTATION('',(#13519),#13523);
#13519 = LINE('',#13520,#13521);
#13520 = CARTESIAN_POINT('',(0.,0.));
#13521 = VECTOR('',#13522,1.);
#13522 = DIRECTION('',(0.,1.));
#13523 = ( GEOMETRIC_REPRESENTATION_CONTEXT(2) 
PARAMETRIC_REPRESENTATION_CONTEXT() REPRESENTATION_CONTEXT('2D SPACE',''
  ) );
#13524 = ORIENTED_EDGE('',*,*,#13525,.F.);
#13525 = EDGE_CURVE('',#13526,#13498,#13528,.T.);
#13526 = VERTEX_POINT('',#13527);
#13527 = CARTESIAN_POINT('',(-21.32656893205,0.,-5.92046505341));
#13528 = SURFACE_CURVE('',#13529,(#13533,#13540),.PCURVE_S1.);
#13529 = LINE('',#13530,#13531);
#13530 = CARTESIAN_POINT('',(-21.32656793766,0.,-5.6));
#13531 = VECTOR('',#13532,1.);
#13532 = DIRECTION('',(0.,-1.224646799147E-16,-1.));
#13533 = PCURVE('',#6856,#13534);
#13534 = DEFINITIONAL_REPRESENTATION('',(#13535),#13539);
#13535 = LINE('',#13536,#13537);
#13536 = CARTESIAN_POINT('',(8.9,13.173432062331));
#13537 = VECTOR('',#13538,1.);
#13538 = DIRECTION('',(-1.,0.));
#13539 = ( GEOMETRIC_REPRESENTATION_CONTEXT(2) 
PARAMETRIC_REPRESENTATION_CONTEXT() REPRESENTATION_CONTEXT('2D SPACE',''
  ) );
#13540 = PCURVE('',#13541,#13546);
#13541 = CYLINDRICAL_SURFACE('',#13542,1.);
#13542 = AXIS2_PLACEMENT_3D('',#13543,#13544,#13545);
#13543 = CARTESIAN_POINT('',(-21.32656793766,1.,-5.6));
#13544 = DIRECTION('',(0.,-1.224646799147E-16,-1.));
#13545 = DIRECTION('',(-0.,-1.,1.224646799147E-16));
#13546 = DEFINITIONAL_REPRESENTATION('',(#13547),#13551);
#13547 = LINE('',#13548,#13549);
#13548 = CARTESIAN_POINT('',(0.,8.881784197001E-16));
#13549 = VECTOR('',#13550,1.);
#13550 = DIRECTION('',(0.,1.));
#13551 = ( GEOMETRIC_REPRESENTATION_CONTEXT(2) 
PARAMETRIC_REPRESENTATION_CONTEXT() REPRESENTATION_CONTEXT('2D SPACE',''
  ) );
#13552 = ORIENTED_EDGE('',*,*,#13553,.T.);
#13553 = EDGE_CURVE('',#13526,#13447,#13554,.T.);
#13554 = SURFACE_CURVE('',#13555,(#13562,#13572),.PCURVE_S1.);
#13555 = ( BOUNDED_CURVE() B_SPLINE_CURVE(5,(#13556,#13557,#13558,#13559
,#13560,#13561),.UNSPECIFIED.,.F.,.F.) B_SPLINE_CURVE_WITH_KNOTS((6,6),(
3.143973399478E-15,0.620249485983),.PIECEWISE_BEZIER_KNOTS.) CURVE() 
GEOMETRIC_REPRESENTATION_ITEM() RATIONAL_B_SPLINE_CURVE((1.,1.,1.,1.,1.,
1.)) REPRESENTATION_ITEM('') );
#13556 = CARTESIAN_POINT('',(-21.32656893205,0.,-5.92046505341));
#13557 = CARTESIAN_POINT('',(-21.32656893205,0.,-5.67242248971));
#13558 = CARTESIAN_POINT('',(-21.36506060387,0.,-5.424378460504));
#13559 = CARTESIAN_POINT('',(-21.44206854083,1.110223024625E-16,
    -5.184314577651));
#13560 = CARTESIAN_POINT('',(-21.55500738188,0.,-4.960177103389));
#13561 = CARTESIAN_POINT('',(-21.69921239218,0.,-4.758397062223));
#13562 = PCURVE('',#6856,#13563);
#13563 = DEFINITIONAL_REPRESENTATION('',(#13564),#13571);
#13564 = B_SPLINE_CURVE_WITH_KNOTS('',5,(#13565,#13566,#13567,#13568,
    #13569,#13570),.UNSPECIFIED.,.F.,.F.,(6,6),(3.143973399478E-15,
    0.620249485983),.PIECEWISE_BEZIER_KNOTS.);
#13565 = CARTESIAN_POINT('',(8.57953494659,13.173431067949));
#13566 = CARTESIAN_POINT('',(8.82757751029,13.17343106795));
#13567 = CARTESIAN_POINT('',(9.075621539496,13.134939396124));
#13568 = CARTESIAN_POINT('',(9.315685422349,13.057931459164));
#13569 = CARTESIAN_POINT('',(9.539822896611,12.944992618113));
#13570 = CARTESIAN_POINT('',(9.741602937777,12.800787607813));
#13571 = ( GEOMETRIC_REPRESENTATION_CONTEXT(2) 
PARAMETRIC_REPRESENTATION_CONTEXT() REPRESENTATION_CONTEXT('2D SPACE',''
  ) );
#13572 = PCURVE('',#13573,#13592);
#13573 = ( BOUNDED_SURFACE() B_SPLINE_SURFACE(2,5,(
    (#13574,#13575,#13576,#13577,#13578,#13579)
    ,(#13580,#13581,#13582,#13583,#13584,#13585)
    ,(#13586,#13587,#13588,#13589,#13590,#13591
)),.UNSPECIFIED.,.F.,.F.,.F.) B_SPLINE_SURFACE_WITH_KNOTS((3,3),(6,6),(
    0.,0.620249485983),(3.143973399478E-15,0.620249485983),
.PIECEWISE_BEZIER_KNOTS.) GEOMETRIC_REPRESENTATION_ITEM() 
RATIONAL_B_SPLINE_SURFACE((
    (1.,1.,1.,1.,1.,1.)
    ,(0.690348957562,0.690348957562,0.690706085306,0.691421304933
      ,0.692452378871,0.693736646222)
,(1.,1.,1.,1.,1.,1.))) REPRESENTATION_ITEM('') SURFACE() );
#13574 = CARTESIAN_POINT('',(-21.32656893205,0.,-5.92046505341));
#13575 = CARTESIAN_POINT('',(-21.32656893205,0.,-5.67242248971));
#13576 = CARTESIAN_POINT('',(-21.36506060387,0.,-5.424378460504));
#13577 = CARTESIAN_POINT('',(-21.44206854083,1.110223024625E-16,
    -5.184314577651));
#13578 = CARTESIAN_POINT('',(-21.55500738188,0.,-4.960177103389));
#13579 = CARTESIAN_POINT('',(-21.69921239218,0.,-4.758397062223));
#13580 = CARTESIAN_POINT('',(-22.37455566537,1.110223024625E-16,
    -5.92046505341));
#13581 = CARTESIAN_POINT('',(-22.37455566537,-2.22044604925E-16,
    -5.802425136242));
#13582 = CARTESIAN_POINT('',(-22.39184992453,-7.105427357601E-15,
    -5.684510270579));
#13583 = CARTESIAN_POINT('',(-22.42636837099,6.439293542826E-15,
    -5.569737733643));
#13584 = CARTESIAN_POINT('',(-22.47756321816,-2.442490654175E-15,
    -5.461150413643));
#13585 = CARTESIAN_POINT('',(-22.54402036296,-2.997602166488E-15,
    -5.361831327064));
#13586 = CARTESIAN_POINT('',(-22.32547149474,1.046836633586,
    -5.92046505341));
#13587 = CARTESIAN_POINT('',(-22.32547149474,1.046836633587,
    -5.796336249921));
#13588 = CARTESIAN_POINT('',(-22.34479650559,1.045850423656,
    -5.67220607971));
#13589 = CARTESIAN_POINT('',(-22.38346198434,1.043875603935,
    -5.552111721511));
#13590 = CARTESIAN_POINT('',(-22.4401129774,1.041022704677,
    -5.440057010517));
#13591 = CARTESIAN_POINT('',(-22.51237475916,1.037458931378,
    -5.339227324346));
#13592 = DEFINITIONAL_REPRESENTATION('',(#13593),#13597);
#13593 = LINE('',#13594,#13595);
#13594 = CARTESIAN_POINT('',(0.,0.));
#13595 = VECTOR('',#13596,1.);
#13596 = DIRECTION('',(0.,1.));
#13597 = ( GEOMETRIC_REPRESENTATION_CONTEXT(2) 
PARAMETRIC_REPRESENTATION_CONTEXT() REPRESENTATION_CONTEXT('2D SPACE',''
  ) );
#13598 = ADVANCED_FACE('',(#13599),#7676,.T.);
#13599 = FACE_BOUND('',#13600,.T.);
#13600 = EDGE_LOOP('',(#13601,#13602));
#13601 = ORIENTED_EDGE('',*,*,#7716,.T.);
#13602 = ORIENTED_EDGE('',*,*,#7659,.T.);
#13603 = ADVANCED_FACE('',(#13604),#8042,.T.);
#13604 = FACE_BOUND('',#13605,.T.);
#13605 = EDGE_LOOP('',(#13606,#13607,#13608,#13631));
#13606 = ORIENTED_EDGE('',*,*,#8026,.F.);
#13607 = ORIENTED_EDGE('',*,*,#11298,.T.);
#13608 = ORIENTED_EDGE('',*,*,#13609,.T.);
#13609 = EDGE_CURVE('',#11299,#13610,#13612,.T.);
#13610 = VERTEX_POINT('',#13611);
#13611 = CARTESIAN_POINT('',(-4.,28.7,76.4));
#13612 = SURFACE_CURVE('',#13613,(#13617,#13624),.PCURVE_S1.);
#13613 = LINE('',#13614,#13615);
#13614 = CARTESIAN_POINT('',(-4.,28.7,72.4));
#13615 = VECTOR('',#13616,1.);
#13616 = DIRECTION('',(0.,0.,1.));
#13617 = PCURVE('',#8042,#13618);
#13618 = DEFINITIONAL_REPRESENTATION('',(#13619),#13623);
#13619 = LINE('',#13620,#13621);
#13620 = CARTESIAN_POINT('',(0.,-1.));
#13621 = VECTOR('',#13622,1.);
#13622 = DIRECTION('',(1.,0.));
#13623 = ( GEOMETRIC_REPRESENTATION_CONTEXT(2) 
PARAMETRIC_REPRESENTATION_CONTEXT() REPRESENTATION_CONTEXT('2D SPACE',''
  ) );
#13624 = PCURVE('',#11334,#13625);
#13625 = DEFINITIONAL_REPRESENTATION('',(#13626),#13630);
#13626 = LINE('',#13627,#13628);
#13627 = CARTESIAN_POINT('',(0.,0.));
#13628 = VECTOR('',#13629,1.);
#13629 = DIRECTION('',(1.,0.));
#13630 = ( GEOMETRIC_REPRESENTATION_CONTEXT(2) 
PARAMETRIC_REPRESENTATION_CONTEXT() REPRESENTATION_CONTEXT('2D SPACE',''
  ) );
#13631 = ORIENTED_EDGE('',*,*,#13632,.F.);
#13632 = EDGE_CURVE('',#7999,#13610,#13633,.T.);
#13633 = SURFACE_CURVE('',#13634,(#13638,#13645),.PCURVE_S1.);
#13634 = LINE('',#13635,#13636);
#13635 = CARTESIAN_POINT('',(-4.,27.7,76.4));
#13636 = VECTOR('',#13637,1.);
#13637 = DIRECTION('',(0.,1.,0.));
#13638 = PCURVE('',#8042,#13639);
#13639 = DEFINITIONAL_REPRESENTATION('',(#13640),#13644);
#13640 = LINE('',#13641,#13642);
#13641 = CARTESIAN_POINT('',(4.,0.));
#13642 = VECTOR('',#13643,1.);
#13643 = DIRECTION('',(0.,-1.));
#13644 = ( GEOMETRIC_REPRESENTATION_CONTEXT(2) 
PARAMETRIC_REPRESENTATION_CONTEXT() REPRESENTATION_CONTEXT('2D SPACE',''
  ) );
#13645 = PCURVE('',#8014,#13646);
#13646 = DEFINITIONAL_REPRESENTATION('',(#13647),#13651);
#13647 = LINE('',#13648,#13649);
#13648 = CARTESIAN_POINT('',(0.,0.));
#13649 = VECTOR('',#13650,1.);
#13650 = DIRECTION('',(0.,1.));
#13651 = ( GEOMETRIC_REPRESENTATION_CONTEXT(2) 
PARAMETRIC_REPRESENTATION_CONTEXT() REPRESENTATION_CONTEXT('2D SPACE',''
  ) );
#13652 = ADVANCED_FACE('',(#13653),#8014,.F.);
#13653 = FACE_BOUND('',#13654,.F.);
#13654 = EDGE_LOOP('',(#13655,#13656,#13657,#13680));
#13655 = ORIENTED_EDGE('',*,*,#13632,.F.);
#13656 = ORIENTED_EDGE('',*,*,#7998,.T.);
#13657 = ORIENTED_EDGE('',*,*,#13658,.T.);
#13658 = EDGE_CURVE('',#7971,#13659,#13661,.T.);
#13659 = VERTEX_POINT('',#13660);
#13660 = CARTESIAN_POINT('',(4.,28.7,76.4));
#13661 = SURFACE_CURVE('',#13662,(#13666,#13673),.PCURVE_S1.);
#13662 = LINE('',#13663,#13664);
#13663 = CARTESIAN_POINT('',(4.,27.7,76.4));
#13664 = VECTOR('',#13665,1.);
#13665 = DIRECTION('',(0.,1.,0.));
#13666 = PCURVE('',#8014,#13667);
#13667 = DEFINITIONAL_REPRESENTATION('',(#13668),#13672);
#13668 = LINE('',#13669,#13670);
#13669 = CARTESIAN_POINT('',(8.,0.));
#13670 = VECTOR('',#13671,1.);
#13671 = DIRECTION('',(0.,1.));
#13672 = ( GEOMETRIC_REPRESENTATION_CONTEXT(2) 
PARAMETRIC_REPRESENTATION_CONTEXT() REPRESENTATION_CONTEXT('2D SPACE',''
  ) );
#13673 = PCURVE('',#7986,#13674);
#13674 = DEFINITIONAL_REPRESENTATION('',(#13675),#13679);
#13675 = LINE('',#13676,#13677);
#13676 = CARTESIAN_POINT('',(4.,0.));
#13677 = VECTOR('',#13678,1.);
#13678 = DIRECTION('',(0.,-1.));
#13679 = ( GEOMETRIC_REPRESENTATION_CONTEXT(2) 
PARAMETRIC_REPRESENTATION_CONTEXT() REPRESENTATION_CONTEXT('2D SPACE',''
  ) );
#13680 = ORIENTED_EDGE('',*,*,#13681,.F.);
#13681 = EDGE_CURVE('',#13610,#13659,#13682,.T.);
#13682 = SURFACE_CURVE('',#13683,(#13687,#13694),.PCURVE_S1.);
#13683 = LINE('',#13684,#13685);
#13684 = CARTESIAN_POINT('',(-4.,28.7,76.4));
#13685 = VECTOR('',#13686,1.);
#13686 = DIRECTION('',(1.,0.,0.));
#13687 = PCURVE('',#8014,#13688);
#13688 = DEFINITIONAL_REPRESENTATION('',(#13689),#13693);
#13689 = LINE('',#13690,#13691);
#13690 = CARTESIAN_POINT('',(0.,1.));
#13691 = VECTOR('',#13692,1.);
#13692 = DIRECTION('',(1.,0.));
#13693 = ( GEOMETRIC_REPRESENTATION_CONTEXT(2) 
PARAMETRIC_REPRESENTATION_CONTEXT() REPRESENTATION_CONTEXT('2D SPACE',''
  ) );
#13694 = PCURVE('',#11334,#13695);
#13695 = DEFINITIONAL_REPRESENTATION('',(#13696),#13700);
#13696 = LINE('',#13697,#13698);
#13697 = CARTESIAN_POINT('',(4.,0.));
#13698 = VECTOR('',#13699,1.);
#13699 = DIRECTION('',(0.,1.));
#13700 = ( GEOMETRIC_REPRESENTATION_CONTEXT(2) 
PARAMETRIC_REPRESENTATION_CONTEXT() REPRESENTATION_CONTEXT('2D SPACE',''
  ) );
#13701 = ADVANCED_FACE('',(#13702),#7986,.F.);
#13702 = FACE_BOUND('',#13703,.F.);
#13703 = EDGE_LOOP('',(#13704,#13705,#13706,#13727));
#13704 = ORIENTED_EDGE('',*,*,#7970,.F.);
#13705 = ORIENTED_EDGE('',*,*,#11345,.T.);
#13706 = ORIENTED_EDGE('',*,*,#13707,.T.);
#13707 = EDGE_CURVE('',#11320,#13659,#13708,.T.);
#13708 = SURFACE_CURVE('',#13709,(#13713,#13720),.PCURVE_S1.);
#13709 = LINE('',#13710,#13711);
#13710 = CARTESIAN_POINT('',(4.,28.7,72.4));
#13711 = VECTOR('',#13712,1.);
#13712 = DIRECTION('',(0.,0.,1.));
#13713 = PCURVE('',#7986,#13714);
#13714 = DEFINITIONAL_REPRESENTATION('',(#13715),#13719);
#13715 = LINE('',#13716,#13717);
#13716 = CARTESIAN_POINT('',(0.,-1.));
#13717 = VECTOR('',#13718,1.);
#13718 = DIRECTION('',(1.,0.));
#13719 = ( GEOMETRIC_REPRESENTATION_CONTEXT(2) 
PARAMETRIC_REPRESENTATION_CONTEXT() REPRESENTATION_CONTEXT('2D SPACE',''
  ) );
#13720 = PCURVE('',#11334,#13721);
#13721 = DEFINITIONAL_REPRESENTATION('',(#13722),#13726);
#13722 = LINE('',#13723,#13724);
#13723 = CARTESIAN_POINT('',(0.,8.));
#13724 = VECTOR('',#13725,1.);
#13725 = DIRECTION('',(1.,0.));
#13726 = ( GEOMETRIC_REPRESENTATION_CONTEXT(2) 
PARAMETRIC_REPRESENTATION_CONTEXT() REPRESENTATION_CONTEXT('2D SPACE',''
  ) );
#13727 = ORIENTED_EDGE('',*,*,#13658,.F.);
#13728 = ADVANCED_FACE('',(#13729),#8436,.T.);
#13729 = FACE_BOUND('',#13730,.T.);
#13730 = EDGE_LOOP('',(#13731,#13732));
#13731 = ORIENTED_EDGE('',*,*,#8476,.T.);
#13732 = ORIENTED_EDGE('',*,*,#8419,.T.);
#13733 = ADVANCED_FACE('',(#13734),#9223,.T.);
#13734 = FACE_BOUND('',#13735,.T.);
#13735 = EDGE_LOOP('',(#13736,#13737));
#13736 = ORIENTED_EDGE('',*,*,#9206,.T.);
#13737 = ORIENTED_EDGE('',*,*,#9263,.T.);
#13738 = ADVANCED_FACE('',(#13739),#9488,.T.);
#13739 = FACE_BOUND('',#13740,.T.);
#13740 = EDGE_LOOP('',(#13741,#13742));
#13741 = ORIENTED_EDGE('',*,*,#9471,.T.);
#13742 = ORIENTED_EDGE('',*,*,#9528,.T.);
#13743 = ADVANCED_FACE('',(#13744),#9725,.F.);
#13744 = FACE_BOUND('',#13745,.F.);
#13745 = EDGE_LOOP('',(#13746,#13747,#13748,#13769));
#13746 = ORIENTED_EDGE('',*,*,#9711,.F.);
#13747 = ORIENTED_EDGE('',*,*,#9919,.T.);
#13748 = ORIENTED_EDGE('',*,*,#13749,.T.);
#13749 = EDGE_CURVE('',#9895,#9741,#13750,.T.);
#13750 = SURFACE_CURVE('',#13751,(#13755,#13762),.PCURVE_S1.);
#13751 = LINE('',#13752,#13753);
#13752 = CARTESIAN_POINT('',(45.,-6.75,54.4));
#13753 = VECTOR('',#13754,1.);
#13754 = DIRECTION('',(0.,0.,1.));
#13755 = PCURVE('',#9725,#13756);
#13756 = DEFINITIONAL_REPRESENTATION('',(#13757),#13761);
#13757 = LINE('',#13758,#13759);
#13758 = CARTESIAN_POINT('',(0.,-2.65));
#13759 = VECTOR('',#13760,1.);
#13760 = DIRECTION('',(1.,0.));
#13761 = ( GEOMETRIC_REPRESENTATION_CONTEXT(2) 
PARAMETRIC_REPRESENTATION_CONTEXT() REPRESENTATION_CONTEXT('2D SPACE',''
  ) );
#13762 = PCURVE('',#9758,#13763);
#13763 = DEFINITIONAL_REPRESENTATION('',(#13764),#13768);
#13764 = LINE('',#13765,#13766);
#13765 = CARTESIAN_POINT('',(0.,0.));
#13766 = VECTOR('',#13767,1.);
#13767 = DIRECTION('',(1.,0.));
#13768 = ( GEOMETRIC_REPRESENTATION_CONTEXT(2) 
PARAMETRIC_REPRESENTATION_CONTEXT() REPRESENTATION_CONTEXT('2D SPACE',''
  ) );
#13769 = ORIENTED_EDGE('',*,*,#9770,.F.);
#13770 = ADVANCED_FACE('',(#13771),#9758,.T.);
#13771 = FACE_BOUND('',#13772,.T.);
#13772 = EDGE_LOOP('',(#13773,#13774,#13775,#13776));
#13773 = ORIENTED_EDGE('',*,*,#9894,.F.);
#13774 = ORIENTED_EDGE('',*,*,#13749,.T.);
#13775 = ORIENTED_EDGE('',*,*,#9740,.T.);
#13776 = ORIENTED_EDGE('',*,*,#13777,.F.);
#13777 = EDGE_CURVE('',#9897,#9743,#13778,.T.);
#13778 = SURFACE_CURVE('',#13779,(#13783,#13790),.PCURVE_S1.);
#13779 = LINE('',#13780,#13781);
#13780 = CARTESIAN_POINT('',(46.8,-6.75,54.4));
#13781 = VECTOR('',#13782,1.);
#13782 = DIRECTION('',(0.,0.,1.));
#13783 = PCURVE('',#9758,#13784);
#13784 = DEFINITIONAL_REPRESENTATION('',(#13785),#13789);
#13785 = LINE('',#13786,#13787);
#13786 = CARTESIAN_POINT('',(0.,1.8));
#13787 = VECTOR('',#13788,1.);
#13788 = DIRECTION('',(1.,0.));
#13789 = ( GEOMETRIC_REPRESENTATION_CONTEXT(2) 
PARAMETRIC_REPRESENTATION_CONTEXT() REPRESENTATION_CONTEXT('2D SPACE',''
  ) );
#13790 = PCURVE('',#9830,#13791);
#13791 = DEFINITIONAL_REPRESENTATION('',(#13792),#13796);
#13792 = LINE('',#13793,#13794);
#13793 = CARTESIAN_POINT('',(0.,-2.65));
#13794 = VECTOR('',#13795,1.);
#13795 = DIRECTION('',(1.,0.));
#13796 = ( GEOMETRIC_REPRESENTATION_CONTEXT(2) 
PARAMETRIC_REPRESENTATION_CONTEXT() REPRESENTATION_CONTEXT('2D SPACE',''
  ) );
#13797 = ADVANCED_FACE('',(#13798),#9830,.T.);
#13798 = FACE_BOUND('',#13799,.T.);
#13799 = EDGE_LOOP('',(#13800,#13801,#13802,#13803));
#13800 = ORIENTED_EDGE('',*,*,#9816,.F.);
#13801 = ORIENTED_EDGE('',*,*,#9870,.F.);
#13802 = ORIENTED_EDGE('',*,*,#9943,.F.);
#13803 = ORIENTED_EDGE('',*,*,#13777,.T.);
#13804 = ADVANCED_FACE('',(#13805),#9985,.T.);
#13805 = FACE_BOUND('',#13806,.T.);
#13806 = EDGE_LOOP('',(#13807,#13828,#13829,#13850));
#13807 = ORIENTED_EDGE('',*,*,#13808,.F.);
#13808 = EDGE_CURVE('',#10149,#9968,#13809,.T.);
#13809 = SURFACE_CURVE('',#13810,(#13814,#13821),.PCURVE_S1.);
#13810 = LINE('',#13811,#13812);
#13811 = CARTESIAN_POINT('',(-6.75,40.4,54.4));
#13812 = VECTOR('',#13813,1.);
#13813 = DIRECTION('',(0.,0.,1.));
#13814 = PCURVE('',#9985,#13815);
#13815 = DEFINITIONAL_REPRESENTATION('',(#13816),#13820);
#13816 = LINE('',#13817,#13818);
#13817 = CARTESIAN_POINT('',(0.,0.));
#13818 = VECTOR('',#13819,1.);
#13819 = DIRECTION('',(1.,0.));
#13820 = ( GEOMETRIC_REPRESENTATION_CONTEXT(2) 
PARAMETRIC_REPRESENTATION_CONTEXT() REPRESENTATION_CONTEXT('2D SPACE',''
  ) );
#13821 = PCURVE('',#10084,#13822);
#13822 = DEFINITIONAL_REPRESENTATION('',(#13823),#13827);
#13823 = LINE('',#13824,#13825);
#13824 = CARTESIAN_POINT('',(0.,2.65));
#13825 = VECTOR('',#13826,1.);
#13826 = DIRECTION('',(1.,0.));
#13827 = ( GEOMETRIC_REPRESENTATION_CONTEXT(2) 
PARAMETRIC_REPRESENTATION_CONTEXT() REPRESENTATION_CONTEXT('2D SPACE',''
  ) );
#13828 = ORIENTED_EDGE('',*,*,#10148,.T.);
#13829 = ORIENTED_EDGE('',*,*,#13830,.T.);
#13830 = EDGE_CURVE('',#10151,#9970,#13831,.T.);
#13831 = SURFACE_CURVE('',#13832,(#13836,#13843),.PCURVE_S1.);
#13832 = LINE('',#13833,#13834);
#13833 = CARTESIAN_POINT('',(-6.75,42.2,54.4));
#13834 = VECTOR('',#13835,1.);
#13835 = DIRECTION('',(0.,0.,1.));
#13836 = PCURVE('',#9985,#13837);
#13837 = DEFINITIONAL_REPRESENTATION('',(#13838),#13842);
#13838 = LINE('',#13839,#13840);
#13839 = CARTESIAN_POINT('',(0.,-1.8));
#13840 = VECTOR('',#13841,1.);
#13841 = DIRECTION('',(1.,0.));
#13842 = ( GEOMETRIC_REPRESENTATION_CONTEXT(2) 
PARAMETRIC_REPRESENTATION_CONTEXT() REPRESENTATION_CONTEXT('2D SPACE',''
  ) );
#13843 = PCURVE('',#10013,#13844);
#13844 = DEFINITIONAL_REPRESENTATION('',(#13845),#13849);
#13845 = LINE('',#13846,#13847);
#13846 = CARTESIAN_POINT('',(0.,2.65));
#13847 = VECTOR('',#13848,1.);
#13848 = DIRECTION('',(1.,0.));
#13849 = ( GEOMETRIC_REPRESENTATION_CONTEXT(2) 
PARAMETRIC_REPRESENTATION_CONTEXT() REPRESENTATION_CONTEXT('2D SPACE',''
  ) );
#13850 = ORIENTED_EDGE('',*,*,#9967,.F.);
#13851 = ADVANCED_FACE('',(#13852),#10084,.F.);
#13852 = FACE_BOUND('',#13853,.F.);
#13853 = EDGE_LOOP('',(#13854,#13855,#13856,#13857));
#13854 = ORIENTED_EDGE('',*,*,#10219,.F.);
#13855 = ORIENTED_EDGE('',*,*,#10124,.T.);
#13856 = ORIENTED_EDGE('',*,*,#10070,.T.);
#13857 = ORIENTED_EDGE('',*,*,#13808,.F.);
#13858 = ADVANCED_FACE('',(#13859),#10013,.T.);
#13859 = FACE_BOUND('',#13860,.T.);
#13860 = EDGE_LOOP('',(#13861,#13862,#13863,#13864));
#13861 = ORIENTED_EDGE('',*,*,#10173,.T.);
#13862 = ORIENTED_EDGE('',*,*,#10246,.T.);
#13863 = ORIENTED_EDGE('',*,*,#9997,.F.);
#13864 = ORIENTED_EDGE('',*,*,#13830,.F.);
#13865 = ADVANCED_FACE('',(#13866),#10288,.F.);
#13866 = FACE_BOUND('',#13867,.F.);
#13867 = EDGE_LOOP('',(#13868,#13869,#13870,#13871));
#13868 = ORIENTED_EDGE('',*,*,#10270,.F.);
#13869 = ORIENTED_EDGE('',*,*,#10425,.F.);
#13870 = ORIENTED_EDGE('',*,*,#10476,.F.);
#13871 = ORIENTED_EDGE('',*,*,#13872,.T.);
#13872 = EDGE_CURVE('',#10452,#10273,#13873,.T.);
#13873 = SURFACE_CURVE('',#13874,(#13878,#13885),.PCURVE_S1.);
#13874 = LINE('',#13875,#13876);
#13875 = CARTESIAN_POINT('',(-46.8,-6.75,54.4));
#13876 = VECTOR('',#13877,1.);
#13877 = DIRECTION('',(0.,0.,1.));
#13878 = PCURVE('',#10288,#13879);
#13879 = DEFINITIONAL_REPRESENTATION('',(#13880),#13884);
#13880 = LINE('',#13881,#13882);
#13881 = CARTESIAN_POINT('',(0.,-2.65));
#13882 = VECTOR('',#13883,1.);
#13883 = DIRECTION('',(1.,0.));
#13884 = ( GEOMETRIC_REPRESENTATION_CONTEXT(2) 
PARAMETRIC_REPRESENTATION_CONTEXT() REPRESENTATION_CONTEXT('2D SPACE',''
  ) );
#13885 = PCURVE('',#10387,#13886);
#13886 = DEFINITIONAL_REPRESENTATION('',(#13887),#13891);
#13887 = LINE('',#13888,#13889);
#13888 = CARTESIAN_POINT('',(0.,0.));
#13889 = VECTOR('',#13890,1.);
#13890 = DIRECTION('',(1.,0.));
#13891 = ( GEOMETRIC_REPRESENTATION_CONTEXT(2) 
PARAMETRIC_REPRESENTATION_CONTEXT() REPRESENTATION_CONTEXT('2D SPACE',''
  ) );
#13892 = ADVANCED_FACE('',(#13893),#10387,.T.);
#13893 = FACE_BOUND('',#13894,.T.);
#13894 = EDGE_LOOP('',(#13895,#13896,#13897,#13898));
#13895 = ORIENTED_EDGE('',*,*,#10451,.F.);
#13896 = ORIENTED_EDGE('',*,*,#13872,.T.);
#13897 = ORIENTED_EDGE('',*,*,#10373,.T.);
#13898 = ORIENTED_EDGE('',*,*,#13899,.F.);
#13899 = EDGE_CURVE('',#10454,#10346,#13900,.T.);
#13900 = SURFACE_CURVE('',#13901,(#13905,#13912),.PCURVE_S1.);
#13901 = LINE('',#13902,#13903);
#13902 = CARTESIAN_POINT('',(-45.,-6.75,54.4));
#13903 = VECTOR('',#13904,1.);
#13904 = DIRECTION('',(0.,0.,1.));
#13905 = PCURVE('',#10387,#13906);
#13906 = DEFINITIONAL_REPRESENTATION('',(#13907),#13911);
#13907 = LINE('',#13908,#13909);
#13908 = CARTESIAN_POINT('',(0.,1.8));
#13909 = VECTOR('',#13910,1.);
#13910 = DIRECTION('',(1.,0.));
#13911 = ( GEOMETRIC_REPRESENTATION_CONTEXT(2) 
PARAMETRIC_REPRESENTATION_CONTEXT() REPRESENTATION_CONTEXT('2D SPACE',''
  ) );
#13912 = PCURVE('',#10361,#13913);
#13913 = DEFINITIONAL_REPRESENTATION('',(#13914),#13918);
#13914 = LINE('',#13915,#13916);
#13915 = CARTESIAN_POINT('',(0.,-2.65));
#13916 = VECTOR('',#13917,1.);
#13917 = DIRECTION('',(1.,0.));
#13918 = ( GEOMETRIC_REPRESENTATION_CONTEXT(2) 
PARAMETRIC_REPRESENTATION_CONTEXT() REPRESENTATION_CONTEXT('2D SPACE',''
  ) );
#13919 = ADVANCED_FACE('',(#13920),#10361,.T.);
#13920 = FACE_BOUND('',#13921,.T.);
#13921 = EDGE_LOOP('',(#13922,#13923,#13924,#13925));
#13922 = ORIENTED_EDGE('',*,*,#10547,.F.);
#13923 = ORIENTED_EDGE('',*,*,#10522,.T.);
#13924 = ORIENTED_EDGE('',*,*,#13899,.T.);
#13925 = ORIENTED_EDGE('',*,*,#10345,.F.);
#13926 = ADVANCED_FACE('',(#13927),#11334,.F.);
#13927 = FACE_BOUND('',#13928,.F.);
#13928 = EDGE_LOOP('',(#13929,#13930,#13931,#13932));
#13929 = ORIENTED_EDGE('',*,*,#13707,.F.);
#13930 = ORIENTED_EDGE('',*,*,#11319,.T.);
#13931 = ORIENTED_EDGE('',*,*,#13609,.T.);
#13932 = ORIENTED_EDGE('',*,*,#13681,.T.);
#13933 = ADVANCED_FACE('',(#13934),#12509,.T.);
#13934 = FACE_BOUND('',#13935,.T.);
#13935 = EDGE_LOOP('',(#13936,#13937,#13938,#13939));
#13936 = ORIENTED_EDGE('',*,*,#12490,.T.);
#13937 = ORIENTED_EDGE('',*,*,#12659,.T.);
#13938 = ORIENTED_EDGE('',*,*,#12619,.F.);
#13939 = ORIENTED_EDGE('',*,*,#12943,.F.);
#13940 = ADVANCED_FACE('',(#13941),#12738,.T.);
#13941 = FACE_BOUND('',#13942,.T.);
#13942 = EDGE_LOOP('',(#13943,#13944,#13945,#13946));
#13943 = ORIENTED_EDGE('',*,*,#12718,.F.);
#13944 = ORIENTED_EDGE('',*,*,#13023,.T.);
#13945 = ORIENTED_EDGE('',*,*,#13115,.T.);
#13946 = ORIENTED_EDGE('',*,*,#13947,.T.);
#13947 = EDGE_CURVE('',#13116,#12719,#13948,.T.);
#13948 = SURFACE_CURVE('',#13949,(#13953,#14009),.PCURVE_S1.);
#13949 = ( BOUNDED_CURVE() B_SPLINE_CURVE(2,(#13950,#13951,#13952),
.UNSPECIFIED.,.F.,.F.) B_SPLINE_CURVE_WITH_KNOTS((3,3),(0.,
0.620249485983),.PIECEWISE_BEZIER_KNOTS.) CURVE() 
GEOMETRIC_REPRESENTATION_ITEM() RATIONAL_B_SPLINE_CURVE((1.,
0.693736646222,1.)) REPRESENTATION_ITEM('') );
#13950 = CARTESIAN_POINT('',(21.699212392187,0.,-4.758397062223));
#13951 = CARTESIAN_POINT('',(22.544020362965,-8.215650382226E-15,
    -5.361831327064));
#13952 = CARTESIAN_POINT('',(22.51237475916,1.037458931378,
    -5.339227324346));
#13953 = PCURVE('',#12738,#13954);
#13954 = DEFINITIONAL_REPRESENTATION('',(#13955),#14008);
#13955 = B_SPLINE_CURVE_WITH_KNOTS('',11,(#13956,#13957,#13958,#13959,
    #13960,#13961,#13962,#13963,#13964,#13965,#13966,#13967,#13968,
    #13969,#13970,#13971,#13972,#13973,#13974,#13975,#13976,#13977,
    #13978,#13979,#13980,#13981,#13982,#13983,#13984,#13985,#13986,
    #13987,#13988,#13989,#13990,#13991,#13992,#13993,#13994,#13995,
    #13996,#13997,#13998,#13999,#14000,#14001,#14002,#14003,#14004,
    #14005,#14006,#14007),.UNSPECIFIED.,.F.,.F.,(12,10,10,10,10,12),(0.,
    0.155062371496,0.310124742991,0.465187114487,0.542718300235,
    0.620249485983),.UNSPECIFIED.);
#13956 = CARTESIAN_POINT('',(6.945812875584,6.575282347359));
#13957 = CARTESIAN_POINT('',(6.787953592606,6.575282347359));
#13958 = CARTESIAN_POINT('',(6.630062126083,6.575282347357));
#13959 = CARTESIAN_POINT('',(6.472299256291,6.575282347362));
#13960 = CARTESIAN_POINT('',(6.314273985159,6.575282347354));
#13961 = CARTESIAN_POINT('',(6.156611745023,6.575282347364));
#13962 = CARTESIAN_POINT('',(5.998583837644,6.575282347355));
#13963 = CARTESIAN_POINT('',(5.840829148413,6.575282347361));
#13964 = CARTESIAN_POINT('',(5.682924673587,6.575282347358));
#13965 = CARTESIAN_POINT('',(5.525077998474,6.575282347359));
#13966 = CARTESIAN_POINT('',(5.367217095107,6.575282347359));
#13967 = CARTESIAN_POINT('',(5.05149871035,6.575282347359));
#13968 = CARTESIAN_POINT('',(4.893639522016,6.575282347358));
#13969 = CARTESIAN_POINT('',(4.735780337724,6.57528234736));
#13970 = CARTESIAN_POINT('',(4.577921157449,6.575282347356));
#13971 = CARTESIAN_POINT('',(4.420061981207,6.575282347362));
#13972 = CARTESIAN_POINT('',(4.262202808957,6.575282347356));
#13973 = CARTESIAN_POINT('',(4.104343640723,6.575282347361));
#13974 = CARTESIAN_POINT('',(3.946484476467,6.575282347357));
#13975 = CARTESIAN_POINT('',(3.7886253162,6.575282347359));
#13976 = CARTESIAN_POINT('',(3.630766159901,6.575282347359));
#13977 = CARTESIAN_POINT('',(3.315047855232,6.575282347359));
#13978 = CARTESIAN_POINT('',(3.157188706824,6.575282347359));
#13979 = CARTESIAN_POINT('',(2.999329562355,6.575282347358));
#13980 = CARTESIAN_POINT('',(2.84147042184,6.57528234736));
#13981 = CARTESIAN_POINT('',(2.68361128529,6.575282347357));
#13982 = CARTESIAN_POINT('',(2.52575215272,6.57528234736));
#13983 = CARTESIAN_POINT('',(2.367893024142,6.575282347358));
#13984 = CARTESIAN_POINT('',(2.21003389957,6.575282347359));
#13985 = CARTESIAN_POINT('',(2.052174779016,6.575282347358));
#13986 = CARTESIAN_POINT('',(1.894315662495,6.575282347359));
#13987 = CARTESIAN_POINT('',(1.65752699378,6.575282347359));
#13988 = CARTESIAN_POINT('',(1.578597450297,6.575282347359));
#13989 = CARTESIAN_POINT('',(1.499667915201,6.575282347358));
#13990 = CARTESIAN_POINT('',(1.420738384122,6.575282347359));
#13991 = CARTESIAN_POINT('',(1.34180885269,6.575282347358));
#13992 = CARTESIAN_POINT('',(1.262879316538,6.575282347359));
#13993 = CARTESIAN_POINT('',(1.183949771295,6.575282347359));
#13994 = CARTESIAN_POINT('',(1.105020212593,6.575282347359));
#13995 = CARTESIAN_POINT('',(1.026090636062,6.575282347359));
#13996 = CARTESIAN_POINT('',(0.947161037333,6.575282347359));
#13997 = CARTESIAN_POINT('',(0.789301786741,6.575282347359));
#13998 = CARTESIAN_POINT('',(0.710371133979,6.575282347358));
#13999 = CARTESIAN_POINT('',(0.631443429561,6.57528234736));
#14000 = CARTESIAN_POINT('',(0.552515507056,6.575282347355));
#14001 = CARTESIAN_POINT('',(0.473584054284,6.575282347363));
#14002 = CARTESIAN_POINT('',(0.394651044722,6.575282347355));
#14003 = CARTESIAN_POINT('',(0.315722124095,6.575282347362));
#14004 = CARTESIAN_POINT('',(0.236798841537,6.575282347357));
#14005 = CARTESIAN_POINT('',(0.157871983946,6.575282347359));
#14006 = CARTESIAN_POINT('',(7.892964131133E-02,6.575282347359));
#14007 = CARTESIAN_POINT('',(1.110387616449E-16,6.575282347359));
#14008 = ( GEOMETRIC_REPRESENTATION_CONTEXT(2) 
PARAMETRIC_REPRESENTATION_CONTEXT() REPRESENTATION_CONTEXT('2D SPACE',''
  ) );
#14009 = PCURVE('',#13164,#14010);
#14010 = DEFINITIONAL_REPRESENTATION('',(#14011),#14014);
#14011 = B_SPLINE_CURVE_WITH_KNOTS('',1,(#14012,#14013),.UNSPECIFIED.,
  .F.,.F.,(2,2),(0.,0.620249485983),.PIECEWISE_BEZIER_KNOTS.);
#14012 = CARTESIAN_POINT('',(0.,0.620249485983));
#14013 = CARTESIAN_POINT('',(0.620249485983,0.620249485983));
#14014 = ( GEOMETRIC_REPRESENTATION_CONTEXT(2) 
PARAMETRIC_REPRESENTATION_CONTEXT() REPRESENTATION_CONTEXT('2D SPACE',''
  ) );
#14015 = ADVANCED_FACE('',(#14016),#12812,.F.);
#14016 = FACE_BOUND('',#14017,.F.);
#14017 = EDGE_LOOP('',(#14018,#14019,#14094,#14152));
#14018 = ORIENTED_EDGE('',*,*,#12764,.F.);
#14019 = ORIENTED_EDGE('',*,*,#14020,.F.);
#14020 = EDGE_CURVE('',#14021,#12765,#14023,.T.);
#14021 = VERTEX_POINT('',#14022);
#14022 = CARTESIAN_POINT('',(-22.32547149474,1.046836633586,
    -5.92046505341));
#14023 = SURFACE_CURVE('',#14024,(#14031,#14087),.PCURVE_S1.);
#14024 = ( BOUNDED_CURVE() B_SPLINE_CURVE(5,(#14025,#14026,#14027,#14028
,#14029,#14030),.UNSPECIFIED.,.F.,.F.) B_SPLINE_CURVE_WITH_KNOTS((6,6),(
3.143973399478E-15,0.620249485983),.PIECEWISE_BEZIER_KNOTS.) CURVE() 
GEOMETRIC_REPRESENTATION_ITEM() RATIONAL_B_SPLINE_CURVE((1.,1.,1.,1.,1.,
1.)) REPRESENTATION_ITEM('') );
#14025 = CARTESIAN_POINT('',(-22.32547149474,1.046836633586,
    -5.92046505341));
#14026 = CARTESIAN_POINT('',(-22.32547149474,1.046836633587,
    -5.796336249921));
#14027 = CARTESIAN_POINT('',(-22.34479650559,1.045850423656,
    -5.67220607971));
#14028 = CARTESIAN_POINT('',(-22.38346198434,1.043875603935,
    -5.552111721511));
#14029 = CARTESIAN_POINT('',(-22.4401129774,1.041022704677,
    -5.440057010517));
#14030 = CARTESIAN_POINT('',(-22.51237475916,1.037458931378,
    -5.339227324346));
#14031 = PCURVE('',#12812,#14032);
#14032 = DEFINITIONAL_REPRESENTATION('',(#14033),#14086);
#14033 = B_SPLINE_CURVE_WITH_KNOTS('',11,(#14034,#14035,#14036,#14037,
    #14038,#14039,#14040,#14041,#14042,#14043,#14044,#14045,#14046,
    #14047,#14048,#14049,#14050,#14051,#14052,#14053,#14054,#14055,
    #14056,#14057,#14058,#14059,#14060,#14061,#14062,#14063,#14064,
    #14065,#14066,#14067,#14068,#14069,#14070,#14071,#14072,#14073,
    #14074,#14075,#14076,#14077,#14078,#14079,#14080,#14081,#14082,
    #14083,#14084,#14085),.UNSPECIFIED.,.F.,.F.,(12,10,10,10,10,12),(
    3.143973399478E-15,0.155062371496,0.232593557244,0.310124742991,
    0.465187114487,0.620249485983),.UNSPECIFIED.);
#14034 = CARTESIAN_POINT('',(70.214595807731,1.047452008289));
#14035 = CARTESIAN_POINT('',(68.591908315249,1.04745200829));
#14036 = CARTESIAN_POINT('',(66.973156752923,1.047430526932));
#14037 = CARTESIAN_POINT('',(65.358109081091,1.047387559725));
#14038 = CARTESIAN_POINT('',(63.746542742626,1.047323115125));
#14039 = CARTESIAN_POINT('',(62.138237460028,1.047237214233));
#14040 = CARTESIAN_POINT('',(60.532972725687,1.04712989051));
#14041 = CARTESIAN_POINT('',(58.930528288826,1.047001189528));
#14042 = CARTESIAN_POINT('',(57.33068593797,1.046851168724));
#14043 = CARTESIAN_POINT('',(55.733230883467,1.046679897203));
#14044 = CARTESIAN_POINT('',(54.137951038754,1.04648745555));
#14045 = CARTESIAN_POINT('',(51.747973236811,1.046167175756));
#14046 = CARTESIAN_POINT('',(50.951805234759,1.046055146442));
#14047 = CARTESIAN_POINT('',(50.156096052732,1.045937858151));
#14048 = CARTESIAN_POINT('',(49.360827129187,1.045815324462));
#14049 = CARTESIAN_POINT('',(48.565974718116,1.045687558737));
#14050 = CARTESIAN_POINT('',(47.771507125526,1.045554573595));
#14051 = CARTESIAN_POINT('',(46.977391065654,1.045416382054));
#14052 = CARTESIAN_POINT('',(46.183599943776,1.045272998955));
#14053 = CARTESIAN_POINT('',(45.390116881514,1.045124441523));
#14054 = CARTESIAN_POINT('',(44.596925292229,1.044970727676));
#14055 = CARTESIAN_POINT('',(43.011034348881,1.04465301411));
#14056 = CARTESIAN_POINT('',(42.218338376976,1.044489014859));
#14057 = CARTESIAN_POINT('',(41.425872071616,1.044319891372));
#14058 = CARTESIAN_POINT('',(40.633609573805,1.044145661231));
#14059 = CARTESIAN_POINT('',(39.84152262869,1.043966342156));
#14060 = CARTESIAN_POINT('',(39.049583089031,1.043781952503));
#14061 = CARTESIAN_POINT('',(38.257764298286,1.043592511597));
#14062 = CARTESIAN_POINT('',(37.466041345547,1.043398039729));
#14063 = CARTESIAN_POINT('',(36.67439020055,1.043198558013));
#14064 = CARTESIAN_POINT('',(35.882785721536,1.042994087918));
#14065 = CARTESIAN_POINT('',(33.508024180531,1.042365776014));
#14066 = CARTESIAN_POINT('',(31.924922754975,1.04192703304));
#14067 = CARTESIAN_POINT('',(30.341716096884,1.041468606756));
#14068 = CARTESIAN_POINT('',(28.758029188851,1.040990628774));
#14069 = CARTESIAN_POINT('',(27.17418414807,1.040493462573));
#14070 = CARTESIAN_POINT('',(25.588881979353,1.039976959848));
#14071 = CARTESIAN_POINT('',(24.003423422004,1.039441825065));
#14072 = CARTESIAN_POINT('',(22.416174370582,1.038887811293));
#14073 = CARTESIAN_POINT('',(20.827827654956,1.038315447441));
#14074 = CARTESIAN_POINT('',(19.237798070699,1.037724846804));
#14075 = CARTESIAN_POINT('',(16.054127048414,1.036507724766));
#14076 = CARTESIAN_POINT('',(14.460475104095,1.035881199091));
#14077 = CARTESIAN_POINT('',(12.864793859607,1.035236955816));
#14078 = CARTESIAN_POINT('',(11.266868389215,1.034575249206));
#14079 = CARTESIAN_POINT('',(9.666481708608,1.033896340745));
#14080 = CARTESIAN_POINT('',(8.063414774624,1.033200499125));
#14081 = CARTESIAN_POINT('',(6.457446485602,1.032488000255));
#14082 = CARTESIAN_POINT('',(4.848353681023,1.031759127255));
#14083 = CARTESIAN_POINT('',(3.235911141807,1.031014170459));
#14084 = CARTESIAN_POINT('',(1.619891590112,1.030253427414));
#14085 = CARTESIAN_POINT('',(6.568944466423E-05,1.02947720288));
#14086 = ( GEOMETRIC_REPRESENTATION_CONTEXT(2) 
PARAMETRIC_REPRESENTATION_CONTEXT() REPRESENTATION_CONTEXT('2D SPACE',''
  ) );
#14087 = PCURVE('',#13573,#14088);
#14088 = DEFINITIONAL_REPRESENTATION('',(#14089),#14093);
#14089 = LINE('',#14090,#14091);
#14090 = CARTESIAN_POINT('',(0.620249485983,0.));
#14091 = VECTOR('',#14092,1.);
#14092 = DIRECTION('',(0.,1.));
#14093 = ( GEOMETRIC_REPRESENTATION_CONTEXT(2) 
PARAMETRIC_REPRESENTATION_CONTEXT() REPRESENTATION_CONTEXT('2D SPACE',''
  ) );
#14094 = ORIENTED_EDGE('',*,*,#14095,.T.);
#14095 = EDGE_CURVE('',#14021,#14096,#14098,.T.);
#14096 = VERTEX_POINT('',#14097);
#14097 = CARTESIAN_POINT('',(22.325471494744,1.046836633586,
    -5.92046505341));
#14098 = SURFACE_CURVE('',#14099,(#14126,#14133),.PCURVE_S1.);
#14099 = B_SPLINE_CURVE_WITH_KNOTS('',9,(#14100,#14101,#14102,#14103,
    #14104,#14105,#14106,#14107,#14108,#14109,#14110,#14111,#14112,
    #14113,#14114,#14115,#14116,#14117,#14118,#14119,#14120,#14121,
    #14122,#14123,#14124,#14125),.UNSPECIFIED.,.F.,.F.,(10,8,8,10),(
    -2.555470359596,2.235238023836E-16,70.214595807731,72.770066167328),
  .UNSPECIFIED.);
#14100 = CARTESIAN_POINT('',(-22.35,-2.576050815239,-5.920465053409));
#14101 = CARTESIAN_POINT('',(-22.35,-2.287457219112,-5.920465053409));
#14102 = CARTESIAN_POINT('',(-22.35,-1.999455054927,-5.920465053409));
#14103 = CARTESIAN_POINT('',(-22.35,-1.712044322684,-5.920465053409));
#14104 = CARTESIAN_POINT('',(-22.35,-1.425225022383,-5.920465053409));
#14105 = CARTESIAN_POINT('',(-22.35,-1.138997154023,-5.920465053409));
#14106 = CARTESIAN_POINT('',(-22.35,-0.853360717605,-5.920465053409));
#14107 = CARTESIAN_POINT('',(-22.35,-0.568315713128,-5.920465053409));
#14108 = CARTESIAN_POINT('',(-22.35,-0.283862140593,-5.920465053409));
#14109 = CARTESIAN_POINT('',(-22.35,7.799450849439,-5.920465053408));
#14110 = CARTESIAN_POINT('',(-19.28816563356,15.607010172965,
    -5.920465053578));
#14111 = CARTESIAN_POINT('',(-13.15282684604,22.027113839625,
    -5.920465053122));
#14112 = CARTESIAN_POINT('',(-4.696362638259,25.708505667446,
    -5.920465053562));
#14113 = CARTESIAN_POINT('',(4.696362638259,25.70850566744,
    -5.920465053562));
#14114 = CARTESIAN_POINT('',(13.15282684604,22.027113839629,
    -5.920465053122));
#14115 = CARTESIAN_POINT('',(19.288165633563,15.607010172963,
    -5.920465053577));
#14116 = CARTESIAN_POINT('',(22.35,7.799450849439,-5.920465053409));
#14117 = CARTESIAN_POINT('',(22.35,-0.283862140593,-5.920465053409));
#14118 = CARTESIAN_POINT('',(22.35,-0.568315713128,-5.920465053409));
#14119 = CARTESIAN_POINT('',(22.35,-0.853360717605,-5.920465053409));
#14120 = CARTESIAN_POINT('',(22.35,-1.138997154023,-5.920465053409));
#14121 = CARTESIAN_POINT('',(22.35,-1.425225022383,-5.920465053409));
#14122 = CARTESIAN_POINT('',(22.35,-1.712044322684,-5.920465053409));
#14123 = CARTESIAN_POINT('',(22.35,-1.999455054927,-5.920465053409));
#14124 = CARTESIAN_POINT('',(22.35,-2.287457219112,-5.920465053409));
#14125 = CARTESIAN_POINT('',(22.35,-2.576050815239,-5.920465053409));
#14126 = PCURVE('',#12812,#14127);
#14127 = DEFINITIONAL_REPRESENTATION('',(#14128),#14132);
#14128 = LINE('',#14129,#14130);
#14129 = CARTESIAN_POINT('',(70.214595807731,0.));
#14130 = VECTOR('',#14131,1.);
#14131 = DIRECTION('',(0.,1.));
#14132 = ( GEOMETRIC_REPRESENTATION_CONTEXT(2) 
PARAMETRIC_REPRESENTATION_CONTEXT() REPRESENTATION_CONTEXT('2D SPACE',''
  ) );
#14133 = PCURVE('',#14134,#14139);
#14134 = CYLINDRICAL_SURFACE('',#14135,22.35);
#14135 = AXIS2_PLACEMENT_3D('',#14136,#14137,#14138);
#14136 = CARTESIAN_POINT('',(0.,0.,0.));
#14137 = DIRECTION('',(0.,-1.224646799147E-16,-1.));
#14138 = DIRECTION('',(1.,0.,0.));
#14139 = DEFINITIONAL_REPRESENTATION('',(#14140),#14151);
#14140 = B_SPLINE_CURVE_WITH_KNOTS('',9,(#14141,#14142,#14143,#14144,
    #14145,#14146,#14147,#14148,#14149,#14150),.UNSPECIFIED.,.F.,.F.,(10
    ,10),(1.047457345501,69.16713846223),.PIECEWISE_BEZIER_KNOTS.);
#14141 = CARTESIAN_POINT('',(3.188448203981,5.92046505341));
#14142 = CARTESIAN_POINT('',(3.527041658606,5.920465053425));
#14143 = CARTESIAN_POINT('',(3.86587951192,5.920465053531));
#14144 = CARTESIAN_POINT('',(4.204372818165,5.920465053176));
#14145 = CARTESIAN_POINT('',(4.543060784193,5.920465053539));
#14146 = CARTESIAN_POINT('',(4.881717176576,5.920465053536));
#14147 = CARTESIAN_POINT('',(5.220405142604,5.920465053177));
#14148 = CARTESIAN_POINT('',(5.558898448849,5.92046505353));
#14149 = CARTESIAN_POINT('',(5.897736302163,5.920465053425));
#14150 = CARTESIAN_POINT('',(6.236329756789,5.92046505341));
#14151 = ( GEOMETRIC_REPRESENTATION_CONTEXT(2) 
PARAMETRIC_REPRESENTATION_CONTEXT() REPRESENTATION_CONTEXT('2D SPACE',''
  ) );
#14152 = ORIENTED_EDGE('',*,*,#14153,.T.);
#14153 = EDGE_CURVE('',#14096,#12719,#14154,.T.);
#14154 = SURFACE_CURVE('',#14155,(#14162,#14218),.PCURVE_S1.);
#14155 = ( BOUNDED_CURVE() B_SPLINE_CURVE(5,(#14156,#14157,#14158,#14159
,#14160,#14161),.UNSPECIFIED.,.F.,.F.) B_SPLINE_CURVE_WITH_KNOTS((6,6),(
3.956937174538E-15,0.620249485983),.PIECEWISE_BEZIER_KNOTS.) CURVE() 
GEOMETRIC_REPRESENTATION_ITEM() RATIONAL_B_SPLINE_CURVE((1.,1.,1.,1.,1.,
1.)) REPRESENTATION_ITEM('') );
#14156 = CARTESIAN_POINT('',(22.325471494744,1.046836633586,
    -5.92046505341));
#14157 = CARTESIAN_POINT('',(22.325471494743,1.046836633587,
    -5.796336249921));
#14158 = CARTESIAN_POINT('',(22.344796505595,1.045850423656,
    -5.67220607971));
#14159 = CARTESIAN_POINT('',(22.383461984347,1.043875603935,
    -5.552111721511));
#14160 = CARTESIAN_POINT('',(22.440112977409,1.041022704677,
    -5.440057010517));
#14161 = CARTESIAN_POINT('',(22.51237475916,1.037458931378,
    -5.339227324346));
#14162 = PCURVE('',#12812,#14163);
#14163 = DEFINITIONAL_REPRESENTATION('',(#14164),#14217);
#14164 = B_SPLINE_CURVE_WITH_KNOTS('',11,(#14165,#14166,#14167,#14168,
    #14169,#14170,#14171,#14172,#14173,#14174,#14175,#14176,#14177,
    #14178,#14179,#14180,#14181,#14182,#14183,#14184,#14185,#14186,
    #14187,#14188,#14189,#14190,#14191,#14192,#14193,#14194,#14195,
    #14196,#14197,#14198,#14199,#14200,#14201,#14202,#14203,#14204,
    #14205,#14206,#14207,#14208,#14209,#14210,#14211,#14212,#14213,
    #14214,#14215,#14216),.UNSPECIFIED.,.F.,.F.,(12,10,10,10,10,12),(
    3.956937174538E-15,0.155062371496,0.232593557244,0.310124742991,
    0.465187114487,0.620249485983),.UNSPECIFIED.);
#14165 = CARTESIAN_POINT('',(70.214595807731,69.167143799442));
#14166 = CARTESIAN_POINT('',(68.591908315247,69.167143799439));
#14167 = CARTESIAN_POINT('',(66.973156752932,69.167165280808));
#14168 = CARTESIAN_POINT('',(65.358109081072,69.167208247989));
#14169 = CARTESIAN_POINT('',(63.746542742654,69.167272692632));
#14170 = CARTESIAN_POINT('',(62.138237459999,69.16735859347));
#14171 = CARTESIAN_POINT('',(60.532972725709,69.167465917246));
#14172 = CARTESIAN_POINT('',(58.930528288811,69.167594618186));
#14173 = CARTESIAN_POINT('',(57.330685937978,69.167744639016));
#14174 = CARTESIAN_POINT('',(55.733230883465,69.167915910526));
#14175 = CARTESIAN_POINT('',(54.137951038754,69.168108352181));
#14176 = CARTESIAN_POINT('',(51.747973236812,69.168428631977));
#14177 = CARTESIAN_POINT('',(50.95180523476,69.168540661279));
#14178 = CARTESIAN_POINT('',(50.156096052726,69.168657949603));
#14179 = CARTESIAN_POINT('',(49.36082712919,69.168780483232));
#14180 = CARTESIAN_POINT('',(48.565974718118,69.168908249041));
#14181 = CARTESIAN_POINT('',(47.77150712552,69.169041234094));
#14182 = CARTESIAN_POINT('',(46.977391065662,69.169179425707));
#14183 = CARTESIAN_POINT('',(46.183599943769,69.169322808758));
#14184 = CARTESIAN_POINT('',(45.390116881516,69.169471366218));
#14185 = CARTESIAN_POINT('',(44.596925292229,69.169625080051));
#14186 = CARTESIAN_POINT('',(43.011034348878,69.169942793628));
#14187 = CARTESIAN_POINT('',(42.218338376979,69.170106792843));
#14188 = CARTESIAN_POINT('',(41.425872071606,69.170275916432));
#14189 = CARTESIAN_POINT('',(40.633609573827,69.170450146384));
#14190 = CARTESIAN_POINT('',(39.841522628653,69.170629465713));
#14191 = CARTESIAN_POINT('',(39.049583089072,69.170813855105));
#14192 = CARTESIAN_POINT('',(38.257764298249,69.171003296216));
#14193 = CARTESIAN_POINT('',(37.466041345569,69.171197767963));
#14194 = CARTESIAN_POINT('',(36.674390200541,69.171397249731));
#14195 = CARTESIAN_POINT('',(35.882785721536,69.171601719812));
#14196 = CARTESIAN_POINT('',(33.50802418053,69.172230031718));
#14197 = CARTESIAN_POINT('',(31.924922754964,69.172668774695));
#14198 = CARTESIAN_POINT('',(30.341716096932,69.173127200961));
#14199 = CARTESIAN_POINT('',(28.758029188749,69.173605178992));
#14200 = CARTESIAN_POINT('',(27.174184148189,69.174102345096));
#14201 = CARTESIAN_POINT('',(25.588881979266,69.174618847964));
#14202 = CARTESIAN_POINT('',(24.003423422036,69.175153982596));
#14203 = CARTESIAN_POINT('',(22.416174370579,69.17570799648));
#14204 = CARTESIAN_POINT('',(20.827827654949,69.176280360276));
#14205 = CARTESIAN_POINT('',(19.2377980707,69.17687096093));
#14206 = CARTESIAN_POINT('',(16.054127048413,69.178088082964));
#14207 = CARTESIAN_POINT('',(14.460475104096,69.178714608637));
#14208 = CARTESIAN_POINT('',(12.864793859604,69.17935885192));
#14209 = CARTESIAN_POINT('',(11.266868389222,69.180020558521));
#14210 = CARTESIAN_POINT('',(9.666481708602,69.180699466986));
#14211 = CARTESIAN_POINT('',(8.06341477463,69.181395308615));
#14212 = CARTESIAN_POINT('',(6.457446485597,69.182107807466));
#14213 = CARTESIAN_POINT('',(4.848353681022,69.182836680485));
#14214 = CARTESIAN_POINT('',(3.235911141803,69.183581637268));
#14215 = CARTESIAN_POINT('',(1.619891590109,69.184342380318));
#14216 = CARTESIAN_POINT('',(6.568944392882E-05,69.185118604851));
#14217 = ( GEOMETRIC_REPRESENTATION_CONTEXT(2) 
PARAMETRIC_REPRESENTATION_CONTEXT() REPRESENTATION_CONTEXT('2D SPACE',''
  ) );
#14218 = PCURVE('',#13164,#14219);
#14219 = DEFINITIONAL_REPRESENTATION('',(#14220),#14224);
#14220 = LINE('',#14221,#14222);
#14221 = CARTESIAN_POINT('',(0.620249485983,0.));
#14222 = VECTOR('',#14223,1.);
#14223 = DIRECTION('',(0.,1.));
#14224 = ( GEOMETRIC_REPRESENTATION_CONTEXT(2) 
PARAMETRIC_REPRESENTATION_CONTEXT() REPRESENTATION_CONTEXT('2D SPACE',''
  ) );
#14225 = ADVANCED_FACE('',(#14226),#12916,.T.);
#14226 = FACE_BOUND('',#14227,.T.);
#14227 = EDGE_LOOP('',(#14228,#14297,#14298,#14299));
#14228 = ORIENTED_EDGE('',*,*,#14229,.F.);
#14229 = EDGE_CURVE('',#13447,#12765,#14230,.T.);
#14230 = SURFACE_CURVE('',#14231,(#14235,#14291),.PCURVE_S1.);
#14231 = ( BOUNDED_CURVE() B_SPLINE_CURVE(2,(#14232,#14233,#14234),
.UNSPECIFIED.,.F.,.F.) B_SPLINE_CURVE_WITH_KNOTS((3,3),(0.,
0.620249485983),.PIECEWISE_BEZIER_KNOTS.) CURVE() 
GEOMETRIC_REPRESENTATION_ITEM() RATIONAL_B_SPLINE_CURVE((1.,
0.693736646222,1.)) REPRESENTATION_ITEM('') );
#14232 = CARTESIAN_POINT('',(-21.69921239218,0.,-4.758397062223));
#14233 = CARTESIAN_POINT('',(-22.54402036296,-2.997602166488E-15,
    -5.361831327064));
#14234 = CARTESIAN_POINT('',(-22.51237475916,1.037458931378,
    -5.339227324346));
#14235 = PCURVE('',#12916,#14236);
#14236 = DEFINITIONAL_REPRESENTATION('',(#14237),#14290);
#14237 = B_SPLINE_CURVE_WITH_KNOTS('',11,(#14238,#14239,#14240,#14241,
    #14242,#14243,#14244,#14245,#14246,#14247,#14248,#14249,#14250,
    #14251,#14252,#14253,#14254,#14255,#14256,#14257,#14258,#14259,
    #14260,#14261,#14262,#14263,#14264,#14265,#14266,#14267,#14268,
    #14269,#14270,#14271,#14272,#14273,#14274,#14275,#14276,#14277,
    #14278,#14279,#14280,#14281,#14282,#14283,#14284,#14285,#14286,
    #14287,#14288,#14289),.UNSPECIFIED.,.F.,.F.,(12,10,10,10,10,12),(0.,
    0.155062371496,0.310124742991,0.465187114487,0.542718300235,
    0.620249485983),.UNSPECIFIED.);
#14238 = CARTESIAN_POINT('',(6.945812875585,0.306577866275));
#14239 = CARTESIAN_POINT('',(6.787953592607,0.306577866275));
#14240 = CARTESIAN_POINT('',(6.630062126085,0.306577866275));
#14241 = CARTESIAN_POINT('',(6.472299256291,0.306577866275));
#14242 = CARTESIAN_POINT('',(6.314273985162,0.306577866275));
#14243 = CARTESIAN_POINT('',(6.156611745021,0.306577866275));
#14244 = CARTESIAN_POINT('',(5.998583837647,0.306577866275));
#14245 = CARTESIAN_POINT('',(5.840829148412,0.306577866275));
#14246 = CARTESIAN_POINT('',(5.682924673589,0.306577866275));
#14247 = CARTESIAN_POINT('',(5.525077998474,0.306577866275));
#14248 = CARTESIAN_POINT('',(5.367217095108,0.306577866275));
#14249 = CARTESIAN_POINT('',(5.051498710351,0.306577866275));
#14250 = CARTESIAN_POINT('',(4.893639522018,0.306577866275));
#14251 = CARTESIAN_POINT('',(4.735780337721,0.306577866275));
#14252 = CARTESIAN_POINT('',(4.577921157455,0.306577866275));
#14253 = CARTESIAN_POINT('',(4.420061981201,0.306577866276));
#14254 = CARTESIAN_POINT('',(4.262202808964,0.306577866275));
#14255 = CARTESIAN_POINT('',(4.104343640719,0.306577866276));
#14256 = CARTESIAN_POINT('',(3.94648447647,0.306577866275));
#14257 = CARTESIAN_POINT('',(3.788625316199,0.306577866275));
#14258 = CARTESIAN_POINT('',(3.630766159902,0.306577866275));
#14259 = CARTESIAN_POINT('',(3.315047855233,0.306577866275));
#14260 = CARTESIAN_POINT('',(3.157188706824,0.306577866275));
#14261 = CARTESIAN_POINT('',(2.999329562358,0.306577866276));
#14262 = CARTESIAN_POINT('',(2.841470421837,0.306577866275));
#14263 = CARTESIAN_POINT('',(2.683611285294,0.306577866276));
#14264 = CARTESIAN_POINT('',(2.525752152717,0.306577866275));
#14265 = CARTESIAN_POINT('',(2.367893024145,0.306577866276));
#14266 = CARTESIAN_POINT('',(2.210033899569,0.306577866275));
#14267 = CARTESIAN_POINT('',(2.052174779017,0.306577866275));
#14268 = CARTESIAN_POINT('',(1.894315662495,0.306577866275));
#14269 = CARTESIAN_POINT('',(1.65752699378,0.306577866275));
#14270 = CARTESIAN_POINT('',(1.578597450297,0.306577866275));
#14271 = CARTESIAN_POINT('',(1.499667915201,0.306577866275));
#14272 = CARTESIAN_POINT('',(1.420738384121,0.306577866275));
#14273 = CARTESIAN_POINT('',(1.341808852691,0.306577866275));
#14274 = CARTESIAN_POINT('',(1.262879316537,0.306577866275));
#14275 = CARTESIAN_POINT('',(1.183949771295,0.306577866275));
#14276 = CARTESIAN_POINT('',(1.105020212593,0.306577866275));
#14277 = CARTESIAN_POINT('',(1.026090636062,0.306577866275));
#14278 = CARTESIAN_POINT('',(0.947161037333,0.306577866275));
#14279 = CARTESIAN_POINT('',(0.789301786741,0.306577866275));
#14280 = CARTESIAN_POINT('',(0.71037113398,0.306577866276));
#14281 = CARTESIAN_POINT('',(0.63144342956,0.306577866275));
#14282 = CARTESIAN_POINT('',(0.552515507058,0.306577866276));
#14283 = CARTESIAN_POINT('',(0.473584054283,0.306577866275));
#14284 = CARTESIAN_POINT('',(0.394651044723,0.306577866276));
#14285 = CARTESIAN_POINT('',(0.315722124095,0.306577866275));
#14286 = CARTESIAN_POINT('',(0.236798841538,0.306577866276));
#14287 = CARTESIAN_POINT('',(0.157871983946,0.306577866275));
#14288 = CARTESIAN_POINT('',(7.892964131138E-02,0.306577866275));
#14289 = CARTESIAN_POINT('',(1.645918181755E-20,0.306577866275));
#14290 = ( GEOMETRIC_REPRESENTATION_CONTEXT(2) 
PARAMETRIC_REPRESENTATION_CONTEXT() REPRESENTATION_CONTEXT('2D SPACE',''
  ) );
#14291 = PCURVE('',#13573,#14292);
#14292 = DEFINITIONAL_REPRESENTATION('',(#14293),#14296);
#14293 = B_SPLINE_CURVE_WITH_KNOTS('',1,(#14294,#14295),.UNSPECIFIED.,
  .F.,.F.,(2,2),(0.,0.620249485983),.PIECEWISE_BEZIER_KNOTS.);
#14294 = CARTESIAN_POINT('',(0.,0.620249485983));
#14295 = CARTESIAN_POINT('',(0.620249485983,0.620249485983));
#14296 = ( GEOMETRIC_REPRESENTATION_CONTEXT(2) 
PARAMETRIC_REPRESENTATION_CONTEXT() REPRESENTATION_CONTEXT('2D SPACE',''
  ) );
#14297 = ORIENTED_EDGE('',*,*,#13446,.T.);
#14298 = ORIENTED_EDGE('',*,*,#13380,.T.);
#14299 = ORIENTED_EDGE('',*,*,#12898,.F.);
#14300 = ADVANCED_FACE('',(#14301),#13100,.T.);
#14301 = FACE_BOUND('',#14302,.T.);
#14302 = EDGE_LOOP('',(#14303,#14304,#14305,#14306));
#14303 = ORIENTED_EDGE('',*,*,#13246,.F.);
#14304 = ORIENTED_EDGE('',*,*,#13085,.F.);
#14305 = ORIENTED_EDGE('',*,*,#13303,.T.);
#14306 = ORIENTED_EDGE('',*,*,#14307,.F.);
#14307 = EDGE_CURVE('',#13219,#13304,#14308,.T.);
#14308 = SURFACE_CURVE('',#14309,(#14314,#14321),.PCURVE_S1.);
#14309 = CIRCLE('',#14310,1.);
#14310 = AXIS2_PLACEMENT_3D('',#14311,#14312,#14313);
#14311 = CARTESIAN_POINT('',(20.826005377892,1.,-13.));
#14312 = DIRECTION('',(0.,-1.224646799147E-16,-1.));
#14313 = DIRECTION('',(0.,-1.,1.224646799147E-16));
#14314 = PCURVE('',#13100,#14315);
#14315 = DEFINITIONAL_REPRESENTATION('',(#14316),#14320);
#14316 = LINE('',#14317,#14318);
#14317 = CARTESIAN_POINT('',(0.,13.));
#14318 = VECTOR('',#14319,1.);
#14319 = DIRECTION('',(1.,0.));
#14320 = ( GEOMETRIC_REPRESENTATION_CONTEXT(2) 
PARAMETRIC_REPRESENTATION_CONTEXT() REPRESENTATION_CONTEXT('2D SPACE',''
  ) );
#14321 = PCURVE('',#14322,#14327);
#14322 = SPHERICAL_SURFACE('',#14323,1.);
#14323 = AXIS2_PLACEMENT_3D('',#14324,#14325,#14326);
#14324 = CARTESIAN_POINT('',(20.826005377892,1.,-13.));
#14325 = DIRECTION('',(-0.,1.224646799147E-16,1.));
#14326 = DIRECTION('',(0.,-1.,1.224646799147E-16));
#14327 = DEFINITIONAL_REPRESENTATION('',(#14328),#14332);
#14328 = LINE('',#14329,#14330);
#14329 = CARTESIAN_POINT('',(-0.,0.));
#14330 = VECTOR('',#14331,1.);
#14331 = DIRECTION('',(-1.,0.));
#14332 = ( GEOMETRIC_REPRESENTATION_CONTEXT(2) 
PARAMETRIC_REPRESENTATION_CONTEXT() REPRESENTATION_CONTEXT('2D SPACE',''
  ) );
#14333 = ADVANCED_FACE('',(#14334),#13164,.T.);
#14334 = FACE_BOUND('',#14335,.T.);
#14335 = EDGE_LOOP('',(#14336,#14373,#14374,#14375));
#14336 = ORIENTED_EDGE('',*,*,#14337,.T.);
#14337 = EDGE_CURVE('',#13143,#14096,#14338,.T.);
#14338 = SURFACE_CURVE('',#14339,(#14343,#14349),.PCURVE_S1.);
#14339 = ( BOUNDED_CURVE() B_SPLINE_CURVE(2,(#14340,#14341,#14342),
.UNSPECIFIED.,.F.,.F.) B_SPLINE_CURVE_WITH_KNOTS((3,3),(0.,
0.620249485983),.PIECEWISE_BEZIER_KNOTS.) CURVE() 
GEOMETRIC_REPRESENTATION_ITEM() RATIONAL_B_SPLINE_CURVE((1.,
0.690348957562,1.)) REPRESENTATION_ITEM('') );
#14340 = CARTESIAN_POINT('',(21.326568932051,0.,-5.92046505341));
#14341 = CARTESIAN_POINT('',(22.374555665376,-8.881784197001E-16,
    -5.92046505341));
#14342 = CARTESIAN_POINT('',(22.325471494744,1.046836633586,
    -5.92046505341));
#14343 = PCURVE('',#13164,#14344);
#14344 = DEFINITIONAL_REPRESENTATION('',(#14345),#14348);
#14345 = B_SPLINE_CURVE_WITH_KNOTS('',1,(#14346,#14347),.UNSPECIFIED.,
  .F.,.F.,(2,2),(0.,0.620249485983),.PIECEWISE_BEZIER_KNOTS.);
#14346 = CARTESIAN_POINT('',(0.,3.956937174538E-15));
#14347 = CARTESIAN_POINT('',(0.620249485983,3.956937174538E-15));
#14348 = ( GEOMETRIC_REPRESENTATION_CONTEXT(2) 
PARAMETRIC_REPRESENTATION_CONTEXT() REPRESENTATION_CONTEXT('2D SPACE',''
  ) );
#14349 = PCURVE('',#13206,#14350);
#14350 = DEFINITIONAL_REPRESENTATION('',(#14351),#14372);
#14351 = B_SPLINE_CURVE_WITH_KNOTS('',10,(#14352,#14353,#14354,#14355,
    #14356,#14357,#14358,#14359,#14360,#14361,#14362,#14363,#14364,
    #14365,#14366,#14367,#14368,#14369,#14370,#14371),.UNSPECIFIED.,.F.,
  .F.,(11,9,11),(0.,0.310124742991,0.620249485983),.UNSPECIFIED.);
#14352 = CARTESIAN_POINT('',(2.22044604925E-16,0.32046505341));
#14353 = CARTESIAN_POINT('',(-7.234765488896E-02,0.32046505341));
#14354 = CARTESIAN_POINT('',(-0.147189645037,0.32046505341));
#14355 = CARTESIAN_POINT('',(-0.224389736499,0.32046505341));
#14356 = CARTESIAN_POINT('',(-0.303794082481,0.32046505341));
#14357 = CARTESIAN_POINT('',(-0.385157935801,0.32046505341));
#14358 = CARTESIAN_POINT('',(-0.468165407219,0.32046505341));
#14359 = CARTESIAN_POINT('',(-0.5524560251,0.32046505341));
#14360 = CARTESIAN_POINT('',(-0.637625830638,0.32046505341));
#14361 = CARTESIAN_POINT('',(-0.723224721702,0.32046505341));
#14362 = CARTESIAN_POINT('',(-0.894426752568,0.32046505341));
#14363 = CARTESIAN_POINT('',(-0.980022434506,0.32046505341));
#14364 = CARTESIAN_POINT('',(-1.065214976944,0.32046505341));
#14365 = CARTESIAN_POINT('',(-1.149432080559,0.320465053409));
#14366 = CARTESIAN_POINT('',(-1.232579085896,0.32046505341));
#14367 = CARTESIAN_POINT('',(-1.313773418164,0.32046505341));
#14368 = CARTESIAN_POINT('',(-1.393311152527,0.32046505341));
#14369 = CARTESIAN_POINT('',(-1.47044616154,0.32046505341));
#14370 = CARTESIAN_POINT('',(-1.545304222297,0.32046505341));
#14371 = CARTESIAN_POINT('',(-1.617651877186,0.32046505341));
#14372 = ( GEOMETRIC_REPRESENTATION_CONTEXT(2) 
PARAMETRIC_REPRESENTATION_CONTEXT() REPRESENTATION_CONTEXT('2D SPACE',''
  ) );
#14373 = ORIENTED_EDGE('',*,*,#14153,.T.);
#14374 = ORIENTED_EDGE('',*,*,#13947,.F.);
#14375 = ORIENTED_EDGE('',*,*,#13142,.F.);
#14376 = ADVANCED_FACE('',(#14377),#13206,.T.);
#14377 = FACE_BOUND('',#14378,.F.);
#14378 = EDGE_LOOP('',(#14379,#14380,#14403,#14430));
#14379 = ORIENTED_EDGE('',*,*,#14337,.T.);
#14380 = ORIENTED_EDGE('',*,*,#14381,.T.);
#14381 = EDGE_CURVE('',#14096,#14382,#14384,.T.);
#14382 = VERTEX_POINT('',#14383);
#14383 = CARTESIAN_POINT('',(22.325470417185,1.046838407494,-13.));
#14384 = SURFACE_CURVE('',#14385,(#14389,#14396),.PCURVE_S1.);
#14385 = LINE('',#14386,#14387);
#14386 = CARTESIAN_POINT('',(22.325470417185,1.046838407494,-5.6));
#14387 = VECTOR('',#14388,1.);
#14388 = DIRECTION('',(0.,-1.224646799147E-16,-1.));
#14389 = PCURVE('',#13206,#14390);
#14390 = DEFINITIONAL_REPRESENTATION('',(#14391),#14395);
#14391 = LINE('',#14392,#14393);
#14392 = CARTESIAN_POINT('',(-1.617651877186,0.));
#14393 = VECTOR('',#14394,1.);
#14394 = DIRECTION('',(-0.,1.));
#14395 = ( GEOMETRIC_REPRESENTATION_CONTEXT(2) 
PARAMETRIC_REPRESENTATION_CONTEXT() REPRESENTATION_CONTEXT('2D SPACE',''
  ) );
#14396 = PCURVE('',#14134,#14397);
#14397 = DEFINITIONAL_REPRESENTATION('',(#14398),#14402);
#14398 = LINE('',#14399,#14400);
#14399 = CARTESIAN_POINT('',(6.236329756789,5.6));
#14400 = VECTOR('',#14401,1.);
#14401 = DIRECTION('',(0.,1.));
#14402 = ( GEOMETRIC_REPRESENTATION_CONTEXT(2) 
PARAMETRIC_REPRESENTATION_CONTEXT() REPRESENTATION_CONTEXT('2D SPACE',''
  ) );
#14403 = ORIENTED_EDGE('',*,*,#14404,.T.);
#14404 = EDGE_CURVE('',#14382,#13191,#14405,.T.);
#14405 = SURFACE_CURVE('',#14406,(#14411,#14418),.PCURVE_S1.);
#14406 = CIRCLE('',#14407,1.);
#14407 = AXIS2_PLACEMENT_3D('',#14408,#14409,#14410);
#14408 = CARTESIAN_POINT('',(21.326567937669,1.,-13.));
#14409 = DIRECTION('',(4.205375315319E-35,-1.224646799147E-16,-1.));
#14410 = DIRECTION('',(0.998902479516,4.683840749414E-02,
    -5.736050581486E-18));
#14411 = PCURVE('',#13206,#14412);
#14412 = DEFINITIONAL_REPRESENTATION('',(#14413),#14417);
#14413 = LINE('',#14414,#14415);
#14414 = CARTESIAN_POINT('',(-1.617651877186,7.4));
#14415 = VECTOR('',#14416,1.);
#14416 = DIRECTION('',(1.,-0.));
#14417 = ( GEOMETRIC_REPRESENTATION_CONTEXT(2) 
PARAMETRIC_REPRESENTATION_CONTEXT() REPRESENTATION_CONTEXT('2D SPACE',''
  ) );
#14418 = PCURVE('',#14419,#14424);
#14419 = SPHERICAL_SURFACE('',#14420,1.);
#14420 = AXIS2_PLACEMENT_3D('',#14421,#14422,#14423);
#14421 = CARTESIAN_POINT('',(21.326567937669,1.,-13.));
#14422 = DIRECTION('',(-0.,1.224646799147E-16,1.));
#14423 = DIRECTION('',(0.998902479516,4.683840749414E-02,
    -5.736050581486E-18));
#14424 = DEFINITIONAL_REPRESENTATION('',(#14425),#14429);
#14425 = LINE('',#14426,#14427);
#14426 = CARTESIAN_POINT('',(-0.,0.));
#14427 = VECTOR('',#14428,1.);
#14428 = DIRECTION('',(-1.,0.));
#14429 = ( GEOMETRIC_REPRESENTATION_CONTEXT(2) 
PARAMETRIC_REPRESENTATION_CONTEXT() REPRESENTATION_CONTEXT('2D SPACE',''
  ) );
#14430 = ORIENTED_EDGE('',*,*,#13190,.F.);
#14431 = ADVANCED_FACE('',(#14432),#13234,.T.);
#14432 = FACE_BOUND('',#14433,.T.);
#14433 = EDGE_LOOP('',(#14434,#14456,#14484,#14504));
#14434 = ORIENTED_EDGE('',*,*,#14435,.F.);
#14435 = EDGE_CURVE('',#14436,#13219,#14438,.T.);
#14436 = VERTEX_POINT('',#14437);
#14437 = CARTESIAN_POINT('',(20.826005377892,1.,-14.));
#14438 = SURFACE_CURVE('',#14439,(#14444,#14450),.PCURVE_S1.);
#14439 = CIRCLE('',#14440,1.);
#14440 = AXIS2_PLACEMENT_3D('',#14441,#14442,#14443);
#14441 = CARTESIAN_POINT('',(20.826005377892,1.,-13.));
#14442 = DIRECTION('',(-1.,0.,0.));
#14443 = DIRECTION('',(0.,-1.,1.224646799147E-16));
#14444 = PCURVE('',#13234,#14445);
#14445 = DEFINITIONAL_REPRESENTATION('',(#14446),#14449);
#14446 = B_SPLINE_CURVE_WITH_KNOTS('',1,(#14447,#14448),.UNSPECIFIED.,
  .F.,.F.,(2,2),(4.712388980385,6.28318530718),
  .PIECEWISE_BEZIER_KNOTS.);
#14447 = CARTESIAN_POINT('',(1.570796326795,0.976005377892));
#14448 = CARTESIAN_POINT('',(0.,0.976005377892));
#14449 = ( GEOMETRIC_REPRESENTATION_CONTEXT(2) 
PARAMETRIC_REPRESENTATION_CONTEXT() REPRESENTATION_CONTEXT('2D SPACE',''
  ) );
#14450 = PCURVE('',#14322,#14451);
#14451 = DEFINITIONAL_REPRESENTATION('',(#14452),#14455);
#14452 = B_SPLINE_CURVE_WITH_KNOTS('',1,(#14453,#14454),.UNSPECIFIED.,
  .F.,.F.,(2,2),(4.712388980385,6.28318530718),
  .PIECEWISE_BEZIER_KNOTS.);
#14453 = CARTESIAN_POINT('',(0.,-1.570796326795));
#14454 = CARTESIAN_POINT('',(0.,0.));
#14455 = ( GEOMETRIC_REPRESENTATION_CONTEXT(2) 
PARAMETRIC_REPRESENTATION_CONTEXT() REPRESENTATION_CONTEXT('2D SPACE',''
  ) );
#14456 = ORIENTED_EDGE('',*,*,#14457,.T.);
#14457 = EDGE_CURVE('',#14436,#14458,#14460,.T.);
#14458 = VERTEX_POINT('',#14459);
#14459 = CARTESIAN_POINT('',(21.326567937669,1.,-14.));
#14460 = SURFACE_CURVE('',#14461,(#14465,#14472),.PCURVE_S1.);
#14461 = LINE('',#14462,#14463);
#14462 = CARTESIAN_POINT('',(19.85,1.,-14.));
#14463 = VECTOR('',#14464,1.);
#14464 = DIRECTION('',(1.,-0.,0.));
#14465 = PCURVE('',#13234,#14466);
#14466 = DEFINITIONAL_REPRESENTATION('',(#14467),#14471);
#14467 = LINE('',#14468,#14469);
#14468 = CARTESIAN_POINT('',(1.570796326795,0.));
#14469 = VECTOR('',#14470,1.);
#14470 = DIRECTION('',(0.,1.));
#14471 = ( GEOMETRIC_REPRESENTATION_CONTEXT(2) 
PARAMETRIC_REPRESENTATION_CONTEXT() REPRESENTATION_CONTEXT('2D SPACE',''
  ) );
#14472 = PCURVE('',#14473,#14478);
#14473 = PLANE('',#14474);
#14474 = AXIS2_PLACEMENT_3D('',#14475,#14476,#14477);
#14475 = CARTESIAN_POINT('',(0.,-1.714505518806E-15,-14.));
#14476 = DIRECTION('',(0.,-1.224646799147E-16,-1.));
#14477 = DIRECTION('',(1.,0.,0.));
#14478 = DEFINITIONAL_REPRESENTATION('',(#14479),#14483);
#14479 = LINE('',#14480,#14481);
#14480 = CARTESIAN_POINT('',(19.85,-1.));
#14481 = VECTOR('',#14482,1.);
#14482 = DIRECTION('',(1.,0.));
#14483 = ( GEOMETRIC_REPRESENTATION_CONTEXT(2) 
PARAMETRIC_REPRESENTATION_CONTEXT() REPRESENTATION_CONTEXT('2D SPACE',''
  ) );
#14484 = ORIENTED_EDGE('',*,*,#14485,.T.);
#14485 = EDGE_CURVE('',#14458,#13191,#14486,.T.);
#14486 = SURFACE_CURVE('',#14487,(#14492,#14498),.PCURVE_S1.);
#14487 = CIRCLE('',#14488,1.);
#14488 = AXIS2_PLACEMENT_3D('',#14489,#14490,#14491);
#14489 = CARTESIAN_POINT('',(21.326567937669,1.,-13.));
#14490 = DIRECTION('',(-1.,2.22044604925E-15,-2.719262146894E-31));
#14491 = DIRECTION('',(-2.22044604925E-15,-1.,1.224646799147E-16));
#14492 = PCURVE('',#13234,#14493);
#14493 = DEFINITIONAL_REPRESENTATION('',(#14494),#14497);
#14494 = B_SPLINE_CURVE_WITH_KNOTS('',1,(#14495,#14496),.UNSPECIFIED.,
  .F.,.F.,(2,2),(4.712388980385,6.28318530718),
  .PIECEWISE_BEZIER_KNOTS.);
#14495 = CARTESIAN_POINT('',(1.570796326795,1.476567937669));
#14496 = CARTESIAN_POINT('',(0.,1.476567937669));
#14497 = ( GEOMETRIC_REPRESENTATION_CONTEXT(2) 
PARAMETRIC_REPRESENTATION_CONTEXT() REPRESENTATION_CONTEXT('2D SPACE',''
  ) );
#14498 = PCURVE('',#14419,#14499);
#14499 = DEFINITIONAL_REPRESENTATION('',(#14500),#14503);
#14500 = B_SPLINE_CURVE_WITH_KNOTS('',1,(#14501,#14502),.UNSPECIFIED.,
  .F.,.F.,(2,2),(4.712388980385,6.28318530718),
  .PIECEWISE_BEZIER_KNOTS.);
#14501 = CARTESIAN_POINT('',(-1.617651877186,-1.570796326795));
#14502 = CARTESIAN_POINT('',(-1.617651877186,0.));
#14503 = ( GEOMETRIC_REPRESENTATION_CONTEXT(2) 
PARAMETRIC_REPRESENTATION_CONTEXT() REPRESENTATION_CONTEXT('2D SPACE',''
  ) );
#14504 = ORIENTED_EDGE('',*,*,#13218,.F.);
#14505 = ADVANCED_FACE('',(#14506),#13288,.T.);
#14506 = FACE_BOUND('',#14507,.F.);
#14507 = EDGE_LOOP('',(#14508,#14509,#14510,#14511));
#14508 = ORIENTED_EDGE('',*,*,#13474,.F.);
#14509 = ORIENTED_EDGE('',*,*,#13273,.T.);
#14510 = ORIENTED_EDGE('',*,*,#13355,.T.);
#14511 = ORIENTED_EDGE('',*,*,#14512,.T.);
#14512 = EDGE_CURVE('',#13327,#13475,#14513,.T.);
#14513 = SURFACE_CURVE('',#14514,(#14519,#14526),.PCURVE_S1.);
#14514 = CIRCLE('',#14515,1.);
#14515 = AXIS2_PLACEMENT_3D('',#14516,#14517,#14518);
#14516 = CARTESIAN_POINT('',(-20.82600537789,1.,-13.));
#14517 = DIRECTION('',(-5.97258177586E-34,-1.224646799147E-16,-1.));
#14518 = DIRECTION('',(0.998849178796,-4.796163069545E-02,
    5.873605751307E-18));
#14519 = PCURVE('',#13288,#14520);
#14520 = DEFINITIONAL_REPRESENTATION('',(#14521),#14525);
#14521 = LINE('',#14522,#14523);
#14522 = CARTESIAN_POINT('',(-1.522816289205,13.));
#14523 = VECTOR('',#14524,1.);
#14524 = DIRECTION('',(1.,-0.));
#14525 = ( GEOMETRIC_REPRESENTATION_CONTEXT(2) 
PARAMETRIC_REPRESENTATION_CONTEXT() REPRESENTATION_CONTEXT('2D SPACE',''
  ) );
#14526 = PCURVE('',#14527,#14532);
#14527 = SPHERICAL_SURFACE('',#14528,1.);
#14528 = AXIS2_PLACEMENT_3D('',#14529,#14530,#14531);
#14529 = CARTESIAN_POINT('',(-20.82600537789,1.,-13.));
#14530 = DIRECTION('',(-0.,1.224646799147E-16,1.));
#14531 = DIRECTION('',(0.998849178796,-4.796163069545E-02,
    5.873605751307E-18));
#14532 = DEFINITIONAL_REPRESENTATION('',(#14533),#14537);
#14533 = LINE('',#14534,#14535);
#14534 = CARTESIAN_POINT('',(-0.,0.));
#14535 = VECTOR('',#14536,1.);
#14536 = DIRECTION('',(-1.,0.));
#14537 = ( GEOMETRIC_REPRESENTATION_CONTEXT(2) 
PARAMETRIC_REPRESENTATION_CONTEXT() REPRESENTATION_CONTEXT('2D SPACE',''
  ) );
#14538 = ADVANCED_FACE('',(#14539),#13343,.T.);
#14539 = FACE_BOUND('',#14540,.F.);
#14540 = EDGE_LOOP('',(#14541,#14563,#14564,#14584));
#14541 = ORIENTED_EDGE('',*,*,#14542,.T.);
#14542 = EDGE_CURVE('',#14543,#13327,#14545,.T.);
#14543 = VERTEX_POINT('',#14544);
#14544 = CARTESIAN_POINT('',(-20.82600537789,1.,-14.));
#14545 = SURFACE_CURVE('',#14546,(#14551,#14557),.PCURVE_S1.);
#14546 = CIRCLE('',#14547,1.);
#14547 = AXIS2_PLACEMENT_3D('',#14548,#14549,#14550);
#14548 = CARTESIAN_POINT('',(-20.82600537789,1.,-13.));
#14549 = DIRECTION('',(-4.796163069545E-02,-0.998849178796,
    1.223237449643E-16));
#14550 = DIRECTION('',(0.998849178796,-4.796163069545E-02,
    5.873605751307E-18));
#14551 = PCURVE('',#13343,#14552);
#14552 = DEFINITIONAL_REPRESENTATION('',(#14553),#14556);
#14553 = B_SPLINE_CURVE_WITH_KNOTS('',1,(#14554,#14555),.UNSPECIFIED.,
  .F.,.F.,(2,2),(4.712388980385,6.28318530718),
  .PIECEWISE_BEZIER_KNOTS.);
#14554 = CARTESIAN_POINT('',(-4.798003758947E-02,4.712388980385));
#14555 = CARTESIAN_POINT('',(-4.798003758947E-02,3.14159265359));
#14556 = ( GEOMETRIC_REPRESENTATION_CONTEXT(2) 
PARAMETRIC_REPRESENTATION_CONTEXT() REPRESENTATION_CONTEXT('2D SPACE',''
  ) );
#14557 = PCURVE('',#14527,#14558);
#14558 = DEFINITIONAL_REPRESENTATION('',(#14559),#14562);
#14559 = B_SPLINE_CURVE_WITH_KNOTS('',1,(#14560,#14561),.UNSPECIFIED.,
  .F.,.F.,(2,2),(4.712388980385,6.28318530718),
  .PIECEWISE_BEZIER_KNOTS.);
#14560 = CARTESIAN_POINT('',(0.,-1.570796326795));
#14561 = CARTESIAN_POINT('',(0.,0.));
#14562 = ( GEOMETRIC_REPRESENTATION_CONTEXT(2) 
PARAMETRIC_REPRESENTATION_CONTEXT() REPRESENTATION_CONTEXT('2D SPACE',''
  ) );
#14563 = ORIENTED_EDGE('',*,*,#13326,.T.);
#14564 = ORIENTED_EDGE('',*,*,#14565,.F.);
#14565 = EDGE_CURVE('',#14436,#13304,#14566,.T.);
#14566 = SURFACE_CURVE('',#14567,(#14572,#14578),.PCURVE_S1.);
#14567 = CIRCLE('',#14568,1.);
#14568 = AXIS2_PLACEMENT_3D('',#14569,#14570,#14571);
#14569 = CARTESIAN_POINT('',(20.826005377892,1.,-13.));
#14570 = DIRECTION('',(-4.796163069544E-02,0.998849178796,
    -1.223237449643E-16));
#14571 = DIRECTION('',(-0.998849178796,-4.796163069544E-02,
    5.873605751306E-18));
#14572 = PCURVE('',#13343,#14573);
#14573 = DEFINITIONAL_REPRESENTATION('',(#14574),#14577);
#14574 = B_SPLINE_CURVE_WITH_KNOTS('',1,(#14575,#14576),.UNSPECIFIED.,
  .F.,.F.,(2,2),(4.712388980385,6.28318530718),
  .PIECEWISE_BEZIER_KNOTS.);
#14575 = CARTESIAN_POINT('',(-3.093612616,4.712388980385));
#14576 = CARTESIAN_POINT('',(-3.093612616,3.14159265359));
#14577 = ( GEOMETRIC_REPRESENTATION_CONTEXT(2) 
PARAMETRIC_REPRESENTATION_CONTEXT() REPRESENTATION_CONTEXT('2D SPACE',''
  ) );
#14578 = PCURVE('',#14322,#14579);
#14579 = DEFINITIONAL_REPRESENTATION('',(#14580),#14583);
#14580 = B_SPLINE_CURVE_WITH_KNOTS('',1,(#14581,#14582),.UNSPECIFIED.,
  .F.,.F.,(2,2),(4.712388980385,6.28318530718),
  .PIECEWISE_BEZIER_KNOTS.);
#14581 = CARTESIAN_POINT('',(-1.522816289205,-1.570796326795));
#14582 = CARTESIAN_POINT('',(-1.522816289205,0.));
#14583 = ( GEOMETRIC_REPRESENTATION_CONTEXT(2) 
PARAMETRIC_REPRESENTATION_CONTEXT() REPRESENTATION_CONTEXT('2D SPACE',''
  ) );
#14584 = ORIENTED_EDGE('',*,*,#14585,.F.);
#14585 = EDGE_CURVE('',#14543,#14436,#14586,.T.);
#14586 = SURFACE_CURVE('',#14587,(#14592,#14599),.PCURVE_S1.);
#14587 = CIRCLE('',#14588,20.85);
#14588 = AXIS2_PLACEMENT_3D('',#14589,#14590,#14591);
#14589 = CARTESIAN_POINT('',(0.,-1.726751986798E-15,-14.));
#14590 = DIRECTION('',(6.016155777704E-49,-1.224646799147E-16,-1.));
#14591 = DIRECTION('',(-1.,-1.224646799147E-16,1.499759782662E-32));
#14592 = PCURVE('',#13343,#14593);
#14593 = DEFINITIONAL_REPRESENTATION('',(#14594),#14598);
#14594 = LINE('',#14595,#14596);
#14595 = CARTESIAN_POINT('',(-0.,4.712388980385));
#14596 = VECTOR('',#14597,1.);
#14597 = DIRECTION('',(-1.,0.));
#14598 = ( GEOMETRIC_REPRESENTATION_CONTEXT(2) 
PARAMETRIC_REPRESENTATION_CONTEXT() REPRESENTATION_CONTEXT('2D SPACE',''
  ) );
#14599 = PCURVE('',#14473,#14600);
#14600 = DEFINITIONAL_REPRESENTATION('',(#14601),#14605);
#14601 = CIRCLE('',#14602,20.85);
#14602 = AXIS2_PLACEMENT_2D('',#14603,#14604);
#14603 = CARTESIAN_POINT('',(0.,1.224646799147E-17));
#14604 = DIRECTION('',(-1.,1.224646799147E-16));
#14605 = ( GEOMETRIC_REPRESENTATION_CONTEXT(2) 
PARAMETRIC_REPRESENTATION_CONTEXT() REPRESENTATION_CONTEXT('2D SPACE',''
  ) );
#14606 = ADVANCED_FACE('',(#14607),#13573,.F.);
#14607 = FACE_BOUND('',#14608,.F.);
#14608 = EDGE_LOOP('',(#14609,#14646,#14647,#14648));
#14609 = ORIENTED_EDGE('',*,*,#14610,.T.);
#14610 = EDGE_CURVE('',#13526,#14021,#14611,.T.);
#14611 = SURFACE_CURVE('',#14612,(#14616,#14622),.PCURVE_S1.);
#14612 = ( BOUNDED_CURVE() B_SPLINE_CURVE(2,(#14613,#14614,#14615),
.UNSPECIFIED.,.F.,.F.) B_SPLINE_CURVE_WITH_KNOTS((3,3),(0.,
0.620249485983),.PIECEWISE_BEZIER_KNOTS.) CURVE() 
GEOMETRIC_REPRESENTATION_ITEM() RATIONAL_B_SPLINE_CURVE((1.,
0.690348957562,1.)) REPRESENTATION_ITEM('') );
#14613 = CARTESIAN_POINT('',(-21.32656893205,0.,-5.92046505341));
#14614 = CARTESIAN_POINT('',(-22.37455566537,1.110223024625E-16,
    -5.92046505341));
#14615 = CARTESIAN_POINT('',(-22.32547149474,1.046836633586,
    -5.92046505341));
#14616 = PCURVE('',#13573,#14617);
#14617 = DEFINITIONAL_REPRESENTATION('',(#14618),#14621);
#14618 = B_SPLINE_CURVE_WITH_KNOTS('',1,(#14619,#14620),.UNSPECIFIED.,
  .F.,.F.,(2,2),(0.,0.620249485983),.PIECEWISE_BEZIER_KNOTS.);
#14619 = CARTESIAN_POINT('',(0.,3.143973399478E-15));
#14620 = CARTESIAN_POINT('',(0.620249485983,3.143973399478E-15));
#14621 = ( GEOMETRIC_REPRESENTATION_CONTEXT(2) 
PARAMETRIC_REPRESENTATION_CONTEXT() REPRESENTATION_CONTEXT('2D SPACE',''
  ) );
#14622 = PCURVE('',#13541,#14623);
#14623 = DEFINITIONAL_REPRESENTATION('',(#14624),#14645);
#14624 = B_SPLINE_CURVE_WITH_KNOTS('',10,(#14625,#14626,#14627,#14628,
    #14629,#14630,#14631,#14632,#14633,#14634,#14635,#14636,#14637,
    #14638,#14639,#14640,#14641,#14642,#14643,#14644),.UNSPECIFIED.,.F.,
  .F.,(11,9,11),(0.,0.310124742991,0.620249485983),.UNSPECIFIED.);
#14625 = CARTESIAN_POINT('',(1.665334536938E-16,0.32046505341));
#14626 = CARTESIAN_POINT('',(7.234765488896E-02,0.32046505341));
#14627 = CARTESIAN_POINT('',(0.147189645037,0.32046505341));
#14628 = CARTESIAN_POINT('',(0.224389736499,0.32046505341));
#14629 = CARTESIAN_POINT('',(0.303794082481,0.32046505341));
#14630 = CARTESIAN_POINT('',(0.385157935801,0.32046505341));
#14631 = CARTESIAN_POINT('',(0.468165407219,0.32046505341));
#14632 = CARTESIAN_POINT('',(0.5524560251,0.32046505341));
#14633 = CARTESIAN_POINT('',(0.637625830638,0.32046505341));
#14634 = CARTESIAN_POINT('',(0.723224721702,0.32046505341));
#14635 = CARTESIAN_POINT('',(0.894426752568,0.32046505341));
#14636 = CARTESIAN_POINT('',(0.980022434506,0.32046505341));
#14637 = CARTESIAN_POINT('',(1.065214976944,0.32046505341));
#14638 = CARTESIAN_POINT('',(1.149432080559,0.320465053409));
#14639 = CARTESIAN_POINT('',(1.232579085896,0.32046505341));
#14640 = CARTESIAN_POINT('',(1.313773418164,0.32046505341));
#14641 = CARTESIAN_POINT('',(1.393311152527,0.32046505341));
#14642 = CARTESIAN_POINT('',(1.47044616154,0.32046505341));
#14643 = CARTESIAN_POINT('',(1.545304222297,0.32046505341));
#14644 = CARTESIAN_POINT('',(1.617651877186,0.32046505341));
#14645 = ( GEOMETRIC_REPRESENTATION_CONTEXT(2) 
PARAMETRIC_REPRESENTATION_CONTEXT() REPRESENTATION_CONTEXT('2D SPACE',''
  ) );
#14646 = ORIENTED_EDGE('',*,*,#14020,.T.);
#14647 = ORIENTED_EDGE('',*,*,#14229,.F.);
#14648 = ORIENTED_EDGE('',*,*,#13553,.F.);
#14649 = ADVANCED_FACE('',(#14650),#13541,.T.);
#14650 = FACE_BOUND('',#14651,.T.);
#14651 = EDGE_LOOP('',(#14652,#14653,#14676,#14703));
#14652 = ORIENTED_EDGE('',*,*,#14610,.T.);
#14653 = ORIENTED_EDGE('',*,*,#14654,.T.);
#14654 = EDGE_CURVE('',#14021,#14655,#14657,.T.);
#14655 = VERTEX_POINT('',#14656);
#14656 = CARTESIAN_POINT('',(-22.32547041718,1.046838407494,-13.));
#14657 = SURFACE_CURVE('',#14658,(#14662,#14669),.PCURVE_S1.);
#14658 = LINE('',#14659,#14660);
#14659 = CARTESIAN_POINT('',(-22.32547041718,1.046838407494,-5.6));
#14660 = VECTOR('',#14661,1.);
#14661 = DIRECTION('',(0.,-1.224646799147E-16,-1.));
#14662 = PCURVE('',#13541,#14663);
#14663 = DEFINITIONAL_REPRESENTATION('',(#14664),#14668);
#14664 = LINE('',#14665,#14666);
#14665 = CARTESIAN_POINT('',(1.617651877186,0.));
#14666 = VECTOR('',#14667,1.);
#14667 = DIRECTION('',(0.,1.));
#14668 = ( GEOMETRIC_REPRESENTATION_CONTEXT(2) 
PARAMETRIC_REPRESENTATION_CONTEXT() REPRESENTATION_CONTEXT('2D SPACE',''
  ) );
#14669 = PCURVE('',#14134,#14670);
#14670 = DEFINITIONAL_REPRESENTATION('',(#14671),#14675);
#14671 = LINE('',#14672,#14673);
#14672 = CARTESIAN_POINT('',(3.188448203981,5.6));
#14673 = VECTOR('',#14674,1.);
#14674 = DIRECTION('',(0.,1.));
#14675 = ( GEOMETRIC_REPRESENTATION_CONTEXT(2) 
PARAMETRIC_REPRESENTATION_CONTEXT() REPRESENTATION_CONTEXT('2D SPACE',''
  ) );
#14676 = ORIENTED_EDGE('',*,*,#14677,.F.);
#14677 = EDGE_CURVE('',#13498,#14655,#14678,.T.);
#14678 = SURFACE_CURVE('',#14679,(#14684,#14691),.PCURVE_S1.);
#14679 = CIRCLE('',#14680,1.);
#14680 = AXIS2_PLACEMENT_3D('',#14681,#14682,#14683);
#14681 = CARTESIAN_POINT('',(-21.32656793766,1.,-13.));
#14682 = DIRECTION('',(0.,-1.224646799147E-16,-1.));
#14683 = DIRECTION('',(0.,-1.,1.224646799147E-16));
#14684 = PCURVE('',#13541,#14685);
#14685 = DEFINITIONAL_REPRESENTATION('',(#14686),#14690);
#14686 = LINE('',#14687,#14688);
#14687 = CARTESIAN_POINT('',(0.,7.4));
#14688 = VECTOR('',#14689,1.);
#14689 = DIRECTION('',(1.,0.));
#14690 = ( GEOMETRIC_REPRESENTATION_CONTEXT(2) 
PARAMETRIC_REPRESENTATION_CONTEXT() REPRESENTATION_CONTEXT('2D SPACE',''
  ) );
#14691 = PCURVE('',#14692,#14697);
#14692 = SPHERICAL_SURFACE('',#14693,1.);
#14693 = AXIS2_PLACEMENT_3D('',#14694,#14695,#14696);
#14694 = CARTESIAN_POINT('',(-21.32656793766,1.,-13.));
#14695 = DIRECTION('',(-0.,1.224646799147E-16,1.));
#14696 = DIRECTION('',(0.,-1.,1.224646799147E-16));
#14697 = DEFINITIONAL_REPRESENTATION('',(#14698),#14702);
#14698 = LINE('',#14699,#14700);
#14699 = CARTESIAN_POINT('',(-0.,0.));
#14700 = VECTOR('',#14701,1.);
#14701 = DIRECTION('',(-1.,0.));
#14702 = ( GEOMETRIC_REPRESENTATION_CONTEXT(2) 
PARAMETRIC_REPRESENTATION_CONTEXT() REPRESENTATION_CONTEXT('2D SPACE',''
  ) );
#14703 = ORIENTED_EDGE('',*,*,#13525,.F.);
#14704 = ADVANCED_FACE('',(#14705),#13513,.T.);
#14705 = FACE_BOUND('',#14706,.T.);
#14706 = EDGE_LOOP('',(#14707,#14729,#14750,#14770));
#14707 = ORIENTED_EDGE('',*,*,#14708,.F.);
#14708 = EDGE_CURVE('',#14709,#13498,#14711,.T.);
#14709 = VERTEX_POINT('',#14710);
#14710 = CARTESIAN_POINT('',(-21.32656793766,1.,-14.));
#14711 = SURFACE_CURVE('',#14712,(#14717,#14723),.PCURVE_S1.);
#14712 = CIRCLE('',#14713,1.);
#14713 = AXIS2_PLACEMENT_3D('',#14714,#14715,#14716);
#14714 = CARTESIAN_POINT('',(-21.32656793766,1.,-13.));
#14715 = DIRECTION('',(-1.,0.,0.));
#14716 = DIRECTION('',(0.,-1.,1.224646799147E-16));
#14717 = PCURVE('',#13513,#14718);
#14718 = DEFINITIONAL_REPRESENTATION('',(#14719),#14722);
#14719 = B_SPLINE_CURVE_WITH_KNOTS('',1,(#14720,#14721),.UNSPECIFIED.,
  .F.,.F.,(2,2),(4.712388980385,6.28318530718),
  .PIECEWISE_BEZIER_KNOTS.);
#14720 = CARTESIAN_POINT('',(1.570796326795,1.023432062331));
#14721 = CARTESIAN_POINT('',(0.,1.023432062331));
#14722 = ( GEOMETRIC_REPRESENTATION_CONTEXT(2) 
PARAMETRIC_REPRESENTATION_CONTEXT() REPRESENTATION_CONTEXT('2D SPACE',''
  ) );
#14723 = PCURVE('',#14692,#14724);
#14724 = DEFINITIONAL_REPRESENTATION('',(#14725),#14728);
#14725 = B_SPLINE_CURVE_WITH_KNOTS('',1,(#14726,#14727),.UNSPECIFIED.,
  .F.,.F.,(2,2),(4.712388980385,6.28318530718),
  .PIECEWISE_BEZIER_KNOTS.);
#14726 = CARTESIAN_POINT('',(0.,-1.570796326795));
#14727 = CARTESIAN_POINT('',(0.,0.));
#14728 = ( GEOMETRIC_REPRESENTATION_CONTEXT(2) 
PARAMETRIC_REPRESENTATION_CONTEXT() REPRESENTATION_CONTEXT('2D SPACE',''
  ) );
#14729 = ORIENTED_EDGE('',*,*,#14730,.T.);
#14730 = EDGE_CURVE('',#14709,#14543,#14731,.T.);
#14731 = SURFACE_CURVE('',#14732,(#14736,#14743),.PCURVE_S1.);
#14732 = LINE('',#14733,#14734);
#14733 = CARTESIAN_POINT('',(-22.35,1.,-14.));
#14734 = VECTOR('',#14735,1.);
#14735 = DIRECTION('',(1.,-0.,0.));
#14736 = PCURVE('',#13513,#14737);
#14737 = DEFINITIONAL_REPRESENTATION('',(#14738),#14742);
#14738 = LINE('',#14739,#14740);
#14739 = CARTESIAN_POINT('',(1.570796326795,0.));
#14740 = VECTOR('',#14741,1.);
#14741 = DIRECTION('',(0.,1.));
#14742 = ( GEOMETRIC_REPRESENTATION_CONTEXT(2) 
PARAMETRIC_REPRESENTATION_CONTEXT() REPRESENTATION_CONTEXT('2D SPACE',''
  ) );
#14743 = PCURVE('',#14473,#14744);
#14744 = DEFINITIONAL_REPRESENTATION('',(#14745),#14749);
#14745 = LINE('',#14746,#14747);
#14746 = CARTESIAN_POINT('',(-22.35,-1.));
#14747 = VECTOR('',#14748,1.);
#14748 = DIRECTION('',(1.,0.));
#14749 = ( GEOMETRIC_REPRESENTATION_CONTEXT(2) 
PARAMETRIC_REPRESENTATION_CONTEXT() REPRESENTATION_CONTEXT('2D SPACE',''
  ) );
#14750 = ORIENTED_EDGE('',*,*,#14751,.T.);
#14751 = EDGE_CURVE('',#14543,#13475,#14752,.T.);
#14752 = SURFACE_CURVE('',#14753,(#14758,#14764),.PCURVE_S1.);
#14753 = CIRCLE('',#14754,1.);
#14754 = AXIS2_PLACEMENT_3D('',#14755,#14756,#14757);
#14755 = CARTESIAN_POINT('',(-20.82600537789,1.,-13.));
#14756 = DIRECTION('',(-1.,6.994405055138E-15,-8.565675762715E-31));
#14757 = DIRECTION('',(-6.994405055138E-15,-1.,1.224646799147E-16));
#14758 = PCURVE('',#13513,#14759);
#14759 = DEFINITIONAL_REPRESENTATION('',(#14760),#14763);
#14760 = B_SPLINE_CURVE_WITH_KNOTS('',1,(#14761,#14762),.UNSPECIFIED.,
  .F.,.F.,(2,2),(4.712388980385,6.28318530718),
  .PIECEWISE_BEZIER_KNOTS.);
#14761 = CARTESIAN_POINT('',(1.570796326795,1.523994622108));
#14762 = CARTESIAN_POINT('',(0.,1.523994622108));
#14763 = ( GEOMETRIC_REPRESENTATION_CONTEXT(2) 
PARAMETRIC_REPRESENTATION_CONTEXT() REPRESENTATION_CONTEXT('2D SPACE',''
  ) );
#14764 = PCURVE('',#14527,#14765);
#14765 = DEFINITIONAL_REPRESENTATION('',(#14766),#14769);
#14766 = B_SPLINE_CURVE_WITH_KNOTS('',1,(#14767,#14768),.UNSPECIFIED.,
  .F.,.F.,(2,2),(4.712388980385,6.28318530718),
  .PIECEWISE_BEZIER_KNOTS.);
#14767 = CARTESIAN_POINT('',(-1.522816289205,-1.570796326795));
#14768 = CARTESIAN_POINT('',(-1.522816289205,0.));
#14769 = ( GEOMETRIC_REPRESENTATION_CONTEXT(2) 
PARAMETRIC_REPRESENTATION_CONTEXT() REPRESENTATION_CONTEXT('2D SPACE',''
  ) );
#14770 = ORIENTED_EDGE('',*,*,#13497,.F.);
#14771 = ADVANCED_FACE('',(#14772),#14134,.T.);
#14772 = FACE_BOUND('',#14773,.T.);
#14773 = EDGE_LOOP('',(#14774,#14775,#14776,#14803));
#14774 = ORIENTED_EDGE('',*,*,#14095,.T.);
#14775 = ORIENTED_EDGE('',*,*,#14381,.T.);
#14776 = ORIENTED_EDGE('',*,*,#14777,.F.);
#14777 = EDGE_CURVE('',#14655,#14382,#14778,.T.);
#14778 = SURFACE_CURVE('',#14779,(#14784,#14791),.PCURVE_S1.);
#14779 = CIRCLE('',#14780,22.35);
#14780 = AXIS2_PLACEMENT_3D('',#14781,#14782,#14783);
#14781 = CARTESIAN_POINT('',(0.,-1.592040838892E-15,-13.));
#14782 = DIRECTION('',(8.836919601091E-49,-1.224646799147E-16,-1.));
#14783 = DIRECTION('',(-1.,-1.224646799147E-16,1.499759782662E-32));
#14784 = PCURVE('',#14134,#14785);
#14785 = DEFINITIONAL_REPRESENTATION('',(#14786),#14790);
#14786 = LINE('',#14787,#14788);
#14787 = CARTESIAN_POINT('',(3.14159265359,13.));
#14788 = VECTOR('',#14789,1.);
#14789 = DIRECTION('',(1.,0.));
#14790 = ( GEOMETRIC_REPRESENTATION_CONTEXT(2) 
PARAMETRIC_REPRESENTATION_CONTEXT() REPRESENTATION_CONTEXT('2D SPACE',''
  ) );
#14791 = PCURVE('',#14792,#14797);
#14792 = TOROIDAL_SURFACE('',#14793,21.35,1.);
#14793 = AXIS2_PLACEMENT_3D('',#14794,#14795,#14796);
#14794 = CARTESIAN_POINT('',(0.,-1.592040838892E-15,-13.));
#14795 = DIRECTION('',(0.,-1.224646799147E-16,-1.));
#14796 = DIRECTION('',(-1.,-1.224646799147E-16,1.499759782662E-32));
#14797 = DEFINITIONAL_REPRESENTATION('',(#14798),#14802);
#14798 = LINE('',#14799,#14800);
#14799 = CARTESIAN_POINT('',(0.,0.));
#14800 = VECTOR('',#14801,1.);
#14801 = DIRECTION('',(1.,0.));
#14802 = ( GEOMETRIC_REPRESENTATION_CONTEXT(2) 
PARAMETRIC_REPRESENTATION_CONTEXT() REPRESENTATION_CONTEXT('2D SPACE',''
  ) );
#14803 = ORIENTED_EDGE('',*,*,#14654,.F.);
#14804 = ADVANCED_FACE('',(#14805),#14322,.T.);
#14805 = FACE_BOUND('',#14806,.F.);
#14806 = EDGE_LOOP('',(#14807,#14808,#14809));
#14807 = ORIENTED_EDGE('',*,*,#14435,.F.);
#14808 = ORIENTED_EDGE('',*,*,#14565,.T.);
#14809 = ORIENTED_EDGE('',*,*,#14307,.F.);
#14810 = ADVANCED_FACE('',(#14811),#14419,.T.);
#14811 = FACE_BOUND('',#14812,.F.);
#14812 = EDGE_LOOP('',(#14813,#14833,#14834));
#14813 = ORIENTED_EDGE('',*,*,#14814,.F.);
#14814 = EDGE_CURVE('',#14458,#14382,#14815,.T.);
#14815 = SURFACE_CURVE('',#14816,(#14821,#14827),.PCURVE_S1.);
#14816 = CIRCLE('',#14817,1.);
#14817 = AXIS2_PLACEMENT_3D('',#14818,#14819,#14820);
#14818 = CARTESIAN_POINT('',(21.326567937669,1.,-13.));
#14819 = DIRECTION('',(4.683840749414E-02,-0.998902479516,
    1.2233027242E-16));
#14820 = DIRECTION('',(0.998902479516,4.683840749414E-02,
    -5.736050581486E-18));
#14821 = PCURVE('',#14419,#14822);
#14822 = DEFINITIONAL_REPRESENTATION('',(#14823),#14826);
#14823 = B_SPLINE_CURVE_WITH_KNOTS('',1,(#14824,#14825),.UNSPECIFIED.,
  .F.,.F.,(2,2),(4.712388980385,6.28318530718),
  .PIECEWISE_BEZIER_KNOTS.);
#14824 = CARTESIAN_POINT('',(0.,-1.570796326795));
#14825 = CARTESIAN_POINT('',(0.,0.));
#14826 = ( GEOMETRIC_REPRESENTATION_CONTEXT(2) 
PARAMETRIC_REPRESENTATION_CONTEXT() REPRESENTATION_CONTEXT('2D SPACE',''
  ) );
#14827 = PCURVE('',#14792,#14828);
#14828 = DEFINITIONAL_REPRESENTATION('',(#14829),#14832);
#14829 = B_SPLINE_CURVE_WITH_KNOTS('',1,(#14830,#14831),.UNSPECIFIED.,
  .F.,.F.,(2,2),(4.712388980385,6.28318530718),
  .PIECEWISE_BEZIER_KNOTS.);
#14830 = CARTESIAN_POINT('',(3.094737103199,1.570796326795));
#14831 = CARTESIAN_POINT('',(3.094737103199,0.));
#14832 = ( GEOMETRIC_REPRESENTATION_CONTEXT(2) 
PARAMETRIC_REPRESENTATION_CONTEXT() REPRESENTATION_CONTEXT('2D SPACE',''
  ) );
#14833 = ORIENTED_EDGE('',*,*,#14485,.T.);
#14834 = ORIENTED_EDGE('',*,*,#14404,.F.);
#14835 = ADVANCED_FACE('',(#14836),#14473,.T.);
#14836 = FACE_BOUND('',#14837,.T.);
#14837 = EDGE_LOOP('',(#14838,#14839,#14840,#14841));
#14838 = ORIENTED_EDGE('',*,*,#14457,.F.);
#14839 = ORIENTED_EDGE('',*,*,#14585,.F.);
#14840 = ORIENTED_EDGE('',*,*,#14730,.F.);
#14841 = ORIENTED_EDGE('',*,*,#14842,.T.);
#14842 = EDGE_CURVE('',#14709,#14458,#14843,.T.);
#14843 = SURFACE_CURVE('',#14844,(#14849,#14856),.PCURVE_S1.);
#14844 = CIRCLE('',#14845,21.35);
#14845 = AXIS2_PLACEMENT_3D('',#14846,#14847,#14848);
#14846 = CARTESIAN_POINT('',(0.,-1.714505518806E-15,-14.));
#14847 = DIRECTION('',(8.836919601091E-49,-1.224646799147E-16,-1.));
#14848 = DIRECTION('',(-1.,-1.224646799147E-16,1.499759782662E-32));
#14849 = PCURVE('',#14473,#14850);
#14850 = DEFINITIONAL_REPRESENTATION('',(#14851),#14855);
#14851 = CIRCLE('',#14852,21.35);
#14852 = AXIS2_PLACEMENT_2D('',#14853,#14854);
#14853 = CARTESIAN_POINT('',(0.,4.930380657631E-32));
#14854 = DIRECTION('',(-1.,1.224646799147E-16));
#14855 = ( GEOMETRIC_REPRESENTATION_CONTEXT(2) 
PARAMETRIC_REPRESENTATION_CONTEXT() REPRESENTATION_CONTEXT('2D SPACE',''
  ) );
#14856 = PCURVE('',#14792,#14857);
#14857 = DEFINITIONAL_REPRESENTATION('',(#14858),#14862);
#14858 = LINE('',#14859,#14860);
#14859 = CARTESIAN_POINT('',(0.,1.570796326795));
#14860 = VECTOR('',#14861,1.);
#14861 = DIRECTION('',(1.,0.));
#14862 = ( GEOMETRIC_REPRESENTATION_CONTEXT(2) 
PARAMETRIC_REPRESENTATION_CONTEXT() REPRESENTATION_CONTEXT('2D SPACE',''
  ) );
#14863 = ADVANCED_FACE('',(#14864),#14527,.T.);
#14864 = FACE_BOUND('',#14865,.F.);
#14865 = EDGE_LOOP('',(#14866,#14867,#14868));
#14866 = ORIENTED_EDGE('',*,*,#14542,.F.);
#14867 = ORIENTED_EDGE('',*,*,#14751,.T.);
#14868 = ORIENTED_EDGE('',*,*,#14512,.F.);
#14869 = ADVANCED_FACE('',(#14870),#14692,.T.);
#14870 = FACE_BOUND('',#14871,.F.);
#14871 = EDGE_LOOP('',(#14872,#14873,#14893));
#14872 = ORIENTED_EDGE('',*,*,#14708,.F.);
#14873 = ORIENTED_EDGE('',*,*,#14874,.T.);
#14874 = EDGE_CURVE('',#14709,#14655,#14875,.T.);
#14875 = SURFACE_CURVE('',#14876,(#14881,#14887),.PCURVE_S1.);
#14876 = CIRCLE('',#14877,1.);
#14877 = AXIS2_PLACEMENT_3D('',#14878,#14879,#14880);
#14878 = CARTESIAN_POINT('',(-21.32656793766,1.,-13.));
#14879 = DIRECTION('',(4.683840749414E-02,0.998902479516,
    -1.2233027242E-16));
#14880 = DIRECTION('',(-0.998902479516,4.683840749414E-02,
    -5.736050581486E-18));
#14881 = PCURVE('',#14692,#14882);
#14882 = DEFINITIONAL_REPRESENTATION('',(#14883),#14886);
#14883 = B_SPLINE_CURVE_WITH_KNOTS('',1,(#14884,#14885),.UNSPECIFIED.,
  .F.,.F.,(2,2),(4.712388980385,6.28318530718),
  .PIECEWISE_BEZIER_KNOTS.);
#14884 = CARTESIAN_POINT('',(-1.617651877186,-1.570796326795));
#14885 = CARTESIAN_POINT('',(-1.617651877186,0.));
#14886 = ( GEOMETRIC_REPRESENTATION_CONTEXT(2) 
PARAMETRIC_REPRESENTATION_CONTEXT() REPRESENTATION_CONTEXT('2D SPACE',''
  ) );
#14887 = PCURVE('',#14792,#14888);
#14888 = DEFINITIONAL_REPRESENTATION('',(#14889),#14892);
#14889 = B_SPLINE_CURVE_WITH_KNOTS('',1,(#14890,#14891),.UNSPECIFIED.,
  .F.,.F.,(2,2),(4.712388980385,6.28318530718),
  .PIECEWISE_BEZIER_KNOTS.);
#14890 = CARTESIAN_POINT('',(4.685555039081E-02,1.570796326795));
#14891 = CARTESIAN_POINT('',(4.685555039081E-02,0.));
#14892 = ( GEOMETRIC_REPRESENTATION_CONTEXT(2) 
PARAMETRIC_REPRESENTATION_CONTEXT() REPRESENTATION_CONTEXT('2D SPACE',''
  ) );
#14893 = ORIENTED_EDGE('',*,*,#14677,.F.);
#14894 = ADVANCED_FACE('',(#14895),#14792,.T.);
#14895 = FACE_BOUND('',#14896,.T.);
#14896 = EDGE_LOOP('',(#14897,#14898,#14899,#14900));
#14897 = ORIENTED_EDGE('',*,*,#14874,.T.);
#14898 = ORIENTED_EDGE('',*,*,#14777,.T.);
#14899 = ORIENTED_EDGE('',*,*,#14814,.F.);
#14900 = ORIENTED_EDGE('',*,*,#14842,.F.);
#14901 = ( GEOMETRIC_REPRESENTATION_CONTEXT(3) 
GLOBAL_UNCERTAINTY_ASSIGNED_CONTEXT((#14905)) 
GLOBAL_UNIT_ASSIGNED_CONTEXT((#14902,#14903,#14904)) 
REPRESENTATION_CONTEXT('Context #1',
  '3D Context with UNIT and UNCERTAINTY') );
#14902 = ( LENGTH_UNIT() NAMED_UNIT(*) SI_UNIT(.MILLI.,.METRE.) );
#14903 = ( NAMED_UNIT(*) PLANE_ANGLE_UNIT() SI_UNIT($,.RADIAN.) );
#14904 = ( NAMED_UNIT(*) SI_UNIT($,.STERADIAN.) SOLID_ANGLE_UNIT() );
#14905 = UNCERTAINTY_MEASURE_WITH_UNIT(LENGTH_MEASURE(5.E-06),#14902,
  'distance_accuracy_value','confusion accuracy');
#14906 = PRODUCT_RELATED_PRODUCT_CATEGORY('part',$,(#7));
ENDSEC;
END-ISO-10303-21;
